id,drive_id,student_id,match_score,skill_score,academic_score,project_score,readiness_score,matched_skills,missing_skills,explanation,skill_evidence,missing_skills_explanation,status
1,1,2,34.18,0.0,88.1,0.0,81.05,,"Data Structures,Git,HTML/CSS,JavaScript,PostgreSQL,REST APIs","Weighted score 34.18: skills 0.0 (x0.4), academics 88.1 (x0.25), projects 0.0 (x0.2), readiness 81.05 (x0.15).",No overlapping skills on record,"Missing: Data Structures, Git, HTML/CSS, JavaScript, PostgreSQL, REST APIs",Pending
2,1,5,56.29,43.33,75.2,50.0,67.72,"Git,PostgreSQL,REST APIs","Data Structures,HTML/CSS,JavaScript","Weighted score 56.29: skills 43.33 (x0.4), academics 75.2 (x0.25), projects 50.0 (x0.2), readiness 67.72 (x0.15).",Git (proficiency 5/5); PostgreSQL (proficiency 3/5); REST APIs (proficiency 4/5),"Missing: Data Structures, HTML/CSS, JavaScript",Pending
3,1,8,44.45,33.33,87.8,0.0,61.15,"Git,PostgreSQL","Data Structures,HTML/CSS,JavaScript,REST APIs","Weighted score 44.45: skills 33.33 (x0.4), academics 87.8 (x0.25), projects 0.0 (x0.2), readiness 61.15 (x0.15).",Git (proficiency 1/5); PostgreSQL (proficiency 1/5),"Missing: Data Structures, HTML/CSS, JavaScript, REST APIs",Pending
4,1,11,43.29,20.0,94.0,0.0,78.6,"Data Structures,REST APIs","Git,HTML/CSS,JavaScript,PostgreSQL","Weighted score 43.29: skills 20.0 (x0.4), academics 94.0 (x0.25), projects 0.0 (x0.2), readiness 78.6 (x0.15).",Data Structures (proficiency 2/5); REST APIs (proficiency 4/5),"Missing: Git, HTML/CSS, JavaScript, PostgreSQL",Pending
5,1,16,46.42,30.0,91.2,0.0,77.47,"Data Structures,Git,REST APIs","HTML/CSS,JavaScript,PostgreSQL","Weighted score 46.42: skills 30.0 (x0.4), academics 91.2 (x0.25), projects 0.0 (x0.2), readiness 77.47 (x0.15).",Data Structures (proficiency 2/5); Git (proficiency 3/5); REST APIs (proficiency 1/5),"Missing: HTML/CSS, JavaScript, PostgreSQL",Pending
6,1,17,38.5,23.33,76.5,0.0,66.92,PostgreSQL,"Data Structures,Git,HTML/CSS,JavaScript,REST APIs","Weighted score 38.5: skills 23.33 (x0.4), academics 76.5 (x0.25), projects 0.0 (x0.2), readiness 66.92 (x0.15).",PostgreSQL (proficiency 5/5),"Missing: Data Structures, Git, HTML/CSS, JavaScript, REST APIs",Pending
7,1,18,45.58,23.33,94.8,0.0,83.65,JavaScript,"Data Structures,Git,HTML/CSS,PostgreSQL,REST APIs","Weighted score 45.58: skills 23.33 (x0.4), academics 94.8 (x0.25), projects 0.0 (x0.2), readiness 83.65 (x0.15).",JavaScript (proficiency 4/5),"Missing: Data Structures, Git, HTML/CSS, PostgreSQL, REST APIs",Pending
8,1,20,35.11,10.0,81.3,0.0,71.9,Git,"Data Structures,HTML/CSS,JavaScript,PostgreSQL,REST APIs","Weighted score 35.11: skills 10.0 (x0.4), academics 81.3 (x0.25), projects 0.0 (x0.2), readiness 71.9 (x0.15).",Git (proficiency 5/5),"Missing: Data Structures, HTML/CSS, JavaScript, PostgreSQL, REST APIs",Pending
9,1,21,38.48,20.0,85.0,0.0,61.5,"Data Structures,REST APIs","Git,HTML/CSS,JavaScript,PostgreSQL","Weighted score 38.48: skills 20.0 (x0.4), academics 85.0 (x0.25), projects 0.0 (x0.2), readiness 61.5 (x0.15).",Data Structures (proficiency 1/5); REST APIs (proficiency 4/5),"Missing: Git, HTML/CSS, JavaScript, PostgreSQL",Pending
10,1,22,44.34,30.0,85.6,0.0,72.92,"Data Structures,Git,REST APIs","HTML/CSS,JavaScript,PostgreSQL","Weighted score 44.34: skills 30.0 (x0.4), academics 85.6 (x0.25), projects 0.0 (x0.2), readiness 72.92 (x0.15).",Data Structures (proficiency 1/5); Git (proficiency 4/5); REST APIs (proficiency 3/5),"Missing: HTML/CSS, JavaScript, PostgreSQL",Pending
11,1,23,37.66,23.33,76.1,0.0,62.05,HTML/CSS,"Data Structures,Git,JavaScript,PostgreSQL,REST APIs","Weighted score 37.66: skills 23.33 (x0.4), academics 76.1 (x0.25), projects 0.0 (x0.2), readiness 62.05 (x0.15).",HTML/CSS (proficiency 3/5),"Missing: Data Structures, Git, JavaScript, PostgreSQL, REST APIs",Pending
12,1,29,44.48,33.33,82.0,0.0,71.0,"PostgreSQL,REST APIs","Data Structures,Git,HTML/CSS,JavaScript","Weighted score 44.48: skills 33.33 (x0.4), academics 82.0 (x0.25), projects 0.0 (x0.2), readiness 71.0 (x0.15).",PostgreSQL (proficiency 2/5); REST APIs (proficiency 2/5),"Missing: Data Structures, Git, HTML/CSS, JavaScript",Pending
13,1,30,39.1,10.0,92.4,0.0,80.0,Git,"Data Structures,HTML/CSS,JavaScript,PostgreSQL,REST APIs","Weighted score 39.1: skills 10.0 (x0.4), academics 92.4 (x0.25), projects 0.0 (x0.2), readiness 80.0 (x0.15).",Git (proficiency 4/5),"Missing: Data Structures, HTML/CSS, JavaScript, PostgreSQL, REST APIs",Pending
14,1,31,62.89,66.67,97.6,0.0,78.8,"Git,HTML/CSS,JavaScript,REST APIs","Data Structures,PostgreSQL","Weighted score 62.89: skills 66.67 (x0.4), academics 97.6 (x0.25), projects 0.0 (x0.2), readiness 78.8 (x0.15).",Git (proficiency 3/5); HTML/CSS (proficiency 1/5); JavaScript (proficiency 2/5); REST APIs (proficiency 1/5),"Missing: Data Structures, PostgreSQL",Approved
15,1,37,48.75,20.0,79.9,50.0,71.82,"Git,REST APIs","Data Structures,HTML/CSS,JavaScript,PostgreSQL","Weighted score 48.75: skills 20.0 (x0.4), academics 79.9 (x0.25), projects 50.0 (x0.2), readiness 71.82 (x0.15).",Git (proficiency 4/5); REST APIs (proficiency 1/5),"Missing: Data Structures, HTML/CSS, JavaScript, PostgreSQL",Pending
16,1,40,49.28,33.33,97.1,0.0,77.8,"Git,JavaScript","Data Structures,HTML/CSS,PostgreSQL,REST APIs","Weighted score 49.28: skills 33.33 (x0.4), academics 97.1 (x0.25), projects 0.0 (x0.2), readiness 77.8 (x0.15).",Git (proficiency 2/5); JavaScript (proficiency 4/5),"Missing: Data Structures, HTML/CSS, PostgreSQL, REST APIs",Pending
17,1,41,42.27,23.33,91.3,0.0,67.45,JavaScript,"Data Structures,Git,HTML/CSS,PostgreSQL,REST APIs","Weighted score 42.27: skills 23.33 (x0.4), academics 91.3 (x0.25), projects 0.0 (x0.2), readiness 67.45 (x0.15).",JavaScript (proficiency 1/5),"Missing: Data Structures, Git, HTML/CSS, PostgreSQL, REST APIs",Pending
18,1,43,44.8,23.33,99.3,0.0,70.98,HTML/CSS,"Data Structures,Git,JavaScript,PostgreSQL,REST APIs","Weighted score 44.8: skills 23.33 (x0.4), academics 99.3 (x0.25), projects 0.0 (x0.2), readiness 70.98 (x0.15).",HTML/CSS (proficiency 4/5),"Missing: Data Structures, Git, JavaScript, PostgreSQL, REST APIs",Pending
19,1,44,49.04,0.0,93.8,66.67,81.73,,"Data Structures,Git,HTML/CSS,JavaScript,PostgreSQL,REST APIs","Weighted score 49.04: skills 0.0 (x0.4), academics 93.8 (x0.25), projects 66.67 (x0.2), readiness 81.73 (x0.15).",No overlapping skills on record,"Missing: Data Structures, Git, HTML/CSS, JavaScript, PostgreSQL, REST APIs",Pending
20,1,45,39.98,10.0,74.0,33.33,72.12,Git,"Data Structures,HTML/CSS,JavaScript,PostgreSQL,REST APIs","Weighted score 39.98: skills 10.0 (x0.4), academics 74.0 (x0.25), projects 33.33 (x0.2), readiness 72.12 (x0.15).",Git (proficiency 1/5),"Missing: Data Structures, HTML/CSS, JavaScript, PostgreSQL, REST APIs",Pending
21,1,46,45.84,0.0,93.8,50.0,82.57,,"Data Structures,Git,HTML/CSS,JavaScript,PostgreSQL,REST APIs","Weighted score 45.84: skills 0.0 (x0.4), academics 93.8 (x0.25), projects 50.0 (x0.2), readiness 82.57 (x0.15).",No overlapping skills on record,"Missing: Data Structures, Git, HTML/CSS, JavaScript, PostgreSQL, REST APIs",Pending
22,1,48,42.87,33.33,72.7,0.0,75.75,"Data Structures,HTML/CSS","Git,JavaScript,PostgreSQL,REST APIs","Weighted score 42.87: skills 33.33 (x0.4), academics 72.7 (x0.25), projects 0.0 (x0.2), readiness 75.75 (x0.15).",Data Structures (proficiency 2/5); HTML/CSS (proficiency 5/5),"Missing: Git, JavaScript, PostgreSQL, REST APIs",Pending
23,1,49,49.08,33.33,99.3,0.0,72.85,"JavaScript,REST APIs","Data Structures,Git,HTML/CSS,PostgreSQL","Weighted score 49.08: skills 33.33 (x0.4), academics 99.3 (x0.25), projects 0.0 (x0.2), readiness 72.85 (x0.15).",JavaScript (proficiency 1/5); REST APIs (proficiency 5/5),"Missing: Data Structures, Git, HTML/CSS, PostgreSQL",Pending
24,1,59,35.11,0.0,97.1,0.0,72.22,,"Data Structures,Git,HTML/CSS,JavaScript,PostgreSQL,REST APIs","Weighted score 35.11: skills 0.0 (x0.4), academics 97.1 (x0.25), projects 0.0 (x0.2), readiness 72.22 (x0.15).",No overlapping skills on record,"Missing: Data Structures, Git, HTML/CSS, JavaScript, PostgreSQL, REST APIs",Pending
25,1,62,33.86,0.0,88.5,0.0,78.25,,"Data Structures,Git,HTML/CSS,JavaScript,PostgreSQL,REST APIs","Weighted score 33.86: skills 0.0 (x0.4), academics 88.5 (x0.25), projects 0.0 (x0.2), readiness 78.25 (x0.15).",No overlapping skills on record,"Missing: Data Structures, Git, HTML/CSS, JavaScript, PostgreSQL, REST APIs",Pending
26,1,66,39.13,20.0,83.5,0.0,68.38,"Data Structures,REST APIs","Git,HTML/CSS,JavaScript,PostgreSQL","Weighted score 39.13: skills 20.0 (x0.4), academics 83.5 (x0.25), projects 0.0 (x0.2), readiness 68.38 (x0.15).",Data Structures (proficiency 2/5); REST APIs (proficiency 4/5),"Missing: Git, HTML/CSS, JavaScript, PostgreSQL",Pending
27,1,71,36.32,10.0,81.2,0.0,80.1,Data Structures,"Git,HTML/CSS,JavaScript,PostgreSQL,REST APIs","Weighted score 36.32: skills 10.0 (x0.4), academics 81.2 (x0.25), projects 0.0 (x0.2), readiness 80.1 (x0.15).",Data Structures (proficiency 5/5),"Missing: Git, HTML/CSS, JavaScript, PostgreSQL, REST APIs",Pending
28,1,72,43.7,10.0,91.5,33.33,67.75,Git,"Data Structures,HTML/CSS,JavaScript,PostgreSQL,REST APIs","Weighted score 43.7: skills 10.0 (x0.4), academics 91.5 (x0.25), projects 33.33 (x0.2), readiness 67.75 (x0.15).",Git (proficiency 1/5),"Missing: Data Structures, HTML/CSS, JavaScript, PostgreSQL, REST APIs",Pending
29,1,78,55.8,23.33,93.6,50.0,87.13,HTML/CSS,"Data Structures,Git,JavaScript,PostgreSQL,REST APIs","Weighted score 55.8: skills 23.33 (x0.4), academics 93.6 (x0.25), projects 50.0 (x0.2), readiness 87.13 (x0.15).",HTML/CSS (proficiency 5/5),"Missing: Data Structures, Git, JavaScript, PostgreSQL, REST APIs",Pending
30,1,79,32.99,0.0,90.8,0.0,68.6,,"Data Structures,Git,HTML/CSS,JavaScript,PostgreSQL,REST APIs","Weighted score 32.99: skills 0.0 (x0.4), academics 90.8 (x0.25), projects 0.0 (x0.2), readiness 68.6 (x0.15).",No overlapping skills on record,"Missing: Data Structures, Git, HTML/CSS, JavaScript, PostgreSQL, REST APIs",Pending
31,1,91,49.56,43.33,82.7,0.0,77.02,"Git,HTML/CSS,REST APIs","Data Structures,JavaScript,PostgreSQL","Weighted score 49.56: skills 43.33 (x0.4), academics 82.7 (x0.25), projects 0.0 (x0.2), readiness 77.02 (x0.15).",Git (proficiency 3/5); HTML/CSS (proficiency 1/5); REST APIs (proficiency 4/5),"Missing: Data Structures, JavaScript, PostgreSQL",Pending
32,1,93,51.8,33.33,74.9,50.0,64.95,"PostgreSQL,REST APIs","Data Structures,Git,HTML/CSS,JavaScript","Weighted score 51.8: skills 33.33 (x0.4), academics 74.9 (x0.25), projects 50.0 (x0.2), readiness 64.95 (x0.15).",PostgreSQL (proficiency 5/5); REST APIs (proficiency 1/5),"Missing: Data Structures, Git, HTML/CSS, JavaScript",Pending
33,1,95,32.24,0.0,84.9,0.0,73.45,,"Data Structures,Git,HTML/CSS,JavaScript,PostgreSQL,REST APIs","Weighted score 32.24: skills 0.0 (x0.4), academics 84.9 (x0.25), projects 0.0 (x0.2), readiness 73.45 (x0.15).",No overlapping skills on record,"Missing: Data Structures, Git, HTML/CSS, JavaScript, PostgreSQL, REST APIs",Pending
34,1,97,48.93,33.33,72.4,33.33,72.2,"Data Structures,JavaScript","Git,HTML/CSS,PostgreSQL,REST APIs","Weighted score 48.93: skills 33.33 (x0.4), academics 72.4 (x0.25), projects 33.33 (x0.2), readiness 72.2 (x0.15).",Data Structures (proficiency 3/5); JavaScript (proficiency 1/5),"Missing: Git, HTML/CSS, PostgreSQL, REST APIs",Pending
35,1,102,48.37,20.0,75.9,50.0,75.95,"Data Structures,REST APIs","Git,HTML/CSS,JavaScript,PostgreSQL","Weighted score 48.37: skills 20.0 (x0.4), academics 75.9 (x0.25), projects 50.0 (x0.2), readiness 75.95 (x0.15).",Data Structures (proficiency 5/5); REST APIs (proficiency 1/5),"Missing: Git, HTML/CSS, JavaScript, PostgreSQL",Pending
36,1,104,45.08,23.33,95.8,0.0,78.65,JavaScript,"Data Structures,Git,HTML/CSS,PostgreSQL,REST APIs","Weighted score 45.08: skills 23.33 (x0.4), academics 95.8 (x0.25), projects 0.0 (x0.2), readiness 78.65 (x0.15).",JavaScript (proficiency 3/5),"Missing: Data Structures, Git, HTML/CSS, PostgreSQL, REST APIs",Pending
37,1,111,52.99,43.33,94.6,0.0,80.05,"Data Structures,HTML/CSS,REST APIs","Git,JavaScript,PostgreSQL","Weighted score 52.99: skills 43.33 (x0.4), academics 94.6 (x0.25), projects 0.0 (x0.2), readiness 80.05 (x0.15).",Data Structures (proficiency 2/5); HTML/CSS (proficiency 5/5); REST APIs (proficiency 5/5),"Missing: Git, JavaScript, PostgreSQL",Pending
38,1,113,45.65,33.33,79.6,0.0,82.8,"JavaScript,REST APIs","Data Structures,Git,HTML/CSS,PostgreSQL","Weighted score 45.65: skills 33.33 (x0.4), academics 79.6 (x0.25), projects 0.0 (x0.2), readiness 82.8 (x0.15).",JavaScript (proficiency 4/5); REST APIs (proficiency 3/5),"Missing: Data Structures, Git, HTML/CSS, PostgreSQL",Pending
39,1,115,46.21,46.67,73.2,0.0,61.6,"HTML/CSS,JavaScript","Data Structures,Git,PostgreSQL,REST APIs","Weighted score 46.21: skills 46.67 (x0.4), academics 73.2 (x0.25), projects 0.0 (x0.2), readiness 61.6 (x0.15).",HTML/CSS (proficiency 4/5); JavaScript (proficiency 1/5),"Missing: Data Structures, Git, PostgreSQL, REST APIs",Pending
40,1,119,49.12,56.67,68.1,0.0,62.85,"Data Structures,HTML/CSS,JavaScript","Git,PostgreSQL,REST APIs","Weighted score 49.12: skills 56.67 (x0.4), academics 68.1 (x0.25), projects 0.0 (x0.2), readiness 62.85 (x0.15).",Data Structures (proficiency 1/5); HTML/CSS (proficiency 2/5); JavaScript (proficiency 5/5),"Missing: Git, PostgreSQL, REST APIs",Pending
41,1,120,36.38,20.0,72.2,0.0,68.85,"Data Structures,REST APIs","Git,HTML/CSS,JavaScript,PostgreSQL","Weighted score 36.38: skills 20.0 (x0.4), academics 72.2 (x0.25), projects 0.0 (x0.2), readiness 68.85 (x0.15).",Data Structures (proficiency 2/5); REST APIs (proficiency 5/5),"Missing: Git, HTML/CSS, JavaScript, PostgreSQL",Pending
42,1,123,46.01,10.0,85.1,50.0,71.55,REST APIs,"Data Structures,Git,HTML/CSS,JavaScript,PostgreSQL","Weighted score 46.01: skills 10.0 (x0.4), academics 85.1 (x0.25), projects 50.0 (x0.2), readiness 71.55 (x0.15).",REST APIs (proficiency 4/5),"Missing: Data Structures, Git, HTML/CSS, JavaScript, PostgreSQL",Pending
43,1,124,56.36,10.0,89.5,100.0,66.55,Git,"Data Structures,HTML/CSS,JavaScript,PostgreSQL,REST APIs","Weighted score 56.36: skills 10.0 (x0.4), academics 89.5 (x0.25), projects 100.0 (x0.2), readiness 66.55 (x0.15).",Git (proficiency 4/5),"Missing: Data Structures, HTML/CSS, JavaScript, PostgreSQL, REST APIs",Pending
44,1,126,47.16,0.0,96.8,50.0,86.4,,"Data Structures,Git,HTML/CSS,JavaScript,PostgreSQL,REST APIs","Weighted score 47.16: skills 0.0 (x0.4), academics 96.8 (x0.25), projects 50.0 (x0.2), readiness 86.4 (x0.15).",No overlapping skills on record,"Missing: Data Structures, Git, HTML/CSS, JavaScript, PostgreSQL, REST APIs",Pending
45,1,128,59.82,33.33,85.8,66.67,78.02,"Data Structures,HTML/CSS","Git,JavaScript,PostgreSQL,REST APIs","Weighted score 59.82: skills 33.33 (x0.4), academics 85.8 (x0.25), projects 66.67 (x0.2), readiness 78.02 (x0.15).",Data Structures (proficiency 1/5); HTML/CSS (proficiency 3/5),"Missing: Git, JavaScript, PostgreSQL, REST APIs",Approved
46,1,129,39.8,23.33,80.5,0.0,68.92,HTML/CSS,"Data Structures,Git,JavaScript,PostgreSQL,REST APIs","Weighted score 39.8: skills 23.33 (x0.4), academics 80.5 (x0.25), projects 0.0 (x0.2), readiness 68.92 (x0.15).",HTML/CSS (proficiency 3/5),"Missing: Data Structures, Git, JavaScript, PostgreSQL, REST APIs",Pending
47,1,133,53.56,23.33,92.4,50.0,74.2,HTML/CSS,"Data Structures,Git,JavaScript,PostgreSQL,REST APIs","Weighted score 53.56: skills 23.33 (x0.4), academics 92.4 (x0.25), projects 50.0 (x0.2), readiness 74.2 (x0.15).",HTML/CSS (proficiency 1/5),"Missing: Data Structures, Git, JavaScript, PostgreSQL, REST APIs",Pending
48,1,134,39.78,23.33,81.7,0.0,66.85,HTML/CSS,"Data Structures,Git,JavaScript,PostgreSQL,REST APIs","Weighted score 39.78: skills 23.33 (x0.4), academics 81.7 (x0.25), projects 0.0 (x0.2), readiness 66.85 (x0.15).",HTML/CSS (proficiency 5/5),"Missing: Data Structures, Git, JavaScript, PostgreSQL, REST APIs",Pending
49,1,135,39.8,33.33,71.3,0.0,57.65,"HTML/CSS,REST APIs","Data Structures,Git,JavaScript,PostgreSQL","Weighted score 39.8: skills 33.33 (x0.4), academics 71.3 (x0.25), projects 0.0 (x0.2), readiness 57.65 (x0.15).",HTML/CSS (proficiency 1/5); REST APIs (proficiency 1/5),"Missing: Data Structures, Git, JavaScript, PostgreSQL",Pending
50,1,139,35.65,20.0,73.3,0.0,62.15,"Git,REST APIs","Data Structures,HTML/CSS,JavaScript,PostgreSQL","Weighted score 35.65: skills 20.0 (x0.4), academics 73.3 (x0.25), projects 0.0 (x0.2), readiness 62.15 (x0.15).",Git (proficiency 1/5); REST APIs (proficiency 2/5),"Missing: Data Structures, HTML/CSS, JavaScript, PostgreSQL",Pending
51,1,140,41.85,20.0,87.0,0.0,80.67,"Git,REST APIs","Data Structures,HTML/CSS,JavaScript,PostgreSQL","Weighted score 41.85: skills 20.0 (x0.4), academics 87.0 (x0.25), projects 0.0 (x0.2), readiness 80.67 (x0.15).",Git (proficiency 2/5); REST APIs (proficiency 5/5),"Missing: Data Structures, HTML/CSS, JavaScript, PostgreSQL",Pending
52,1,146,59.73,70.0,78.6,0.0,80.55,"HTML/CSS,JavaScript,PostgreSQL","Data Structures,Git,REST APIs","Weighted score 59.73: skills 70.0 (x0.4), academics 78.6 (x0.25), projects 0.0 (x0.2), readiness 80.55 (x0.15).",HTML/CSS (proficiency 4/5); JavaScript (proficiency 1/5); PostgreSQL (proficiency 2/5),"Missing: Data Structures, Git, REST APIs",Approved
53,1,149,29.41,0.0,79.7,0.0,63.22,,"Data Structures,Git,HTML/CSS,JavaScript,PostgreSQL,REST APIs","Weighted score 29.41: skills 0.0 (x0.4), academics 79.7 (x0.25), projects 0.0 (x0.2), readiness 63.22 (x0.15).",No overlapping skills on record,"Missing: Data Structures, Git, HTML/CSS, JavaScript, PostgreSQL, REST APIs",Pending
54,1,150,51.96,56.67,76.1,0.0,68.42,"Git,HTML/CSS,JavaScript","Data Structures,PostgreSQL,REST APIs","Weighted score 51.96: skills 56.67 (x0.4), academics 76.1 (x0.25), projects 0.0 (x0.2), readiness 68.42 (x0.15).",Git (proficiency 1/5); HTML/CSS (proficiency 4/5); JavaScript (proficiency 5/5),"Missing: Data Structures, PostgreSQL, REST APIs",Pending
55,1,151,46.72,23.33,93.8,0.0,92.9,HTML/CSS,"Data Structures,Git,JavaScript,PostgreSQL,REST APIs","Weighted score 46.72: skills 23.33 (x0.4), academics 93.8 (x0.25), projects 0.0 (x0.2), readiness 92.9 (x0.15).",HTML/CSS (proficiency 5/5),"Missing: Data Structures, Git, JavaScript, PostgreSQL, REST APIs",Pending
56,1,152,50.11,43.33,81.0,0.0,83.5,"Data Structures,Git,PostgreSQL","HTML/CSS,JavaScript,REST APIs","Weighted score 50.11: skills 43.33 (x0.4), academics 81.0 (x0.25), projects 0.0 (x0.2), readiness 83.5 (x0.15).",Data Structures (proficiency 5/5); Git (proficiency 3/5); PostgreSQL (proficiency 2/5),"Missing: HTML/CSS, JavaScript, REST APIs",Pending
57,1,153,59.73,33.33,97.7,50.0,79.85,"Data Structures,HTML/CSS","Git,JavaScript,PostgreSQL,REST APIs","Weighted score 59.73: skills 33.33 (x0.4), academics 97.7 (x0.25), projects 50.0 (x0.2), readiness 79.85 (x0.15).",Data Structures (proficiency 5/5); HTML/CSS (proficiency 2/5),"Missing: Git, JavaScript, PostgreSQL, REST APIs",Approved
58,1,154,68.92,80.0,73.7,33.33,78.85,"HTML/CSS,JavaScript,PostgreSQL,REST APIs","Data Structures,Git","Weighted score 68.92: skills 80.0 (x0.4), academics 73.7 (x0.25), projects 33.33 (x0.2), readiness 78.85 (x0.15).",HTML/CSS (proficiency 5/5); JavaScript (proficiency 5/5); PostgreSQL (proficiency 4/5); REST APIs (proficiency 1/5),"Missing: Data Structures, Git",Approved
59,1,159,51.85,0.0,86.0,100.0,69.0,,"Data Structures,Git,HTML/CSS,JavaScript,PostgreSQL,REST APIs","Weighted score 51.85: skills 0.0 (x0.4), academics 86.0 (x0.25), projects 100.0 (x0.2), readiness 69.0 (x0.15).",No overlapping skills on record,"Missing: Data Structures, Git, HTML/CSS, JavaScript, PostgreSQL, REST APIs",Pending
60,1,166,46.86,23.33,74.7,50.0,59.02,PostgreSQL,"Data Structures,Git,HTML/CSS,JavaScript,REST APIs","Weighted score 46.86: skills 23.33 (x0.4), academics 74.7 (x0.25), projects 50.0 (x0.2), readiness 59.02 (x0.15).",PostgreSQL (proficiency 2/5),"Missing: Data Structures, Git, HTML/CSS, JavaScript, REST APIs",Pending
61,1,176,38.8,20.0,78.3,0.0,74.82,"Data Structures,Git","HTML/CSS,JavaScript,PostgreSQL,REST APIs","Weighted score 38.8: skills 20.0 (x0.4), academics 78.3 (x0.25), projects 0.0 (x0.2), readiness 74.82 (x0.15).",Data Structures (proficiency 3/5); Git (proficiency 5/5),"Missing: HTML/CSS, JavaScript, PostgreSQL, REST APIs",Pending
62,1,179,51.96,46.67,86.9,0.0,77.12,"JavaScript,PostgreSQL","Data Structures,Git,HTML/CSS,REST APIs","Weighted score 51.96: skills 46.67 (x0.4), academics 86.9 (x0.25), projects 0.0 (x0.2), readiness 77.12 (x0.15).",JavaScript (proficiency 2/5); PostgreSQL (proficiency 3/5),"Missing: Data Structures, Git, HTML/CSS, REST APIs",Pending
63,1,187,39.54,23.33,76.8,0.0,73.4,JavaScript,"Data Structures,Git,HTML/CSS,PostgreSQL,REST APIs","Weighted score 39.54: skills 23.33 (x0.4), academics 76.8 (x0.25), projects 0.0 (x0.2), readiness 73.4 (x0.15).",JavaScript (proficiency 5/5),"Missing: Data Structures, Git, HTML/CSS, PostgreSQL, REST APIs",Pending
64,1,190,36.43,10.0,82.7,0.0,78.35,REST APIs,"Data Structures,Git,HTML/CSS,JavaScript,PostgreSQL","Weighted score 36.43: skills 10.0 (x0.4), academics 82.7 (x0.25), projects 0.0 (x0.2), readiness 78.35 (x0.15).",REST APIs (proficiency 5/5),"Missing: Data Structures, Git, HTML/CSS, JavaScript, PostgreSQL",Pending
65,1,191,32.5,0.0,84.3,0.0,76.15,,"Data Structures,Git,HTML/CSS,JavaScript,PostgreSQL,REST APIs","Weighted score 32.5: skills 0.0 (x0.4), academics 84.3 (x0.25), projects 0.0 (x0.2), readiness 76.15 (x0.15).",No overlapping skills on record,"Missing: Data Structures, Git, HTML/CSS, JavaScript, PostgreSQL, REST APIs",Pending
66,1,192,42.19,33.33,77.6,0.0,63.05,"PostgreSQL,REST APIs","Data Structures,Git,HTML/CSS,JavaScript","Weighted score 42.19: skills 33.33 (x0.4), academics 77.6 (x0.25), projects 0.0 (x0.2), readiness 63.05 (x0.15).",PostgreSQL (proficiency 4/5); REST APIs (proficiency 5/5),"Missing: Data Structures, Git, HTML/CSS, JavaScript",Pending
67,1,193,47.11,46.67,71.6,0.0,70.3,"HTML/CSS,PostgreSQL","Data Structures,Git,JavaScript,REST APIs","Weighted score 47.11: skills 46.67 (x0.4), academics 71.6 (x0.25), projects 0.0 (x0.2), readiness 70.3 (x0.15).",HTML/CSS (proficiency 3/5); PostgreSQL (proficiency 4/5),"Missing: Data Structures, Git, JavaScript, REST APIs",Pending
68,1,198,46.84,10.0,95.9,33.33,81.32,Git,"Data Structures,HTML/CSS,JavaScript,PostgreSQL,REST APIs","Weighted score 46.84: skills 10.0 (x0.4), academics 95.9 (x0.25), projects 33.33 (x0.2), readiness 81.32 (x0.15).",Git (proficiency 5/5),"Missing: Data Structures, HTML/CSS, JavaScript, PostgreSQL, REST APIs",Pending
69,1,199,32.83,0.0,86.7,0.0,74.35,,"Data Structures,Git,HTML/CSS,JavaScript,PostgreSQL,REST APIs","Weighted score 32.83: skills 0.0 (x0.4), academics 86.7 (x0.25), projects 0.0 (x0.2), readiness 74.35 (x0.15).",No overlapping skills on record,"Missing: Data Structures, Git, HTML/CSS, JavaScript, PostgreSQL, REST APIs",Pending
70,1,201,27.33,0.0,74.4,0.0,58.2,,"Data Structures,Git,HTML/CSS,JavaScript,PostgreSQL,REST APIs","Weighted score 27.33: skills 0.0 (x0.4), academics 74.4 (x0.25), projects 0.0 (x0.2), readiness 58.2 (x0.15).",No overlapping skills on record,"Missing: Data Structures, Git, HTML/CSS, JavaScript, PostgreSQL, REST APIs",Pending
71,1,205,45.65,10.0,85.5,50.0,68.5,Git,"Data Structures,HTML/CSS,JavaScript,PostgreSQL,REST APIs","Weighted score 45.65: skills 10.0 (x0.4), academics 85.5 (x0.25), projects 50.0 (x0.2), readiness 68.5 (x0.15).",Git (proficiency 4/5),"Missing: Data Structures, HTML/CSS, JavaScript, PostgreSQL, REST APIs",Pending
72,1,209,47.56,33.33,92.4,0.0,74.2,"JavaScript,REST APIs","Data Structures,Git,HTML/CSS,PostgreSQL","Weighted score 47.56: skills 33.33 (x0.4), academics 92.4 (x0.25), projects 0.0 (x0.2), readiness 74.2 (x0.15).",JavaScript (proficiency 2/5); REST APIs (proficiency 2/5),"Missing: Data Structures, Git, HTML/CSS, PostgreSQL",Pending
73,1,211,39.63,10.0,95.7,0.0,78.05,REST APIs,"Data Structures,Git,HTML/CSS,JavaScript,PostgreSQL","Weighted score 39.63: skills 10.0 (x0.4), academics 95.7 (x0.25), projects 0.0 (x0.2), readiness 78.05 (x0.15).",REST APIs (proficiency 5/5),"Missing: Data Structures, Git, HTML/CSS, JavaScript, PostgreSQL",Pending
74,1,214,31.29,0.0,83.2,0.0,69.93,,"Data Structures,Git,HTML/CSS,JavaScript,PostgreSQL,REST APIs","Weighted score 31.29: skills 0.0 (x0.4), academics 83.2 (x0.25), projects 0.0 (x0.2), readiness 69.93 (x0.15).",No overlapping skills on record,"Missing: Data Structures, Git, HTML/CSS, JavaScript, PostgreSQL, REST APIs",Pending
75,1,221,46.98,46.67,72.8,0.0,67.4,"JavaScript,PostgreSQL","Data Structures,Git,HTML/CSS,REST APIs","Weighted score 46.98: skills 46.67 (x0.4), academics 72.8 (x0.25), projects 0.0 (x0.2), readiness 67.4 (x0.15).",JavaScript (proficiency 2/5); PostgreSQL (proficiency 5/5),"Missing: Data Structures, Git, HTML/CSS, REST APIs",Pending
76,1,222,36.3,10.0,88.7,0.0,67.47,Git,"Data Structures,HTML/CSS,JavaScript,PostgreSQL,REST APIs","Weighted score 36.3: skills 10.0 (x0.4), academics 88.7 (x0.25), projects 0.0 (x0.2), readiness 67.47 (x0.15).",Git (proficiency 1/5),"Missing: Data Structures, HTML/CSS, JavaScript, PostgreSQL, REST APIs",Pending
77,1,228,73.42,66.67,97.7,50.0,82.18,"Data Structures,HTML/CSS,PostgreSQL,REST APIs","Git,JavaScript","Weighted score 73.42: skills 66.67 (x0.4), academics 97.7 (x0.25), projects 50.0 (x0.2), readiness 82.18 (x0.15).",Data Structures (proficiency 1/5); HTML/CSS (proficiency 5/5); PostgreSQL (proficiency 4/5); REST APIs (proficiency 5/5),"Missing: Git, JavaScript",Approved
78,1,234,68.63,43.33,83.9,100.0,68.82,"Git,HTML/CSS,REST APIs","Data Structures,JavaScript,PostgreSQL","Weighted score 68.63: skills 43.33 (x0.4), academics 83.9 (x0.25), projects 100.0 (x0.2), readiness 68.82 (x0.15).",Git (proficiency 3/5); HTML/CSS (proficiency 4/5); REST APIs (proficiency 1/5),"Missing: Data Structures, JavaScript, PostgreSQL",Approved
79,1,236,33.18,0.0,89.4,0.0,72.2,,"Data Structures,Git,HTML/CSS,JavaScript,PostgreSQL,REST APIs","Weighted score 33.18: skills 0.0 (x0.4), academics 89.4 (x0.25), projects 0.0 (x0.2), readiness 72.2 (x0.15).",No overlapping skills on record,"Missing: Data Structures, Git, HTML/CSS, JavaScript, PostgreSQL, REST APIs",Pending
80,1,247,41.68,23.33,87.0,0.0,70.67,JavaScript,"Data Structures,Git,HTML/CSS,PostgreSQL,REST APIs","Weighted score 41.68: skills 23.33 (x0.4), academics 87.0 (x0.25), projects 0.0 (x0.2), readiness 70.67 (x0.15).",JavaScript (proficiency 3/5),"Missing: Data Structures, Git, HTML/CSS, PostgreSQL, REST APIs",Pending
81,1,250,48.71,33.33,95.0,0.0,77.5,"JavaScript,REST APIs","Data Structures,Git,HTML/CSS,PostgreSQL","Weighted score 48.71: skills 33.33 (x0.4), academics 95.0 (x0.25), projects 0.0 (x0.2), readiness 77.5 (x0.15).",JavaScript (proficiency 1/5); REST APIs (proficiency 5/5),"Missing: Data Structures, Git, HTML/CSS, PostgreSQL",Pending
82,1,254,54.77,33.33,80.0,50.0,76.25,"Git,HTML/CSS","Data Structures,JavaScript,PostgreSQL,REST APIs","Weighted score 54.77: skills 33.33 (x0.4), academics 80.0 (x0.25), projects 50.0 (x0.2), readiness 76.25 (x0.15).",Git (proficiency 5/5); HTML/CSS (proficiency 3/5),"Missing: Data Structures, JavaScript, PostgreSQL, REST APIs",Pending
83,1,259,36.68,0.0,76.8,33.33,72.07,,"Data Structures,Git,HTML/CSS,JavaScript,PostgreSQL,REST APIs","Weighted score 36.68: skills 0.0 (x0.4), academics 76.8 (x0.25), projects 33.33 (x0.2), readiness 72.07 (x0.15).",No overlapping skills on record,"Missing: Data Structures, Git, HTML/CSS, JavaScript, PostgreSQL, REST APIs",Pending
84,1,264,32.32,10.0,71.9,0.0,68.95,Data Structures,"Git,HTML/CSS,JavaScript,PostgreSQL,REST APIs","Weighted score 32.32: skills 10.0 (x0.4), academics 71.9 (x0.25), projects 0.0 (x0.2), readiness 68.95 (x0.15).",Data Structures (proficiency 5/5),"Missing: Git, HTML/CSS, JavaScript, PostgreSQL, REST APIs",Pending
85,1,267,38.46,23.33,74.9,0.0,69.32,JavaScript,"Data Structures,Git,HTML/CSS,PostgreSQL,REST APIs","Weighted score 38.46: skills 23.33 (x0.4), academics 74.9 (x0.25), projects 0.0 (x0.2), readiness 69.32 (x0.15).",JavaScript (proficiency 3/5),"Missing: Data Structures, Git, HTML/CSS, PostgreSQL, REST APIs",Pending
86,1,269,49.47,43.33,85.5,0.0,71.75,"Data Structures,Git,HTML/CSS","JavaScript,PostgreSQL,REST APIs","Weighted score 49.47: skills 43.33 (x0.4), academics 85.5 (x0.25), projects 0.0 (x0.2), readiness 71.75 (x0.15).",Data Structures (proficiency 1/5); Git (proficiency 2/5); HTML/CSS (proficiency 2/5),"Missing: JavaScript, PostgreSQL, REST APIs",Pending
87,1,274,37.96,10.0,93.8,0.0,70.1,REST APIs,"Data Structures,Git,HTML/CSS,JavaScript,PostgreSQL","Weighted score 37.96: skills 10.0 (x0.4), academics 93.8 (x0.25), projects 0.0 (x0.2), readiness 70.1 (x0.15).",REST APIs (proficiency 3/5),"Missing: Data Structures, Git, HTML/CSS, JavaScript, PostgreSQL",Pending
88,1,275,63.98,23.33,93.8,100.0,74.65,JavaScript,"Data Structures,Git,HTML/CSS,PostgreSQL,REST APIs","Weighted score 63.98: skills 23.33 (x0.4), academics 93.8 (x0.25), projects 100.0 (x0.2), readiness 74.65 (x0.15).",JavaScript (proficiency 5/5),"Missing: Data Structures, Git, HTML/CSS, PostgreSQL, REST APIs",Approved
89,1,276,28.3,0.0,73.8,0.0,65.7,,"Data Structures,Git,HTML/CSS,JavaScript,PostgreSQL,REST APIs","Weighted score 28.3: skills 0.0 (x0.4), academics 73.8 (x0.25), projects 0.0 (x0.2), readiness 65.7 (x0.15).",No overlapping skills on record,"Missing: Data Structures, Git, HTML/CSS, JavaScript, PostgreSQL, REST APIs",Pending
90,1,278,38.42,10.0,93.0,0.0,74.5,Data Structures,"Git,HTML/CSS,JavaScript,PostgreSQL,REST APIs","Weighted score 38.42: skills 10.0 (x0.4), academics 93.0 (x0.25), projects 0.0 (x0.2), readiness 74.5 (x0.15).",Data Structures (proficiency 3/5),"Missing: Git, HTML/CSS, JavaScript, PostgreSQL, REST APIs",Pending
91,1,283,32.24,0.0,89.2,0.0,66.27,,"Data Structures,Git,HTML/CSS,JavaScript,PostgreSQL,REST APIs","Weighted score 32.24: skills 0.0 (x0.4), academics 89.2 (x0.25), projects 0.0 (x0.2), readiness 66.27 (x0.15).",No overlapping skills on record,"Missing: Data Structures, Git, HTML/CSS, JavaScript, PostgreSQL, REST APIs",Pending
92,1,284,49.87,43.33,85.0,0.0,75.25,"Git,HTML/CSS,REST APIs","Data Structures,JavaScript,PostgreSQL","Weighted score 49.87: skills 43.33 (x0.4), academics 85.0 (x0.25), projects 0.0 (x0.2), readiness 75.25 (x0.15).",Git (proficiency 3/5); HTML/CSS (proficiency 4/5); REST APIs (proficiency 2/5),"Missing: Data Structures, JavaScript, PostgreSQL",Pending
93,1,285,38.9,0.0,80.4,33.33,80.87,,"Data Structures,Git,HTML/CSS,JavaScript,PostgreSQL,REST APIs","Weighted score 38.9: skills 0.0 (x0.4), academics 80.4 (x0.25), projects 33.33 (x0.2), readiness 80.87 (x0.15).",No overlapping skills on record,"Missing: Data Structures, Git, HTML/CSS, JavaScript, PostgreSQL, REST APIs",Pending
94,1,286,55.02,33.33,83.2,50.0,72.6,"Git,PostgreSQL","Data Structures,HTML/CSS,JavaScript,REST APIs","Weighted score 55.02: skills 33.33 (x0.4), academics 83.2 (x0.25), projects 50.0 (x0.2), readiness 72.6 (x0.15).",Git (proficiency 1/5); PostgreSQL (proficiency 1/5),"Missing: Data Structures, HTML/CSS, JavaScript, REST APIs",Pending
95,1,294,54.94,46.67,99.6,0.0,75.8,"HTML/CSS,PostgreSQL","Data Structures,Git,JavaScript,REST APIs","Weighted score 54.94: skills 46.67 (x0.4), academics 99.6 (x0.25), projects 0.0 (x0.2), readiness 75.8 (x0.15).",HTML/CSS (proficiency 5/5); PostgreSQL (proficiency 2/5),"Missing: Data Structures, Git, JavaScript, REST APIs",Pending
96,1,298,46.25,33.33,82.1,0.0,82.65,"HTML/CSS,REST APIs","Data Structures,Git,JavaScript,PostgreSQL","Weighted score 46.25: skills 33.33 (x0.4), academics 82.1 (x0.25), projects 0.0 (x0.2), readiness 82.65 (x0.15).",HTML/CSS (proficiency 5/5); REST APIs (proficiency 3/5),"Missing: Data Structures, Git, JavaScript, PostgreSQL",Pending
97,1,301,45.68,33.33,84.0,0.0,75.67,"Git,JavaScript","Data Structures,HTML/CSS,PostgreSQL,REST APIs","Weighted score 45.68: skills 33.33 (x0.4), academics 84.0 (x0.25), projects 0.0 (x0.2), readiness 75.67 (x0.15).",Git (proficiency 2/5); JavaScript (proficiency 5/5),"Missing: Data Structures, HTML/CSS, PostgreSQL, REST APIs",Pending
98,1,307,33.79,0.0,89.5,0.0,76.08,,"Data Structures,Git,HTML/CSS,JavaScript,PostgreSQL,REST APIs","Weighted score 33.79: skills 0.0 (x0.4), academics 89.5 (x0.25), projects 0.0 (x0.2), readiness 76.08 (x0.15).",No overlapping skills on record,"Missing: Data Structures, Git, HTML/CSS, JavaScript, PostgreSQL, REST APIs",Pending
99,1,308,33.94,0.0,88.4,0.0,78.95,,"Data Structures,Git,HTML/CSS,JavaScript,PostgreSQL,REST APIs","Weighted score 33.94: skills 0.0 (x0.4), academics 88.4 (x0.25), projects 0.0 (x0.2), readiness 78.95 (x0.15).",No overlapping skills on record,"Missing: Data Structures, Git, HTML/CSS, JavaScript, PostgreSQL, REST APIs",Pending
100,1,309,32.36,10.0,73.5,0.0,66.58,Data Structures,"Git,HTML/CSS,JavaScript,PostgreSQL,REST APIs","Weighted score 32.36: skills 10.0 (x0.4), academics 73.5 (x0.25), projects 0.0 (x0.2), readiness 66.58 (x0.15).",Data Structures (proficiency 4/5),"Missing: Git, HTML/CSS, JavaScript, PostgreSQL, REST APIs",Pending
101,1,310,43.31,10.0,84.9,33.33,76.12,Data Structures,"Git,HTML/CSS,JavaScript,PostgreSQL,REST APIs","Weighted score 43.31: skills 10.0 (x0.4), academics 84.9 (x0.25), projects 33.33 (x0.2), readiness 76.12 (x0.15).",Data Structures (proficiency 3/5),"Missing: Git, HTML/CSS, JavaScript, PostgreSQL, REST APIs",Pending
102,1,311,58.61,10.0,94.5,100.0,73.25,REST APIs,"Data Structures,Git,HTML/CSS,JavaScript,PostgreSQL","Weighted score 58.61: skills 10.0 (x0.4), academics 94.5 (x0.25), projects 100.0 (x0.2), readiness 73.25 (x0.15).",REST APIs (proficiency 2/5),"Missing: Data Structures, Git, HTML/CSS, JavaScript, PostgreSQL",Pending
103,1,313,36.24,20.0,73.8,0.0,65.28,"Data Structures,Git","HTML/CSS,JavaScript,PostgreSQL,REST APIs","Weighted score 36.24: skills 20.0 (x0.4), academics 73.8 (x0.25), projects 0.0 (x0.2), readiness 65.28 (x0.15).",Data Structures (proficiency 3/5); Git (proficiency 2/5),"Missing: HTML/CSS, JavaScript, PostgreSQL, REST APIs",Pending
104,1,320,54.26,10.0,80.2,100.0,68.1,Git,"Data Structures,HTML/CSS,JavaScript,PostgreSQL,REST APIs","Weighted score 54.26: skills 10.0 (x0.4), academics 80.2 (x0.25), projects 100.0 (x0.2), readiness 68.1 (x0.15).",Git (proficiency 4/5),"Missing: Data Structures, HTML/CSS, JavaScript, PostgreSQL, REST APIs",Pending
105,1,321,38.07,10.0,92.3,0.0,73.32,Data Structures,"Git,HTML/CSS,JavaScript,PostgreSQL,REST APIs","Weighted score 38.07: skills 10.0 (x0.4), academics 92.3 (x0.25), projects 0.0 (x0.2), readiness 73.32 (x0.15).",Data Structures (proficiency 1/5),"Missing: Git, HTML/CSS, JavaScript, PostgreSQL, REST APIs",Pending
106,1,324,59.92,66.67,89.9,0.0,71.82,"Git,HTML/CSS,JavaScript,REST APIs","Data Structures,PostgreSQL","Weighted score 59.92: skills 66.67 (x0.4), academics 89.9 (x0.25), projects 0.0 (x0.2), readiness 71.82 (x0.15).",Git (proficiency 5/5); HTML/CSS (proficiency 4/5); JavaScript (proficiency 5/5); REST APIs (proficiency 3/5),"Missing: Data Structures, PostgreSQL",Approved
107,1,325,44.87,33.33,83.8,0.0,70.57,"JavaScript,REST APIs","Data Structures,Git,HTML/CSS,PostgreSQL","Weighted score 44.87: skills 33.33 (x0.4), academics 83.8 (x0.25), projects 0.0 (x0.2), readiness 70.57 (x0.15).",JavaScript (proficiency 1/5); REST APIs (proficiency 5/5),"Missing: Data Structures, Git, HTML/CSS, PostgreSQL",Pending
108,1,327,36.72,10.0,87.3,0.0,72.65,Data Structures,"Git,HTML/CSS,JavaScript,PostgreSQL,REST APIs","Weighted score 36.72: skills 10.0 (x0.4), academics 87.3 (x0.25), projects 0.0 (x0.2), readiness 72.65 (x0.15).",Data Structures (proficiency 3/5),"Missing: Git, HTML/CSS, JavaScript, PostgreSQL, REST APIs",Pending
109,1,330,58.1,23.33,77.8,100.0,62.1,JavaScript,"Data Structures,Git,HTML/CSS,PostgreSQL,REST APIs","Weighted score 58.1: skills 23.33 (x0.4), academics 77.8 (x0.25), projects 100.0 (x0.2), readiness 62.1 (x0.15).",JavaScript (proficiency 2/5),"Missing: Data Structures, Git, HTML/CSS, PostgreSQL, REST APIs",Pending
110,1,331,61.67,23.33,99.1,66.67,94.88,JavaScript,"Data Structures,Git,HTML/CSS,PostgreSQL,REST APIs","Weighted score 61.67: skills 23.33 (x0.4), academics 99.1 (x0.25), projects 66.67 (x0.2), readiness 94.88 (x0.15).",JavaScript (proficiency 5/5),"Missing: Data Structures, Git, HTML/CSS, PostgreSQL, REST APIs",Approved
111,1,333,43.54,23.33,88.1,0.0,81.22,PostgreSQL,"Data Structures,Git,HTML/CSS,JavaScript,REST APIs","Weighted score 43.54: skills 23.33 (x0.4), academics 88.1 (x0.25), projects 0.0 (x0.2), readiness 81.22 (x0.15).",PostgreSQL (proficiency 4/5),"Missing: Data Structures, Git, HTML/CSS, JavaScript, REST APIs",Pending
112,1,335,52.35,56.67,76.5,0.0,70.38,"Data Structures,HTML/CSS,PostgreSQL","Git,JavaScript,REST APIs","Weighted score 52.35: skills 56.67 (x0.4), academics 76.5 (x0.25), projects 0.0 (x0.2), readiness 70.38 (x0.15).",Data Structures (proficiency 4/5); HTML/CSS (proficiency 1/5); PostgreSQL (proficiency 4/5),"Missing: Git, JavaScript, REST APIs",Pending
113,1,336,49.18,33.33,97.5,0.0,76.5,"Data Structures,JavaScript","Git,HTML/CSS,PostgreSQL,REST APIs","Weighted score 49.18: skills 33.33 (x0.4), academics 97.5 (x0.25), projects 0.0 (x0.2), readiness 76.5 (x0.15).",Data Structures (proficiency 4/5); JavaScript (proficiency 5/5),"Missing: Git, HTML/CSS, PostgreSQL, REST APIs",Pending
114,1,338,33.7,0.0,91.7,0.0,71.85,,"Data Structures,Git,HTML/CSS,JavaScript,PostgreSQL,REST APIs","Weighted score 33.7: skills 0.0 (x0.4), academics 91.7 (x0.25), projects 0.0 (x0.2), readiness 71.85 (x0.15).",No overlapping skills on record,"Missing: Data Structures, Git, HTML/CSS, JavaScript, PostgreSQL, REST APIs",Pending
115,1,340,46.86,33.33,91.0,0.0,71.83,"Git,JavaScript","Data Structures,HTML/CSS,PostgreSQL,REST APIs","Weighted score 46.86: skills 33.33 (x0.4), academics 91.0 (x0.25), projects 0.0 (x0.2), readiness 71.83 (x0.15).",Git (proficiency 1/5); JavaScript (proficiency 3/5),"Missing: Data Structures, HTML/CSS, PostgreSQL, REST APIs",Pending
116,1,341,56.7,30.0,98.0,33.33,90.25,"Data Structures,Git,REST APIs","HTML/CSS,JavaScript,PostgreSQL","Weighted score 56.7: skills 30.0 (x0.4), academics 98.0 (x0.25), projects 33.33 (x0.2), readiness 90.25 (x0.15).",Data Structures (proficiency 4/5); Git (proficiency 4/5); REST APIs (proficiency 2/5),"Missing: HTML/CSS, JavaScript, PostgreSQL",Pending
117,1,345,35.01,10.0,87.3,0.0,61.25,Data Structures,"Git,HTML/CSS,JavaScript,PostgreSQL,REST APIs","Weighted score 35.01: skills 10.0 (x0.4), academics 87.3 (x0.25), projects 0.0 (x0.2), readiness 61.25 (x0.15).",Data Structures (proficiency 5/5),"Missing: Git, HTML/CSS, JavaScript, PostgreSQL, REST APIs",Pending
118,1,352,52.34,46.67,89.3,0.0,75.65,"HTML/CSS,JavaScript","Data Structures,Git,PostgreSQL,REST APIs","Weighted score 52.34: skills 46.67 (x0.4), academics 89.3 (x0.25), projects 0.0 (x0.2), readiness 75.65 (x0.15).",HTML/CSS (proficiency 3/5); JavaScript (proficiency 2/5),"Missing: Data Structures, Git, PostgreSQL, REST APIs",Pending
119,1,353,54.83,56.67,84.2,0.0,74.1,"HTML/CSS,PostgreSQL,REST APIs","Data Structures,Git,JavaScript","Weighted score 54.83: skills 56.67 (x0.4), academics 84.2 (x0.25), projects 0.0 (x0.2), readiness 74.1 (x0.15).",HTML/CSS (proficiency 2/5); PostgreSQL (proficiency 5/5); REST APIs (proficiency 1/5),"Missing: Data Structures, Git, JavaScript",Pending
120,1,354,53.42,10.0,77.5,100.0,66.95,Data Structures,"Git,HTML/CSS,JavaScript,PostgreSQL,REST APIs","Weighted score 53.42: skills 10.0 (x0.4), academics 77.5 (x0.25), projects 100.0 (x0.2), readiness 66.95 (x0.15).",Data Structures (proficiency 5/5),"Missing: Git, HTML/CSS, JavaScript, PostgreSQL, REST APIs",Pending
121,1,356,49.7,33.33,99.9,0.0,75.95,"Git,JavaScript","Data Structures,HTML/CSS,PostgreSQL,REST APIs","Weighted score 49.7: skills 33.33 (x0.4), academics 99.9 (x0.25), projects 0.0 (x0.2), readiness 75.95 (x0.15).",Git (proficiency 5/5); JavaScript (proficiency 1/5),"Missing: Data Structures, HTML/CSS, PostgreSQL, REST APIs",Pending
122,1,357,60.47,56.67,95.4,0.0,93.03,"Data Structures,JavaScript,PostgreSQL","Git,HTML/CSS,REST APIs","Weighted score 60.47: skills 56.67 (x0.4), academics 95.4 (x0.25), projects 0.0 (x0.2), readiness 93.03 (x0.15).",Data Structures (proficiency 4/5); JavaScript (proficiency 5/5); PostgreSQL (proficiency 4/5),"Missing: Git, HTML/CSS, REST APIs",Approved
123,1,362,35.02,10.0,79.9,0.0,73.62,REST APIs,"Data Structures,Git,HTML/CSS,JavaScript,PostgreSQL","Weighted score 35.02: skills 10.0 (x0.4), academics 79.9 (x0.25), projects 0.0 (x0.2), readiness 73.62 (x0.15).",REST APIs (proficiency 2/5),"Missing: Data Structures, Git, HTML/CSS, JavaScript, PostgreSQL",Pending
124,1,364,37.12,23.33,73.5,0.0,62.75,HTML/CSS,"Data Structures,Git,JavaScript,PostgreSQL,REST APIs","Weighted score 37.12: skills 23.33 (x0.4), academics 73.5 (x0.25), projects 0.0 (x0.2), readiness 62.75 (x0.15).",HTML/CSS (proficiency 3/5),"Missing: Data Structures, Git, JavaScript, PostgreSQL, REST APIs",Pending
125,1,367,61.23,43.33,89.6,50.0,76.68,"Git,HTML/CSS,REST APIs","Data Structures,JavaScript,PostgreSQL","Weighted score 61.23: skills 43.33 (x0.4), academics 89.6 (x0.25), projects 50.0 (x0.2), readiness 76.68 (x0.15).",Git (proficiency 4/5); HTML/CSS (proficiency 2/5); REST APIs (proficiency 4/5),"Missing: Data Structures, JavaScript, PostgreSQL",Approved
126,1,368,52.47,56.67,78.3,0.0,68.15,"Data Structures,JavaScript,PostgreSQL","Git,HTML/CSS,REST APIs","Weighted score 52.47: skills 56.67 (x0.4), academics 78.3 (x0.25), projects 0.0 (x0.2), readiness 68.15 (x0.15).",Data Structures (proficiency 1/5); JavaScript (proficiency 2/5); PostgreSQL (proficiency 3/5),"Missing: Git, HTML/CSS, REST APIs",Pending
127,1,373,33.72,10.0,78.2,0.0,67.77,REST APIs,"Data Structures,Git,HTML/CSS,JavaScript,PostgreSQL","Weighted score 33.72: skills 10.0 (x0.4), academics 78.2 (x0.25), projects 0.0 (x0.2), readiness 67.77 (x0.15).",REST APIs (proficiency 4/5),"Missing: Data Structures, Git, HTML/CSS, JavaScript, PostgreSQL",Pending
128,1,389,69.63,43.33,89.4,100.0,66.32,"Data Structures,PostgreSQL,REST APIs","Git,HTML/CSS,JavaScript","Weighted score 69.63: skills 43.33 (x0.4), academics 89.4 (x0.25), projects 100.0 (x0.2), readiness 66.32 (x0.15).",Data Structures (proficiency 1/5); PostgreSQL (proficiency 2/5); REST APIs (proficiency 1/5),"Missing: Git, HTML/CSS, JavaScript",Approved
129,1,391,46.81,33.33,89.4,0.0,74.2,"Data Structures,HTML/CSS","Git,JavaScript,PostgreSQL,REST APIs","Weighted score 46.81: skills 33.33 (x0.4), academics 89.4 (x0.25), projects 0.0 (x0.2), readiness 74.2 (x0.15).",Data Structures (proficiency 2/5); HTML/CSS (proficiency 3/5),"Missing: Git, JavaScript, PostgreSQL, REST APIs",Pending
130,1,393,30.72,10.0,71.5,0.0,58.95,Git,"Data Structures,HTML/CSS,JavaScript,PostgreSQL,REST APIs","Weighted score 30.72: skills 10.0 (x0.4), academics 71.5 (x0.25), projects 0.0 (x0.2), readiness 58.95 (x0.15).",Git (proficiency 5/5),"Missing: Data Structures, HTML/CSS, JavaScript, PostgreSQL, REST APIs",Pending
131,1,395,45.09,33.33,78.4,0.0,81.03,"Git,PostgreSQL","Data Structures,HTML/CSS,JavaScript,REST APIs","Weighted score 45.09: skills 33.33 (x0.4), academics 78.4 (x0.25), projects 0.0 (x0.2), readiness 81.03 (x0.15).",Git (proficiency 3/5); PostgreSQL (proficiency 5/5),"Missing: Data Structures, HTML/CSS, JavaScript, REST APIs",Pending
132,1,396,38.88,20.0,82.6,0.0,68.18,"Git,REST APIs","Data Structures,HTML/CSS,JavaScript,PostgreSQL","Weighted score 38.88: skills 20.0 (x0.4), academics 82.6 (x0.25), projects 0.0 (x0.2), readiness 68.18 (x0.15).",Git (proficiency 3/5); REST APIs (proficiency 5/5),"Missing: Data Structures, HTML/CSS, JavaScript, PostgreSQL",Pending
133,1,397,40.2,23.33,81.7,0.0,69.65,JavaScript,"Data Structures,Git,HTML/CSS,PostgreSQL,REST APIs","Weighted score 40.2: skills 23.33 (x0.4), academics 81.7 (x0.25), projects 0.0 (x0.2), readiness 69.65 (x0.15).",JavaScript (proficiency 3/5),"Missing: Data Structures, Git, HTML/CSS, PostgreSQL, REST APIs",Pending
134,1,398,43.33,33.33,80.3,0.0,66.15,"Git,PostgreSQL","Data Structures,HTML/CSS,JavaScript,REST APIs","Weighted score 43.33: skills 33.33 (x0.4), academics 80.3 (x0.25), projects 0.0 (x0.2), readiness 66.15 (x0.15).",Git (proficiency 2/5); PostgreSQL (proficiency 4/5),"Missing: Data Structures, HTML/CSS, JavaScript, REST APIs",Pending
135,1,404,27.86,0.0,74.8,0.0,61.07,,"Data Structures,Git,HTML/CSS,JavaScript,PostgreSQL,REST APIs","Weighted score 27.86: skills 0.0 (x0.4), academics 74.8 (x0.25), projects 0.0 (x0.2), readiness 61.07 (x0.15).",No overlapping skills on record,"Missing: Data Structures, Git, HTML/CSS, JavaScript, PostgreSQL, REST APIs",Pending
136,1,405,52.74,20.0,77.6,66.67,80.05,"Data Structures,REST APIs","Git,HTML/CSS,JavaScript,PostgreSQL","Weighted score 52.74: skills 20.0 (x0.4), academics 77.6 (x0.25), projects 66.67 (x0.2), readiness 80.05 (x0.15).",Data Structures (proficiency 4/5); REST APIs (proficiency 3/5),"Missing: Git, HTML/CSS, JavaScript, PostgreSQL",Pending
137,1,406,45.97,33.33,86.8,0.0,72.9,"JavaScript,REST APIs","Data Structures,Git,HTML/CSS,PostgreSQL","Weighted score 45.97: skills 33.33 (x0.4), academics 86.8 (x0.25), projects 0.0 (x0.2), readiness 72.9 (x0.15).",JavaScript (proficiency 5/5); REST APIs (proficiency 3/5),"Missing: Data Structures, Git, HTML/CSS, PostgreSQL",Pending
138,1,407,33.56,10.0,76.5,0.0,69.58,Git,"Data Structures,HTML/CSS,JavaScript,PostgreSQL,REST APIs","Weighted score 33.56: skills 10.0 (x0.4), academics 76.5 (x0.25), projects 0.0 (x0.2), readiness 69.58 (x0.15).",Git (proficiency 2/5),"Missing: Data Structures, HTML/CSS, JavaScript, PostgreSQL, REST APIs",Pending
139,1,409,42.21,23.33,86.2,0.0,75.5,JavaScript,"Data Structures,Git,HTML/CSS,PostgreSQL,REST APIs","Weighted score 42.21: skills 23.33 (x0.4), academics 86.2 (x0.25), projects 0.0 (x0.2), readiness 75.5 (x0.15).",JavaScript (proficiency 5/5),"Missing: Data Structures, Git, HTML/CSS, PostgreSQL, REST APIs",Pending
140,1,411,38.08,10.0,86.1,0.0,83.72,Data Structures,"Git,HTML/CSS,JavaScript,PostgreSQL,REST APIs","Weighted score 38.08: skills 10.0 (x0.4), academics 86.1 (x0.25), projects 0.0 (x0.2), readiness 83.72 (x0.15).",Data Structures (proficiency 4/5),"Missing: Git, HTML/CSS, JavaScript, PostgreSQL, REST APIs",Pending
141,1,416,40.84,0.0,92.3,33.33,73.98,,"Data Structures,Git,HTML/CSS,JavaScript,PostgreSQL,REST APIs","Weighted score 40.84: skills 0.0 (x0.4), academics 92.3 (x0.25), projects 33.33 (x0.2), readiness 73.98 (x0.15).",No overlapping skills on record,"Missing: Data Structures, Git, HTML/CSS, JavaScript, PostgreSQL, REST APIs",Pending
142,1,421,40.38,10.0,94.5,0.0,85.0,Git,"Data Structures,HTML/CSS,JavaScript,PostgreSQL,REST APIs","Weighted score 40.38: skills 10.0 (x0.4), academics 94.5 (x0.25), projects 0.0 (x0.2), readiness 85.0 (x0.15).",Git (proficiency 3/5),"Missing: Data Structures, HTML/CSS, JavaScript, PostgreSQL, REST APIs",Pending
143,1,423,33.76,10.0,75.1,0.0,73.22,REST APIs,"Data Structures,Git,HTML/CSS,JavaScript,PostgreSQL","Weighted score 33.76: skills 10.0 (x0.4), academics 75.1 (x0.25), projects 0.0 (x0.2), readiness 73.22 (x0.15).",REST APIs (proficiency 3/5),"Missing: Data Structures, Git, HTML/CSS, JavaScript, PostgreSQL",Pending
144,1,427,36.48,10.0,83.9,0.0,76.7,REST APIs,"Data Structures,Git,HTML/CSS,JavaScript,PostgreSQL","Weighted score 36.48: skills 10.0 (x0.4), academics 83.9 (x0.25), projects 0.0 (x0.2), readiness 76.7 (x0.15).",REST APIs (proficiency 3/5),"Missing: Data Structures, Git, HTML/CSS, JavaScript, PostgreSQL",Pending
145,1,430,30.33,0.0,76.6,0.0,74.55,,"Data Structures,Git,HTML/CSS,JavaScript,PostgreSQL,REST APIs","Weighted score 30.33: skills 0.0 (x0.4), academics 76.6 (x0.25), projects 0.0 (x0.2), readiness 74.55 (x0.15).",No overlapping skills on record,"Missing: Data Structures, Git, HTML/CSS, JavaScript, PostgreSQL, REST APIs",Pending
146,1,432,44.89,33.33,85.1,0.0,68.55,"PostgreSQL,REST APIs","Data Structures,Git,HTML/CSS,JavaScript","Weighted score 44.89: skills 33.33 (x0.4), academics 85.1 (x0.25), projects 0.0 (x0.2), readiness 68.55 (x0.15).",PostgreSQL (proficiency 1/5); REST APIs (proficiency 5/5),"Missing: Data Structures, Git, HTML/CSS, JavaScript",Pending
147,1,439,54.95,56.67,82.3,0.0,78.03,"HTML/CSS,JavaScript,REST APIs","Data Structures,Git,PostgreSQL","Weighted score 54.95: skills 56.67 (x0.4), academics 82.3 (x0.25), projects 0.0 (x0.2), readiness 78.03 (x0.15).",HTML/CSS (proficiency 3/5); JavaScript (proficiency 5/5); REST APIs (proficiency 5/5),"Missing: Data Structures, Git, PostgreSQL",Pending
148,1,440,40.08,20.0,87.1,0.0,68.68,"Data Structures,REST APIs","Git,HTML/CSS,JavaScript,PostgreSQL","Weighted score 40.08: skills 20.0 (x0.4), academics 87.1 (x0.25), projects 0.0 (x0.2), readiness 68.68 (x0.15).",Data Structures (proficiency 3/5); REST APIs (proficiency 5/5),"Missing: Git, HTML/CSS, JavaScript, PostgreSQL",Pending
149,1,441,45.15,23.33,94.3,0.0,81.65,JavaScript,"Data Structures,Git,HTML/CSS,PostgreSQL,REST APIs","Weighted score 45.15: skills 23.33 (x0.4), academics 94.3 (x0.25), projects 0.0 (x0.2), readiness 81.65 (x0.15).",JavaScript (proficiency 4/5),"Missing: Data Structures, Git, HTML/CSS, PostgreSQL, REST APIs",Pending
150,1,445,64.44,23.33,95.5,100.0,74.92,JavaScript,"Data Structures,Git,HTML/CSS,PostgreSQL,REST APIs","Weighted score 64.44: skills 23.33 (x0.4), academics 95.5 (x0.25), projects 100.0 (x0.2), readiness 74.92 (x0.15).",JavaScript (proficiency 3/5),"Missing: Data Structures, Git, HTML/CSS, PostgreSQL, REST APIs",Approved
151,1,446,28.86,0.0,73.7,0.0,69.6,,"Data Structures,Git,HTML/CSS,JavaScript,PostgreSQL,REST APIs","Weighted score 28.86: skills 0.0 (x0.4), academics 73.7 (x0.25), projects 0.0 (x0.2), readiness 69.6 (x0.15).",No overlapping skills on record,"Missing: Data Structures, Git, HTML/CSS, JavaScript, PostgreSQL, REST APIs",Pending
152,1,454,60.29,56.67,72.7,50.0,62.98,"Git,HTML/CSS,PostgreSQL","Data Structures,JavaScript,REST APIs","Weighted score 60.29: skills 56.67 (x0.4), academics 72.7 (x0.25), projects 50.0 (x0.2), readiness 62.98 (x0.15).",Git (proficiency 3/5); HTML/CSS (proficiency 1/5); PostgreSQL (proficiency 1/5),"Missing: Data Structures, JavaScript, REST APIs",Approved
153,1,456,37.94,23.33,72.1,0.0,70.55,HTML/CSS,"Data Structures,Git,JavaScript,PostgreSQL,REST APIs","Weighted score 37.94: skills 23.33 (x0.4), academics 72.1 (x0.25), projects 0.0 (x0.2), readiness 70.55 (x0.15).",HTML/CSS (proficiency 3/5),"Missing: Data Structures, Git, JavaScript, PostgreSQL, REST APIs",Pending
154,1,458,56.56,46.67,69.9,50.0,69.45,"HTML/CSS,JavaScript","Data Structures,Git,PostgreSQL,REST APIs","Weighted score 56.56: skills 46.67 (x0.4), academics 69.9 (x0.25), projects 50.0 (x0.2), readiness 69.45 (x0.15).",HTML/CSS (proficiency 4/5); JavaScript (proficiency 3/5),"Missing: Data Structures, Git, PostgreSQL, REST APIs",Pending
155,1,467,41.02,20.0,90.4,0.0,69.45,"Git,REST APIs","Data Structures,HTML/CSS,JavaScript,PostgreSQL","Weighted score 41.02: skills 20.0 (x0.4), academics 90.4 (x0.25), projects 0.0 (x0.2), readiness 69.45 (x0.15).",Git (proficiency 5/5); REST APIs (proficiency 1/5),"Missing: Data Structures, HTML/CSS, JavaScript, PostgreSQL",Pending
156,1,468,27.07,0.0,67.9,0.0,67.28,,"Data Structures,Git,HTML/CSS,JavaScript,PostgreSQL,REST APIs","Weighted score 27.07: skills 0.0 (x0.4), academics 67.9 (x0.25), projects 0.0 (x0.2), readiness 67.28 (x0.15).",No overlapping skills on record,"Missing: Data Structures, Git, HTML/CSS, JavaScript, PostgreSQL, REST APIs",Pending
157,1,470,39.68,10.0,98.6,0.0,73.55,REST APIs,"Data Structures,Git,HTML/CSS,JavaScript,PostgreSQL","Weighted score 39.68: skills 10.0 (x0.4), academics 98.6 (x0.25), projects 0.0 (x0.2), readiness 73.55 (x0.15).",REST APIs (proficiency 4/5),"Missing: Data Structures, Git, HTML/CSS, JavaScript, PostgreSQL",Pending
158,1,473,30.18,0.0,78.1,0.0,71.05,,"Data Structures,Git,HTML/CSS,JavaScript,PostgreSQL,REST APIs","Weighted score 30.18: skills 0.0 (x0.4), academics 78.1 (x0.25), projects 0.0 (x0.2), readiness 71.05 (x0.15).",No overlapping skills on record,"Missing: Data Structures, Git, HTML/CSS, JavaScript, PostgreSQL, REST APIs",Pending
159,1,481,36.82,10.0,89.9,0.0,68.95,Data Structures,"Git,HTML/CSS,JavaScript,PostgreSQL,REST APIs","Weighted score 36.82: skills 10.0 (x0.4), academics 89.9 (x0.25), projects 0.0 (x0.2), readiness 68.95 (x0.15).",Data Structures (proficiency 1/5),"Missing: Git, HTML/CSS, JavaScript, PostgreSQL, REST APIs",Pending
160,1,484,35.85,0.0,97.5,0.0,76.5,,"Data Structures,Git,HTML/CSS,JavaScript,PostgreSQL,REST APIs","Weighted score 35.85: skills 0.0 (x0.4), academics 97.5 (x0.25), projects 0.0 (x0.2), readiness 76.5 (x0.15).",No overlapping skills on record,"Missing: Data Structures, Git, HTML/CSS, JavaScript, PostgreSQL, REST APIs",Pending
161,1,486,42.38,33.33,79.6,0.0,61.0,"Data Structures,HTML/CSS","Git,JavaScript,PostgreSQL,REST APIs","Weighted score 42.38: skills 33.33 (x0.4), academics 79.6 (x0.25), projects 0.0 (x0.2), readiness 61.0 (x0.15).",Data Structures (proficiency 2/5); HTML/CSS (proficiency 2/5),"Missing: Git, JavaScript, PostgreSQL, REST APIs",Pending
162,1,493,47.26,43.33,81.3,0.0,64.03,"Git,HTML/CSS,REST APIs","Data Structures,JavaScript,PostgreSQL","Weighted score 47.26: skills 43.33 (x0.4), academics 81.3 (x0.25), projects 0.0 (x0.2), readiness 64.03 (x0.15).",Git (proficiency 4/5); HTML/CSS (proficiency 2/5); REST APIs (proficiency 2/5),"Missing: Data Structures, JavaScript, PostgreSQL",Pending
163,1,494,54.04,10.0,78.6,100.0,69.3,Git,"Data Structures,HTML/CSS,JavaScript,PostgreSQL,REST APIs","Weighted score 54.04: skills 10.0 (x0.4), academics 78.6 (x0.25), projects 100.0 (x0.2), readiness 69.3 (x0.15).",Git (proficiency 2/5),"Missing: Data Structures, HTML/CSS, JavaScript, PostgreSQL, REST APIs",Pending
164,1,495,39.95,33.33,66.9,0.0,65.95,"Data Structures,HTML/CSS","Git,JavaScript,PostgreSQL,REST APIs","Weighted score 39.95: skills 33.33 (x0.4), academics 66.9 (x0.25), projects 0.0 (x0.2), readiness 65.95 (x0.15).",Data Structures (proficiency 4/5); HTML/CSS (proficiency 2/5),"Missing: Git, JavaScript, PostgreSQL, REST APIs",Pending
165,1,500,48.46,0.0,76.5,100.0,62.25,,"Data Structures,Git,HTML/CSS,JavaScript,PostgreSQL,REST APIs","Weighted score 48.46: skills 0.0 (x0.4), academics 76.5 (x0.25), projects 100.0 (x0.2), readiness 62.25 (x0.15).",No overlapping skills on record,"Missing: Data Structures, Git, HTML/CSS, JavaScript, PostgreSQL, REST APIs",Pending
166,2,1,42.42,30.83,83.8,0.0,60.9,"Django,HTML/CSS","Docker,Machine Learning,Node.js,SQL,Spring Boot","Weighted score 42.42: skills 30.83 (x0.4), academics 83.8 (x0.25), projects 0.0 (x0.2), readiness 60.9 (x0.15).",Django (proficiency 3/5); HTML/CSS (proficiency 1/5),"Missing: Docker, Machine Learning, Node.js, SQL, Spring Boot",Pending
167,2,2,52.85,46.67,88.1,0.0,81.05,"Django,Node.js","Docker,HTML/CSS,Machine Learning,SQL,Spring Boot","Weighted score 52.85: skills 46.67 (x0.4), academics 88.1 (x0.25), projects 0.0 (x0.2), readiness 81.05 (x0.15).",Django (proficiency 5/5); Node.js (proficiency 1/5),"Missing: Docker, HTML/CSS, Machine Learning, SQL, Spring Boot",Pending
168,2,9,37.23,7.5,92.3,0.0,74.35,Docker,"Django,HTML/CSS,Machine Learning,Node.js,SQL,Spring Boot","Weighted score 37.23: skills 7.5 (x0.4), academics 92.3 (x0.25), projects 0.0 (x0.2), readiness 74.35 (x0.15).",Docker (proficiency 1/5),"Missing: Django, HTML/CSS, Machine Learning, Node.js, SQL, Spring Boot",Pending
169,2,16,43.75,23.33,91.2,0.0,77.47,Django,"Docker,HTML/CSS,Machine Learning,Node.js,SQL,Spring Boot","Weighted score 43.75: skills 23.33 (x0.4), academics 91.2 (x0.25), projects 0.0 (x0.2), readiness 77.47 (x0.15).",Django (proficiency 2/5),"Missing: Docker, HTML/CSS, Machine Learning, Node.js, SQL, Spring Boot",Pending
170,2,18,45.58,23.33,94.8,0.0,83.65,Node.js,"Django,Docker,HTML/CSS,Machine Learning,SQL,Spring Boot","Weighted score 45.58: skills 23.33 (x0.4), academics 94.8 (x0.25), projects 0.0 (x0.2), readiness 83.65 (x0.15).",Node.js (proficiency 5/5),"Missing: Django, Docker, HTML/CSS, Machine Learning, SQL, Spring Boot",Pending
171,2,20,34.11,7.5,81.3,0.0,71.9,Docker,"Django,HTML/CSS,Machine Learning,Node.js,SQL,Spring Boot","Weighted score 34.11: skills 7.5 (x0.4), academics 81.3 (x0.25), projects 0.0 (x0.2), readiness 71.9 (x0.15).",Docker (proficiency 2/5),"Missing: Django, HTML/CSS, Machine Learning, Node.js, SQL, Spring Boot",Pending
172,2,29,43.48,30.83,82.0,0.0,71.0,"Docker,Node.js","Django,HTML/CSS,Machine Learning,SQL,Spring Boot","Weighted score 43.48: skills 30.83 (x0.4), academics 82.0 (x0.25), projects 0.0 (x0.2), readiness 71.0 (x0.15).",Docker (proficiency 2/5); Node.js (proficiency 3/5),"Missing: Django, HTML/CSS, Machine Learning, SQL, Spring Boot",Pending
173,2,30,35.1,0.0,92.4,0.0,80.0,,"Django,Docker,HTML/CSS,Machine Learning,Node.js,SQL,Spring Boot","Weighted score 35.1: skills 0.0 (x0.4), academics 92.4 (x0.25), projects 0.0 (x0.2), readiness 80.0 (x0.15).",No overlapping skills on record,"Missing: Django, Docker, HTML/CSS, Machine Learning, Node.js, SQL, Spring Boot",Pending
174,2,41,42.27,23.33,91.3,0.0,67.45,Machine Learning,"Django,Docker,HTML/CSS,Node.js,SQL,Spring Boot","Weighted score 42.27: skills 23.33 (x0.4), academics 91.3 (x0.25), projects 0.0 (x0.2), readiness 67.45 (x0.15).",Machine Learning (proficiency 3/5),"Missing: Django, Docker, HTML/CSS, Node.js, SQL, Spring Boot",Pending
175,2,44,58.04,22.5,93.8,66.67,81.73,"Docker,SQL,Spring Boot","Django,HTML/CSS,Machine Learning,Node.js","Weighted score 58.04: skills 22.5 (x0.4), academics 93.8 (x0.25), projects 66.67 (x0.2), readiness 81.73 (x0.15).",Docker (proficiency 3/5); SQL (proficiency 4/5); Spring Boot (proficiency 2/5),"Missing: Django, HTML/CSS, Machine Learning, Node.js",Approved
176,2,46,48.84,7.5,93.8,50.0,82.57,SQL,"Django,Docker,HTML/CSS,Machine Learning,Node.js,Spring Boot","Weighted score 48.84: skills 7.5 (x0.4), academics 93.8 (x0.25), projects 50.0 (x0.2), readiness 82.57 (x0.15).",SQL (proficiency 3/5),"Missing: Django, Docker, HTML/CSS, Machine Learning, Node.js, Spring Boot",Pending
177,2,53,47.11,23.33,96.4,0.0,91.2,Django,"Docker,HTML/CSS,Machine Learning,Node.js,SQL,Spring Boot","Weighted score 47.11: skills 23.33 (x0.4), academics 96.4 (x0.25), projects 0.0 (x0.2), readiness 91.2 (x0.15).",Django (proficiency 3/5),"Missing: Docker, HTML/CSS, Machine Learning, Node.js, SQL, Spring Boot",Pending
178,2,55,48.94,30.83,97.4,0.0,81.7,"Node.js,SQL","Django,Docker,HTML/CSS,Machine Learning,Spring Boot","Weighted score 48.94: skills 30.83 (x0.4), academics 97.4 (x0.25), projects 0.0 (x0.2), readiness 81.7 (x0.15).",Node.js (proficiency 3/5); SQL (proficiency 5/5),"Missing: Django, Docker, HTML/CSS, Machine Learning, Spring Boot",Pending
179,2,59,38.11,7.5,97.1,0.0,72.22,Spring Boot,"Django,Docker,HTML/CSS,Machine Learning,Node.js,SQL","Weighted score 38.11: skills 7.5 (x0.4), academics 97.1 (x0.25), projects 0.0 (x0.2), readiness 72.22 (x0.15).",Spring Boot (proficiency 5/5),"Missing: Django, Docker, HTML/CSS, Machine Learning, Node.js, SQL",Pending
180,2,71,50.98,46.67,81.2,0.0,80.1,"Machine Learning,Node.js","Django,Docker,HTML/CSS,SQL,Spring Boot","Weighted score 50.98: skills 46.67 (x0.4), academics 81.2 (x0.25), projects 0.0 (x0.2), readiness 80.1 (x0.15).",Machine Learning (proficiency 5/5); Node.js (proficiency 2/5),"Missing: Django, Docker, HTML/CSS, SQL, Spring Boot",Pending
181,2,79,45.32,30.83,90.8,0.0,68.6,"Docker,Machine Learning","Django,HTML/CSS,Node.js,SQL,Spring Boot","Weighted score 45.32: skills 30.83 (x0.4), academics 90.8 (x0.25), projects 0.0 (x0.2), readiness 68.6 (x0.15).",Docker (proficiency 5/5); Machine Learning (proficiency 2/5),"Missing: Django, HTML/CSS, Node.js, SQL, Spring Boot",Pending
182,2,88,57.82,30.83,84.9,66.67,72.85,"Docker,Node.js","Django,HTML/CSS,Machine Learning,SQL,Spring Boot","Weighted score 57.82: skills 30.83 (x0.4), academics 84.9 (x0.25), projects 66.67 (x0.2), readiness 72.85 (x0.15).",Docker (proficiency 1/5); Node.js (proficiency 2/5),"Missing: Django, HTML/CSS, Machine Learning, SQL, Spring Boot",Approved
183,2,91,47.56,38.33,82.7,0.0,77.02,"Docker,HTML/CSS,Node.js","Django,Machine Learning,SQL,Spring Boot","Weighted score 47.56: skills 38.33 (x0.4), academics 82.7 (x0.25), projects 0.0 (x0.2), readiness 77.02 (x0.15).",Docker (proficiency 5/5); HTML/CSS (proficiency 1/5); Node.js (proficiency 4/5),"Missing: Django, Machine Learning, SQL, Spring Boot",Pending
184,2,95,38.24,15.0,84.9,0.0,73.45,"Docker,SQL","Django,HTML/CSS,Machine Learning,Node.js,Spring Boot","Weighted score 38.24: skills 15.0 (x0.4), academics 84.9 (x0.25), projects 0.0 (x0.2), readiness 73.45 (x0.15).",Docker (proficiency 2/5); SQL (proficiency 5/5),"Missing: Django, HTML/CSS, Machine Learning, Node.js, Spring Boot",Pending
185,2,104,45.08,23.33,95.8,0.0,78.65,Machine Learning,"Django,Docker,HTML/CSS,Node.js,SQL,Spring Boot","Weighted score 45.08: skills 23.33 (x0.4), academics 95.8 (x0.25), projects 0.0 (x0.2), readiness 78.65 (x0.15).",Machine Learning (proficiency 4/5),"Missing: Django, Docker, HTML/CSS, Node.js, SQL, Spring Boot",Pending
186,2,110,47.37,30.83,92.5,0.0,79.45,"Machine Learning,Spring Boot","Django,Docker,HTML/CSS,Node.js,SQL","Weighted score 47.37: skills 30.83 (x0.4), academics 92.5 (x0.25), projects 0.0 (x0.2), readiness 79.45 (x0.15).",Machine Learning (proficiency 1/5); Spring Boot (proficiency 2/5),"Missing: Django, Docker, HTML/CSS, Node.js, SQL",Pending
187,2,123,57.34,38.33,85.1,50.0,71.55,"Django,Docker,SQL","HTML/CSS,Machine Learning,Node.js,Spring Boot","Weighted score 57.34: skills 38.33 (x0.4), academics 85.1 (x0.25), projects 50.0 (x0.2), readiness 71.55 (x0.15).",Django (proficiency 1/5); Docker (proficiency 2/5); SQL (proficiency 2/5),"Missing: HTML/CSS, Machine Learning, Node.js, Spring Boot",Approved
188,2,124,52.36,0.0,89.5,100.0,66.55,,"Django,Docker,HTML/CSS,Machine Learning,Node.js,SQL,Spring Boot","Weighted score 52.36: skills 0.0 (x0.4), academics 89.5 (x0.25), projects 100.0 (x0.2), readiness 66.55 (x0.15).",No overlapping skills on record,"Missing: Django, Docker, HTML/CSS, Machine Learning, Node.js, SQL, Spring Boot",Pending
189,2,125,43.23,23.33,90.0,0.0,76.0,Machine Learning,"Django,Docker,HTML/CSS,Node.js,SQL,Spring Boot","Weighted score 43.23: skills 23.33 (x0.4), academics 90.0 (x0.25), projects 0.0 (x0.2), readiness 76.0 (x0.15).",Machine Learning (proficiency 4/5),"Missing: Django, Docker, HTML/CSS, Node.js, SQL, Spring Boot",Pending
190,2,134,42.78,30.83,81.7,0.0,66.85,"Django,HTML/CSS","Docker,Machine Learning,Node.js,SQL,Spring Boot","Weighted score 42.78: skills 30.83 (x0.4), academics 81.7 (x0.25), projects 0.0 (x0.2), readiness 66.85 (x0.15).",Django (proficiency 2/5); HTML/CSS (proficiency 5/5),"Missing: Docker, Machine Learning, Node.js, SQL, Spring Boot",Pending
191,2,140,49.18,38.33,87.0,0.0,80.67,"Docker,Node.js,Spring Boot","Django,HTML/CSS,Machine Learning,SQL","Weighted score 49.18: skills 38.33 (x0.4), academics 87.0 (x0.25), projects 0.0 (x0.2), readiness 80.67 (x0.15).",Docker (proficiency 4/5); Node.js (proficiency 4/5); Spring Boot (proficiency 1/5),"Missing: Django, HTML/CSS, Machine Learning, SQL",Pending
192,2,143,37.91,15.0,86.6,0.0,68.42,"HTML/CSS,SQL","Django,Docker,Machine Learning,Node.js,Spring Boot","Weighted score 37.91: skills 15.0 (x0.4), academics 86.6 (x0.25), projects 0.0 (x0.2), readiness 68.42 (x0.15).",HTML/CSS (proficiency 2/5); SQL (proficiency 5/5),"Missing: Django, Docker, Machine Learning, Node.js, Spring Boot",Pending
193,2,151,58.72,53.33,93.8,0.0,92.9,"Docker,HTML/CSS,Node.js,SQL,Spring Boot","Django,Machine Learning","Weighted score 58.72: skills 53.33 (x0.4), academics 93.8 (x0.25), projects 0.0 (x0.2), readiness 92.9 (x0.15).",Docker (proficiency 5/5); HTML/CSS (proficiency 5/5); Node.js (proficiency 5/5); SQL (proficiency 4/5); Spring Boot (proficiency 5/5),"Missing: Django, Machine Learning",Approved
194,2,153,58.73,30.83,97.7,50.0,79.85,"Django,HTML/CSS","Docker,Machine Learning,Node.js,SQL,Spring Boot","Weighted score 58.73: skills 30.83 (x0.4), academics 97.7 (x0.25), projects 50.0 (x0.2), readiness 79.85 (x0.15).",Django (proficiency 3/5); HTML/CSS (proficiency 2/5),"Missing: Docker, Machine Learning, Node.js, SQL, Spring Boot",Approved
195,2,157,36.54,7.5,89.3,0.0,74.77,Docker,"Django,HTML/CSS,Machine Learning,Node.js,SQL,Spring Boot","Weighted score 36.54: skills 7.5 (x0.4), academics 89.3 (x0.25), projects 0.0 (x0.2), readiness 74.77 (x0.15).",Docker (proficiency 3/5),"Missing: Django, HTML/CSS, Machine Learning, Node.js, SQL, Spring Boot",Pending
196,2,159,67.18,38.33,86.0,100.0,69.0,"Node.js,SQL,Spring Boot","Django,Docker,HTML/CSS,Machine Learning","Weighted score 67.18: skills 38.33 (x0.4), academics 86.0 (x0.25), projects 100.0 (x0.2), readiness 69.0 (x0.15).",Node.js (proficiency 4/5); SQL (proficiency 3/5); Spring Boot (proficiency 1/5),"Missing: Django, Docker, HTML/CSS, Machine Learning",Approved
197,2,165,41.93,23.33,86.0,0.0,74.0,Django,"Docker,HTML/CSS,Machine Learning,Node.js,SQL,Spring Boot","Weighted score 41.93: skills 23.33 (x0.4), academics 86.0 (x0.25), projects 0.0 (x0.2), readiness 74.0 (x0.15).",Django (proficiency 1/5),"Missing: Docker, HTML/CSS, Machine Learning, Node.js, SQL, Spring Boot",Pending
198,2,179,45.62,30.83,86.9,0.0,77.12,"Node.js,SQL","Django,Docker,HTML/CSS,Machine Learning,Spring Boot","Weighted score 45.62: skills 30.83 (x0.4), academics 86.9 (x0.25), projects 0.0 (x0.2), readiness 77.12 (x0.15).",Node.js (proficiency 5/5); SQL (proficiency 2/5),"Missing: Django, Docker, HTML/CSS, Machine Learning, Spring Boot",Pending
199,2,191,38.5,15.0,84.3,0.0,76.15,"Docker,SQL","Django,HTML/CSS,Machine Learning,Node.js,Spring Boot","Weighted score 38.5: skills 15.0 (x0.4), academics 84.3 (x0.25), projects 0.0 (x0.2), readiness 76.15 (x0.15).",Docker (proficiency 5/5); SQL (proficiency 5/5),"Missing: Django, HTML/CSS, Machine Learning, Node.js, Spring Boot",Pending
200,2,199,42.16,23.33,86.7,0.0,74.35,Machine Learning,"Django,Docker,HTML/CSS,Node.js,SQL,Spring Boot","Weighted score 42.16: skills 23.33 (x0.4), academics 86.7 (x0.25), projects 0.0 (x0.2), readiness 74.35 (x0.15).",Machine Learning (proficiency 4/5),"Missing: Django, Docker, HTML/CSS, Node.js, SQL, Spring Boot",Pending
201,2,209,62.23,70.0,92.4,0.0,74.2,"Django,Machine Learning,Node.js","Docker,HTML/CSS,SQL,Spring Boot","Weighted score 62.23: skills 70.0 (x0.4), academics 92.4 (x0.25), projects 0.0 (x0.2), readiness 74.2 (x0.15).",Django (proficiency 2/5); Machine Learning (proficiency 2/5); Node.js (proficiency 3/5),"Missing: Docker, HTML/CSS, SQL, Spring Boot",Approved
202,2,211,44.96,23.33,95.7,0.0,78.05,Machine Learning,"Django,Docker,HTML/CSS,Node.js,SQL,Spring Boot","Weighted score 44.96: skills 23.33 (x0.4), academics 95.7 (x0.25), projects 0.0 (x0.2), readiness 78.05 (x0.15).",Machine Learning (proficiency 4/5),"Missing: Django, Docker, HTML/CSS, Node.js, SQL, Spring Boot",Pending
203,2,213,49.67,38.33,89.5,0.0,79.75,"Docker,Node.js,SQL","Django,HTML/CSS,Machine Learning,Spring Boot","Weighted score 49.67: skills 38.33 (x0.4), academics 89.5 (x0.25), projects 0.0 (x0.2), readiness 79.75 (x0.15).",Docker (proficiency 3/5); Node.js (proficiency 1/5); SQL (proficiency 4/5),"Missing: Django, HTML/CSS, Machine Learning, Spring Boot",Pending
204,2,215,42.58,23.33,88.0,0.0,75.0,Machine Learning,"Django,Docker,HTML/CSS,Node.js,SQL,Spring Boot","Weighted score 42.58: skills 23.33 (x0.4), academics 88.0 (x0.25), projects 0.0 (x0.2), readiness 75.0 (x0.15).",Machine Learning (proficiency 2/5),"Missing: Django, Docker, HTML/CSS, Node.js, SQL, Spring Boot",Pending
205,2,228,49.75,7.5,97.7,50.0,82.18,HTML/CSS,"Django,Docker,Machine Learning,Node.js,SQL,Spring Boot","Weighted score 49.75: skills 7.5 (x0.4), academics 97.7 (x0.25), projects 50.0 (x0.2), readiness 82.18 (x0.15).",HTML/CSS (proficiency 5/5),"Missing: Django, Docker, Machine Learning, Node.js, SQL, Spring Boot",Pending
206,2,234,63.63,30.83,83.9,100.0,68.82,"Django,HTML/CSS","Docker,Machine Learning,Node.js,SQL,Spring Boot","Weighted score 63.63: skills 30.83 (x0.4), academics 83.9 (x0.25), projects 100.0 (x0.2), readiness 68.82 (x0.15).",Django (proficiency 3/5); HTML/CSS (proficiency 4/5),"Missing: Docker, Machine Learning, Node.js, SQL, Spring Boot",Approved
207,2,236,67.18,85.0,89.4,0.0,72.2,"Django,Docker,Machine Learning,Node.js,SQL","HTML/CSS,Spring Boot","Weighted score 67.18: skills 85.0 (x0.4), academics 89.4 (x0.25), projects 0.0 (x0.2), readiness 72.2 (x0.15).",Django (proficiency 4/5); Docker (proficiency 2/5); Machine Learning (proficiency 4/5); Node.js (proficiency 2/5); SQL (proficiency 2/5),"Missing: HTML/CSS, Spring Boot",Approved
208,2,239,66.78,30.83,94.0,100.0,73.0,"Django,SQL","Docker,HTML/CSS,Machine Learning,Node.js,Spring Boot","Weighted score 66.78: skills 30.83 (x0.4), academics 94.0 (x0.25), projects 100.0 (x0.2), readiness 73.0 (x0.15).",Django (proficiency 4/5); SQL (proficiency 3/5),"Missing: Docker, HTML/CSS, Machine Learning, Node.js, Spring Boot",Approved
209,2,243,45.57,22.5,95.9,0.0,83.95,"HTML/CSS,SQL,Spring Boot","Django,Docker,Machine Learning,Node.js","Weighted score 45.57: skills 22.5 (x0.4), academics 95.9 (x0.25), projects 0.0 (x0.2), readiness 83.95 (x0.15).",HTML/CSS (proficiency 3/5); SQL (proficiency 2/5); Spring Boot (proficiency 1/5),"Missing: Django, Docker, Machine Learning, Node.js",Pending
210,2,247,47.68,38.33,87.0,0.0,70.67,"Docker,Node.js,Spring Boot","Django,HTML/CSS,Machine Learning,SQL","Weighted score 47.68: skills 38.33 (x0.4), academics 87.0 (x0.25), projects 0.0 (x0.2), readiness 70.67 (x0.15).",Docker (proficiency 2/5); Node.js (proficiency 3/5); Spring Boot (proficiency 1/5),"Missing: Django, HTML/CSS, Machine Learning, SQL",Pending
211,2,269,38.14,15.0,85.5,0.0,71.75,"HTML/CSS,SQL","Django,Docker,Machine Learning,Node.js,Spring Boot","Weighted score 38.14: skills 15.0 (x0.4), academics 85.5 (x0.25), projects 0.0 (x0.2), readiness 71.75 (x0.15).",HTML/CSS (proficiency 2/5); SQL (proficiency 5/5),"Missing: Django, Docker, Machine Learning, Node.js, Spring Boot",Pending
212,2,274,49.3,38.33,93.8,0.0,70.1,"Docker,Node.js,Spring Boot","Django,HTML/CSS,Machine Learning,SQL","Weighted score 49.3: skills 38.33 (x0.4), academics 93.8 (x0.25), projects 0.0 (x0.2), readiness 70.1 (x0.15).",Docker (proficiency 3/5); Node.js (proficiency 3/5); Spring Boot (proficiency 3/5),"Missing: Django, HTML/CSS, Machine Learning, SQL",Pending
213,2,275,63.98,23.33,93.8,100.0,74.65,Machine Learning,"Django,Docker,HTML/CSS,Node.js,SQL,Spring Boot","Weighted score 63.98: skills 23.33 (x0.4), academics 93.8 (x0.25), projects 100.0 (x0.2), readiness 74.65 (x0.15).",Machine Learning (proficiency 4/5),"Missing: Django, Docker, HTML/CSS, Node.js, SQL, Spring Boot",Approved
214,2,278,46.76,30.83,93.0,0.0,74.5,"Django,Spring Boot","Docker,HTML/CSS,Machine Learning,Node.js,SQL","Weighted score 46.76: skills 30.83 (x0.4), academics 93.0 (x0.25), projects 0.0 (x0.2), readiness 74.5 (x0.15).",Django (proficiency 5/5); Spring Boot (proficiency 5/5),"Missing: Docker, HTML/CSS, Machine Learning, Node.js, SQL",Pending
215,2,283,41.57,23.33,89.2,0.0,66.27,Machine Learning,"Django,Docker,HTML/CSS,Node.js,SQL,Spring Boot","Weighted score 41.57: skills 23.33 (x0.4), academics 89.2 (x0.25), projects 0.0 (x0.2), readiness 66.27 (x0.15).",Machine Learning (proficiency 2/5),"Missing: Django, Docker, HTML/CSS, Node.js, SQL, Spring Boot",Pending
216,2,286,44.69,7.5,83.2,50.0,72.6,Docker,"Django,HTML/CSS,Machine Learning,Node.js,SQL,Spring Boot","Weighted score 44.69: skills 7.5 (x0.4), academics 83.2 (x0.25), projects 50.0 (x0.2), readiness 72.6 (x0.15).",Docker (proficiency 2/5),"Missing: Django, HTML/CSS, Machine Learning, Node.js, SQL, Spring Boot",Pending
217,2,291,56.45,38.33,91.4,33.33,77.32,"Docker,Node.js,Spring Boot","Django,HTML/CSS,Machine Learning,SQL","Weighted score 56.45: skills 38.33 (x0.4), academics 91.4 (x0.25), projects 33.33 (x0.2), readiness 77.32 (x0.15).",Docker (proficiency 2/5); Node.js (proficiency 2/5); Spring Boot (proficiency 2/5),"Missing: Django, HTML/CSS, Machine Learning, SQL",Approved
218,2,294,39.27,7.5,99.6,0.0,75.8,HTML/CSS,"Django,Docker,Machine Learning,Node.js,SQL,Spring Boot","Weighted score 39.27: skills 7.5 (x0.4), academics 99.6 (x0.25), projects 0.0 (x0.2), readiness 75.8 (x0.15).",HTML/CSS (proficiency 5/5),"Missing: Django, Docker, Machine Learning, Node.js, SQL, Spring Boot",Pending
219,2,295,35.72,0.0,96.3,0.0,77.65,,"Django,Docker,HTML/CSS,Machine Learning,Node.js,SQL,Spring Boot","Weighted score 35.72: skills 0.0 (x0.4), academics 96.3 (x0.25), projects 0.0 (x0.2), readiness 77.65 (x0.15).",No overlapping skills on record,"Missing: Django, Docker, HTML/CSS, Machine Learning, Node.js, SQL, Spring Boot",Pending
220,2,296,46.69,30.83,90.5,0.0,78.25,"Node.js,SQL","Django,Docker,HTML/CSS,Machine Learning,Spring Boot","Weighted score 46.69: skills 30.83 (x0.4), academics 90.5 (x0.25), projects 0.0 (x0.2), readiness 78.25 (x0.15).",Node.js (proficiency 5/5); SQL (proficiency 5/5),"Missing: Django, Docker, HTML/CSS, Machine Learning, Spring Boot",Pending
221,2,298,48.25,38.33,82.1,0.0,82.65,"HTML/CSS,Machine Learning,SQL","Django,Docker,Node.js,Spring Boot","Weighted score 48.25: skills 38.33 (x0.4), academics 82.1 (x0.25), projects 0.0 (x0.2), readiness 82.65 (x0.15).",HTML/CSS (proficiency 5/5); Machine Learning (proficiency 2/5); SQL (proficiency 4/5),"Missing: Django, Docker, Node.js, Spring Boot",Pending
222,2,301,32.35,0.0,84.0,0.0,75.67,,"Django,Docker,HTML/CSS,Machine Learning,Node.js,SQL,Spring Boot","Weighted score 32.35: skills 0.0 (x0.4), academics 84.0 (x0.25), projects 0.0 (x0.2), readiness 75.67 (x0.15).",No overlapping skills on record,"Missing: Django, Docker, HTML/CSS, Machine Learning, Node.js, SQL, Spring Boot",Pending
223,2,315,32.58,0.0,87.0,0.0,72.17,,"Django,Docker,HTML/CSS,Machine Learning,Node.js,SQL,Spring Boot","Weighted score 32.58: skills 0.0 (x0.4), academics 87.0 (x0.25), projects 0.0 (x0.2), readiness 72.17 (x0.15).",No overlapping skills on record,"Missing: Django, Docker, HTML/CSS, Machine Learning, Node.js, SQL, Spring Boot",Pending
224,2,321,43.4,23.33,92.3,0.0,73.32,Node.js,"Django,Docker,HTML/CSS,Machine Learning,SQL,Spring Boot","Weighted score 43.4: skills 23.33 (x0.4), academics 92.3 (x0.25), projects 0.0 (x0.2), readiness 73.32 (x0.15).",Node.js (proficiency 5/5),"Missing: Django, Docker, HTML/CSS, Machine Learning, SQL, Spring Boot",Pending
225,2,324,42.25,22.5,89.9,0.0,71.82,"HTML/CSS,SQL,Spring Boot","Django,Docker,Machine Learning,Node.js","Weighted score 42.25: skills 22.5 (x0.4), academics 89.9 (x0.25), projects 0.0 (x0.2), readiness 71.82 (x0.15).",HTML/CSS (proficiency 4/5); SQL (proficiency 4/5); Spring Boot (proficiency 1/5),"Missing: Django, Docker, Machine Learning, Node.js",Pending
226,2,325,40.87,23.33,83.8,0.0,70.57,Django,"Docker,HTML/CSS,Machine Learning,Node.js,SQL,Spring Boot","Weighted score 40.87: skills 23.33 (x0.4), academics 83.8 (x0.25), projects 0.0 (x0.2), readiness 70.57 (x0.15).",Django (proficiency 4/5),"Missing: Docker, HTML/CSS, Machine Learning, Node.js, SQL, Spring Boot",Pending
227,2,327,35.72,7.5,87.3,0.0,72.65,Docker,"Django,HTML/CSS,Machine Learning,Node.js,SQL,Spring Boot","Weighted score 35.72: skills 7.5 (x0.4), academics 87.3 (x0.25), projects 0.0 (x0.2), readiness 72.65 (x0.15).",Docker (proficiency 1/5),"Missing: Django, HTML/CSS, Machine Learning, Node.js, SQL, Spring Boot",Pending
228,2,331,52.34,0.0,99.1,66.67,94.88,,"Django,Docker,HTML/CSS,Machine Learning,Node.js,SQL,Spring Boot","Weighted score 52.34: skills 0.0 (x0.4), academics 99.1 (x0.25), projects 66.67 (x0.2), readiness 94.88 (x0.15).",No overlapping skills on record,"Missing: Django, Docker, HTML/CSS, Machine Learning, Node.js, SQL, Spring Boot",Pending
229,2,333,46.54,30.83,88.1,0.0,81.22,"Machine Learning,Spring Boot","Django,Docker,HTML/CSS,Node.js,SQL","Weighted score 46.54: skills 30.83 (x0.4), academics 88.1 (x0.25), projects 0.0 (x0.2), readiness 81.22 (x0.15).",Machine Learning (proficiency 1/5); Spring Boot (proficiency 5/5),"Missing: Django, Docker, HTML/CSS, Node.js, SQL",Pending
230,2,336,45.18,23.33,97.5,0.0,76.5,Node.js,"Django,Docker,HTML/CSS,Machine Learning,SQL,Spring Boot","Weighted score 45.18: skills 23.33 (x0.4), academics 97.5 (x0.25), projects 0.0 (x0.2), readiness 76.5 (x0.15).",Node.js (proficiency 2/5),"Missing: Django, Docker, HTML/CSS, Machine Learning, SQL, Spring Boot",Pending
231,2,337,39.11,7.5,94.9,0.0,82.58,Spring Boot,"Django,Docker,HTML/CSS,Machine Learning,Node.js,SQL","Weighted score 39.11: skills 7.5 (x0.4), academics 94.9 (x0.25), projects 0.0 (x0.2), readiness 82.58 (x0.15).",Spring Boot (proficiency 2/5),"Missing: Django, Docker, HTML/CSS, Machine Learning, Node.js, SQL",Pending
232,2,338,39.7,15.0,91.7,0.0,71.85,"SQL,Spring Boot","Django,Docker,HTML/CSS,Machine Learning,Node.js","Weighted score 39.7: skills 15.0 (x0.4), academics 91.7 (x0.25), projects 0.0 (x0.2), readiness 71.85 (x0.15).",SQL (proficiency 5/5); Spring Boot (proficiency 2/5),"Missing: Django, Docker, HTML/CSS, Machine Learning, Node.js",Pending
233,2,341,47.7,7.5,98.0,33.33,90.25,Docker,"Django,HTML/CSS,Machine Learning,Node.js,SQL,Spring Boot","Weighted score 47.7: skills 7.5 (x0.4), academics 98.0 (x0.25), projects 33.33 (x0.2), readiness 90.25 (x0.15).",Docker (proficiency 5/5),"Missing: Django, HTML/CSS, Machine Learning, Node.js, SQL, Spring Boot",Pending
234,2,352,39.67,15.0,89.3,0.0,75.65,"Docker,HTML/CSS","Django,Machine Learning,Node.js,SQL,Spring Boot","Weighted score 39.67: skills 15.0 (x0.4), academics 89.3 (x0.25), projects 0.0 (x0.2), readiness 75.65 (x0.15).",Docker (proficiency 1/5); HTML/CSS (proficiency 3/5),"Missing: Django, Machine Learning, Node.js, SQL, Spring Boot",Pending
235,2,353,41.16,22.5,84.2,0.0,74.1,"Docker,HTML/CSS,Spring Boot","Django,Machine Learning,Node.js,SQL","Weighted score 41.16: skills 22.5 (x0.4), academics 84.2 (x0.25), projects 0.0 (x0.2), readiness 74.1 (x0.15).",Docker (proficiency 1/5); HTML/CSS (proficiency 2/5); Spring Boot (proficiency 4/5),"Missing: Django, Machine Learning, Node.js, SQL",Pending
236,2,356,45.7,23.33,99.9,0.0,75.95,Django,"Docker,HTML/CSS,Machine Learning,Node.js,SQL,Spring Boot","Weighted score 45.7: skills 23.33 (x0.4), academics 99.9 (x0.25), projects 0.0 (x0.2), readiness 75.95 (x0.15).",Django (proficiency 2/5),"Missing: Docker, HTML/CSS, Machine Learning, Node.js, SQL, Spring Boot",Pending
237,2,357,37.8,0.0,95.4,0.0,93.03,,"Django,Docker,HTML/CSS,Machine Learning,Node.js,SQL,Spring Boot","Weighted score 37.8: skills 0.0 (x0.4), academics 95.4 (x0.25), projects 0.0 (x0.2), readiness 93.03 (x0.15).",No overlapping skills on record,"Missing: Django, Docker, HTML/CSS, Machine Learning, Node.js, SQL, Spring Boot",Pending
238,2,360,36.51,7.5,86.5,0.0,79.25,Spring Boot,"Django,Docker,HTML/CSS,Machine Learning,Node.js,SQL","Weighted score 36.51: skills 7.5 (x0.4), academics 86.5 (x0.25), projects 0.0 (x0.2), readiness 79.25 (x0.15).",Spring Boot (proficiency 1/5),"Missing: Django, Docker, HTML/CSS, Machine Learning, Node.js, SQL",Pending
239,2,367,65.57,54.17,89.6,50.0,76.68,"Django,HTML/CSS,Machine Learning","Docker,Node.js,SQL,Spring Boot","Weighted score 65.57: skills 54.17 (x0.4), academics 89.6 (x0.25), projects 50.0 (x0.2), readiness 76.68 (x0.15).",Django (proficiency 5/5); HTML/CSS (proficiency 2/5); Machine Learning (proficiency 5/5),"Missing: Docker, Node.js, SQL, Spring Boot",Approved
240,2,377,53.32,23.33,91.2,50.0,74.6,Django,"Docker,HTML/CSS,Machine Learning,Node.js,SQL,Spring Boot","Weighted score 53.32: skills 23.33 (x0.4), academics 91.2 (x0.25), projects 50.0 (x0.2), readiness 74.6 (x0.15).",Django (proficiency 2/5),"Missing: Docker, HTML/CSS, Machine Learning, Node.js, SQL, Spring Boot",Pending
241,2,391,39.48,15.0,89.4,0.0,74.2,"HTML/CSS,Spring Boot","Django,Docker,Machine Learning,Node.js,SQL","Weighted score 39.48: skills 15.0 (x0.4), academics 89.4 (x0.25), projects 0.0 (x0.2), readiness 74.2 (x0.15).",HTML/CSS (proficiency 3/5); Spring Boot (proficiency 5/5),"Missing: Django, Docker, Machine Learning, Node.js, SQL",Pending
242,2,396,36.88,15.0,82.6,0.0,68.18,"SQL,Spring Boot","Django,Docker,HTML/CSS,Machine Learning,Node.js","Weighted score 36.88: skills 15.0 (x0.4), academics 82.6 (x0.25), projects 0.0 (x0.2), readiness 68.18 (x0.15).",SQL (proficiency 4/5); Spring Boot (proficiency 4/5),"Missing: Django, Docker, HTML/CSS, Machine Learning, Node.js",Pending
243,2,397,30.87,0.0,81.7,0.0,69.65,,"Django,Docker,HTML/CSS,Machine Learning,Node.js,SQL,Spring Boot","Weighted score 30.87: skills 0.0 (x0.4), academics 81.7 (x0.25), projects 0.0 (x0.2), readiness 69.65 (x0.15).",No overlapping skills on record,"Missing: Django, Docker, HTML/CSS, Machine Learning, Node.js, SQL, Spring Boot",Pending
244,2,400,32.12,0.0,83.3,0.0,75.32,,"Django,Docker,HTML/CSS,Machine Learning,Node.js,SQL,Spring Boot","Weighted score 32.12: skills 0.0 (x0.4), academics 83.3 (x0.25), projects 0.0 (x0.2), readiness 75.32 (x0.15).",No overlapping skills on record,"Missing: Django, Docker, HTML/CSS, Machine Learning, Node.js, SQL, Spring Boot",Pending
245,2,406,44.97,30.83,86.8,0.0,72.9,"Machine Learning,SQL","Django,Docker,HTML/CSS,Node.js,Spring Boot","Weighted score 44.97: skills 30.83 (x0.4), academics 86.8 (x0.25), projects 0.0 (x0.2), readiness 72.9 (x0.15).",Machine Learning (proficiency 5/5); SQL (proficiency 2/5),"Missing: Django, Docker, HTML/CSS, Node.js, Spring Boot",Pending
246,2,409,51.54,46.67,86.2,0.0,75.5,"Django,Node.js","Docker,HTML/CSS,Machine Learning,SQL,Spring Boot","Weighted score 51.54: skills 46.67 (x0.4), academics 86.2 (x0.25), projects 0.0 (x0.2), readiness 75.5 (x0.15).",Django (proficiency 5/5); Node.js (proficiency 3/5),"Missing: Docker, HTML/CSS, Machine Learning, SQL, Spring Boot",Pending
247,2,414,41.82,23.33,91.2,0.0,64.6,Node.js,"Django,Docker,HTML/CSS,Machine Learning,SQL,Spring Boot","Weighted score 41.82: skills 23.33 (x0.4), academics 91.2 (x0.25), projects 0.0 (x0.2), readiness 64.6 (x0.15).",Node.js (proficiency 2/5),"Missing: Django, Docker, HTML/CSS, Machine Learning, SQL, Spring Boot",Pending
248,2,416,56.17,38.33,92.3,33.33,73.98,"Django,SQL,Spring Boot","Docker,HTML/CSS,Machine Learning,Node.js","Weighted score 56.17: skills 38.33 (x0.4), academics 92.3 (x0.25), projects 33.33 (x0.2), readiness 73.98 (x0.15).",Django (proficiency 4/5); SQL (proficiency 1/5); Spring Boot (proficiency 3/5),"Missing: Docker, HTML/CSS, Machine Learning, Node.js",Pending
249,2,418,58.78,30.83,95.7,50.0,83.52,"Machine Learning,Spring Boot","Django,Docker,HTML/CSS,Node.js,SQL","Weighted score 58.78: skills 30.83 (x0.4), academics 95.7 (x0.25), projects 50.0 (x0.2), readiness 83.52 (x0.15).",Machine Learning (proficiency 3/5); Spring Boot (proficiency 3/5),"Missing: Django, Docker, HTML/CSS, Node.js, SQL",Approved
250,2,421,48.71,30.83,94.5,0.0,85.0,"Node.js,SQL","Django,Docker,HTML/CSS,Machine Learning,Spring Boot","Weighted score 48.71: skills 30.83 (x0.4), academics 94.5 (x0.25), projects 0.0 (x0.2), readiness 85.0 (x0.15).",Node.js (proficiency 2/5); SQL (proficiency 4/5),"Missing: Django, Docker, HTML/CSS, Machine Learning, Spring Boot",Pending
251,2,427,44.81,30.83,83.9,0.0,76.7,"Machine Learning,Spring Boot","Django,Docker,HTML/CSS,Node.js,SQL","Weighted score 44.81: skills 30.83 (x0.4), academics 83.9 (x0.25), projects 0.0 (x0.2), readiness 76.7 (x0.15).",Machine Learning (proficiency 4/5); Spring Boot (proficiency 5/5),"Missing: Django, Docker, HTML/CSS, Node.js, SQL",Pending
252,2,432,40.89,23.33,85.1,0.0,68.55,Machine Learning,"Django,Docker,HTML/CSS,Node.js,SQL,Spring Boot","Weighted score 40.89: skills 23.33 (x0.4), academics 85.1 (x0.25), projects 0.0 (x0.2), readiness 68.55 (x0.15).",Machine Learning (proficiency 1/5),"Missing: Django, Docker, HTML/CSS, Node.js, SQL, Spring Boot",Pending
253,2,435,46.74,30.83,84.4,0.0,88.7,"Docker,Machine Learning","Django,HTML/CSS,Node.js,SQL,Spring Boot","Weighted score 46.74: skills 30.83 (x0.4), academics 84.4 (x0.25), projects 0.0 (x0.2), readiness 88.7 (x0.15).",Docker (proficiency 4/5); Machine Learning (proficiency 5/5),"Missing: Django, HTML/CSS, Node.js, SQL, Spring Boot",Pending
254,2,437,46.3,0.0,86.1,66.67,76.25,,"Django,Docker,HTML/CSS,Machine Learning,Node.js,SQL,Spring Boot","Weighted score 46.3: skills 0.0 (x0.4), academics 86.1 (x0.25), projects 66.67 (x0.2), readiness 76.25 (x0.15).",No overlapping skills on record,"Missing: Django, Docker, HTML/CSS, Machine Learning, Node.js, SQL, Spring Boot",Pending
255,2,439,38.28,15.0,82.3,0.0,78.03,"Docker,HTML/CSS","Django,Machine Learning,Node.js,SQL,Spring Boot","Weighted score 38.28: skills 15.0 (x0.4), academics 82.3 (x0.25), projects 0.0 (x0.2), readiness 78.03 (x0.15).",Docker (proficiency 2/5); HTML/CSS (proficiency 3/5),"Missing: Django, Machine Learning, Node.js, SQL, Spring Boot",Pending
256,2,445,73.78,46.67,95.5,100.0,74.92,"Django,Machine Learning","Docker,HTML/CSS,Node.js,SQL,Spring Boot","Weighted score 73.78: skills 46.67 (x0.4), academics 95.5 (x0.25), projects 100.0 (x0.2), readiness 74.92 (x0.15).",Django (proficiency 5/5); Machine Learning (proficiency 4/5),"Missing: Docker, HTML/CSS, Node.js, SQL, Spring Boot",Approved
257,2,463,50.46,46.67,81.9,0.0,75.45,"Machine Learning,Node.js","Django,Docker,HTML/CSS,SQL,Spring Boot","Weighted score 50.46: skills 46.67 (x0.4), academics 81.9 (x0.25), projects 0.0 (x0.2), readiness 75.45 (x0.15).",Machine Learning (proficiency 5/5); Node.js (proficiency 2/5),"Missing: Django, Docker, HTML/CSS, SQL, Spring Boot",Pending
258,2,470,54.35,46.67,98.6,0.0,73.55,"Machine Learning,Node.js","Django,Docker,HTML/CSS,SQL,Spring Boot","Weighted score 54.35: skills 46.67 (x0.4), academics 98.6 (x0.25), projects 0.0 (x0.2), readiness 73.55 (x0.15).",Machine Learning (proficiency 1/5); Node.js (proficiency 2/5),"Missing: Django, Docker, HTML/CSS, SQL, Spring Boot",Pending
259,2,472,46.99,30.83,87.6,0.0,85.05,"Node.js,Spring Boot","Django,Docker,HTML/CSS,Machine Learning,SQL","Weighted score 46.99: skills 30.83 (x0.4), academics 87.6 (x0.25), projects 0.0 (x0.2), readiness 85.05 (x0.15).",Node.js (proficiency 5/5); Spring Boot (proficiency 5/5),"Missing: Django, Docker, HTML/CSS, Machine Learning, SQL",Pending
260,3,1,48.75,46.67,83.8,0.0,60.9,"Django,REST APIs","Git,Kubernetes,Spring Boot","Weighted score 48.75: skills 46.67 (x0.4), academics 83.8 (x0.25), projects 0.0 (x0.2), readiness 60.9 (x0.15).",Django (proficiency 3/5); REST APIs (proficiency 3/5),"Missing: Git, Kubernetes, Spring Boot",Pending
261,3,2,43.51,23.33,88.1,0.0,81.05,Django,"Git,Kubernetes,REST APIs,Spring Boot","Weighted score 43.51: skills 23.33 (x0.4), academics 88.1 (x0.25), projects 0.0 (x0.2), readiness 81.05 (x0.15).",Django (proficiency 5/5),"Missing: Git, Kubernetes, REST APIs, Spring Boot",Pending
262,3,4,55.53,38.33,76.3,50.0,74.15,"Kubernetes,Spring Boot","Django,Git,REST APIs","Weighted score 55.53: skills 38.33 (x0.4), academics 76.3 (x0.25), projects 50.0 (x0.2), readiness 74.15 (x0.15).",Kubernetes (proficiency 4/5); Spring Boot (proficiency 3/5),"Missing: Django, Git, REST APIs",Pending
263,3,5,60.29,53.33,75.2,50.0,67.72,"Git,Kubernetes,REST APIs","Django,Spring Boot","Weighted score 60.29: skills 53.33 (x0.4), academics 75.2 (x0.25), projects 50.0 (x0.2), readiness 67.72 (x0.15).",Git (proficiency 5/5); Kubernetes (proficiency 1/5); REST APIs (proficiency 4/5),"Missing: Django, Spring Boot",Pending
264,3,8,43.12,30.0,87.8,0.0,61.15,"Git,Kubernetes","Django,REST APIs,Spring Boot","Weighted score 43.12: skills 30.0 (x0.4), academics 87.8 (x0.25), projects 0.0 (x0.2), readiness 61.15 (x0.15).",Git (proficiency 1/5); Kubernetes (proficiency 4/5),"Missing: Django, REST APIs, Spring Boot",Pending
265,3,9,34.23,0.0,92.3,0.0,74.35,,"Django,Git,Kubernetes,REST APIs,Spring Boot","Weighted score 34.23: skills 0.0 (x0.4), academics 92.3 (x0.25), projects 0.0 (x0.2), readiness 74.35 (x0.15).",No overlapping skills on record,"Missing: Django, Git, Kubernetes, REST APIs, Spring Boot",Pending
266,3,11,50.62,38.33,94.0,0.0,78.6,"Kubernetes,REST APIs","Django,Git,Spring Boot","Weighted score 50.62: skills 38.33 (x0.4), academics 94.0 (x0.25), projects 0.0 (x0.2), readiness 78.6 (x0.15).",Kubernetes (proficiency 3/5); REST APIs (proficiency 4/5),"Missing: Django, Git, Spring Boot",Pending
267,3,13,54.22,53.33,85.8,0.0,76.23,"Git,Kubernetes,Spring Boot","Django,REST APIs","Weighted score 54.22: skills 53.33 (x0.4), academics 85.8 (x0.25), projects 0.0 (x0.2), readiness 76.23 (x0.15).",Git (proficiency 3/5); Kubernetes (proficiency 2/5); Spring Boot (proficiency 5/5),"Missing: Django, REST APIs",Pending
268,3,14,45.96,23.33,66.0,50.0,67.5,Spring Boot,"Django,Git,Kubernetes,REST APIs","Weighted score 45.96: skills 23.33 (x0.4), academics 66.0 (x0.25), projects 50.0 (x0.2), readiness 67.5 (x0.15).",Spring Boot (proficiency 3/5),"Missing: Django, Git, Kubernetes, REST APIs",Pending
269,3,15,36.53,23.33,64.9,0.0,73.12,Django,"Git,Kubernetes,REST APIs,Spring Boot","Weighted score 36.53: skills 23.33 (x0.4), academics 64.9 (x0.25), projects 0.0 (x0.2), readiness 73.12 (x0.15).",Django (proficiency 4/5),"Missing: Git, Kubernetes, REST APIs, Spring Boot",Pending
270,3,16,65.09,76.67,91.2,0.0,77.47,"Django,Git,Kubernetes,REST APIs",Spring Boot,"Weighted score 65.09: skills 76.67 (x0.4), academics 91.2 (x0.25), projects 0.0 (x0.2), readiness 77.47 (x0.15).",Django (proficiency 2/5); Git (proficiency 3/5); Kubernetes (proficiency 4/5); REST APIs (proficiency 1/5),Missing: Spring Boot,Approved
271,3,17,35.16,15.0,76.5,0.0,66.92,Kubernetes,"Django,Git,REST APIs,Spring Boot","Weighted score 35.16: skills 15.0 (x0.4), academics 76.5 (x0.25), projects 0.0 (x0.2), readiness 66.92 (x0.15).",Kubernetes (proficiency 1/5),"Missing: Django, Git, REST APIs, Spring Boot",Pending
272,3,18,36.25,0.0,94.8,0.0,83.65,,"Django,Git,Kubernetes,REST APIs,Spring Boot","Weighted score 36.25: skills 0.0 (x0.4), academics 94.8 (x0.25), projects 0.0 (x0.2), readiness 83.65 (x0.15).",No overlapping skills on record,"Missing: Django, Git, Kubernetes, REST APIs, Spring Boot",Pending
273,3,19,42.26,15.0,88.5,0.0,94.25,Kubernetes,"Django,Git,REST APIs,Spring Boot","Weighted score 42.26: skills 15.0 (x0.4), academics 88.5 (x0.25), projects 0.0 (x0.2), readiness 94.25 (x0.15).",Kubernetes (proficiency 5/5),"Missing: Django, Git, REST APIs, Spring Boot",Pending
274,3,20,37.11,15.0,81.3,0.0,71.9,Git,"Django,Kubernetes,REST APIs,Spring Boot","Weighted score 37.11: skills 15.0 (x0.4), academics 81.3 (x0.25), projects 0.0 (x0.2), readiness 71.9 (x0.15).",Git (proficiency 5/5),"Missing: Django, Kubernetes, REST APIs, Spring Boot",Pending
275,3,21,39.81,23.33,85.0,0.0,61.5,REST APIs,"Django,Git,Kubernetes,Spring Boot","Weighted score 39.81: skills 23.33 (x0.4), academics 85.0 (x0.25), projects 0.0 (x0.2), readiness 61.5 (x0.15).",REST APIs (proficiency 4/5),"Missing: Django, Git, Kubernetes, Spring Boot",Pending
276,3,22,57.01,61.67,85.6,0.0,72.92,"Django,Git,REST APIs","Kubernetes,Spring Boot","Weighted score 57.01: skills 61.67 (x0.4), academics 85.6 (x0.25), projects 0.0 (x0.2), readiness 72.92 (x0.15).",Django (proficiency 3/5); Git (proficiency 4/5); REST APIs (proficiency 3/5),"Missing: Kubernetes, Spring Boot",Pending
277,3,23,28.33,0.0,76.1,0.0,62.05,,"Django,Git,Kubernetes,REST APIs,Spring Boot","Weighted score 28.33: skills 0.0 (x0.4), academics 76.1 (x0.25), projects 0.0 (x0.2), readiness 62.05 (x0.15).",No overlapping skills on record,"Missing: Django, Git, Kubernetes, REST APIs, Spring Boot",Pending
278,3,25,67.13,53.33,68.2,100.0,58.35,"Django,Git,Kubernetes","REST APIs,Spring Boot","Weighted score 67.13: skills 53.33 (x0.4), academics 68.2 (x0.25), projects 100.0 (x0.2), readiness 58.35 (x0.15).",Django (proficiency 3/5); Git (proficiency 1/5); Kubernetes (proficiency 1/5),"Missing: REST APIs, Spring Boot",Approved
279,3,26,43.73,38.33,66.9,0.0,77.85,"Django,Git","Kubernetes,REST APIs,Spring Boot","Weighted score 43.73: skills 38.33 (x0.4), academics 66.9 (x0.25), projects 0.0 (x0.2), readiness 77.85 (x0.15).",Django (proficiency 4/5); Git (proficiency 5/5),"Missing: Kubernetes, REST APIs, Spring Boot",Pending
280,3,27,48.53,15.0,94.2,33.33,82.1,Git,"Django,Kubernetes,REST APIs,Spring Boot","Weighted score 48.53: skills 15.0 (x0.4), academics 94.2 (x0.25), projects 33.33 (x0.2), readiness 82.1 (x0.15).",Git (proficiency 3/5),"Missing: Django, Kubernetes, REST APIs, Spring Boot",Pending
281,3,29,46.48,38.33,82.0,0.0,71.0,"Kubernetes,REST APIs","Django,Git,Spring Boot","Weighted score 46.48: skills 38.33 (x0.4), academics 82.0 (x0.25), projects 0.0 (x0.2), readiness 71.0 (x0.15).",Kubernetes (proficiency 4/5); REST APIs (proficiency 2/5),"Missing: Django, Git, Spring Boot",Pending
282,3,30,41.1,15.0,92.4,0.0,80.0,Git,"Django,Kubernetes,REST APIs,Spring Boot","Weighted score 41.1: skills 15.0 (x0.4), academics 92.4 (x0.25), projects 0.0 (x0.2), readiness 80.0 (x0.15).",Git (proficiency 4/5),"Missing: Django, Kubernetes, REST APIs, Spring Boot",Pending
283,3,31,66.89,76.67,97.6,0.0,78.8,"Git,Kubernetes,REST APIs,Spring Boot",Django,"Weighted score 66.89: skills 76.67 (x0.4), academics 97.6 (x0.25), projects 0.0 (x0.2), readiness 78.8 (x0.15).",Git (proficiency 3/5); Kubernetes (proficiency 5/5); REST APIs (proficiency 1/5); Spring Boot (proficiency 1/5),Missing: Django,Approved
284,3,32,37.38,15.0,79.0,0.0,77.5,Git,"Django,Kubernetes,REST APIs,Spring Boot","Weighted score 37.38: skills 15.0 (x0.4), academics 79.0 (x0.25), projects 0.0 (x0.2), readiness 77.5 (x0.15).",Git (proficiency 1/5),"Missing: Django, Kubernetes, REST APIs, Spring Boot",Pending
285,3,34,48.75,15.0,92.8,33.33,85.9,Git,"Django,Kubernetes,REST APIs,Spring Boot","Weighted score 48.75: skills 15.0 (x0.4), academics 92.8 (x0.25), projects 33.33 (x0.2), readiness 85.9 (x0.15).",Git (proficiency 5/5),"Missing: Django, Kubernetes, REST APIs, Spring Boot",Pending
286,3,35,52.24,23.33,73.0,66.67,75.5,Django,"Git,Kubernetes,REST APIs,Spring Boot","Weighted score 52.24: skills 23.33 (x0.4), academics 73.0 (x0.25), projects 66.67 (x0.2), readiness 75.5 (x0.15).",Django (proficiency 5/5),"Missing: Git, Kubernetes, REST APIs, Spring Boot",Pending
287,3,37,71.42,76.67,79.9,50.0,71.82,"Git,Kubernetes,REST APIs,Spring Boot",Django,"Weighted score 71.42: skills 76.67 (x0.4), academics 79.9 (x0.25), projects 50.0 (x0.2), readiness 71.82 (x0.15).",Git (proficiency 4/5); Kubernetes (proficiency 3/5); REST APIs (proficiency 1/5); Spring Boot (proficiency 4/5),Missing: Django,Approved
288,3,39,45.72,46.67,65.7,0.0,70.85,"Django,REST APIs","Git,Kubernetes,Spring Boot","Weighted score 45.72: skills 46.67 (x0.4), academics 65.7 (x0.25), projects 0.0 (x0.2), readiness 70.85 (x0.15).",Django (proficiency 5/5); REST APIs (proficiency 5/5),"Missing: Git, Kubernetes, Spring Boot",Pending
289,3,40,51.28,38.33,97.1,0.0,77.8,"Git,Spring Boot","Django,Kubernetes,REST APIs","Weighted score 51.28: skills 38.33 (x0.4), academics 97.1 (x0.25), projects 0.0 (x0.2), readiness 77.8 (x0.15).",Git (proficiency 2/5); Spring Boot (proficiency 4/5),"Missing: Django, Kubernetes, REST APIs",Pending
290,3,41,32.94,0.0,91.3,0.0,67.45,,"Django,Git,Kubernetes,REST APIs,Spring Boot","Weighted score 32.94: skills 0.0 (x0.4), academics 91.3 (x0.25), projects 0.0 (x0.2), readiness 67.45 (x0.15).",No overlapping skills on record,"Missing: Django, Git, Kubernetes, REST APIs, Spring Boot",Pending
291,3,42,46.83,46.67,74.1,0.0,64.22,"Django,REST APIs","Git,Kubernetes,Spring Boot","Weighted score 46.83: skills 46.67 (x0.4), academics 74.1 (x0.25), projects 0.0 (x0.2), readiness 64.22 (x0.15).",Django (proficiency 5/5); REST APIs (proficiency 4/5),"Missing: Git, Kubernetes, Spring Boot",Pending
292,3,43,35.47,0.0,99.3,0.0,70.98,,"Django,Git,Kubernetes,REST APIs,Spring Boot","Weighted score 35.47: skills 0.0 (x0.4), academics 99.3 (x0.25), projects 0.0 (x0.2), readiness 70.98 (x0.15).",No overlapping skills on record,"Missing: Django, Git, Kubernetes, REST APIs, Spring Boot",Pending
293,3,44,58.38,23.33,93.8,66.67,81.73,Spring Boot,"Django,Git,Kubernetes,REST APIs","Weighted score 58.38: skills 23.33 (x0.4), academics 93.8 (x0.25), projects 66.67 (x0.2), readiness 81.73 (x0.15).",Spring Boot (proficiency 2/5),"Missing: Django, Git, Kubernetes, REST APIs",Pending
294,3,45,41.98,15.0,74.0,33.33,72.12,Git,"Django,Kubernetes,REST APIs,Spring Boot","Weighted score 41.98: skills 15.0 (x0.4), academics 74.0 (x0.25), projects 33.33 (x0.2), readiness 72.12 (x0.15).",Git (proficiency 1/5),"Missing: Django, Kubernetes, REST APIs, Spring Boot",Pending
295,3,46,45.84,0.0,93.8,50.0,82.57,,"Django,Git,Kubernetes,REST APIs,Spring Boot","Weighted score 45.84: skills 0.0 (x0.4), academics 93.8 (x0.25), projects 50.0 (x0.2), readiness 82.57 (x0.15).",No overlapping skills on record,"Missing: Django, Git, Kubernetes, REST APIs, Spring Boot",Pending
296,3,48,38.87,23.33,72.7,0.0,75.75,Django,"Git,Kubernetes,REST APIs,Spring Boot","Weighted score 38.87: skills 23.33 (x0.4), academics 72.7 (x0.25), projects 0.0 (x0.2), readiness 75.75 (x0.15).",Django (proficiency 4/5),"Missing: Git, Kubernetes, REST APIs, Spring Boot",Pending
297,3,49,45.08,23.33,99.3,0.0,72.85,REST APIs,"Django,Git,Kubernetes,Spring Boot","Weighted score 45.08: skills 23.33 (x0.4), academics 99.3 (x0.25), projects 0.0 (x0.2), readiness 72.85 (x0.15).",REST APIs (proficiency 5/5),"Missing: Django, Git, Kubernetes, Spring Boot",Pending
298,3,57,26.75,0.0,66.7,0.0,67.15,,"Django,Git,Kubernetes,REST APIs,Spring Boot","Weighted score 26.75: skills 0.0 (x0.4), academics 66.7 (x0.25), projects 0.0 (x0.2), readiness 67.15 (x0.15).",No overlapping skills on record,"Missing: Django, Git, Kubernetes, REST APIs, Spring Boot",Pending
299,3,59,44.44,23.33,97.1,0.0,72.22,Spring Boot,"Django,Git,Kubernetes,REST APIs","Weighted score 44.44: skills 23.33 (x0.4), academics 97.1 (x0.25), projects 0.0 (x0.2), readiness 72.22 (x0.15).",Spring Boot (proficiency 5/5),"Missing: Django, Git, Kubernetes, REST APIs",Pending
300,3,61,39.0,15.0,90.6,0.0,68.97,Kubernetes,"Django,Git,REST APIs,Spring Boot","Weighted score 39.0: skills 15.0 (x0.4), academics 90.6 (x0.25), projects 0.0 (x0.2), readiness 68.97 (x0.15).",Kubernetes (proficiency 3/5),"Missing: Django, Git, REST APIs, Spring Boot",Pending
301,3,62,33.86,0.0,88.5,0.0,78.25,,"Django,Git,Kubernetes,REST APIs,Spring Boot","Weighted score 33.86: skills 0.0 (x0.4), academics 88.5 (x0.25), projects 0.0 (x0.2), readiness 78.25 (x0.15).",No overlapping skills on record,"Missing: Django, Git, Kubernetes, REST APIs, Spring Boot",Pending
302,3,63,45.37,15.0,85.1,33.33,76.22,Git,"Django,Kubernetes,REST APIs,Spring Boot","Weighted score 45.37: skills 15.0 (x0.4), academics 85.1 (x0.25), projects 33.33 (x0.2), readiness 76.22 (x0.15).",Git (proficiency 2/5),"Missing: Django, Kubernetes, REST APIs, Spring Boot",Pending
303,3,65,35.74,0.0,67.3,50.0,59.4,,"Django,Git,Kubernetes,REST APIs,Spring Boot","Weighted score 35.74: skills 0.0 (x0.4), academics 67.3 (x0.25), projects 50.0 (x0.2), readiness 59.4 (x0.15).",No overlapping skills on record,"Missing: Django, Git, Kubernetes, REST APIs, Spring Boot",Pending
304,3,66,65.13,85.0,83.5,0.0,68.38,"Django,Kubernetes,REST APIs,Spring Boot",Git,"Weighted score 65.13: skills 85.0 (x0.4), academics 83.5 (x0.25), projects 0.0 (x0.2), readiness 68.38 (x0.15).",Django (proficiency 1/5); Kubernetes (proficiency 5/5); REST APIs (proficiency 4/5); Spring Boot (proficiency 1/5),Missing: Git,Approved
305,3,68,49.1,38.33,70.0,33.33,64.0,"Git,Spring Boot","Django,Kubernetes,REST APIs","Weighted score 49.1: skills 38.33 (x0.4), academics 70.0 (x0.25), projects 33.33 (x0.2), readiness 64.0 (x0.15).",Git (proficiency 2/5); Spring Boot (proficiency 2/5),"Missing: Django, Kubernetes, REST APIs",Pending
306,3,70,31.2,0.0,86.7,0.0,63.52,,"Django,Git,Kubernetes,REST APIs,Spring Boot","Weighted score 31.2: skills 0.0 (x0.4), academics 86.7 (x0.25), projects 0.0 (x0.2), readiness 63.52 (x0.15).",No overlapping skills on record,"Missing: Django, Git, Kubernetes, REST APIs, Spring Boot",Pending
307,3,71,32.32,0.0,81.2,0.0,80.1,,"Django,Git,Kubernetes,REST APIs,Spring Boot","Weighted score 32.32: skills 0.0 (x0.4), academics 81.2 (x0.25), projects 0.0 (x0.2), readiness 80.1 (x0.15).",No overlapping skills on record,"Missing: Django, Git, Kubernetes, REST APIs, Spring Boot",Pending
308,3,72,45.7,15.0,91.5,33.33,67.75,Git,"Django,Kubernetes,REST APIs,Spring Boot","Weighted score 45.7: skills 15.0 (x0.4), academics 91.5 (x0.25), projects 33.33 (x0.2), readiness 67.75 (x0.15).",Git (proficiency 1/5),"Missing: Django, Kubernetes, REST APIs, Spring Boot",Pending
309,3,73,36.02,23.33,66.2,0.0,67.6,Django,"Git,Kubernetes,REST APIs,Spring Boot","Weighted score 36.02: skills 23.33 (x0.4), academics 66.2 (x0.25), projects 0.0 (x0.2), readiness 67.6 (x0.15).",Django (proficiency 5/5),"Missing: Git, Kubernetes, REST APIs, Spring Boot",Pending
310,3,74,38.76,23.33,80.7,0.0,61.68,Django,"Git,Kubernetes,REST APIs,Spring Boot","Weighted score 38.76: skills 23.33 (x0.4), academics 80.7 (x0.25), projects 0.0 (x0.2), readiness 61.68 (x0.15).",Django (proficiency 1/5),"Missing: Git, Kubernetes, REST APIs, Spring Boot",Pending
311,3,75,38.96,15.0,83.5,0.0,80.55,Git,"Django,Kubernetes,REST APIs,Spring Boot","Weighted score 38.96: skills 15.0 (x0.4), academics 83.5 (x0.25), projects 0.0 (x0.2), readiness 80.55 (x0.15).",Git (proficiency 4/5),"Missing: Django, Kubernetes, REST APIs, Spring Boot",Pending
312,3,76,45.74,53.33,61.9,0.0,59.58,"Django,Git,Kubernetes","REST APIs,Spring Boot","Weighted score 45.74: skills 53.33 (x0.4), academics 61.9 (x0.25), projects 0.0 (x0.2), readiness 59.58 (x0.15).",Django (proficiency 5/5); Git (proficiency 4/5); Kubernetes (proficiency 2/5),"Missing: REST APIs, Spring Boot",Pending
313,3,77,34.81,23.33,63.0,0.0,64.83,REST APIs,"Django,Git,Kubernetes,Spring Boot","Weighted score 34.81: skills 23.33 (x0.4), academics 63.0 (x0.25), projects 0.0 (x0.2), readiness 64.83 (x0.15).",REST APIs (proficiency 4/5),"Missing: Django, Git, Kubernetes, Spring Boot",Pending
314,3,78,46.47,0.0,93.6,50.0,87.13,,"Django,Git,Kubernetes,REST APIs,Spring Boot","Weighted score 46.47: skills 0.0 (x0.4), academics 93.6 (x0.25), projects 50.0 (x0.2), readiness 87.13 (x0.15).",No overlapping skills on record,"Missing: Django, Git, Kubernetes, REST APIs, Spring Boot",Pending
315,3,79,32.99,0.0,90.8,0.0,68.6,,"Django,Git,Kubernetes,REST APIs,Spring Boot","Weighted score 32.99: skills 0.0 (x0.4), academics 90.8 (x0.25), projects 0.0 (x0.2), readiness 68.6 (x0.15).",No overlapping skills on record,"Missing: Django, Git, Kubernetes, REST APIs, Spring Boot",Pending
316,3,80,37.52,23.33,65.8,0.0,78.23,REST APIs,"Django,Git,Kubernetes,Spring Boot","Weighted score 37.52: skills 23.33 (x0.4), academics 65.8 (x0.25), projects 0.0 (x0.2), readiness 78.23 (x0.15).",REST APIs (proficiency 5/5),"Missing: Django, Git, Kubernetes, Spring Boot",Pending
317,3,83,43.92,46.67,66.9,0.0,56.82,"Django,Spring Boot","Git,Kubernetes,REST APIs","Weighted score 43.92: skills 46.67 (x0.4), academics 66.9 (x0.25), projects 0.0 (x0.2), readiness 56.82 (x0.15).",Django (proficiency 1/5); Spring Boot (proficiency 4/5),"Missing: Git, Kubernetes, REST APIs",Pending
318,3,84,34.79,0.0,69.1,33.33,72.3,,"Django,Git,Kubernetes,REST APIs,Spring Boot","Weighted score 34.79: skills 0.0 (x0.4), academics 69.1 (x0.25), projects 33.33 (x0.2), readiness 72.3 (x0.15).",No overlapping skills on record,"Missing: Django, Git, Kubernetes, REST APIs, Spring Boot",Pending
319,3,86,36.08,0.0,96.7,0.0,79.35,,"Django,Git,Kubernetes,REST APIs,Spring Boot","Weighted score 36.08: skills 0.0 (x0.4), academics 96.7 (x0.25), projects 0.0 (x0.2), readiness 79.35 (x0.15).",No overlapping skills on record,"Missing: Django, Git, Kubernetes, REST APIs, Spring Boot",Pending
320,3,87,58.29,61.67,63.9,33.33,73.2,"Kubernetes,REST APIs,Spring Boot","Django,Git","Weighted score 58.29: skills 61.67 (x0.4), academics 63.9 (x0.25), projects 33.33 (x0.2), readiness 73.2 (x0.15).",Kubernetes (proficiency 2/5); REST APIs (proficiency 5/5); Spring Boot (proficiency 3/5),"Missing: Django, Git",Pending
321,3,88,45.49,0.0,84.9,66.67,72.85,,"Django,Git,Kubernetes,REST APIs,Spring Boot","Weighted score 45.49: skills 0.0 (x0.4), academics 84.9 (x0.25), projects 66.67 (x0.2), readiness 72.85 (x0.15).",No overlapping skills on record,"Missing: Django, Git, Kubernetes, REST APIs, Spring Boot",Pending
322,3,89,36.56,23.33,73.4,0.0,59.2,Spring Boot,"Django,Git,Kubernetes,REST APIs","Weighted score 36.56: skills 23.33 (x0.4), academics 73.4 (x0.25), projects 0.0 (x0.2), readiness 59.2 (x0.15).",Spring Boot (proficiency 3/5),"Missing: Django, Git, Kubernetes, REST APIs",Pending
323,3,90,30.76,15.0,65.9,0.0,55.2,Git,"Django,Kubernetes,REST APIs,Spring Boot","Weighted score 30.76: skills 15.0 (x0.4), academics 65.9 (x0.25), projects 0.0 (x0.2), readiness 55.2 (x0.15).",Git (proficiency 1/5),"Missing: Django, Kubernetes, REST APIs, Spring Boot",Pending
324,3,91,53.56,53.33,82.7,0.0,77.02,"Git,Kubernetes,REST APIs","Django,Spring Boot","Weighted score 53.56: skills 53.33 (x0.4), academics 82.7 (x0.25), projects 0.0 (x0.2), readiness 77.02 (x0.15).",Git (proficiency 3/5); Kubernetes (proficiency 5/5); REST APIs (proficiency 4/5),"Missing: Django, Spring Boot",Pending
325,3,92,30.41,15.0,60.5,0.0,61.88,Git,"Django,Kubernetes,REST APIs,Spring Boot","Weighted score 30.41: skills 15.0 (x0.4), academics 60.5 (x0.25), projects 0.0 (x0.2), readiness 61.88 (x0.15).",Git (proficiency 1/5),"Missing: Django, Kubernetes, REST APIs, Spring Boot",Pending
326,3,93,63.14,61.67,74.9,50.0,64.95,"Kubernetes,REST APIs,Spring Boot","Django,Git","Weighted score 63.14: skills 61.67 (x0.4), academics 74.9 (x0.25), projects 50.0 (x0.2), readiness 64.95 (x0.15).",Kubernetes (proficiency 2/5); REST APIs (proficiency 1/5); Spring Boot (proficiency 4/5),"Missing: Django, Git",Pending
327,3,94,65.21,38.33,94.2,66.67,86.6,"Kubernetes,Spring Boot","Django,Git,REST APIs","Weighted score 65.21: skills 38.33 (x0.4), academics 94.2 (x0.25), projects 66.67 (x0.2), readiness 86.6 (x0.15).",Kubernetes (proficiency 5/5); Spring Boot (proficiency 3/5),"Missing: Django, Git, REST APIs",Approved
328,3,95,32.24,0.0,84.9,0.0,73.45,,"Django,Git,Kubernetes,REST APIs,Spring Boot","Weighted score 32.24: skills 0.0 (x0.4), academics 84.9 (x0.25), projects 0.0 (x0.2), readiness 73.45 (x0.15).",No overlapping skills on record,"Missing: Django, Git, Kubernetes, REST APIs, Spring Boot",Pending
329,3,96,30.64,15.0,65.1,0.0,55.75,Kubernetes,"Django,Git,REST APIs,Spring Boot","Weighted score 30.64: skills 15.0 (x0.4), academics 65.1 (x0.25), projects 0.0 (x0.2), readiness 55.75 (x0.15).",Kubernetes (proficiency 4/5),"Missing: Django, Git, REST APIs, Spring Boot",Pending
330,3,97,35.6,0.0,72.4,33.33,72.2,,"Django,Git,Kubernetes,REST APIs,Spring Boot","Weighted score 35.6: skills 0.0 (x0.4), academics 72.4 (x0.25), projects 33.33 (x0.2), readiness 72.2 (x0.15).",No overlapping skills on record,"Missing: Django, Git, Kubernetes, REST APIs, Spring Boot",Pending
331,3,98,48.47,23.33,83.3,33.33,77.65,REST APIs,"Django,Git,Kubernetes,Spring Boot","Weighted score 48.47: skills 23.33 (x0.4), academics 83.3 (x0.25), projects 33.33 (x0.2), readiness 77.65 (x0.15).",REST APIs (proficiency 2/5),"Missing: Django, Git, Kubernetes, Spring Boot",Pending
332,3,99,42.1,15.0,66.0,50.0,64.0,Git,"Django,Kubernetes,REST APIs,Spring Boot","Weighted score 42.1: skills 15.0 (x0.4), academics 66.0 (x0.25), projects 50.0 (x0.2), readiness 64.0 (x0.15).",Git (proficiency 5/5),"Missing: Django, Kubernetes, REST APIs, Spring Boot",Pending
333,3,100,33.14,0.0,60.8,33.33,75.15,,"Django,Git,Kubernetes,REST APIs,Spring Boot","Weighted score 33.14: skills 0.0 (x0.4), academics 60.8 (x0.25), projects 33.33 (x0.2), readiness 75.15 (x0.15).",No overlapping skills on record,"Missing: Django, Git, Kubernetes, REST APIs, Spring Boot",Pending
334,3,101,30.41,0.0,72.1,0.0,82.55,,"Django,Git,Kubernetes,REST APIs,Spring Boot","Weighted score 30.41: skills 0.0 (x0.4), academics 72.1 (x0.25), projects 0.0 (x0.2), readiness 82.55 (x0.15).",No overlapping skills on record,"Missing: Django, Git, Kubernetes, REST APIs, Spring Boot",Pending
335,3,102,49.7,23.33,75.9,50.0,75.95,REST APIs,"Django,Git,Kubernetes,Spring Boot","Weighted score 49.7: skills 23.33 (x0.4), academics 75.9 (x0.25), projects 50.0 (x0.2), readiness 75.95 (x0.15).",REST APIs (proficiency 1/5),"Missing: Django, Git, Kubernetes, Spring Boot",Pending
336,3,103,58.08,15.0,89.0,100.0,65.5,Git,"Django,Kubernetes,REST APIs,Spring Boot","Weighted score 58.08: skills 15.0 (x0.4), academics 89.0 (x0.25), projects 100.0 (x0.2), readiness 65.5 (x0.15).",Git (proficiency 4/5),"Missing: Django, Kubernetes, REST APIs, Spring Boot",Pending
337,3,104,35.75,0.0,95.8,0.0,78.65,,"Django,Git,Kubernetes,REST APIs,Spring Boot","Weighted score 35.75: skills 0.0 (x0.4), academics 95.8 (x0.25), projects 0.0 (x0.2), readiness 78.65 (x0.15).",No overlapping skills on record,"Missing: Django, Git, Kubernetes, REST APIs, Spring Boot",Pending
338,3,105,33.82,15.0,71.3,0.0,66.65,Git,"Django,Kubernetes,REST APIs,Spring Boot","Weighted score 33.82: skills 15.0 (x0.4), academics 71.3 (x0.25), projects 0.0 (x0.2), readiness 66.65 (x0.15).",Git (proficiency 4/5),"Missing: Django, Kubernetes, REST APIs, Spring Boot",Pending
339,3,111,44.99,23.33,94.6,0.0,80.05,REST APIs,"Django,Git,Kubernetes,Spring Boot","Weighted score 44.99: skills 23.33 (x0.4), academics 94.6 (x0.25), projects 0.0 (x0.2), readiness 80.05 (x0.15).",REST APIs (proficiency 5/5),"Missing: Django, Git, Kubernetes, Spring Boot",Pending
340,3,112,33.63,15.0,68.4,0.0,70.2,Git,"Django,Kubernetes,REST APIs,Spring Boot","Weighted score 33.63: skills 15.0 (x0.4), academics 68.4 (x0.25), projects 0.0 (x0.2), readiness 70.2 (x0.15).",Git (proficiency 3/5),"Missing: Django, Kubernetes, REST APIs, Spring Boot",Pending
341,3,113,41.65,23.33,79.6,0.0,82.8,REST APIs,"Django,Git,Kubernetes,Spring Boot","Weighted score 41.65: skills 23.33 (x0.4), academics 79.6 (x0.25), projects 0.0 (x0.2), readiness 82.8 (x0.15).",REST APIs (proficiency 3/5),"Missing: Django, Git, Kubernetes, Spring Boot",Pending
342,3,114,47.39,23.33,74.6,50.0,62.7,Spring Boot,"Django,Git,Kubernetes,REST APIs","Weighted score 47.39: skills 23.33 (x0.4), academics 74.6 (x0.25), projects 50.0 (x0.2), readiness 62.7 (x0.15).",Spring Boot (proficiency 4/5),"Missing: Django, Git, Kubernetes, REST APIs",Pending
343,3,115,52.21,61.67,73.2,0.0,61.6,"Django,Kubernetes,Spring Boot","Git,REST APIs","Weighted score 52.21: skills 61.67 (x0.4), academics 73.2 (x0.25), projects 0.0 (x0.2), readiness 61.6 (x0.15).",Django (proficiency 5/5); Kubernetes (proficiency 5/5); Spring Boot (proficiency 2/5),"Missing: Git, REST APIs",Pending
344,3,116,35.49,0.0,71.0,33.33,73.83,,"Django,Git,Kubernetes,REST APIs,Spring Boot","Weighted score 35.49: skills 0.0 (x0.4), academics 71.0 (x0.25), projects 33.33 (x0.2), readiness 73.83 (x0.15).",No overlapping skills on record,"Missing: Django, Git, Kubernetes, REST APIs, Spring Boot",Pending
345,3,118,26.88,0.0,72.1,0.0,59.05,,"Django,Git,Kubernetes,REST APIs,Spring Boot","Weighted score 26.88: skills 0.0 (x0.4), academics 72.1 (x0.25), projects 0.0 (x0.2), readiness 59.05 (x0.15).",No overlapping skills on record,"Missing: Django, Git, Kubernetes, REST APIs, Spring Boot",Pending
346,3,119,35.78,23.33,68.1,0.0,62.85,Django,"Git,Kubernetes,REST APIs,Spring Boot","Weighted score 35.78: skills 23.33 (x0.4), academics 68.1 (x0.25), projects 0.0 (x0.2), readiness 62.85 (x0.15).",Django (proficiency 5/5),"Missing: Git, Kubernetes, REST APIs, Spring Boot",Pending
347,3,120,43.71,38.33,72.2,0.0,68.85,"Kubernetes,REST APIs","Django,Git,Spring Boot","Weighted score 43.71: skills 38.33 (x0.4), academics 72.2 (x0.25), projects 0.0 (x0.2), readiness 68.85 (x0.15).",Kubernetes (proficiency 2/5); REST APIs (proficiency 5/5),"Missing: Django, Git, Spring Boot",Pending
348,3,122,30.96,15.0,64.0,0.0,59.75,Kubernetes,"Django,Git,REST APIs,Spring Boot","Weighted score 30.96: skills 15.0 (x0.4), academics 64.0 (x0.25), projects 0.0 (x0.2), readiness 59.75 (x0.15).",Kubernetes (proficiency 4/5),"Missing: Django, Git, REST APIs, Spring Boot",Pending
349,3,123,60.68,46.67,85.1,50.0,71.55,"Django,REST APIs","Git,Kubernetes,Spring Boot","Weighted score 60.68: skills 46.67 (x0.4), academics 85.1 (x0.25), projects 50.0 (x0.2), readiness 71.55 (x0.15).",Django (proficiency 1/5); REST APIs (proficiency 4/5),"Missing: Git, Kubernetes, Spring Boot",Pending
350,3,124,64.36,30.0,89.5,100.0,66.55,"Git,Kubernetes","Django,REST APIs,Spring Boot","Weighted score 64.36: skills 30.0 (x0.4), academics 89.5 (x0.25), projects 100.0 (x0.2), readiness 66.55 (x0.15).",Git (proficiency 4/5); Kubernetes (proficiency 2/5),"Missing: Django, REST APIs, Spring Boot",Approved
351,3,125,39.9,15.0,90.0,0.0,76.0,Git,"Django,Kubernetes,REST APIs,Spring Boot","Weighted score 39.9: skills 15.0 (x0.4), academics 90.0 (x0.25), projects 0.0 (x0.2), readiness 76.0 (x0.15).",Git (proficiency 2/5),"Missing: Django, Kubernetes, REST APIs, Spring Boot",Pending
352,3,126,53.16,15.0,96.8,50.0,86.4,Kubernetes,"Django,Git,REST APIs,Spring Boot","Weighted score 53.16: skills 15.0 (x0.4), academics 96.8 (x0.25), projects 50.0 (x0.2), readiness 86.4 (x0.15).",Kubernetes (proficiency 4/5),"Missing: Django, Git, REST APIs, Spring Boot",Pending
353,3,128,55.82,23.33,85.8,66.67,78.02,Spring Boot,"Django,Git,Kubernetes,REST APIs","Weighted score 55.82: skills 23.33 (x0.4), academics 85.8 (x0.25), projects 66.67 (x0.2), readiness 78.02 (x0.15).",Spring Boot (proficiency 5/5),"Missing: Django, Git, Kubernetes, REST APIs",Pending
354,3,129,45.8,38.33,80.5,0.0,68.92,"Kubernetes,Spring Boot","Django,Git,REST APIs","Weighted score 45.8: skills 38.33 (x0.4), academics 80.5 (x0.25), projects 0.0 (x0.2), readiness 68.92 (x0.15).",Kubernetes (proficiency 2/5); Spring Boot (proficiency 2/5),"Missing: Django, Git, REST APIs",Pending
355,3,132,46.09,46.67,70.6,0.0,65.13,"Django,REST APIs","Git,Kubernetes,Spring Boot","Weighted score 46.09: skills 46.67 (x0.4), academics 70.6 (x0.25), projects 0.0 (x0.2), readiness 65.13 (x0.15).",Django (proficiency 3/5); REST APIs (proficiency 1/5),"Missing: Git, Kubernetes, Spring Boot",Pending
356,3,133,59.56,38.33,92.4,50.0,74.2,"Kubernetes,Spring Boot","Django,Git,REST APIs","Weighted score 59.56: skills 38.33 (x0.4), academics 92.4 (x0.25), projects 50.0 (x0.2), readiness 74.2 (x0.15).",Kubernetes (proficiency 4/5); Spring Boot (proficiency 2/5),"Missing: Django, Git, REST APIs",Pending
357,3,134,45.78,38.33,81.7,0.0,66.85,"Django,Kubernetes","Git,REST APIs,Spring Boot","Weighted score 45.78: skills 38.33 (x0.4), academics 81.7 (x0.25), projects 0.0 (x0.2), readiness 66.85 (x0.15).",Django (proficiency 2/5); Kubernetes (proficiency 4/5),"Missing: Git, REST APIs, Spring Boot",Pending
358,3,135,35.8,23.33,71.3,0.0,57.65,REST APIs,"Django,Git,Kubernetes,Spring Boot","Weighted score 35.8: skills 23.33 (x0.4), academics 71.3 (x0.25), projects 0.0 (x0.2), readiness 57.65 (x0.15).",REST APIs (proficiency 1/5),"Missing: Django, Git, Kubernetes, Spring Boot",Pending
359,3,136,36.61,23.33,70.1,0.0,65.05,REST APIs,"Django,Git,Kubernetes,Spring Boot","Weighted score 36.61: skills 23.33 (x0.4), academics 70.1 (x0.25), projects 0.0 (x0.2), readiness 65.05 (x0.15).",REST APIs (proficiency 2/5),"Missing: Django, Git, Kubernetes, Spring Boot",Pending
360,3,137,27.32,0.0,71.0,0.0,63.83,,"Django,Git,Kubernetes,REST APIs,Spring Boot","Weighted score 27.32: skills 0.0 (x0.4), academics 71.0 (x0.25), projects 0.0 (x0.2), readiness 63.83 (x0.15).",No overlapping skills on record,"Missing: Django, Git, Kubernetes, REST APIs, Spring Boot",Pending
361,3,138,34.87,23.33,67.4,0.0,57.95,Spring Boot,"Django,Git,Kubernetes,REST APIs","Weighted score 34.87: skills 23.33 (x0.4), academics 67.4 (x0.25), projects 0.0 (x0.2), readiness 57.95 (x0.15).",Spring Boot (proficiency 5/5),"Missing: Django, Git, Kubernetes, REST APIs",Pending
362,3,139,58.32,76.67,73.3,0.0,62.15,"Git,Kubernetes,REST APIs,Spring Boot",Django,"Weighted score 58.32: skills 76.67 (x0.4), academics 73.3 (x0.25), projects 0.0 (x0.2), readiness 62.15 (x0.15).",Git (proficiency 1/5); Kubernetes (proficiency 1/5); REST APIs (proficiency 2/5); Spring Boot (proficiency 1/5),Missing: Django,Pending
363,3,140,58.52,61.67,87.0,0.0,80.67,"Git,REST APIs,Spring Boot","Django,Kubernetes","Weighted score 58.52: skills 61.67 (x0.4), academics 87.0 (x0.25), projects 0.0 (x0.2), readiness 80.67 (x0.15).",Git (proficiency 2/5); REST APIs (proficiency 5/5); Spring Boot (proficiency 1/5),"Missing: Django, Kubernetes",Pending
364,3,141,39.74,30.0,73.2,0.0,62.93,"Git,Kubernetes","Django,REST APIs,Spring Boot","Weighted score 39.74: skills 30.0 (x0.4), academics 73.2 (x0.25), projects 0.0 (x0.2), readiness 62.93 (x0.15).",Git (proficiency 3/5); Kubernetes (proficiency 1/5),"Missing: Django, REST APIs, Spring Boot",Pending
365,3,142,39.08,0.0,79.9,33.33,82.95,,"Django,Git,Kubernetes,REST APIs,Spring Boot","Weighted score 39.08: skills 0.0 (x0.4), academics 79.9 (x0.25), projects 33.33 (x0.2), readiness 82.95 (x0.15).",No overlapping skills on record,"Missing: Django, Git, Kubernetes, REST APIs, Spring Boot",Pending
366,3,143,47.24,38.33,86.6,0.0,68.42,"Kubernetes,REST APIs","Django,Git,Spring Boot","Weighted score 47.24: skills 38.33 (x0.4), academics 86.6 (x0.25), projects 0.0 (x0.2), readiness 68.42 (x0.15).",Kubernetes (proficiency 1/5); REST APIs (proficiency 2/5),"Missing: Django, Git, Spring Boot",Pending
367,3,145,30.75,15.0,64.7,0.0,57.18,Git,"Django,Kubernetes,REST APIs,Spring Boot","Weighted score 30.75: skills 15.0 (x0.4), academics 64.7 (x0.25), projects 0.0 (x0.2), readiness 57.18 (x0.15).",Git (proficiency 4/5),"Missing: Django, Kubernetes, REST APIs, Spring Boot",Pending
368,3,146,37.73,15.0,78.6,0.0,80.55,Kubernetes,"Django,Git,REST APIs,Spring Boot","Weighted score 37.73: skills 15.0 (x0.4), academics 78.6 (x0.25), projects 0.0 (x0.2), readiness 80.55 (x0.15).",Kubernetes (proficiency 5/5),"Missing: Django, Git, REST APIs, Spring Boot",Pending
369,3,147,35.26,15.0,71.2,0.0,76.4,Git,"Django,Kubernetes,REST APIs,Spring Boot","Weighted score 35.26: skills 15.0 (x0.4), academics 71.2 (x0.25), projects 0.0 (x0.2), readiness 76.4 (x0.15).",Git (proficiency 4/5),"Missing: Django, Kubernetes, REST APIs, Spring Boot",Pending
370,3,149,54.08,61.67,79.7,0.0,63.22,"Django,Kubernetes,Spring Boot","Git,REST APIs","Weighted score 54.08: skills 61.67 (x0.4), academics 79.7 (x0.25), projects 0.0 (x0.2), readiness 63.22 (x0.15).",Django (proficiency 1/5); Kubernetes (proficiency 2/5); Spring Boot (proficiency 4/5),"Missing: Git, REST APIs",Pending
371,3,150,35.29,15.0,76.1,0.0,68.42,Git,"Django,Kubernetes,REST APIs,Spring Boot","Weighted score 35.29: skills 15.0 (x0.4), academics 76.1 (x0.25), projects 0.0 (x0.2), readiness 68.42 (x0.15).",Git (proficiency 1/5),"Missing: Django, Kubernetes, REST APIs, Spring Boot",Pending
372,3,151,46.72,23.33,93.8,0.0,92.9,Spring Boot,"Django,Git,Kubernetes,REST APIs","Weighted score 46.72: skills 23.33 (x0.4), academics 93.8 (x0.25), projects 0.0 (x0.2), readiness 92.9 (x0.15).",Spring Boot (proficiency 5/5),"Missing: Django, Git, Kubernetes, REST APIs",Pending
373,3,152,38.78,15.0,81.0,0.0,83.5,Git,"Django,Kubernetes,REST APIs,Spring Boot","Weighted score 38.78: skills 15.0 (x0.4), academics 81.0 (x0.25), projects 0.0 (x0.2), readiness 83.5 (x0.15).",Git (proficiency 3/5),"Missing: Django, Kubernetes, REST APIs, Spring Boot",Pending
374,3,153,55.73,23.33,97.7,50.0,79.85,Django,"Git,Kubernetes,REST APIs,Spring Boot","Weighted score 55.73: skills 23.33 (x0.4), academics 97.7 (x0.25), projects 50.0 (x0.2), readiness 79.85 (x0.15).",Django (proficiency 3/5),"Missing: Git, Kubernetes, REST APIs, Spring Boot",Pending
375,3,154,46.25,23.33,73.7,33.33,78.85,REST APIs,"Django,Git,Kubernetes,Spring Boot","Weighted score 46.25: skills 23.33 (x0.4), academics 73.7 (x0.25), projects 33.33 (x0.2), readiness 78.85 (x0.15).",REST APIs (proficiency 1/5),"Missing: Django, Git, Kubernetes, Spring Boot",Pending
376,3,155,44.21,23.33,64.1,50.0,59.05,Django,"Git,Kubernetes,REST APIs,Spring Boot","Weighted score 44.21: skills 23.33 (x0.4), academics 64.1 (x0.25), projects 50.0 (x0.2), readiness 59.05 (x0.15).",Django (proficiency 3/5),"Missing: Git, Kubernetes, REST APIs, Spring Boot",Pending
377,3,158,30.98,15.0,65.8,0.0,56.9,Git,"Django,Kubernetes,REST APIs,Spring Boot","Weighted score 30.98: skills 15.0 (x0.4), academics 65.8 (x0.25), projects 0.0 (x0.2), readiness 56.9 (x0.15).",Git (proficiency 5/5),"Missing: Django, Kubernetes, REST APIs, Spring Boot",Pending
378,3,159,61.18,23.33,86.0,100.0,69.0,Spring Boot,"Django,Git,Kubernetes,REST APIs","Weighted score 61.18: skills 23.33 (x0.4), academics 86.0 (x0.25), projects 100.0 (x0.2), readiness 69.0 (x0.15).",Spring Boot (proficiency 1/5),"Missing: Django, Git, Kubernetes, REST APIs",Pending
379,3,160,34.23,23.33,63.7,0.0,59.85,Spring Boot,"Django,Git,Kubernetes,REST APIs","Weighted score 34.23: skills 23.33 (x0.4), academics 63.7 (x0.25), projects 0.0 (x0.2), readiness 59.85 (x0.15).",Spring Boot (proficiency 3/5),"Missing: Django, Git, Kubernetes, REST APIs",Pending
380,3,161,34.56,23.33,62.9,0.0,63.32,REST APIs,"Django,Git,Kubernetes,Spring Boot","Weighted score 34.56: skills 23.33 (x0.4), academics 62.9 (x0.25), projects 0.0 (x0.2), readiness 63.32 (x0.15).",REST APIs (proficiency 2/5),"Missing: Django, Git, Kubernetes, Spring Boot",Pending
381,3,162,35.15,23.33,63.9,0.0,65.62,Spring Boot,"Django,Git,Kubernetes,REST APIs","Weighted score 35.15: skills 23.33 (x0.4), academics 63.9 (x0.25), projects 0.0 (x0.2), readiness 65.62 (x0.15).",Spring Boot (proficiency 3/5),"Missing: Django, Git, Kubernetes, REST APIs",Pending
382,3,163,35.16,23.33,67.0,0.0,60.5,REST APIs,"Django,Git,Kubernetes,Spring Boot","Weighted score 35.16: skills 23.33 (x0.4), academics 67.0 (x0.25), projects 0.0 (x0.2), readiness 60.5 (x0.15).",REST APIs (proficiency 2/5),"Missing: Django, Git, Kubernetes, Spring Boot",Pending
383,3,164,30.58,0.0,77.8,0.0,74.23,,"Django,Git,Kubernetes,REST APIs,Spring Boot","Weighted score 30.58: skills 0.0 (x0.4), academics 77.8 (x0.25), projects 0.0 (x0.2), readiness 74.23 (x0.15).",No overlapping skills on record,"Missing: Django, Git, Kubernetes, REST APIs, Spring Boot",Pending
384,3,165,41.93,23.33,86.0,0.0,74.0,Django,"Git,Kubernetes,REST APIs,Spring Boot","Weighted score 41.93: skills 23.33 (x0.4), academics 86.0 (x0.25), projects 0.0 (x0.2), readiness 74.0 (x0.15).",Django (proficiency 1/5),"Missing: Git, Kubernetes, REST APIs, Spring Boot",Pending
385,3,166,37.53,0.0,74.7,50.0,59.02,,"Django,Git,Kubernetes,REST APIs,Spring Boot","Weighted score 37.53: skills 0.0 (x0.4), academics 74.7 (x0.25), projects 50.0 (x0.2), readiness 59.02 (x0.15).",No overlapping skills on record,"Missing: Django, Git, Kubernetes, REST APIs, Spring Boot",Pending
386,3,167,50.57,61.67,66.3,0.0,62.15,"Django,Kubernetes,Spring Boot","Git,REST APIs","Weighted score 50.57: skills 61.67 (x0.4), academics 66.3 (x0.25), projects 0.0 (x0.2), readiness 62.15 (x0.15).",Django (proficiency 1/5); Kubernetes (proficiency 4/5); Spring Boot (proficiency 1/5),"Missing: Git, REST APIs",Pending
387,3,169,41.46,23.33,89.0,0.0,65.83,Spring Boot,"Django,Git,Kubernetes,REST APIs","Weighted score 41.46: skills 23.33 (x0.4), academics 89.0 (x0.25), projects 0.0 (x0.2), readiness 65.83 (x0.15).",Spring Boot (proficiency 5/5),"Missing: Django, Git, Kubernetes, REST APIs",Pending
388,3,174,32.98,15.0,66.4,0.0,69.2,Git,"Django,Kubernetes,REST APIs,Spring Boot","Weighted score 32.98: skills 15.0 (x0.4), academics 66.4 (x0.25), projects 0.0 (x0.2), readiness 69.2 (x0.15).",Git (proficiency 1/5),"Missing: Django, Kubernetes, REST APIs, Spring Boot",Pending
389,3,176,36.8,15.0,78.3,0.0,74.82,Git,"Django,Kubernetes,REST APIs,Spring Boot","Weighted score 36.8: skills 15.0 (x0.4), academics 78.3 (x0.25), projects 0.0 (x0.2), readiness 74.82 (x0.15).",Git (proficiency 5/5),"Missing: Django, Kubernetes, REST APIs, Spring Boot",Pending
390,3,178,51.17,46.67,86.4,0.0,72.7,"REST APIs,Spring Boot","Django,Git,Kubernetes","Weighted score 51.17: skills 46.67 (x0.4), academics 86.4 (x0.25), projects 0.0 (x0.2), readiness 72.7 (x0.15).",REST APIs (proficiency 3/5); Spring Boot (proficiency 4/5),"Missing: Django, Git, Kubernetes",Pending
391,3,179,33.29,0.0,86.9,0.0,77.12,,"Django,Git,Kubernetes,REST APIs,Spring Boot","Weighted score 33.29: skills 0.0 (x0.4), academics 86.9 (x0.25), projects 0.0 (x0.2), readiness 77.12 (x0.15).",No overlapping skills on record,"Missing: Django, Git, Kubernetes, REST APIs, Spring Boot",Pending
392,3,180,35.11,23.33,61.1,0.0,70.05,Django,"Git,Kubernetes,REST APIs,Spring Boot","Weighted score 35.11: skills 23.33 (x0.4), academics 61.1 (x0.25), projects 0.0 (x0.2), readiness 70.05 (x0.15).",Django (proficiency 3/5),"Missing: Git, Kubernetes, REST APIs, Spring Boot",Pending
393,3,181,38.16,15.0,84.1,0.0,74.22,Git,"Django,Kubernetes,REST APIs,Spring Boot","Weighted score 38.16: skills 15.0 (x0.4), academics 84.1 (x0.25), projects 0.0 (x0.2), readiness 74.22 (x0.15).",Git (proficiency 5/5),"Missing: Django, Kubernetes, REST APIs, Spring Boot",Pending
394,3,182,30.47,15.0,63.3,0.0,57.65,Git,"Django,Kubernetes,REST APIs,Spring Boot","Weighted score 30.47: skills 15.0 (x0.4), academics 63.3 (x0.25), projects 0.0 (x0.2), readiness 57.65 (x0.15).",Git (proficiency 1/5),"Missing: Django, Kubernetes, REST APIs, Spring Boot",Pending
395,3,185,36.71,0.0,73.8,33.33,77.28,,"Django,Git,Kubernetes,REST APIs,Spring Boot","Weighted score 36.71: skills 0.0 (x0.4), academics 73.8 (x0.25), projects 33.33 (x0.2), readiness 77.28 (x0.15).",No overlapping skills on record,"Missing: Django, Git, Kubernetes, REST APIs, Spring Boot",Pending
396,3,187,39.54,23.33,76.8,0.0,73.4,Django,"Git,Kubernetes,REST APIs,Spring Boot","Weighted score 39.54: skills 23.33 (x0.4), academics 76.8 (x0.25), projects 0.0 (x0.2), readiness 73.4 (x0.15).",Django (proficiency 2/5),"Missing: Git, Kubernetes, REST APIs, Spring Boot",Pending
397,3,188,61.86,85.0,69.5,0.0,69.88,"Django,Kubernetes,REST APIs,Spring Boot",Git,"Weighted score 61.86: skills 85.0 (x0.4), academics 69.5 (x0.25), projects 0.0 (x0.2), readiness 69.88 (x0.15).",Django (proficiency 5/5); Kubernetes (proficiency 2/5); REST APIs (proficiency 1/5); Spring Boot (proficiency 2/5),Missing: Git,Pending
398,3,189,34.64,0.0,61.5,50.0,61.75,,"Django,Git,Kubernetes,REST APIs,Spring Boot","Weighted score 34.64: skills 0.0 (x0.4), academics 61.5 (x0.25), projects 50.0 (x0.2), readiness 61.75 (x0.15).",No overlapping skills on record,"Missing: Django, Git, Kubernetes, REST APIs, Spring Boot",Pending
399,3,190,57.1,61.67,82.7,0.0,78.35,"Kubernetes,REST APIs,Spring Boot","Django,Git","Weighted score 57.1: skills 61.67 (x0.4), academics 82.7 (x0.25), projects 0.0 (x0.2), readiness 78.35 (x0.15).",Kubernetes (proficiency 3/5); REST APIs (proficiency 5/5); Spring Boot (proficiency 5/5),"Missing: Django, Git",Pending
400,3,191,32.5,0.0,84.3,0.0,76.15,,"Django,Git,Kubernetes,REST APIs,Spring Boot","Weighted score 32.5: skills 0.0 (x0.4), academics 84.3 (x0.25), projects 0.0 (x0.2), readiness 76.15 (x0.15).",No overlapping skills on record,"Missing: Django, Git, Kubernetes, REST APIs, Spring Boot",Pending
401,3,192,38.19,23.33,77.6,0.0,63.05,REST APIs,"Django,Git,Kubernetes,Spring Boot","Weighted score 38.19: skills 23.33 (x0.4), academics 77.6 (x0.25), projects 0.0 (x0.2), readiness 63.05 (x0.15).",REST APIs (proficiency 5/5),"Missing: Django, Git, Kubernetes, Spring Boot",Pending
402,3,193,34.44,15.0,71.6,0.0,70.3,Kubernetes,"Django,Git,REST APIs,Spring Boot","Weighted score 34.44: skills 15.0 (x0.4), academics 71.6 (x0.25), projects 0.0 (x0.2), readiness 70.3 (x0.15).",Kubernetes (proficiency 4/5),"Missing: Django, Git, REST APIs, Spring Boot",Pending
403,3,195,37.67,23.33,72.9,0.0,67.45,Spring Boot,"Django,Git,Kubernetes,REST APIs","Weighted score 37.67: skills 23.33 (x0.4), academics 72.9 (x0.25), projects 0.0 (x0.2), readiness 67.45 (x0.15).",Spring Boot (proficiency 2/5),"Missing: Django, Git, Kubernetes, REST APIs",Pending
404,3,196,33.96,15.0,72.1,0.0,66.25,Kubernetes,"Django,Git,REST APIs,Spring Boot","Weighted score 33.96: skills 15.0 (x0.4), academics 72.1 (x0.25), projects 0.0 (x0.2), readiness 66.25 (x0.15).",Kubernetes (proficiency 4/5),"Missing: Django, Git, REST APIs, Spring Boot",Pending
405,3,198,58.17,38.33,95.9,33.33,81.32,"Django,Git","Kubernetes,REST APIs,Spring Boot","Weighted score 58.17: skills 38.33 (x0.4), academics 95.9 (x0.25), projects 33.33 (x0.2), readiness 81.32 (x0.15).",Django (proficiency 4/5); Git (proficiency 5/5),"Missing: Kubernetes, REST APIs, Spring Boot",Pending
406,3,199,38.83,15.0,86.7,0.0,74.35,Kubernetes,"Django,Git,REST APIs,Spring Boot","Weighted score 38.83: skills 15.0 (x0.4), academics 86.7 (x0.25), projects 0.0 (x0.2), readiness 74.35 (x0.15).",Kubernetes (proficiency 1/5),"Missing: Django, Git, REST APIs, Spring Boot",Pending
407,3,201,36.66,23.33,74.4,0.0,58.2,Spring Boot,"Django,Git,Kubernetes,REST APIs","Weighted score 36.66: skills 23.33 (x0.4), academics 74.4 (x0.25), projects 0.0 (x0.2), readiness 58.2 (x0.15).",Spring Boot (proficiency 1/5),"Missing: Django, Git, Kubernetes, REST APIs",Pending
408,3,203,39.22,38.33,57.8,0.0,62.9,"Django,Git","Kubernetes,REST APIs,Spring Boot","Weighted score 39.22: skills 38.33 (x0.4), academics 57.8 (x0.25), projects 0.0 (x0.2), readiness 62.9 (x0.15).",Django (proficiency 4/5); Git (proficiency 5/5),"Missing: Kubernetes, REST APIs, Spring Boot",Pending
409,3,204,28.03,0.0,66.4,0.0,76.2,,"Django,Git,Kubernetes,REST APIs,Spring Boot","Weighted score 28.03: skills 0.0 (x0.4), academics 66.4 (x0.25), projects 0.0 (x0.2), readiness 76.2 (x0.15).",No overlapping skills on record,"Missing: Django, Git, Kubernetes, REST APIs, Spring Boot",Pending
410,3,205,47.65,15.0,85.5,50.0,68.5,Git,"Django,Kubernetes,REST APIs,Spring Boot","Weighted score 47.65: skills 15.0 (x0.4), academics 85.5 (x0.25), projects 50.0 (x0.2), readiness 68.5 (x0.15).",Git (proficiency 4/5),"Missing: Django, Kubernetes, REST APIs, Spring Boot",Pending
411,3,209,52.9,46.67,92.4,0.0,74.2,"Django,REST APIs","Git,Kubernetes,Spring Boot","Weighted score 52.9: skills 46.67 (x0.4), academics 92.4 (x0.25), projects 0.0 (x0.2), readiness 74.2 (x0.15).",Django (proficiency 2/5); REST APIs (proficiency 2/5),"Missing: Git, Kubernetes, Spring Boot",Pending
412,3,211,44.96,23.33,95.7,0.0,78.05,REST APIs,"Django,Git,Kubernetes,Spring Boot","Weighted score 44.96: skills 23.33 (x0.4), academics 95.7 (x0.25), projects 0.0 (x0.2), readiness 78.05 (x0.15).",REST APIs (proficiency 5/5),"Missing: Django, Git, Kubernetes, Spring Boot",Pending
413,3,212,36.27,0.0,64.9,50.0,66.95,,"Django,Git,Kubernetes,REST APIs,Spring Boot","Weighted score 36.27: skills 0.0 (x0.4), academics 64.9 (x0.25), projects 50.0 (x0.2), readiness 66.95 (x0.15).",No overlapping skills on record,"Missing: Django, Git, Kubernetes, REST APIs, Spring Boot",Pending
414,3,214,31.29,0.0,83.2,0.0,69.93,,"Django,Git,Kubernetes,REST APIs,Spring Boot","Weighted score 31.29: skills 0.0 (x0.4), academics 83.2 (x0.25), projects 0.0 (x0.2), readiness 69.93 (x0.15).",No overlapping skills on record,"Missing: Django, Git, Kubernetes, REST APIs, Spring Boot",Pending
415,3,215,42.58,23.33,88.0,0.0,75.0,REST APIs,"Django,Git,Kubernetes,Spring Boot","Weighted score 42.58: skills 23.33 (x0.4), academics 88.0 (x0.25), projects 0.0 (x0.2), readiness 75.0 (x0.15).",REST APIs (proficiency 4/5),"Missing: Django, Git, Kubernetes, Spring Boot",Pending
416,3,217,50.31,38.33,92.1,0.0,79.68,"Django,Kubernetes","Git,REST APIs,Spring Boot","Weighted score 50.31: skills 38.33 (x0.4), academics 92.1 (x0.25), projects 0.0 (x0.2), readiness 79.68 (x0.15).",Django (proficiency 2/5); Kubernetes (proficiency 4/5),"Missing: Git, REST APIs, Spring Boot",Pending
417,3,218,33.34,23.33,64.3,0.0,52.9,REST APIs,"Django,Git,Kubernetes,Spring Boot","Weighted score 33.34: skills 23.33 (x0.4), academics 64.3 (x0.25), projects 0.0 (x0.2), readiness 52.9 (x0.15).",REST APIs (proficiency 2/5),"Missing: Django, Git, Kubernetes, Spring Boot",Pending
418,3,221,34.31,15.0,72.8,0.0,67.4,Kubernetes,"Django,Git,REST APIs,Spring Boot","Weighted score 34.31: skills 15.0 (x0.4), academics 72.8 (x0.25), projects 0.0 (x0.2), readiness 67.4 (x0.15).",Kubernetes (proficiency 3/5),"Missing: Django, Git, REST APIs, Spring Boot",Pending
419,3,222,44.3,30.0,88.7,0.0,67.47,"Git,Kubernetes","Django,REST APIs,Spring Boot","Weighted score 44.3: skills 30.0 (x0.4), academics 88.7 (x0.25), projects 0.0 (x0.2), readiness 67.47 (x0.15).",Git (proficiency 1/5); Kubernetes (proficiency 2/5),"Missing: Django, REST APIs, Spring Boot",Pending
420,3,225,47.31,38.33,84.1,0.0,73.05,"Git,REST APIs","Django,Kubernetes,Spring Boot","Weighted score 47.31: skills 38.33 (x0.4), academics 84.1 (x0.25), projects 0.0 (x0.2), readiness 73.05 (x0.15).",Git (proficiency 2/5); REST APIs (proficiency 5/5),"Missing: Django, Kubernetes, Spring Boot",Pending
421,3,227,41.53,38.33,65.6,0.0,65.3,"Kubernetes,Spring Boot","Django,Git,REST APIs","Weighted score 41.53: skills 38.33 (x0.4), academics 65.6 (x0.25), projects 0.0 (x0.2), readiness 65.3 (x0.15).",Kubernetes (proficiency 5/5); Spring Boot (proficiency 3/5),"Missing: Django, Git, REST APIs",Pending
422,3,228,56.08,23.33,97.7,50.0,82.18,REST APIs,"Django,Git,Kubernetes,Spring Boot","Weighted score 56.08: skills 23.33 (x0.4), academics 97.7 (x0.25), projects 50.0 (x0.2), readiness 82.18 (x0.15).",REST APIs (proficiency 5/5),"Missing: Django, Git, Kubernetes, Spring Boot",Pending
423,3,229,65.13,38.33,79.7,100.0,65.85,"Django,Kubernetes","Git,REST APIs,Spring Boot","Weighted score 65.13: skills 38.33 (x0.4), academics 79.7 (x0.25), projects 100.0 (x0.2), readiness 65.85 (x0.15).",Django (proficiency 2/5); Kubernetes (proficiency 4/5),"Missing: Git, REST APIs, Spring Boot",Approved
424,3,230,36.33,15.0,74.7,0.0,77.68,Kubernetes,"Django,Git,REST APIs,Spring Boot","Weighted score 36.33: skills 15.0 (x0.4), academics 74.7 (x0.25), projects 0.0 (x0.2), readiness 77.68 (x0.15).",Kubernetes (proficiency 5/5),"Missing: Django, Git, REST APIs, Spring Boot",Pending
425,3,234,75.97,61.67,83.9,100.0,68.82,"Django,Git,REST APIs","Kubernetes,Spring Boot","Weighted score 75.97: skills 61.67 (x0.4), academics 83.9 (x0.25), projects 100.0 (x0.2), readiness 68.82 (x0.15).",Django (proficiency 3/5); Git (proficiency 3/5); REST APIs (proficiency 1/5),"Missing: Kubernetes, Spring Boot",Approved
426,3,236,42.51,23.33,89.4,0.0,72.2,Django,"Git,Kubernetes,REST APIs,Spring Boot","Weighted score 42.51: skills 23.33 (x0.4), academics 89.4 (x0.25), projects 0.0 (x0.2), readiness 72.2 (x0.15).",Django (proficiency 4/5),"Missing: Git, Kubernetes, REST APIs, Spring Boot",Pending
427,3,239,63.78,23.33,94.0,100.0,73.0,Django,"Git,Kubernetes,REST APIs,Spring Boot","Weighted score 63.78: skills 23.33 (x0.4), academics 94.0 (x0.25), projects 100.0 (x0.2), readiness 73.0 (x0.15).",Django (proficiency 4/5),"Missing: Git, Kubernetes, REST APIs, Spring Boot",Approved
428,3,243,55.24,46.67,95.9,0.0,83.95,"REST APIs,Spring Boot","Django,Git,Kubernetes","Weighted score 55.24: skills 46.67 (x0.4), academics 95.9 (x0.25), projects 0.0 (x0.2), readiness 83.95 (x0.15).",REST APIs (proficiency 4/5); Spring Boot (proficiency 1/5),"Missing: Django, Git, Kubernetes",Pending
429,3,245,38.5,23.33,69.1,0.0,79.3,Spring Boot,"Django,Git,Kubernetes,REST APIs","Weighted score 38.5: skills 23.33 (x0.4), academics 69.1 (x0.25), projects 0.0 (x0.2), readiness 79.3 (x0.15).",Spring Boot (proficiency 5/5),"Missing: Django, Git, Kubernetes, REST APIs",Pending
430,3,247,41.68,23.33,87.0,0.0,70.67,Spring Boot,"Django,Git,Kubernetes,REST APIs","Weighted score 41.68: skills 23.33 (x0.4), academics 87.0 (x0.25), projects 0.0 (x0.2), readiness 70.67 (x0.15).",Spring Boot (proficiency 1/5),"Missing: Django, Git, Kubernetes, REST APIs",Pending
431,3,248,56.5,70.0,77.7,0.0,60.48,"Django,REST APIs,Spring Boot","Git,Kubernetes","Weighted score 56.5: skills 70.0 (x0.4), academics 77.7 (x0.25), projects 0.0 (x0.2), readiness 60.48 (x0.15).",Django (proficiency 3/5); REST APIs (proficiency 1/5); Spring Boot (proficiency 5/5),"Missing: Git, Kubernetes",Pending
432,3,249,38.28,23.33,80.3,0.0,59.15,Django,"Git,Kubernetes,REST APIs,Spring Boot","Weighted score 38.28: skills 23.33 (x0.4), academics 80.3 (x0.25), projects 0.0 (x0.2), readiness 59.15 (x0.15).",Django (proficiency 1/5),"Missing: Git, Kubernetes, REST APIs, Spring Boot",Pending
433,3,250,44.71,23.33,95.0,0.0,77.5,REST APIs,"Django,Git,Kubernetes,Spring Boot","Weighted score 44.71: skills 23.33 (x0.4), academics 95.0 (x0.25), projects 0.0 (x0.2), readiness 77.5 (x0.15).",REST APIs (proficiency 5/5),"Missing: Django, Git, Kubernetes, Spring Boot",Pending
434,3,254,53.44,30.0,80.0,50.0,76.25,"Git,Kubernetes","Django,REST APIs,Spring Boot","Weighted score 53.44: skills 30.0 (x0.4), academics 80.0 (x0.25), projects 50.0 (x0.2), readiness 76.25 (x0.15).",Git (proficiency 5/5); Kubernetes (proficiency 5/5),"Missing: Django, REST APIs, Spring Boot",Pending
435,3,257,40.49,0.0,81.0,33.33,90.5,,"Django,Git,Kubernetes,REST APIs,Spring Boot","Weighted score 40.49: skills 0.0 (x0.4), academics 81.0 (x0.25), projects 33.33 (x0.2), readiness 90.5 (x0.15).",No overlapping skills on record,"Missing: Django, Git, Kubernetes, REST APIs, Spring Boot",Pending
436,3,259,46.01,23.33,76.8,33.33,72.07,Django,"Git,Kubernetes,REST APIs,Spring Boot","Weighted score 46.01: skills 23.33 (x0.4), academics 76.8 (x0.25), projects 33.33 (x0.2), readiness 72.07 (x0.15).",Django (proficiency 4/5),"Missing: Git, Kubernetes, REST APIs, Spring Boot",Pending
437,3,260,42.52,23.33,83.9,0.0,81.45,REST APIs,"Django,Git,Kubernetes,Spring Boot","Weighted score 42.52: skills 23.33 (x0.4), academics 83.9 (x0.25), projects 0.0 (x0.2), readiness 81.45 (x0.15).",REST APIs (proficiency 5/5),"Missing: Django, Git, Kubernetes, Spring Boot",Pending
438,3,264,34.32,15.0,71.9,0.0,68.95,Kubernetes,"Django,Git,REST APIs,Spring Boot","Weighted score 34.32: skills 15.0 (x0.4), academics 71.9 (x0.25), projects 0.0 (x0.2), readiness 68.95 (x0.15).",Kubernetes (proficiency 4/5),"Missing: Django, Git, REST APIs, Spring Boot",Pending
439,3,265,49.92,15.0,61.6,100.0,56.8,Kubernetes,"Django,Git,REST APIs,Spring Boot","Weighted score 49.92: skills 15.0 (x0.4), academics 61.6 (x0.25), projects 100.0 (x0.2), readiness 56.8 (x0.15).",Kubernetes (proficiency 5/5),"Missing: Django, Git, REST APIs, Spring Boot",Pending
440,3,267,53.79,61.67,74.9,0.0,69.32,"Django,Kubernetes,Spring Boot","Git,REST APIs","Weighted score 53.79: skills 61.67 (x0.4), academics 74.9 (x0.25), projects 0.0 (x0.2), readiness 69.32 (x0.15).",Django (proficiency 5/5); Kubernetes (proficiency 1/5); Spring Boot (proficiency 3/5),"Missing: Git, REST APIs",Pending
441,3,269,38.14,15.0,85.5,0.0,71.75,Git,"Django,Kubernetes,REST APIs,Spring Boot","Weighted score 38.14: skills 15.0 (x0.4), academics 85.5 (x0.25), projects 0.0 (x0.2), readiness 71.75 (x0.15).",Git (proficiency 2/5),"Missing: Django, Kubernetes, REST APIs, Spring Boot",Pending
442,3,271,43.2,23.33,93.5,0.0,69.95,Django,"Git,Kubernetes,REST APIs,Spring Boot","Weighted score 43.2: skills 23.33 (x0.4), academics 93.5 (x0.25), projects 0.0 (x0.2), readiness 69.95 (x0.15).",Django (proficiency 4/5),"Missing: Git, Kubernetes, REST APIs, Spring Boot",Pending
443,3,274,52.63,46.67,93.8,0.0,70.1,"REST APIs,Spring Boot","Django,Git,Kubernetes","Weighted score 52.63: skills 46.67 (x0.4), academics 93.8 (x0.25), projects 0.0 (x0.2), readiness 70.1 (x0.15).",REST APIs (proficiency 3/5); Spring Boot (proficiency 3/5),"Missing: Django, Git, Kubernetes",Pending
444,3,275,54.65,0.0,93.8,100.0,74.65,,"Django,Git,Kubernetes,REST APIs,Spring Boot","Weighted score 54.65: skills 0.0 (x0.4), academics 93.8 (x0.25), projects 100.0 (x0.2), readiness 74.65 (x0.15).",No overlapping skills on record,"Missing: Django, Git, Kubernetes, REST APIs, Spring Boot",Pending
445,3,276,28.3,0.0,73.8,0.0,65.7,,"Django,Git,Kubernetes,REST APIs,Spring Boot","Weighted score 28.3: skills 0.0 (x0.4), academics 73.8 (x0.25), projects 0.0 (x0.2), readiness 65.7 (x0.15).",No overlapping skills on record,"Missing: Django, Git, Kubernetes, REST APIs, Spring Boot",Pending
446,3,278,59.09,61.67,93.0,0.0,74.5,"Django,Kubernetes,Spring Boot","Git,REST APIs","Weighted score 59.09: skills 61.67 (x0.4), academics 93.0 (x0.25), projects 0.0 (x0.2), readiness 74.5 (x0.15).",Django (proficiency 5/5); Kubernetes (proficiency 5/5); Spring Boot (proficiency 5/5),"Missing: Git, REST APIs",Pending
447,3,279,32.9,15.0,72.8,0.0,58.02,Kubernetes,"Django,Git,REST APIs,Spring Boot","Weighted score 32.9: skills 15.0 (x0.4), academics 72.8 (x0.25), projects 0.0 (x0.2), readiness 58.02 (x0.15).",Kubernetes (proficiency 2/5),"Missing: Django, Git, REST APIs, Spring Boot",Pending
448,3,281,35.03,0.0,95.8,0.0,73.9,,"Django,Git,Kubernetes,REST APIs,Spring Boot","Weighted score 35.03: skills 0.0 (x0.4), academics 95.8 (x0.25), projects 0.0 (x0.2), readiness 73.9 (x0.15).",No overlapping skills on record,"Missing: Django, Git, Kubernetes, REST APIs, Spring Boot",Pending
449,3,282,44.04,46.67,65.6,0.0,59.8,"REST APIs,Spring Boot","Django,Git,Kubernetes","Weighted score 44.04: skills 46.67 (x0.4), academics 65.6 (x0.25), projects 0.0 (x0.2), readiness 59.8 (x0.15).",REST APIs (proficiency 4/5); Spring Boot (proficiency 4/5),"Missing: Django, Git, Kubernetes",Pending
450,3,283,38.24,15.0,89.2,0.0,66.27,Kubernetes,"Django,Git,REST APIs,Spring Boot","Weighted score 38.24: skills 15.0 (x0.4), academics 89.2 (x0.25), projects 0.0 (x0.2), readiness 66.27 (x0.15).",Kubernetes (proficiency 2/5),"Missing: Django, Git, REST APIs, Spring Boot",Pending
451,3,284,47.87,38.33,85.0,0.0,75.25,"Git,REST APIs","Django,Kubernetes,Spring Boot","Weighted score 47.87: skills 38.33 (x0.4), academics 85.0 (x0.25), projects 0.0 (x0.2), readiness 75.25 (x0.15).",Git (proficiency 3/5); REST APIs (proficiency 2/5),"Missing: Django, Kubernetes, Spring Boot",Pending
452,3,285,38.9,0.0,80.4,33.33,80.87,,"Django,Git,Kubernetes,REST APIs,Spring Boot","Weighted score 38.9: skills 0.0 (x0.4), academics 80.4 (x0.25), projects 33.33 (x0.2), readiness 80.87 (x0.15).",No overlapping skills on record,"Missing: Django, Git, Kubernetes, REST APIs, Spring Boot",Pending
453,3,286,47.69,15.0,83.2,50.0,72.6,Git,"Django,Kubernetes,REST APIs,Spring Boot","Weighted score 47.69: skills 15.0 (x0.4), academics 83.2 (x0.25), projects 50.0 (x0.2), readiness 72.6 (x0.15).",Git (proficiency 1/5),"Missing: Django, Kubernetes, REST APIs, Spring Boot",Pending
454,3,287,38.4,30.0,68.6,0.0,61.7,"Git,Kubernetes","Django,REST APIs,Spring Boot","Weighted score 38.4: skills 30.0 (x0.4), academics 68.6 (x0.25), projects 0.0 (x0.2), readiness 61.7 (x0.15).",Git (proficiency 3/5); Kubernetes (proficiency 2/5),"Missing: Django, REST APIs, Spring Boot",Pending
455,3,288,33.95,15.0,69.0,0.0,71.33,Git,"Django,Kubernetes,REST APIs,Spring Boot","Weighted score 33.95: skills 15.0 (x0.4), academics 69.0 (x0.25), projects 0.0 (x0.2), readiness 71.33 (x0.15).",Git (proficiency 5/5),"Missing: Django, Kubernetes, REST APIs, Spring Boot",Pending
456,3,290,33.4,15.0,72.3,0.0,62.15,Git,"Django,Kubernetes,REST APIs,Spring Boot","Weighted score 33.4: skills 15.0 (x0.4), academics 72.3 (x0.25), projects 0.0 (x0.2), readiness 62.15 (x0.15).",Git (proficiency 1/5),"Missing: Django, Kubernetes, REST APIs, Spring Boot",Pending
457,3,291,50.45,23.33,91.4,33.33,77.32,Spring Boot,"Django,Git,Kubernetes,REST APIs","Weighted score 50.45: skills 23.33 (x0.4), academics 91.4 (x0.25), projects 33.33 (x0.2), readiness 77.32 (x0.15).",Spring Boot (proficiency 2/5),"Missing: Django, Git, Kubernetes, REST APIs",Pending
458,3,294,36.27,0.0,99.6,0.0,75.8,,"Django,Git,Kubernetes,REST APIs,Spring Boot","Weighted score 36.27: skills 0.0 (x0.4), academics 99.6 (x0.25), projects 0.0 (x0.2), readiness 75.8 (x0.15).",No overlapping skills on record,"Missing: Django, Git, Kubernetes, REST APIs, Spring Boot",Pending
459,3,295,35.72,0.0,96.3,0.0,77.65,,"Django,Git,Kubernetes,REST APIs,Spring Boot","Weighted score 35.72: skills 0.0 (x0.4), academics 96.3 (x0.25), projects 0.0 (x0.2), readiness 77.65 (x0.15).",No overlapping skills on record,"Missing: Django, Git, Kubernetes, REST APIs, Spring Boot",Pending
460,3,297,38.44,15.0,85.5,0.0,73.75,Git,"Django,Kubernetes,REST APIs,Spring Boot","Weighted score 38.44: skills 15.0 (x0.4), academics 85.5 (x0.25), projects 0.0 (x0.2), readiness 73.75 (x0.15).",Git (proficiency 3/5),"Missing: Django, Kubernetes, REST APIs, Spring Boot",Pending
461,3,298,42.25,23.33,82.1,0.0,82.65,REST APIs,"Django,Git,Kubernetes,Spring Boot","Weighted score 42.25: skills 23.33 (x0.4), academics 82.1 (x0.25), projects 0.0 (x0.2), readiness 82.65 (x0.15).",REST APIs (proficiency 3/5),"Missing: Django, Git, Kubernetes, Spring Boot",Pending
462,3,299,55.8,46.67,96.3,0.0,87.02,"Django,REST APIs","Git,Kubernetes,Spring Boot","Weighted score 55.8: skills 46.67 (x0.4), academics 96.3 (x0.25), projects 0.0 (x0.2), readiness 87.02 (x0.15).",Django (proficiency 5/5); REST APIs (proficiency 5/5),"Missing: Git, Kubernetes, Spring Boot",Pending
463,3,301,38.35,15.0,84.0,0.0,75.67,Git,"Django,Kubernetes,REST APIs,Spring Boot","Weighted score 38.35: skills 15.0 (x0.4), academics 84.0 (x0.25), projects 0.0 (x0.2), readiness 75.67 (x0.15).",Git (proficiency 2/5),"Missing: Django, Kubernetes, REST APIs, Spring Boot",Pending
464,3,303,49.03,0.0,74.1,100.0,70.05,,"Django,Git,Kubernetes,REST APIs,Spring Boot","Weighted score 49.03: skills 0.0 (x0.4), academics 74.1 (x0.25), projects 100.0 (x0.2), readiness 70.05 (x0.15).",No overlapping skills on record,"Missing: Django, Git, Kubernetes, REST APIs, Spring Boot",Pending
465,3,304,40.49,23.33,56.6,33.33,68.97,Django,"Git,Kubernetes,REST APIs,Spring Boot","Weighted score 40.49: skills 23.33 (x0.4), academics 56.6 (x0.25), projects 33.33 (x0.2), readiness 68.97 (x0.15).",Django (proficiency 4/5),"Missing: Git, Kubernetes, REST APIs, Spring Boot",Pending
466,3,306,54.74,53.33,84.6,0.0,81.7,"Git,Kubernetes,Spring Boot","Django,REST APIs","Weighted score 54.74: skills 53.33 (x0.4), academics 84.6 (x0.25), projects 0.0 (x0.2), readiness 81.7 (x0.15).",Git (proficiency 3/5); Kubernetes (proficiency 5/5); Spring Boot (proficiency 3/5),"Missing: Django, REST APIs",Pending
467,3,307,43.12,23.33,89.5,0.0,76.08,Django,"Git,Kubernetes,REST APIs,Spring Boot","Weighted score 43.12: skills 23.33 (x0.4), academics 89.5 (x0.25), projects 0.0 (x0.2), readiness 76.08 (x0.15).",Django (proficiency 3/5),"Missing: Git, Kubernetes, REST APIs, Spring Boot",Pending
468,3,308,33.94,0.0,88.4,0.0,78.95,,"Django,Git,Kubernetes,REST APIs,Spring Boot","Weighted score 33.94: skills 0.0 (x0.4), academics 88.4 (x0.25), projects 0.0 (x0.2), readiness 78.95 (x0.15).",No overlapping skills on record,"Missing: Django, Git, Kubernetes, REST APIs, Spring Boot",Pending
469,3,309,28.36,0.0,73.5,0.0,66.58,,"Django,Git,Kubernetes,REST APIs,Spring Boot","Weighted score 28.36: skills 0.0 (x0.4), academics 73.5 (x0.25), projects 0.0 (x0.2), readiness 66.58 (x0.15).",No overlapping skills on record,"Missing: Django, Git, Kubernetes, REST APIs, Spring Boot",Pending
470,3,310,57.98,46.67,84.9,33.33,76.12,"Django,Spring Boot","Git,Kubernetes,REST APIs","Weighted score 57.98: skills 46.67 (x0.4), academics 84.9 (x0.25), projects 33.33 (x0.2), readiness 76.12 (x0.15).",Django (proficiency 1/5); Spring Boot (proficiency 1/5),"Missing: Git, Kubernetes, REST APIs",Pending
471,3,311,63.94,23.33,94.5,100.0,73.25,REST APIs,"Django,Git,Kubernetes,Spring Boot","Weighted score 63.94: skills 23.33 (x0.4), academics 94.5 (x0.25), projects 100.0 (x0.2), readiness 73.25 (x0.15).",REST APIs (proficiency 2/5),"Missing: Django, Git, Kubernetes, Spring Boot",Approved
472,3,312,49.77,46.67,80.7,0.0,72.85,"Django,Spring Boot","Git,Kubernetes,REST APIs","Weighted score 49.77: skills 46.67 (x0.4), academics 80.7 (x0.25), projects 0.0 (x0.2), readiness 72.85 (x0.15).",Django (proficiency 1/5); Spring Boot (proficiency 1/5),"Missing: Git, Kubernetes, REST APIs",Pending
473,3,313,34.24,15.0,73.8,0.0,65.28,Git,"Django,Kubernetes,REST APIs,Spring Boot","Weighted score 34.24: skills 15.0 (x0.4), academics 73.8 (x0.25), projects 0.0 (x0.2), readiness 65.28 (x0.15).",Git (proficiency 2/5),"Missing: Django, Kubernetes, REST APIs, Spring Boot",Pending
474,3,314,30.61,15.0,66.3,0.0,53.55,Git,"Django,Kubernetes,REST APIs,Spring Boot","Weighted score 30.61: skills 15.0 (x0.4), academics 66.3 (x0.25), projects 0.0 (x0.2), readiness 53.55 (x0.15).",Git (proficiency 2/5),"Missing: Django, Kubernetes, REST APIs, Spring Boot",Pending
475,3,318,44.95,15.0,73.7,50.0,70.18,Kubernetes,"Django,Git,REST APIs,Spring Boot","Weighted score 44.95: skills 15.0 (x0.4), academics 73.7 (x0.25), projects 50.0 (x0.2), readiness 70.18 (x0.15).",Kubernetes (proficiency 3/5),"Missing: Django, Git, REST APIs, Spring Boot",Pending
476,3,320,56.26,15.0,80.2,100.0,68.1,Git,"Django,Kubernetes,REST APIs,Spring Boot","Weighted score 56.26: skills 15.0 (x0.4), academics 80.2 (x0.25), projects 100.0 (x0.2), readiness 68.1 (x0.15).",Git (proficiency 4/5),"Missing: Django, Kubernetes, REST APIs, Spring Boot",Pending
477,3,321,34.07,0.0,92.3,0.0,73.32,,"Django,Git,Kubernetes,REST APIs,Spring Boot","Weighted score 34.07: skills 0.0 (x0.4), academics 92.3 (x0.25), projects 0.0 (x0.2), readiness 73.32 (x0.15).",No overlapping skills on record,"Missing: Django, Git, Kubernetes, REST APIs, Spring Boot",Pending
478,3,322,51.19,30.0,74.7,50.0,70.1,"Git,Kubernetes","Django,REST APIs,Spring Boot","Weighted score 51.19: skills 30.0 (x0.4), academics 74.7 (x0.25), projects 50.0 (x0.2), readiness 70.1 (x0.15).",Git (proficiency 2/5); Kubernetes (proficiency 1/5),"Missing: Django, REST APIs, Spring Boot",Pending
479,3,324,57.92,61.67,89.9,0.0,71.82,"Git,REST APIs,Spring Boot","Django,Kubernetes","Weighted score 57.92: skills 61.67 (x0.4), academics 89.9 (x0.25), projects 0.0 (x0.2), readiness 71.82 (x0.15).",Git (proficiency 5/5); REST APIs (proficiency 3/5); Spring Boot (proficiency 1/5),"Missing: Django, Kubernetes",Pending
480,3,325,50.2,46.67,83.8,0.0,70.57,"Django,REST APIs","Git,Kubernetes,Spring Boot","Weighted score 50.2: skills 46.67 (x0.4), academics 83.8 (x0.25), projects 0.0 (x0.2), readiness 70.57 (x0.15).",Django (proficiency 4/5); REST APIs (proficiency 5/5),"Missing: Git, Kubernetes, Spring Boot",Pending
481,3,326,45.32,38.33,77.5,0.0,70.75,"Django,Git","Kubernetes,REST APIs,Spring Boot","Weighted score 45.32: skills 38.33 (x0.4), academics 77.5 (x0.25), projects 0.0 (x0.2), readiness 70.75 (x0.15).",Django (proficiency 3/5); Git (proficiency 4/5),"Missing: Kubernetes, REST APIs, Spring Boot",Pending
482,3,327,32.72,0.0,87.3,0.0,72.65,,"Django,Git,Kubernetes,REST APIs,Spring Boot","Weighted score 32.72: skills 0.0 (x0.4), academics 87.3 (x0.25), projects 0.0 (x0.2), readiness 72.65 (x0.15).",No overlapping skills on record,"Missing: Django, Git, Kubernetes, REST APIs, Spring Boot",Pending
483,3,328,37.72,15.0,80.7,0.0,76.95,Kubernetes,"Django,Git,REST APIs,Spring Boot","Weighted score 37.72: skills 15.0 (x0.4), academics 80.7 (x0.25), projects 0.0 (x0.2), readiness 76.95 (x0.15).",Kubernetes (proficiency 4/5),"Missing: Django, Git, REST APIs, Spring Boot",Pending
484,3,329,43.46,46.67,63.2,0.0,59.93,"Django,REST APIs","Git,Kubernetes,Spring Boot","Weighted score 43.46: skills 46.67 (x0.4), academics 63.2 (x0.25), projects 0.0 (x0.2), readiness 59.93 (x0.15).",Django (proficiency 5/5); REST APIs (proficiency 4/5),"Missing: Git, Kubernetes, Spring Boot",Pending
485,3,330,48.76,0.0,77.8,100.0,62.1,,"Django,Git,Kubernetes,REST APIs,Spring Boot","Weighted score 48.76: skills 0.0 (x0.4), academics 77.8 (x0.25), projects 100.0 (x0.2), readiness 62.1 (x0.15).",No overlapping skills on record,"Missing: Django, Git, Kubernetes, REST APIs, Spring Boot",Pending
486,3,331,58.34,15.0,99.1,66.67,94.88,Kubernetes,"Django,Git,REST APIs,Spring Boot","Weighted score 58.34: skills 15.0 (x0.4), academics 99.1 (x0.25), projects 66.67 (x0.2), readiness 94.88 (x0.15).",Kubernetes (proficiency 4/5),"Missing: Django, Git, REST APIs, Spring Boot",Pending
487,3,332,38.41,30.0,66.5,0.0,65.25,"Git,Kubernetes","Django,REST APIs,Spring Boot","Weighted score 38.41: skills 30.0 (x0.4), academics 66.5 (x0.25), projects 0.0 (x0.2), readiness 65.25 (x0.15).",Git (proficiency 2/5); Kubernetes (proficiency 4/5),"Missing: Django, REST APIs, Spring Boot",Pending
488,3,333,49.54,38.33,88.1,0.0,81.22,"Kubernetes,Spring Boot","Django,Git,REST APIs","Weighted score 49.54: skills 38.33 (x0.4), academics 88.1 (x0.25), projects 0.0 (x0.2), readiness 81.22 (x0.15).",Kubernetes (proficiency 5/5); Spring Boot (proficiency 5/5),"Missing: Django, Git, REST APIs",Pending
489,3,334,43.4,23.33,91.6,0.0,74.42,REST APIs,"Django,Git,Kubernetes,Spring Boot","Weighted score 43.4: skills 23.33 (x0.4), academics 91.6 (x0.25), projects 0.0 (x0.2), readiness 74.42 (x0.15).",REST APIs (proficiency 5/5),"Missing: Django, Git, Kubernetes, Spring Boot",Pending
490,3,335,39.01,23.33,76.5,0.0,70.38,Spring Boot,"Django,Git,Kubernetes,REST APIs","Weighted score 39.01: skills 23.33 (x0.4), academics 76.5 (x0.25), projects 0.0 (x0.2), readiness 70.38 (x0.15).",Spring Boot (proficiency 3/5),"Missing: Django, Git, Kubernetes, REST APIs",Pending
491,3,336,41.85,15.0,97.5,0.0,76.5,Kubernetes,"Django,Git,REST APIs,Spring Boot","Weighted score 41.85: skills 15.0 (x0.4), academics 97.5 (x0.25), projects 0.0 (x0.2), readiness 76.5 (x0.15).",Kubernetes (proficiency 3/5),"Missing: Django, Git, REST APIs, Spring Boot",Pending
492,3,337,54.78,46.67,94.9,0.0,82.58,"REST APIs,Spring Boot","Django,Git,Kubernetes","Weighted score 54.78: skills 46.67 (x0.4), academics 94.9 (x0.25), projects 0.0 (x0.2), readiness 82.58 (x0.15).",REST APIs (proficiency 5/5); Spring Boot (proficiency 2/5),"Missing: Django, Git, Kubernetes",Pending
493,3,338,43.03,23.33,91.7,0.0,71.85,Spring Boot,"Django,Git,Kubernetes,REST APIs","Weighted score 43.03: skills 23.33 (x0.4), academics 91.7 (x0.25), projects 0.0 (x0.2), readiness 71.85 (x0.15).",Spring Boot (proficiency 2/5),"Missing: Django, Git, Kubernetes, REST APIs",Pending
494,3,339,41.53,38.33,67.1,0.0,62.8,"Git,REST APIs","Django,Kubernetes,Spring Boot","Weighted score 41.53: skills 38.33 (x0.4), academics 67.1 (x0.25), projects 0.0 (x0.2), readiness 62.8 (x0.15).",Git (proficiency 1/5); REST APIs (proficiency 2/5),"Missing: Django, Kubernetes, Spring Boot",Pending
495,3,340,48.86,38.33,91.0,0.0,71.83,"Django,Git","Kubernetes,REST APIs,Spring Boot","Weighted score 48.86: skills 38.33 (x0.4), academics 91.0 (x0.25), projects 0.0 (x0.2), readiness 71.83 (x0.15).",Django (proficiency 1/5); Git (proficiency 1/5),"Missing: Kubernetes, REST APIs, Spring Boot",Pending
496,3,341,60.04,38.33,98.0,33.33,90.25,"Git,REST APIs","Django,Kubernetes,Spring Boot","Weighted score 60.04: skills 38.33 (x0.4), academics 98.0 (x0.25), projects 33.33 (x0.2), readiness 90.25 (x0.15).",Git (proficiency 4/5); REST APIs (proficiency 2/5),"Missing: Django, Kubernetes, Spring Boot",Pending
497,3,342,42.18,38.33,67.5,0.0,66.5,"Kubernetes,REST APIs","Django,Git,Spring Boot","Weighted score 42.18: skills 38.33 (x0.4), academics 67.5 (x0.25), projects 0.0 (x0.2), readiness 66.5 (x0.15).",Kubernetes (proficiency 1/5); REST APIs (proficiency 4/5),"Missing: Django, Git, Spring Boot",Pending
498,3,345,49.68,46.67,87.3,0.0,61.25,"Django,Spring Boot","Git,Kubernetes,REST APIs","Weighted score 49.68: skills 46.67 (x0.4), academics 87.3 (x0.25), projects 0.0 (x0.2), readiness 61.25 (x0.15).",Django (proficiency 1/5); Spring Boot (proficiency 1/5),"Missing: Git, Kubernetes, REST APIs",Pending
499,3,346,48.47,46.67,79.7,0.0,65.85,"Django,Spring Boot","Git,Kubernetes,REST APIs","Weighted score 48.47: skills 46.67 (x0.4), academics 79.7 (x0.25), projects 0.0 (x0.2), readiness 65.85 (x0.15).",Django (proficiency 2/5); Spring Boot (proficiency 1/5),"Missing: Git, Kubernetes, REST APIs",Pending
500,3,347,39.93,15.0,91.1,0.0,74.35,Git,"Django,Kubernetes,REST APIs,Spring Boot","Weighted score 39.93: skills 15.0 (x0.4), academics 91.1 (x0.25), projects 0.0 (x0.2), readiness 74.35 (x0.15).",Git (proficiency 3/5),"Missing: Django, Kubernetes, REST APIs, Spring Boot",Pending
501,3,348,26.26,0.0,67.3,0.0,62.9,,"Django,Git,Kubernetes,REST APIs,Spring Boot","Weighted score 26.26: skills 0.0 (x0.4), academics 67.3 (x0.25), projects 0.0 (x0.2), readiness 62.9 (x0.15).",No overlapping skills on record,"Missing: Django, Git, Kubernetes, REST APIs, Spring Boot",Pending
502,3,350,39.76,38.33,65.6,0.0,53.55,"Django,Kubernetes","Git,REST APIs,Spring Boot","Weighted score 39.76: skills 38.33 (x0.4), academics 65.6 (x0.25), projects 0.0 (x0.2), readiness 53.55 (x0.15).",Django (proficiency 3/5); Kubernetes (proficiency 4/5),"Missing: Git, REST APIs, Spring Boot",Pending
503,3,352,33.67,0.0,89.3,0.0,75.65,,"Django,Git,Kubernetes,REST APIs,Spring Boot","Weighted score 33.67: skills 0.0 (x0.4), academics 89.3 (x0.25), projects 0.0 (x0.2), readiness 75.65 (x0.15).",No overlapping skills on record,"Missing: Django, Git, Kubernetes, REST APIs, Spring Boot",Pending
504,3,353,56.83,61.67,84.2,0.0,74.1,"Kubernetes,REST APIs,Spring Boot","Django,Git","Weighted score 56.83: skills 61.67 (x0.4), academics 84.2 (x0.25), projects 0.0 (x0.2), readiness 74.1 (x0.15).",Kubernetes (proficiency 4/5); REST APIs (proficiency 1/5); Spring Boot (proficiency 4/5),"Missing: Django, Git",Pending
505,3,354,49.42,0.0,77.5,100.0,66.95,,"Django,Git,Kubernetes,REST APIs,Spring Boot","Weighted score 49.42: skills 0.0 (x0.4), academics 77.5 (x0.25), projects 100.0 (x0.2), readiness 66.95 (x0.15).",No overlapping skills on record,"Missing: Django, Git, Kubernetes, REST APIs, Spring Boot",Pending
506,3,355,36.23,23.33,66.7,0.0,68.18,Django,"Git,Kubernetes,REST APIs,Spring Boot","Weighted score 36.23: skills 23.33 (x0.4), academics 66.7 (x0.25), projects 0.0 (x0.2), readiness 68.18 (x0.15).",Django (proficiency 3/5),"Missing: Git, Kubernetes, REST APIs, Spring Boot",Pending
507,3,356,51.7,38.33,99.9,0.0,75.95,"Django,Git","Kubernetes,REST APIs,Spring Boot","Weighted score 51.7: skills 38.33 (x0.4), academics 99.9 (x0.25), projects 0.0 (x0.2), readiness 75.95 (x0.15).",Django (proficiency 2/5); Git (proficiency 5/5),"Missing: Kubernetes, REST APIs, Spring Boot",Pending
508,3,357,37.8,0.0,95.4,0.0,93.03,,"Django,Git,Kubernetes,REST APIs,Spring Boot","Weighted score 37.8: skills 0.0 (x0.4), academics 95.4 (x0.25), projects 0.0 (x0.2), readiness 93.03 (x0.15).",No overlapping skills on record,"Missing: Django, Git, Kubernetes, REST APIs, Spring Boot",Pending
509,3,358,44.49,23.33,99.4,0.0,68.7,Spring Boot,"Django,Git,Kubernetes,REST APIs","Weighted score 44.49: skills 23.33 (x0.4), academics 99.4 (x0.25), projects 0.0 (x0.2), readiness 68.7 (x0.15).",Spring Boot (proficiency 1/5),"Missing: Django, Git, Kubernetes, REST APIs",Pending
510,3,359,33.31,15.0,68.1,0.0,68.55,Git,"Django,Kubernetes,REST APIs,Spring Boot","Weighted score 33.31: skills 15.0 (x0.4), academics 68.1 (x0.25), projects 0.0 (x0.2), readiness 68.55 (x0.15).",Git (proficiency 2/5),"Missing: Django, Kubernetes, REST APIs, Spring Boot",Pending
511,3,360,42.84,23.33,86.5,0.0,79.25,Spring Boot,"Django,Git,Kubernetes,REST APIs","Weighted score 42.84: skills 23.33 (x0.4), academics 86.5 (x0.25), projects 0.0 (x0.2), readiness 79.25 (x0.15).",Spring Boot (proficiency 1/5),"Missing: Django, Git, Kubernetes, REST APIs",Pending
512,3,362,40.35,23.33,79.9,0.0,73.62,REST APIs,"Django,Git,Kubernetes,Spring Boot","Weighted score 40.35: skills 23.33 (x0.4), academics 79.9 (x0.25), projects 0.0 (x0.2), readiness 73.62 (x0.15).",REST APIs (proficiency 2/5),"Missing: Django, Git, Kubernetes, Spring Boot",Pending
513,3,364,37.12,23.33,73.5,0.0,62.75,Django,"Git,Kubernetes,REST APIs,Spring Boot","Weighted score 37.12: skills 23.33 (x0.4), academics 73.5 (x0.25), projects 0.0 (x0.2), readiness 62.75 (x0.15).",Django (proficiency 3/5),"Missing: Git, Kubernetes, REST APIs, Spring Boot",Pending
514,3,365,33.47,15.0,69.3,0.0,67.65,Git,"Django,Kubernetes,REST APIs,Spring Boot","Weighted score 33.47: skills 15.0 (x0.4), academics 69.3 (x0.25), projects 0.0 (x0.2), readiness 67.65 (x0.15).",Git (proficiency 4/5),"Missing: Django, Kubernetes, REST APIs, Spring Boot",Pending
515,3,367,68.57,61.67,89.6,50.0,76.68,"Django,Git,REST APIs","Kubernetes,Spring Boot","Weighted score 68.57: skills 61.67 (x0.4), academics 89.6 (x0.25), projects 50.0 (x0.2), readiness 76.68 (x0.15).",Django (proficiency 5/5); Git (proficiency 4/5); REST APIs (proficiency 4/5),"Missing: Kubernetes, Spring Boot",Approved
516,3,368,35.8,15.0,78.3,0.0,68.15,Kubernetes,"Django,Git,REST APIs,Spring Boot","Weighted score 35.8: skills 15.0 (x0.4), academics 78.3 (x0.25), projects 0.0 (x0.2), readiness 68.15 (x0.15).",Kubernetes (proficiency 1/5),"Missing: Django, Git, REST APIs, Spring Boot",Pending
517,3,369,47.94,38.33,57.1,50.0,55.55,"Django,Git","Kubernetes,REST APIs,Spring Boot","Weighted score 47.94: skills 38.33 (x0.4), academics 57.1 (x0.25), projects 50.0 (x0.2), readiness 55.55 (x0.15).",Django (proficiency 4/5); Git (proficiency 2/5),"Missing: Kubernetes, REST APIs, Spring Boot",Pending
518,3,370,51.35,61.67,66.3,0.0,67.4,"Django,Kubernetes,Spring Boot","Git,REST APIs","Weighted score 51.35: skills 61.67 (x0.4), academics 66.3 (x0.25), projects 0.0 (x0.2), readiness 67.4 (x0.15).",Django (proficiency 1/5); Kubernetes (proficiency 5/5); Spring Boot (proficiency 5/5),"Missing: Git, REST APIs",Pending
519,3,371,46.28,23.33,68.6,50.0,65.3,REST APIs,"Django,Git,Kubernetes,Spring Boot","Weighted score 46.28: skills 23.33 (x0.4), academics 68.6 (x0.25), projects 50.0 (x0.2), readiness 65.3 (x0.15).",REST APIs (proficiency 2/5),"Missing: Django, Git, Kubernetes, Spring Boot",Pending
520,3,372,59.62,61.67,97.4,0.0,70.7,"Django,Kubernetes,Spring Boot","Git,REST APIs","Weighted score 59.62: skills 61.67 (x0.4), academics 97.4 (x0.25), projects 0.0 (x0.2), readiness 70.7 (x0.15).",Django (proficiency 2/5); Kubernetes (proficiency 1/5); Spring Boot (proficiency 4/5),"Missing: Git, REST APIs",Pending
521,3,373,39.05,23.33,78.2,0.0,67.77,REST APIs,"Django,Git,Kubernetes,Spring Boot","Weighted score 39.05: skills 23.33 (x0.4), academics 78.2 (x0.25), projects 0.0 (x0.2), readiness 67.77 (x0.15).",REST APIs (proficiency 4/5),"Missing: Django, Git, Kubernetes, Spring Boot",Pending
522,3,376,43.47,0.0,95.0,33.33,87.0,,"Django,Git,Kubernetes,REST APIs,Spring Boot","Weighted score 43.47: skills 0.0 (x0.4), academics 95.0 (x0.25), projects 33.33 (x0.2), readiness 87.0 (x0.15).",No overlapping skills on record,"Missing: Django, Git, Kubernetes, REST APIs, Spring Boot",Pending
523,3,379,46.95,38.33,82.3,0.0,73.65,"Git,REST APIs","Django,Kubernetes,Spring Boot","Weighted score 46.95: skills 38.33 (x0.4), academics 82.3 (x0.25), projects 0.0 (x0.2), readiness 73.65 (x0.15).",Git (proficiency 4/5); REST APIs (proficiency 5/5),"Missing: Django, Kubernetes, Spring Boot",Pending
524,3,383,49.55,38.33,90.3,0.0,77.65,"Django,Kubernetes","Git,REST APIs,Spring Boot","Weighted score 49.55: skills 38.33 (x0.4), academics 90.3 (x0.25), projects 0.0 (x0.2), readiness 77.65 (x0.15).",Django (proficiency 1/5); Kubernetes (proficiency 5/5),"Missing: Git, REST APIs, Spring Boot",Pending
525,3,385,35.62,23.33,68.9,0.0,60.45,REST APIs,"Django,Git,Kubernetes,Spring Boot","Weighted score 35.62: skills 23.33 (x0.4), academics 68.9 (x0.25), projects 0.0 (x0.2), readiness 60.45 (x0.15).",REST APIs (proficiency 3/5),"Missing: Django, Git, Kubernetes, Spring Boot",Pending
526,3,386,51.28,15.0,65.8,100.0,58.9,Kubernetes,"Django,Git,REST APIs,Spring Boot","Weighted score 51.28: skills 15.0 (x0.4), academics 65.8 (x0.25), projects 100.0 (x0.2), readiness 58.9 (x0.15).",Kubernetes (proficiency 3/5),"Missing: Django, Git, REST APIs, Spring Boot",Pending
527,3,387,45.45,38.33,77.9,0.0,70.95,"Git,REST APIs","Django,Kubernetes,Spring Boot","Weighted score 45.45: skills 38.33 (x0.4), academics 77.9 (x0.25), projects 0.0 (x0.2), readiness 70.95 (x0.15).",Git (proficiency 1/5); REST APIs (proficiency 1/5),"Missing: Django, Kubernetes, Spring Boot",Pending
528,3,389,67.63,38.33,89.4,100.0,66.32,"Kubernetes,REST APIs","Django,Git,Spring Boot","Weighted score 67.63: skills 38.33 (x0.4), academics 89.4 (x0.25), projects 100.0 (x0.2), readiness 66.32 (x0.15).",Kubernetes (proficiency 3/5); REST APIs (proficiency 1/5),"Missing: Django, Git, Spring Boot",Approved
529,3,390,55.3,76.67,63.8,0.0,57.9,"Git,Kubernetes,REST APIs,Spring Boot",Django,"Weighted score 55.3: skills 76.67 (x0.4), academics 63.8 (x0.25), projects 0.0 (x0.2), readiness 57.9 (x0.15).",Git (proficiency 2/5); Kubernetes (proficiency 3/5); REST APIs (proficiency 2/5); Spring Boot (proficiency 2/5),Missing: Django,Pending
530,3,391,42.81,23.33,89.4,0.0,74.2,Spring Boot,"Django,Git,Kubernetes,REST APIs","Weighted score 42.81: skills 23.33 (x0.4), academics 89.4 (x0.25), projects 0.0 (x0.2), readiness 74.2 (x0.15).",Spring Boot (proficiency 5/5),"Missing: Django, Git, Kubernetes, REST APIs",Pending
531,3,393,32.72,15.0,71.5,0.0,58.95,Git,"Django,Kubernetes,REST APIs,Spring Boot","Weighted score 32.72: skills 15.0 (x0.4), academics 71.5 (x0.25), projects 0.0 (x0.2), readiness 58.95 (x0.15).",Git (proficiency 5/5),"Missing: Django, Kubernetes, REST APIs, Spring Boot",Pending
532,3,395,47.09,38.33,78.4,0.0,81.03,"Git,Spring Boot","Django,Kubernetes,REST APIs","Weighted score 47.09: skills 38.33 (x0.4), academics 78.4 (x0.25), projects 0.0 (x0.2), readiness 81.03 (x0.15).",Git (proficiency 3/5); Spring Boot (proficiency 4/5),"Missing: Django, Kubernetes, REST APIs",Pending
533,3,396,55.54,61.67,82.6,0.0,68.18,"Git,REST APIs,Spring Boot","Django,Kubernetes","Weighted score 55.54: skills 61.67 (x0.4), academics 82.6 (x0.25), projects 0.0 (x0.2), readiness 68.18 (x0.15).",Git (proficiency 3/5); REST APIs (proficiency 5/5); Spring Boot (proficiency 4/5),"Missing: Django, Kubernetes",Pending
534,3,397,30.87,0.0,81.7,0.0,69.65,,"Django,Git,Kubernetes,REST APIs,Spring Boot","Weighted score 30.87: skills 0.0 (x0.4), academics 81.7 (x0.25), projects 0.0 (x0.2), readiness 69.65 (x0.15).",No overlapping skills on record,"Missing: Django, Git, Kubernetes, REST APIs, Spring Boot",Pending
535,3,398,36.0,15.0,80.3,0.0,66.15,Git,"Django,Kubernetes,REST APIs,Spring Boot","Weighted score 36.0: skills 15.0 (x0.4), academics 80.3 (x0.25), projects 0.0 (x0.2), readiness 66.15 (x0.15).",Git (proficiency 2/5),"Missing: Django, Kubernetes, REST APIs, Spring Boot",Pending
536,3,400,38.12,15.0,83.3,0.0,75.32,Git,"Django,Kubernetes,REST APIs,Spring Boot","Weighted score 38.12: skills 15.0 (x0.4), academics 83.3 (x0.25), projects 0.0 (x0.2), readiness 75.32 (x0.15).",Git (proficiency 2/5),"Missing: Django, Kubernetes, REST APIs, Spring Boot",Pending
537,3,401,54.84,53.33,89.9,0.0,73.58,"Git,Kubernetes,Spring Boot","Django,REST APIs","Weighted score 54.84: skills 53.33 (x0.4), academics 89.9 (x0.25), projects 0.0 (x0.2), readiness 73.58 (x0.15).",Git (proficiency 5/5); Kubernetes (proficiency 5/5); Spring Boot (proficiency 1/5),"Missing: Django, REST APIs",Pending
538,3,403,52.28,46.67,85.6,0.0,81.42,"Django,REST APIs","Git,Kubernetes,Spring Boot","Weighted score 52.28: skills 46.67 (x0.4), academics 85.6 (x0.25), projects 0.0 (x0.2), readiness 81.42 (x0.15).",Django (proficiency 5/5); REST APIs (proficiency 2/5),"Missing: Git, Kubernetes, Spring Boot",Pending
539,3,404,27.86,0.0,74.8,0.0,61.07,,"Django,Git,Kubernetes,REST APIs,Spring Boot","Weighted score 27.86: skills 0.0 (x0.4), academics 74.8 (x0.25), projects 0.0 (x0.2), readiness 61.07 (x0.15).",No overlapping skills on record,"Missing: Django, Git, Kubernetes, REST APIs, Spring Boot",Pending
540,3,405,60.07,38.33,77.6,66.67,80.05,"Kubernetes,REST APIs","Django,Git,Spring Boot","Weighted score 60.07: skills 38.33 (x0.4), academics 77.6 (x0.25), projects 66.67 (x0.2), readiness 80.05 (x0.15).",Kubernetes (proficiency 1/5); REST APIs (proficiency 3/5),"Missing: Django, Git, Spring Boot",Pending
541,3,406,41.97,23.33,86.8,0.0,72.9,REST APIs,"Django,Git,Kubernetes,Spring Boot","Weighted score 41.97: skills 23.33 (x0.4), academics 86.8 (x0.25), projects 0.0 (x0.2), readiness 72.9 (x0.15).",REST APIs (proficiency 3/5),"Missing: Django, Git, Kubernetes, Spring Boot",Pending
542,3,407,35.56,15.0,76.5,0.0,69.58,Git,"Django,Kubernetes,REST APIs,Spring Boot","Weighted score 35.56: skills 15.0 (x0.4), academics 76.5 (x0.25), projects 0.0 (x0.2), readiness 69.58 (x0.15).",Git (proficiency 2/5),"Missing: Django, Kubernetes, REST APIs, Spring Boot",Pending
543,3,408,42.83,15.0,70.4,50.0,61.53,Kubernetes,"Django,Git,REST APIs,Spring Boot","Weighted score 42.83: skills 15.0 (x0.4), academics 70.4 (x0.25), projects 50.0 (x0.2), readiness 61.53 (x0.15).",Kubernetes (proficiency 3/5),"Missing: Django, Git, REST APIs, Spring Boot",Pending
544,3,409,42.21,23.33,86.2,0.0,75.5,Django,"Git,Kubernetes,REST APIs,Spring Boot","Weighted score 42.21: skills 23.33 (x0.4), academics 86.2 (x0.25), projects 0.0 (x0.2), readiness 75.5 (x0.15).",Django (proficiency 5/5),"Missing: Git, Kubernetes, REST APIs, Spring Boot",Pending
545,3,410,23.74,0.0,60.4,0.0,57.6,,"Django,Git,Kubernetes,REST APIs,Spring Boot","Weighted score 23.74: skills 0.0 (x0.4), academics 60.4 (x0.25), projects 0.0 (x0.2), readiness 57.6 (x0.15).",No overlapping skills on record,"Missing: Django, Git, Kubernetes, REST APIs, Spring Boot",Pending
546,3,411,34.08,0.0,86.1,0.0,83.72,,"Django,Git,Kubernetes,REST APIs,Spring Boot","Weighted score 34.08: skills 0.0 (x0.4), academics 86.1 (x0.25), projects 0.0 (x0.2), readiness 83.72 (x0.15).",No overlapping skills on record,"Missing: Django, Git, Kubernetes, REST APIs, Spring Boot",Pending
547,3,412,45.83,23.33,93.1,0.0,88.15,Django,"Git,Kubernetes,REST APIs,Spring Boot","Weighted score 45.83: skills 23.33 (x0.4), academics 93.1 (x0.25), projects 0.0 (x0.2), readiness 88.15 (x0.15).",Django (proficiency 5/5),"Missing: Git, Kubernetes, REST APIs, Spring Boot",Pending
548,3,413,40.16,30.0,71.4,0.0,68.7,"Git,Kubernetes","Django,REST APIs,Spring Boot","Weighted score 40.16: skills 30.0 (x0.4), academics 71.4 (x0.25), projects 0.0 (x0.2), readiness 68.7 (x0.15).",Git (proficiency 3/5); Kubernetes (proficiency 3/5),"Missing: Django, REST APIs, Spring Boot",Pending
549,3,415,49.31,38.33,96.6,0.0,65.55,"Django,Kubernetes","Git,REST APIs,Spring Boot","Weighted score 49.31: skills 38.33 (x0.4), academics 96.6 (x0.25), projects 0.0 (x0.2), readiness 65.55 (x0.15).",Django (proficiency 1/5); Kubernetes (proficiency 4/5),"Missing: Git, REST APIs, Spring Boot",Pending
550,3,416,59.51,46.67,92.3,33.33,73.98,"Django,Spring Boot","Git,Kubernetes,REST APIs","Weighted score 59.51: skills 46.67 (x0.4), academics 92.3 (x0.25), projects 33.33 (x0.2), readiness 73.98 (x0.15).",Django (proficiency 4/5); Spring Boot (proficiency 3/5),"Missing: Git, Kubernetes, REST APIs",Pending
551,3,420,38.07,23.33,71.8,0.0,71.9,Django,"Git,Kubernetes,REST APIs,Spring Boot","Weighted score 38.07: skills 23.33 (x0.4), academics 71.8 (x0.25), projects 0.0 (x0.2), readiness 71.9 (x0.15).",Django (proficiency 2/5),"Missing: Git, Kubernetes, REST APIs, Spring Boot",Pending
552,3,421,42.38,15.0,94.5,0.0,85.0,Git,"Django,Kubernetes,REST APIs,Spring Boot","Weighted score 42.38: skills 15.0 (x0.4), academics 94.5 (x0.25), projects 0.0 (x0.2), readiness 85.0 (x0.15).",Git (proficiency 3/5),"Missing: Django, Kubernetes, REST APIs, Spring Boot",Pending
553,3,422,40.93,30.0,76.1,0.0,66.05,"Git,Kubernetes","Django,REST APIs,Spring Boot","Weighted score 40.93: skills 30.0 (x0.4), academics 76.1 (x0.25), projects 0.0 (x0.2), readiness 66.05 (x0.15).",Git (proficiency 5/5); Kubernetes (proficiency 2/5),"Missing: Django, REST APIs, Spring Boot",Pending
554,3,423,39.09,23.33,75.1,0.0,73.22,REST APIs,"Django,Git,Kubernetes,Spring Boot","Weighted score 39.09: skills 23.33 (x0.4), academics 75.1 (x0.25), projects 0.0 (x0.2), readiness 73.22 (x0.15).",REST APIs (proficiency 3/5),"Missing: Django, Git, Kubernetes, Spring Boot",Pending
555,3,424,53.96,53.33,84.7,0.0,76.35,"Git,Kubernetes,Spring Boot","Django,REST APIs","Weighted score 53.96: skills 53.33 (x0.4), academics 84.7 (x0.25), projects 0.0 (x0.2), readiness 76.35 (x0.15).",Git (proficiency 1/5); Kubernetes (proficiency 2/5); Spring Boot (proficiency 3/5),"Missing: Django, REST APIs",Pending
556,3,426,40.53,23.33,80.6,0.0,73.68,Spring Boot,"Django,Git,Kubernetes,REST APIs","Weighted score 40.53: skills 23.33 (x0.4), academics 80.6 (x0.25), projects 0.0 (x0.2), readiness 73.68 (x0.15).",Spring Boot (proficiency 4/5),"Missing: Django, Git, Kubernetes, REST APIs",Pending
557,3,427,57.15,61.67,83.9,0.0,76.7,"Kubernetes,REST APIs,Spring Boot","Django,Git","Weighted score 57.15: skills 61.67 (x0.4), academics 83.9 (x0.25), projects 0.0 (x0.2), readiness 76.7 (x0.15).",Kubernetes (proficiency 5/5); REST APIs (proficiency 3/5); Spring Boot (proficiency 5/5),"Missing: Django, Git",Pending
558,3,429,34.16,23.33,66.6,0.0,54.5,REST APIs,"Django,Git,Kubernetes,Spring Boot","Weighted score 34.16: skills 23.33 (x0.4), academics 66.6 (x0.25), projects 0.0 (x0.2), readiness 54.5 (x0.15).",REST APIs (proficiency 1/5),"Missing: Django, Git, Kubernetes, Spring Boot",Pending
559,3,430,30.33,0.0,76.6,0.0,74.55,,"Django,Git,Kubernetes,REST APIs,Spring Boot","Weighted score 30.33: skills 0.0 (x0.4), academics 76.6 (x0.25), projects 0.0 (x0.2), readiness 74.55 (x0.15).",No overlapping skills on record,"Missing: Django, Git, Kubernetes, REST APIs, Spring Boot",Pending
560,3,432,40.89,23.33,85.1,0.0,68.55,REST APIs,"Django,Git,Kubernetes,Spring Boot","Weighted score 40.89: skills 23.33 (x0.4), academics 85.1 (x0.25), projects 0.0 (x0.2), readiness 68.55 (x0.15).",REST APIs (proficiency 5/5),"Missing: Django, Git, Kubernetes, Spring Boot",Pending
561,3,433,31.07,15.0,66.2,0.0,56.77,Git,"Django,Kubernetes,REST APIs,Spring Boot","Weighted score 31.07: skills 15.0 (x0.4), academics 66.2 (x0.25), projects 0.0 (x0.2), readiness 56.77 (x0.15).",Git (proficiency 1/5),"Missing: Django, Kubernetes, REST APIs, Spring Boot",Pending
562,3,436,27.01,0.0,68.8,0.0,65.4,,"Django,Git,Kubernetes,REST APIs,Spring Boot","Weighted score 27.01: skills 0.0 (x0.4), academics 68.8 (x0.25), projects 0.0 (x0.2), readiness 65.4 (x0.15).",No overlapping skills on record,"Missing: Django, Git, Kubernetes, REST APIs, Spring Boot",Pending
563,3,437,52.3,15.0,86.1,66.67,76.25,Kubernetes,"Django,Git,REST APIs,Spring Boot","Weighted score 52.3: skills 15.0 (x0.4), academics 86.1 (x0.25), projects 66.67 (x0.2), readiness 76.25 (x0.15).",Kubernetes (proficiency 2/5),"Missing: Django, Git, REST APIs, Spring Boot",Pending
564,3,438,26.89,0.0,64.9,0.0,71.08,,"Django,Git,Kubernetes,REST APIs,Spring Boot","Weighted score 26.89: skills 0.0 (x0.4), academics 64.9 (x0.25), projects 0.0 (x0.2), readiness 71.08 (x0.15).",No overlapping skills on record,"Missing: Django, Git, Kubernetes, REST APIs, Spring Boot",Pending
565,3,439,41.61,23.33,82.3,0.0,78.03,REST APIs,"Django,Git,Kubernetes,Spring Boot","Weighted score 41.61: skills 23.33 (x0.4), academics 82.3 (x0.25), projects 0.0 (x0.2), readiness 78.03 (x0.15).",REST APIs (proficiency 5/5),"Missing: Django, Git, Kubernetes, Spring Boot",Pending
566,3,440,56.74,61.67,87.1,0.0,68.68,"Django,Kubernetes,REST APIs","Git,Spring Boot","Weighted score 56.74: skills 61.67 (x0.4), academics 87.1 (x0.25), projects 0.0 (x0.2), readiness 68.68 (x0.15).",Django (proficiency 3/5); Kubernetes (proficiency 1/5); REST APIs (proficiency 5/5),"Missing: Git, Spring Boot",Pending
567,3,441,35.82,0.0,94.3,0.0,81.65,,"Django,Git,Kubernetes,REST APIs,Spring Boot","Weighted score 35.82: skills 0.0 (x0.4), academics 94.3 (x0.25), projects 0.0 (x0.2), readiness 81.65 (x0.15).",No overlapping skills on record,"Missing: Django, Git, Kubernetes, REST APIs, Spring Boot",Pending
568,3,443,30.91,15.0,64.1,0.0,59.22,Git,"Django,Kubernetes,REST APIs,Spring Boot","Weighted score 30.91: skills 15.0 (x0.4), academics 64.1 (x0.25), projects 0.0 (x0.2), readiness 59.22 (x0.15).",Git (proficiency 5/5),"Missing: Django, Kubernetes, REST APIs, Spring Boot",Pending
569,3,444,57.48,53.33,74.9,33.33,71.7,"Git,Kubernetes,Spring Boot","Django,REST APIs","Weighted score 57.48: skills 53.33 (x0.4), academics 74.9 (x0.25), projects 33.33 (x0.2), readiness 71.7 (x0.15).",Git (proficiency 3/5); Kubernetes (proficiency 2/5); Spring Boot (proficiency 2/5),"Missing: Django, REST APIs",Pending
570,3,445,70.44,38.33,95.5,100.0,74.92,"Django,Kubernetes","Git,REST APIs,Spring Boot","Weighted score 70.44: skills 38.33 (x0.4), academics 95.5 (x0.25), projects 100.0 (x0.2), readiness 74.92 (x0.15).",Django (proficiency 5/5); Kubernetes (proficiency 2/5),"Missing: Git, REST APIs, Spring Boot",Approved
571,3,446,38.2,23.33,73.7,0.0,69.6,Django,"Git,Kubernetes,REST APIs,Spring Boot","Weighted score 38.2: skills 23.33 (x0.4), academics 73.7 (x0.25), projects 0.0 (x0.2), readiness 69.6 (x0.15).",Django (proficiency 4/5),"Missing: Git, Kubernetes, REST APIs, Spring Boot",Pending
572,3,447,50.36,61.67,68.9,0.0,56.45,"Django,Kubernetes,Spring Boot","Git,REST APIs","Weighted score 50.36: skills 61.67 (x0.4), academics 68.9 (x0.25), projects 0.0 (x0.2), readiness 56.45 (x0.15).",Django (proficiency 5/5); Kubernetes (proficiency 2/5); Spring Boot (proficiency 1/5),"Missing: Git, REST APIs",Pending
573,3,450,27.16,0.0,69.4,0.0,65.37,,"Django,Git,Kubernetes,REST APIs,Spring Boot","Weighted score 27.16: skills 0.0 (x0.4), academics 69.4 (x0.25), projects 0.0 (x0.2), readiness 65.37 (x0.15).",No overlapping skills on record,"Missing: Django, Git, Kubernetes, REST APIs, Spring Boot",Pending
574,3,452,41.58,15.0,95.8,0.0,77.5,Kubernetes,"Django,Git,REST APIs,Spring Boot","Weighted score 41.58: skills 15.0 (x0.4), academics 95.8 (x0.25), projects 0.0 (x0.2), readiness 77.5 (x0.15).",Kubernetes (proficiency 3/5),"Missing: Django, Git, REST APIs, Spring Boot",Pending
575,3,454,43.62,15.0,72.7,50.0,62.98,Git,"Django,Kubernetes,REST APIs,Spring Boot","Weighted score 43.62: skills 15.0 (x0.4), academics 72.7 (x0.25), projects 50.0 (x0.2), readiness 62.98 (x0.15).",Git (proficiency 3/5),"Missing: Django, Kubernetes, REST APIs, Spring Boot",Pending
576,3,455,47.29,30.0,99.0,0.0,70.25,"Git,Kubernetes","Django,REST APIs,Spring Boot","Weighted score 47.29: skills 30.0 (x0.4), academics 99.0 (x0.25), projects 0.0 (x0.2), readiness 70.25 (x0.15).",Git (proficiency 1/5); Kubernetes (proficiency 4/5),"Missing: Django, REST APIs, Spring Boot",Pending
577,3,456,43.94,38.33,72.1,0.0,70.55,"Kubernetes,Spring Boot","Django,Git,REST APIs","Weighted score 43.94: skills 38.33 (x0.4), academics 72.1 (x0.25), projects 0.0 (x0.2), readiness 70.55 (x0.15).",Kubernetes (proficiency 5/5); Spring Boot (proficiency 3/5),"Missing: Django, Git, REST APIs",Pending
578,3,458,37.89,0.0,69.9,50.0,69.45,,"Django,Git,Kubernetes,REST APIs,Spring Boot","Weighted score 37.89: skills 0.0 (x0.4), academics 69.9 (x0.25), projects 50.0 (x0.2), readiness 69.45 (x0.15).",No overlapping skills on record,"Missing: Django, Git, Kubernetes, REST APIs, Spring Boot",Pending
579,3,461,37.96,15.0,60.8,33.33,67.28,Kubernetes,"Django,Git,REST APIs,Spring Boot","Weighted score 37.96: skills 15.0 (x0.4), academics 60.8 (x0.25), projects 33.33 (x0.2), readiness 67.28 (x0.15).",Kubernetes (proficiency 1/5),"Missing: Django, Git, REST APIs, Spring Boot",Pending
580,3,462,53.45,70.0,64.0,0.0,63.0,"Django,REST APIs,Spring Boot","Git,Kubernetes","Weighted score 53.45: skills 70.0 (x0.4), academics 64.0 (x0.25), projects 0.0 (x0.2), readiness 63.0 (x0.15).",Django (proficiency 2/5); REST APIs (proficiency 4/5); Spring Boot (proficiency 2/5),"Missing: Git, Kubernetes",Pending
581,3,463,37.79,15.0,81.9,0.0,75.45,Kubernetes,"Django,Git,REST APIs,Spring Boot","Weighted score 37.79: skills 15.0 (x0.4), academics 81.9 (x0.25), projects 0.0 (x0.2), readiness 75.45 (x0.15).",Kubernetes (proficiency 5/5),"Missing: Django, Git, REST APIs, Spring Boot",Pending
582,3,466,28.9,0.0,74.2,0.0,68.97,,"Django,Git,Kubernetes,REST APIs,Spring Boot","Weighted score 28.9: skills 0.0 (x0.4), academics 74.2 (x0.25), projects 0.0 (x0.2), readiness 68.97 (x0.15).",No overlapping skills on record,"Missing: Django, Git, Kubernetes, REST APIs, Spring Boot",Pending
583,3,467,48.35,38.33,90.4,0.0,69.45,"Git,REST APIs","Django,Kubernetes,Spring Boot","Weighted score 48.35: skills 38.33 (x0.4), academics 90.4 (x0.25), projects 0.0 (x0.2), readiness 69.45 (x0.15).",Git (proficiency 5/5); REST APIs (proficiency 1/5),"Missing: Django, Kubernetes, Spring Boot",Pending
584,3,468,36.4,23.33,67.9,0.0,67.28,Spring Boot,"Django,Git,Kubernetes,REST APIs","Weighted score 36.4: skills 23.33 (x0.4), academics 67.9 (x0.25), projects 0.0 (x0.2), readiness 67.28 (x0.15).",Spring Boot (proficiency 3/5),"Missing: Django, Git, Kubernetes, REST APIs",Pending
585,3,469,50.34,38.33,64.5,50.0,59.25,"Kubernetes,REST APIs","Django,Git,Spring Boot","Weighted score 50.34: skills 38.33 (x0.4), academics 64.5 (x0.25), projects 50.0 (x0.2), readiness 59.25 (x0.15).",Kubernetes (proficiency 1/5); REST APIs (proficiency 1/5),"Missing: Django, Git, Spring Boot",Pending
586,3,470,45.01,23.33,98.6,0.0,73.55,REST APIs,"Django,Git,Kubernetes,Spring Boot","Weighted score 45.01: skills 23.33 (x0.4), academics 98.6 (x0.25), projects 0.0 (x0.2), readiness 73.55 (x0.15).",REST APIs (proficiency 4/5),"Missing: Django, Git, Kubernetes, Spring Boot",Pending
587,3,472,43.99,23.33,87.6,0.0,85.05,Spring Boot,"Django,Git,Kubernetes,REST APIs","Weighted score 43.99: skills 23.33 (x0.4), academics 87.6 (x0.25), projects 0.0 (x0.2), readiness 85.05 (x0.15).",Spring Boot (proficiency 5/5),"Missing: Django, Git, Kubernetes, REST APIs",Pending
588,3,473,36.18,15.0,78.1,0.0,71.05,Kubernetes,"Django,Git,REST APIs,Spring Boot","Weighted score 36.18: skills 15.0 (x0.4), academics 78.1 (x0.25), projects 0.0 (x0.2), readiness 71.05 (x0.15).",Kubernetes (proficiency 3/5),"Missing: Django, Git, REST APIs, Spring Boot",Pending
589,3,474,31.64,0.0,80.1,0.0,77.45,,"Django,Git,Kubernetes,REST APIs,Spring Boot","Weighted score 31.64: skills 0.0 (x0.4), academics 80.1 (x0.25), projects 0.0 (x0.2), readiness 77.45 (x0.15).",No overlapping skills on record,"Missing: Django, Git, Kubernetes, REST APIs, Spring Boot",Pending
590,3,476,39.0,23.33,80.9,0.0,62.95,Spring Boot,"Django,Git,Kubernetes,REST APIs","Weighted score 39.0: skills 23.33 (x0.4), academics 80.9 (x0.25), projects 0.0 (x0.2), readiness 62.95 (x0.15).",Spring Boot (proficiency 2/5),"Missing: Django, Git, Kubernetes, REST APIs",Pending
591,3,477,45.48,23.33,72.8,33.33,75.2,REST APIs,"Django,Git,Kubernetes,Spring Boot","Weighted score 45.48: skills 23.33 (x0.4), academics 72.8 (x0.25), projects 33.33 (x0.2), readiness 75.2 (x0.15).",REST APIs (proficiency 3/5),"Missing: Django, Git, Kubernetes, Spring Boot",Pending
592,3,478,55.78,61.67,79.0,0.0,75.75,"Django,Git,REST APIs","Kubernetes,Spring Boot","Weighted score 55.78: skills 61.67 (x0.4), academics 79.0 (x0.25), projects 0.0 (x0.2), readiness 75.75 (x0.15).",Django (proficiency 4/5); Git (proficiency 4/5); REST APIs (proficiency 1/5),"Missing: Kubernetes, Spring Boot",Pending
593,3,479,36.33,15.0,77.4,0.0,73.2,Kubernetes,"Django,Git,REST APIs,Spring Boot","Weighted score 36.33: skills 15.0 (x0.4), academics 77.4 (x0.25), projects 0.0 (x0.2), readiness 73.2 (x0.15).",Kubernetes (proficiency 5/5),"Missing: Django, Git, REST APIs, Spring Boot",Pending
594,3,481,38.82,15.0,89.9,0.0,68.95,Kubernetes,"Django,Git,REST APIs,Spring Boot","Weighted score 38.82: skills 15.0 (x0.4), academics 89.9 (x0.25), projects 0.0 (x0.2), readiness 68.95 (x0.15).",Kubernetes (proficiency 5/5),"Missing: Django, Git, REST APIs, Spring Boot",Pending
595,3,482,50.05,53.33,77.3,0.0,62.65,"Git,Kubernetes,Spring Boot","Django,REST APIs","Weighted score 50.05: skills 53.33 (x0.4), academics 77.3 (x0.25), projects 0.0 (x0.2), readiness 62.65 (x0.15).",Git (proficiency 1/5); Kubernetes (proficiency 5/5); Spring Boot (proficiency 5/5),"Missing: Django, REST APIs",Pending
596,3,483,67.27,53.33,65.4,100.0,63.95,"Git,Kubernetes,Spring Boot","Django,REST APIs","Weighted score 67.27: skills 53.33 (x0.4), academics 65.4 (x0.25), projects 100.0 (x0.2), readiness 63.95 (x0.15).",Git (proficiency 3/5); Kubernetes (proficiency 3/5); Spring Boot (proficiency 4/5),"Missing: Django, REST APIs",Approved
597,3,484,54.52,46.67,97.5,0.0,76.5,"Django,Spring Boot","Git,Kubernetes,REST APIs","Weighted score 54.52: skills 46.67 (x0.4), academics 97.5 (x0.25), projects 0.0 (x0.2), readiness 76.5 (x0.15).",Django (proficiency 5/5); Spring Boot (proficiency 4/5),"Missing: Git, Kubernetes, REST APIs",Pending
598,3,485,49.73,46.67,77.1,0.0,78.55,"REST APIs,Spring Boot","Django,Git,Kubernetes","Weighted score 49.73: skills 46.67 (x0.4), academics 77.1 (x0.25), projects 0.0 (x0.2), readiness 78.55 (x0.15).",REST APIs (proficiency 5/5); Spring Boot (proficiency 4/5),"Missing: Django, Git, Kubernetes",Pending
599,3,486,29.05,0.0,79.6,0.0,61.0,,"Django,Git,Kubernetes,REST APIs,Spring Boot","Weighted score 29.05: skills 0.0 (x0.4), academics 79.6 (x0.25), projects 0.0 (x0.2), readiness 61.0 (x0.15).",No overlapping skills on record,"Missing: Django, Git, Kubernetes, REST APIs, Spring Boot",Pending
600,3,490,35.9,15.0,75.7,0.0,73.18,Kubernetes,"Django,Git,REST APIs,Spring Boot","Weighted score 35.9: skills 15.0 (x0.4), academics 75.7 (x0.25), projects 0.0 (x0.2), readiness 73.18 (x0.15).",Kubernetes (proficiency 5/5),"Missing: Django, Git, REST APIs, Spring Boot",Pending
601,3,493,60.6,76.67,81.3,0.0,64.03,"Git,Kubernetes,REST APIs,Spring Boot",Django,"Weighted score 60.6: skills 76.67 (x0.4), academics 81.3 (x0.25), projects 0.0 (x0.2), readiness 64.03 (x0.15).",Git (proficiency 4/5); Kubernetes (proficiency 1/5); REST APIs (proficiency 2/5); Spring Boot (proficiency 2/5),Missing: Django,Pending
602,3,494,56.04,15.0,78.6,100.0,69.3,Git,"Django,Kubernetes,REST APIs,Spring Boot","Weighted score 56.04: skills 15.0 (x0.4), academics 78.6 (x0.25), projects 100.0 (x0.2), readiness 69.3 (x0.15).",Git (proficiency 2/5),"Missing: Django, Kubernetes, REST APIs, Spring Boot",Pending
603,3,495,35.95,23.33,66.9,0.0,65.95,Spring Boot,"Django,Git,Kubernetes,REST APIs","Weighted score 35.95: skills 23.33 (x0.4), academics 66.9 (x0.25), projects 0.0 (x0.2), readiness 65.95 (x0.15).",Spring Boot (proficiency 2/5),"Missing: Django, Git, Kubernetes, REST APIs",Pending
604,3,496,45.07,38.33,75.7,0.0,72.1,"Kubernetes,REST APIs","Django,Git,Spring Boot","Weighted score 45.07: skills 38.33 (x0.4), academics 75.7 (x0.25), projects 0.0 (x0.2), readiness 72.1 (x0.15).",Kubernetes (proficiency 2/5); REST APIs (proficiency 3/5),"Missing: Django, Git, Spring Boot",Pending
605,3,500,48.46,0.0,76.5,100.0,62.25,,"Django,Git,Kubernetes,REST APIs,Spring Boot","Weighted score 48.46: skills 0.0 (x0.4), academics 76.5 (x0.25), projects 100.0 (x0.2), readiness 62.25 (x0.15).",No overlapping skills on record,"Missing: Django, Git, Kubernetes, REST APIs, Spring Boot",Pending
606,4,1,33.08,7.5,83.8,0.0,60.9,HTML/CSS,"Algorithms,Docker,Kubernetes,SQL,System Design","Weighted score 33.08: skills 7.5 (x0.4), academics 83.8 (x0.25), projects 0.0 (x0.2), readiness 60.9 (x0.15).",HTML/CSS (proficiency 1/5),"Missing: Algorithms, Docker, Kubernetes, SQL, System Design",Pending
607,4,2,48.18,35.0,88.1,0.0,81.05,Algorithms,"Docker,HTML/CSS,Kubernetes,SQL,System Design","Weighted score 48.18: skills 35.0 (x0.4), academics 88.1 (x0.25), projects 0.0 (x0.2), readiness 81.05 (x0.15).",Algorithms (proficiency 3/5),"Missing: Docker, HTML/CSS, Kubernetes, SQL, System Design",Pending
608,4,9,75.23,77.5,92.3,50.0,74.35,"Algorithms,Docker,System Design","HTML/CSS,Kubernetes,SQL","Weighted score 75.23: skills 77.5 (x0.4), academics 92.3 (x0.25), projects 50.0 (x0.2), readiness 74.35 (x0.15).",Algorithms (proficiency 4/5); Docker (proficiency 1/5); System Design (proficiency 4/5),"Missing: HTML/CSS, Kubernetes, SQL",Approved
609,4,14,53.62,42.5,66.0,50.0,67.5,"Algorithms,Docker","HTML/CSS,Kubernetes,SQL,System Design","Weighted score 53.62: skills 42.5 (x0.4), academics 66.0 (x0.25), projects 50.0 (x0.2), readiness 67.5 (x0.15).",Algorithms (proficiency 5/5); Docker (proficiency 4/5),"Missing: HTML/CSS, Kubernetes, SQL, System Design",Pending
610,4,17,45.16,15.0,76.5,50.0,66.92,"Docker,Kubernetes","Algorithms,HTML/CSS,SQL,System Design","Weighted score 45.16: skills 15.0 (x0.4), academics 76.5 (x0.25), projects 50.0 (x0.2), readiness 66.92 (x0.15).",Docker (proficiency 3/5); Kubernetes (proficiency 1/5),"Missing: Algorithms, HTML/CSS, SQL, System Design",Pending
611,4,18,46.25,0.0,94.8,50.0,83.65,,"Algorithms,Docker,HTML/CSS,Kubernetes,SQL,System Design","Weighted score 46.25: skills 0.0 (x0.4), academics 94.8 (x0.25), projects 50.0 (x0.2), readiness 83.65 (x0.15).",No overlapping skills on record,"Missing: Algorithms, Docker, HTML/CSS, Kubernetes, SQL, System Design",Pending
612,4,20,34.11,7.5,81.3,0.0,71.9,Docker,"Algorithms,HTML/CSS,Kubernetes,SQL,System Design","Weighted score 34.11: skills 7.5 (x0.4), academics 81.3 (x0.25), projects 0.0 (x0.2), readiness 71.9 (x0.15).",Docker (proficiency 2/5),"Missing: Algorithms, HTML/CSS, Kubernetes, SQL, System Design",Pending
613,4,21,53.48,7.5,85.0,100.0,61.5,SQL,"Algorithms,Docker,HTML/CSS,Kubernetes,System Design","Weighted score 53.48: skills 7.5 (x0.4), academics 85.0 (x0.25), projects 100.0 (x0.2), readiness 61.5 (x0.15).",SQL (proficiency 1/5),"Missing: Algorithms, Docker, HTML/CSS, Kubernetes, System Design",Pending
614,4,23,44.33,15.0,76.1,50.0,62.05,"HTML/CSS,SQL","Algorithms,Docker,Kubernetes,System Design","Weighted score 44.33: skills 15.0 (x0.4), academics 76.1 (x0.25), projects 50.0 (x0.2), readiness 62.05 (x0.15).",HTML/CSS (proficiency 3/5); SQL (proficiency 1/5),"Missing: Algorithms, Docker, Kubernetes, System Design",Pending
615,4,26,38.07,7.5,66.9,33.33,77.85,SQL,"Algorithms,Docker,HTML/CSS,Kubernetes,System Design","Weighted score 38.07: skills 7.5 (x0.4), academics 66.9 (x0.25), projects 33.33 (x0.2), readiness 77.85 (x0.15).",SQL (proficiency 3/5),"Missing: Algorithms, Docker, HTML/CSS, Kubernetes, System Design",Pending
616,4,35,32.58,7.5,73.0,0.0,75.5,HTML/CSS,"Algorithms,Docker,Kubernetes,SQL,System Design","Weighted score 32.58: skills 7.5 (x0.4), academics 73.0 (x0.25), projects 0.0 (x0.2), readiness 75.5 (x0.15).",HTML/CSS (proficiency 5/5),"Missing: Algorithms, Docker, Kubernetes, SQL, System Design",Pending
617,4,44,55.71,50.0,93.8,0.0,81.73,"Docker,SQL,System Design","Algorithms,HTML/CSS,Kubernetes","Weighted score 55.71: skills 50.0 (x0.4), academics 93.8 (x0.25), projects 0.0 (x0.2), readiness 81.73 (x0.15).",Docker (proficiency 3/5); SQL (proficiency 4/5); System Design (proficiency 2/5),"Missing: Algorithms, HTML/CSS, Kubernetes",Pending
618,4,45,35.98,0.0,74.0,33.33,72.12,,"Algorithms,Docker,HTML/CSS,Kubernetes,SQL,System Design","Weighted score 35.98: skills 0.0 (x0.4), academics 74.0 (x0.25), projects 33.33 (x0.2), readiness 72.12 (x0.15).",No overlapping skills on record,"Missing: Algorithms, Docker, HTML/CSS, Kubernetes, SQL, System Design",Pending
619,4,57,29.75,7.5,66.7,0.0,67.15,HTML/CSS,"Algorithms,Docker,Kubernetes,SQL,System Design","Weighted score 29.75: skills 7.5 (x0.4), academics 66.7 (x0.25), projects 0.0 (x0.2), readiness 67.15 (x0.15).",HTML/CSS (proficiency 5/5),"Missing: Algorithms, Docker, Kubernetes, SQL, System Design",Pending
620,4,59,35.11,0.0,97.1,0.0,72.22,,"Algorithms,Docker,HTML/CSS,Kubernetes,SQL,System Design","Weighted score 35.11: skills 0.0 (x0.4), academics 97.1 (x0.25), projects 0.0 (x0.2), readiness 72.22 (x0.15).",No overlapping skills on record,"Missing: Algorithms, Docker, HTML/CSS, Kubernetes, SQL, System Design",Pending
621,4,61,36.0,7.5,90.6,0.0,68.97,Kubernetes,"Algorithms,Docker,HTML/CSS,SQL,System Design","Weighted score 36.0: skills 7.5 (x0.4), academics 90.6 (x0.25), projects 0.0 (x0.2), readiness 68.97 (x0.15).",Kubernetes (proficiency 3/5),"Missing: Algorithms, Docker, HTML/CSS, SQL, System Design",Pending
622,4,62,50.2,7.5,88.5,66.67,78.25,SQL,"Algorithms,Docker,HTML/CSS,Kubernetes,System Design","Weighted score 50.2: skills 7.5 (x0.4), academics 88.5 (x0.25), projects 66.67 (x0.2), readiness 78.25 (x0.15).",SQL (proficiency 4/5),"Missing: Algorithms, Docker, HTML/CSS, Kubernetes, System Design",Pending
623,4,68,47.1,50.0,70.0,0.0,64.0,"Algorithms,Docker,HTML/CSS","Kubernetes,SQL,System Design","Weighted score 47.1: skills 50.0 (x0.4), academics 70.0 (x0.25), projects 0.0 (x0.2), readiness 64.0 (x0.15).",Algorithms (proficiency 3/5); Docker (proficiency 2/5); HTML/CSS (proficiency 1/5),"Missing: Kubernetes, SQL, System Design",Pending
624,4,71,38.98,0.0,81.2,33.33,80.1,,"Algorithms,Docker,HTML/CSS,Kubernetes,SQL,System Design","Weighted score 38.98: skills 0.0 (x0.4), academics 81.2 (x0.25), projects 33.33 (x0.2), readiness 80.1 (x0.15).",No overlapping skills on record,"Missing: Algorithms, Docker, HTML/CSS, Kubernetes, SQL, System Design",Pending
625,4,73,29.69,7.5,66.2,0.0,67.6,Docker,"Algorithms,HTML/CSS,Kubernetes,SQL,System Design","Weighted score 29.69: skills 7.5 (x0.4), academics 66.2 (x0.25), projects 0.0 (x0.2), readiness 67.6 (x0.15).",Docker (proficiency 5/5),"Missing: Algorithms, HTML/CSS, Kubernetes, SQL, System Design",Pending
626,4,80,28.18,0.0,65.8,0.0,78.23,,"Algorithms,Docker,HTML/CSS,Kubernetes,SQL,System Design","Weighted score 28.18: skills 0.0 (x0.4), academics 65.8 (x0.25), projects 0.0 (x0.2), readiness 78.23 (x0.15).",No overlapping skills on record,"Missing: Algorithms, Docker, HTML/CSS, Kubernetes, SQL, System Design",Pending
627,4,84,48.79,35.0,69.1,33.33,72.3,System Design,"Algorithms,Docker,HTML/CSS,Kubernetes,SQL","Weighted score 48.79: skills 35.0 (x0.4), academics 69.1 (x0.25), projects 33.33 (x0.2), readiness 72.3 (x0.15).",System Design (proficiency 4/5),"Missing: Algorithms, Docker, HTML/CSS, Kubernetes, SQL",Pending
628,4,88,35.15,7.5,84.9,0.0,72.85,Docker,"Algorithms,HTML/CSS,Kubernetes,SQL,System Design","Weighted score 35.15: skills 7.5 (x0.4), academics 84.9 (x0.25), projects 0.0 (x0.2), readiness 72.85 (x0.15).",Docker (proficiency 1/5),"Missing: Algorithms, HTML/CSS, Kubernetes, SQL, System Design",Pending
629,4,89,47.23,50.0,73.4,0.0,59.2,"Algorithms,Docker,SQL","HTML/CSS,Kubernetes,System Design","Weighted score 47.23: skills 50.0 (x0.4), academics 73.4 (x0.25), projects 0.0 (x0.2), readiness 59.2 (x0.15).",Algorithms (proficiency 3/5); Docker (proficiency 2/5); SQL (proficiency 2/5),"Missing: HTML/CSS, Kubernetes, System Design",Pending
630,4,91,41.23,22.5,82.7,0.0,77.02,"Docker,HTML/CSS,Kubernetes","Algorithms,SQL,System Design","Weighted score 41.23: skills 22.5 (x0.4), academics 82.7 (x0.25), projects 0.0 (x0.2), readiness 77.02 (x0.15).",Docker (proficiency 5/5); HTML/CSS (proficiency 1/5); Kubernetes (proficiency 5/5),"Missing: Algorithms, SQL, System Design",Pending
631,4,93,69.47,77.5,74.9,50.0,64.95,"Algorithms,Kubernetes,System Design","Docker,HTML/CSS,SQL","Weighted score 69.47: skills 77.5 (x0.4), academics 74.9 (x0.25), projects 50.0 (x0.2), readiness 64.95 (x0.15).",Algorithms (proficiency 2/5); Kubernetes (proficiency 2/5); System Design (proficiency 1/5),"Missing: Docker, HTML/CSS, SQL",Approved
632,4,102,33.37,7.5,75.9,0.0,75.95,Docker,"Algorithms,HTML/CSS,Kubernetes,SQL,System Design","Weighted score 33.37: skills 7.5 (x0.4), academics 75.9 (x0.25), projects 0.0 (x0.2), readiness 75.95 (x0.15).",Docker (proficiency 5/5),"Missing: Algorithms, HTML/CSS, Kubernetes, SQL, System Design",Pending
633,4,104,56.41,35.0,95.8,33.33,78.65,System Design,"Algorithms,Docker,HTML/CSS,Kubernetes,SQL","Weighted score 56.41: skills 35.0 (x0.4), academics 95.8 (x0.25), projects 33.33 (x0.2), readiness 78.65 (x0.15).",System Design (proficiency 1/5),"Missing: Algorithms, Docker, HTML/CSS, Kubernetes, SQL",Pending
634,4,113,44.99,15.0,79.6,33.33,82.8,"Docker,SQL","Algorithms,HTML/CSS,Kubernetes,System Design","Weighted score 44.99: skills 15.0 (x0.4), academics 79.6 (x0.25), projects 33.33 (x0.2), readiness 82.8 (x0.15).",Docker (proficiency 5/5); SQL (proficiency 2/5),"Missing: Algorithms, HTML/CSS, Kubernetes, System Design",Pending
635,4,114,31.06,7.5,74.6,0.0,62.7,HTML/CSS,"Algorithms,Docker,Kubernetes,SQL,System Design","Weighted score 31.06: skills 7.5 (x0.4), academics 74.6 (x0.25), projects 0.0 (x0.2), readiness 62.7 (x0.15).",HTML/CSS (proficiency 1/5),"Missing: Algorithms, Docker, Kubernetes, SQL, System Design",Pending
636,4,118,40.88,35.0,72.1,0.0,59.05,System Design,"Algorithms,Docker,HTML/CSS,Kubernetes,SQL","Weighted score 40.88: skills 35.0 (x0.4), academics 72.1 (x0.25), projects 0.0 (x0.2), readiness 59.05 (x0.15).",System Design (proficiency 3/5),"Missing: Algorithms, Docker, HTML/CSS, Kubernetes, SQL",Pending
637,4,123,62.01,50.0,85.1,50.0,71.55,"Docker,SQL,System Design","Algorithms,HTML/CSS,Kubernetes","Weighted score 62.01: skills 50.0 (x0.4), academics 85.1 (x0.25), projects 50.0 (x0.2), readiness 71.55 (x0.15).",Docker (proficiency 2/5); SQL (proficiency 2/5); System Design (proficiency 5/5),"Missing: Algorithms, HTML/CSS, Kubernetes",Approved
638,4,124,49.36,42.5,89.5,0.0,66.55,"Algorithms,Kubernetes","Docker,HTML/CSS,SQL,System Design","Weighted score 49.36: skills 42.5 (x0.4), academics 89.5 (x0.25), projects 0.0 (x0.2), readiness 66.55 (x0.15).",Algorithms (proficiency 2/5); Kubernetes (proficiency 2/5),"Missing: Docker, HTML/CSS, SQL, System Design",Pending
639,4,125,33.9,0.0,90.0,0.0,76.0,,"Algorithms,Docker,HTML/CSS,Kubernetes,SQL,System Design","Weighted score 33.9: skills 0.0 (x0.4), academics 90.0 (x0.25), projects 0.0 (x0.2), readiness 76.0 (x0.15).",No overlapping skills on record,"Missing: Algorithms, Docker, HTML/CSS, Kubernetes, SQL, System Design",Pending
640,4,128,42.15,22.5,85.8,0.0,78.02,"Docker,HTML/CSS,SQL","Algorithms,Kubernetes,System Design","Weighted score 42.15: skills 22.5 (x0.4), academics 85.8 (x0.25), projects 0.0 (x0.2), readiness 78.02 (x0.15).",Docker (proficiency 3/5); HTML/CSS (proficiency 3/5); SQL (proficiency 3/5),"Missing: Algorithms, Kubernetes, System Design",Pending
641,4,129,64.46,85.0,80.5,0.0,68.92,"Algorithms,HTML/CSS,Kubernetes,System Design","Docker,SQL","Weighted score 64.46: skills 85.0 (x0.4), academics 80.5 (x0.25), projects 0.0 (x0.2), readiness 68.92 (x0.15).",Algorithms (proficiency 2/5); HTML/CSS (proficiency 3/5); Kubernetes (proficiency 2/5); System Design (proficiency 4/5),"Missing: Docker, SQL",Approved
642,4,134,56.45,15.0,81.7,100.0,66.85,"HTML/CSS,Kubernetes","Algorithms,Docker,SQL,System Design","Weighted score 56.45: skills 15.0 (x0.4), academics 81.7 (x0.25), projects 100.0 (x0.2), readiness 66.85 (x0.15).",HTML/CSS (proficiency 5/5); Kubernetes (proficiency 4/5),"Missing: Algorithms, Docker, SQL, System Design",Pending
643,4,135,43.47,42.5,71.3,0.0,57.65,"Algorithms,HTML/CSS","Docker,Kubernetes,SQL,System Design","Weighted score 43.47: skills 42.5 (x0.4), academics 71.3 (x0.25), projects 0.0 (x0.2), readiness 57.65 (x0.15).",Algorithms (proficiency 1/5); HTML/CSS (proficiency 1/5),"Missing: Docker, Kubernetes, SQL, System Design",Pending
644,4,136,30.28,7.5,70.1,0.0,65.05,SQL,"Algorithms,Docker,HTML/CSS,Kubernetes,System Design","Weighted score 30.28: skills 7.5 (x0.4), academics 70.1 (x0.25), projects 0.0 (x0.2), readiness 65.05 (x0.15).",SQL (proficiency 1/5),"Missing: Algorithms, Docker, HTML/CSS, Kubernetes, System Design",Pending
645,4,137,27.32,0.0,71.0,0.0,63.83,,"Algorithms,Docker,HTML/CSS,Kubernetes,SQL,System Design","Weighted score 27.32: skills 0.0 (x0.4), academics 71.0 (x0.25), projects 0.0 (x0.2), readiness 63.83 (x0.15).",No overlapping skills on record,"Missing: Algorithms, Docker, HTML/CSS, Kubernetes, SQL, System Design",Pending
646,4,138,42.54,42.5,67.4,0.0,57.95,"Algorithms,SQL","Docker,HTML/CSS,Kubernetes,System Design","Weighted score 42.54: skills 42.5 (x0.4), academics 67.4 (x0.25), projects 0.0 (x0.2), readiness 57.95 (x0.15).",Algorithms (proficiency 2/5); SQL (proficiency 4/5),"Missing: Docker, HTML/CSS, Kubernetes, System Design",Pending
647,4,139,33.65,15.0,73.3,0.0,62.15,"Docker,Kubernetes","Algorithms,HTML/CSS,SQL,System Design","Weighted score 33.65: skills 15.0 (x0.4), academics 73.3 (x0.25), projects 0.0 (x0.2), readiness 62.15 (x0.15).",Docker (proficiency 2/5); Kubernetes (proficiency 1/5),"Missing: Algorithms, HTML/CSS, SQL, System Design",Pending
648,4,143,68.91,92.5,86.6,0.0,68.42,"Algorithms,HTML/CSS,Kubernetes,SQL,System Design",Docker,"Weighted score 68.91: skills 92.5 (x0.4), academics 86.6 (x0.25), projects 0.0 (x0.2), readiness 68.42 (x0.15).",Algorithms (proficiency 3/5); HTML/CSS (proficiency 2/5); Kubernetes (proficiency 1/5); SQL (proficiency 5/5); System Design (proficiency 5/5),Missing: Docker,Approved
649,4,150,35.29,15.0,76.1,0.0,68.42,"HTML/CSS,SQL","Algorithms,Docker,Kubernetes,System Design","Weighted score 35.29: skills 15.0 (x0.4), academics 76.1 (x0.25), projects 0.0 (x0.2), readiness 68.42 (x0.15).",HTML/CSS (proficiency 4/5); SQL (proficiency 5/5),"Missing: Algorithms, Docker, Kubernetes, System Design",Pending
650,4,152,49.78,42.5,81.0,0.0,83.5,"Algorithms,Docker","HTML/CSS,Kubernetes,SQL,System Design","Weighted score 49.78: skills 42.5 (x0.4), academics 81.0 (x0.25), projects 0.0 (x0.2), readiness 83.5 (x0.15).",Algorithms (proficiency 3/5); Docker (proficiency 5/5),"Missing: HTML/CSS, Kubernetes, SQL, System Design",Pending
651,4,153,53.4,42.5,97.7,0.0,79.85,"HTML/CSS,System Design","Algorithms,Docker,Kubernetes,SQL","Weighted score 53.4: skills 42.5 (x0.4), academics 97.7 (x0.25), projects 0.0 (x0.2), readiness 79.85 (x0.15).",HTML/CSS (proficiency 2/5); System Design (proficiency 2/5),"Missing: Algorithms, Docker, Kubernetes, SQL",Pending
652,4,154,50.25,50.0,73.7,0.0,78.85,"Algorithms,HTML/CSS,SQL","Docker,Kubernetes,System Design","Weighted score 50.25: skills 50.0 (x0.4), academics 73.7 (x0.25), projects 0.0 (x0.2), readiness 78.85 (x0.15).",Algorithms (proficiency 4/5); HTML/CSS (proficiency 5/5); SQL (proficiency 5/5),"Missing: Docker, Kubernetes, System Design",Pending
653,4,161,39.22,35.0,62.9,0.0,63.32,System Design,"Algorithms,Docker,HTML/CSS,Kubernetes,SQL","Weighted score 39.22: skills 35.0 (x0.4), academics 62.9 (x0.25), projects 0.0 (x0.2), readiness 63.32 (x0.15).",System Design (proficiency 3/5),"Missing: Algorithms, Docker, HTML/CSS, Kubernetes, SQL",Pending
654,4,164,36.58,15.0,77.8,0.0,74.23,"Docker,SQL","Algorithms,HTML/CSS,Kubernetes,System Design","Weighted score 36.58: skills 15.0 (x0.4), academics 77.8 (x0.25), projects 0.0 (x0.2), readiness 74.23 (x0.15).",Docker (proficiency 3/5); SQL (proficiency 5/5),"Missing: Algorithms, HTML/CSS, Kubernetes, System Design",Pending
655,4,165,32.6,0.0,86.0,0.0,74.0,,"Algorithms,Docker,HTML/CSS,Kubernetes,SQL,System Design","Weighted score 32.6: skills 0.0 (x0.4), academics 86.0 (x0.25), projects 0.0 (x0.2), readiness 74.0 (x0.15).",No overlapping skills on record,"Missing: Algorithms, Docker, HTML/CSS, Kubernetes, SQL, System Design",Pending
656,4,185,36.04,15.0,73.8,0.0,77.28,"Docker,HTML/CSS","Algorithms,Kubernetes,SQL,System Design","Weighted score 36.04: skills 15.0 (x0.4), academics 73.8 (x0.25), projects 0.0 (x0.2), readiness 77.28 (x0.15).",Docker (proficiency 2/5); HTML/CSS (proficiency 3/5),"Missing: Algorithms, Kubernetes, SQL, System Design",Pending
657,4,187,44.21,35.0,76.8,0.0,73.4,System Design,"Algorithms,Docker,HTML/CSS,Kubernetes,SQL","Weighted score 44.21: skills 35.0 (x0.4), academics 76.8 (x0.25), projects 0.0 (x0.2), readiness 73.4 (x0.15).",System Design (proficiency 1/5),"Missing: Algorithms, Docker, HTML/CSS, Kubernetes, SQL",Pending
658,4,195,37.34,22.5,72.9,0.0,67.45,"Docker,HTML/CSS,SQL","Algorithms,Kubernetes,System Design","Weighted score 37.34: skills 22.5 (x0.4), academics 72.9 (x0.25), projects 0.0 (x0.2), readiness 67.45 (x0.15).",Docker (proficiency 5/5); HTML/CSS (proficiency 4/5); SQL (proficiency 1/5),"Missing: Algorithms, Kubernetes, System Design",Pending
659,4,199,49.83,42.5,86.7,0.0,74.35,"Kubernetes,System Design","Algorithms,Docker,HTML/CSS,SQL","Weighted score 49.83: skills 42.5 (x0.4), academics 86.7 (x0.25), projects 0.0 (x0.2), readiness 74.35 (x0.15).",Kubernetes (proficiency 1/5); System Design (proficiency 3/5),"Missing: Algorithms, Docker, HTML/CSS, SQL",Pending
660,4,211,63.63,70.0,95.7,0.0,78.05,"Algorithms,System Design","Docker,HTML/CSS,Kubernetes,SQL","Weighted score 63.63: skills 70.0 (x0.4), academics 95.7 (x0.25), projects 0.0 (x0.2), readiness 78.05 (x0.15).",Algorithms (proficiency 2/5); System Design (proficiency 4/5),"Missing: Docker, HTML/CSS, Kubernetes, SQL",Approved
661,4,215,61.25,70.0,88.0,0.0,75.0,"Algorithms,System Design","Docker,HTML/CSS,Kubernetes,SQL","Weighted score 61.25: skills 70.0 (x0.4), academics 88.0 (x0.25), projects 0.0 (x0.2), readiness 75.0 (x0.15).",Algorithms (proficiency 2/5); System Design (proficiency 4/5),"Missing: Docker, HTML/CSS, Kubernetes, SQL",Pending
662,4,217,40.98,15.0,92.1,0.0,79.68,"Docker,Kubernetes","Algorithms,HTML/CSS,SQL,System Design","Weighted score 40.98: skills 15.0 (x0.4), academics 92.1 (x0.25), projects 0.0 (x0.2), readiness 79.68 (x0.15).",Docker (proficiency 4/5); Kubernetes (proficiency 4/5),"Missing: Algorithms, HTML/CSS, SQL, System Design",Pending
663,4,228,39.75,7.5,97.7,0.0,82.18,HTML/CSS,"Algorithms,Docker,Kubernetes,SQL,System Design","Weighted score 39.75: skills 7.5 (x0.4), academics 97.7 (x0.25), projects 0.0 (x0.2), readiness 82.18 (x0.15).",HTML/CSS (proficiency 5/5),"Missing: Algorithms, Docker, Kubernetes, SQL, System Design",Pending
664,4,236,39.18,15.0,89.4,0.0,72.2,"Docker,SQL","Algorithms,HTML/CSS,Kubernetes,System Design","Weighted score 39.18: skills 15.0 (x0.4), academics 89.4 (x0.25), projects 0.0 (x0.2), readiness 72.2 (x0.15).",Docker (proficiency 2/5); SQL (proficiency 2/5),"Missing: Algorithms, HTML/CSS, Kubernetes, System Design",Pending
665,4,239,37.45,7.5,94.0,0.0,73.0,SQL,"Algorithms,Docker,HTML/CSS,Kubernetes,System Design","Weighted score 37.45: skills 7.5 (x0.4), academics 94.0 (x0.25), projects 0.0 (x0.2), readiness 73.0 (x0.15).",SQL (proficiency 3/5),"Missing: Algorithms, Docker, HTML/CSS, Kubernetes, System Design",Pending
666,4,243,56.57,50.0,95.9,0.0,83.95,"Algorithms,HTML/CSS,SQL","Docker,Kubernetes,System Design","Weighted score 56.57: skills 50.0 (x0.4), academics 95.9 (x0.25), projects 0.0 (x0.2), readiness 83.95 (x0.15).",Algorithms (proficiency 2/5); HTML/CSS (proficiency 3/5); SQL (proficiency 2/5),"Missing: Docker, Kubernetes, System Design",Pending
667,4,247,35.35,7.5,87.0,0.0,70.67,Docker,"Algorithms,HTML/CSS,Kubernetes,SQL,System Design","Weighted score 35.35: skills 7.5 (x0.4), academics 87.0 (x0.25), projects 0.0 (x0.2), readiness 70.67 (x0.15).",Docker (proficiency 2/5),"Missing: Algorithms, HTML/CSS, Kubernetes, SQL, System Design",Pending
668,4,254,43.44,30.0,80.0,0.0,76.25,"Docker,HTML/CSS,Kubernetes,SQL","Algorithms,System Design","Weighted score 43.44: skills 30.0 (x0.4), academics 80.0 (x0.25), projects 0.0 (x0.2), readiness 76.25 (x0.15).",Docker (proficiency 3/5); HTML/CSS (proficiency 3/5); Kubernetes (proficiency 5/5); SQL (proficiency 5/5),"Missing: Algorithms, System Design",Pending
669,4,259,33.01,7.5,76.8,0.0,72.07,Docker,"Algorithms,HTML/CSS,Kubernetes,SQL,System Design","Weighted score 33.01: skills 7.5 (x0.4), academics 76.8 (x0.25), projects 0.0 (x0.2), readiness 72.07 (x0.15).",Docker (proficiency 3/5),"Missing: Algorithms, HTML/CSS, Kubernetes, SQL, System Design",Pending
670,4,264,34.32,15.0,71.9,0.0,68.95,"Docker,Kubernetes","Algorithms,HTML/CSS,SQL,System Design","Weighted score 34.32: skills 15.0 (x0.4), academics 71.9 (x0.25), projects 0.0 (x0.2), readiness 68.95 (x0.15).",Docker (proficiency 1/5); Kubernetes (proficiency 4/5),"Missing: Algorithms, HTML/CSS, SQL, System Design",Pending
671,4,267,35.12,15.0,74.9,0.0,69.32,"Kubernetes,SQL","Algorithms,Docker,HTML/CSS,System Design","Weighted score 35.12: skills 15.0 (x0.4), academics 74.9 (x0.25), projects 0.0 (x0.2), readiness 69.32 (x0.15).",Kubernetes (proficiency 1/5); SQL (proficiency 5/5),"Missing: Algorithms, Docker, HTML/CSS, System Design",Pending
672,4,269,62.14,50.0,85.5,50.0,71.75,"Algorithms,HTML/CSS,SQL","Docker,Kubernetes,System Design","Weighted score 62.14: skills 50.0 (x0.4), academics 85.5 (x0.25), projects 50.0 (x0.2), readiness 71.75 (x0.15).",Algorithms (proficiency 2/5); HTML/CSS (proficiency 2/5); SQL (proficiency 5/5),"Missing: Docker, Kubernetes, System Design",Approved
673,4,271,70.87,42.5,93.5,100.0,69.95,"HTML/CSS,System Design","Algorithms,Docker,Kubernetes,SQL","Weighted score 70.87: skills 42.5 (x0.4), academics 93.5 (x0.25), projects 100.0 (x0.2), readiness 69.95 (x0.15).",HTML/CSS (proficiency 1/5); System Design (proficiency 1/5),"Missing: Algorithms, Docker, Kubernetes, SQL",Approved
674,4,275,34.65,0.0,93.8,0.0,74.65,,"Algorithms,Docker,HTML/CSS,Kubernetes,SQL,System Design","Weighted score 34.65: skills 0.0 (x0.4), academics 93.8 (x0.25), projects 0.0 (x0.2), readiness 74.65 (x0.15).",No overlapping skills on record,"Missing: Algorithms, Docker, HTML/CSS, Kubernetes, SQL, System Design",Pending
675,4,278,37.42,7.5,93.0,0.0,74.5,Kubernetes,"Algorithms,Docker,HTML/CSS,SQL,System Design","Weighted score 37.42: skills 7.5 (x0.4), academics 93.0 (x0.25), projects 0.0 (x0.2), readiness 74.5 (x0.15).",Kubernetes (proficiency 5/5),"Missing: Algorithms, Docker, HTML/CSS, SQL, System Design",Pending
676,4,279,46.9,50.0,72.8,0.0,58.02,"Algorithms,Kubernetes,SQL","Docker,HTML/CSS,System Design","Weighted score 46.9: skills 50.0 (x0.4), academics 72.8 (x0.25), projects 0.0 (x0.2), readiness 58.02 (x0.15).",Algorithms (proficiency 3/5); Kubernetes (proficiency 2/5); SQL (proficiency 3/5),"Missing: Docker, HTML/CSS, System Design",Pending
677,4,283,35.24,7.5,89.2,0.0,66.27,Kubernetes,"Algorithms,Docker,HTML/CSS,SQL,System Design","Weighted score 35.24: skills 7.5 (x0.4), academics 89.2 (x0.25), projects 0.0 (x0.2), readiness 66.27 (x0.15).",Kubernetes (proficiency 2/5),"Missing: Algorithms, Docker, HTML/CSS, SQL, System Design",Pending
678,4,285,69.9,77.5,80.4,33.33,80.87,"Algorithms,Docker,System Design","HTML/CSS,Kubernetes,SQL","Weighted score 69.9: skills 77.5 (x0.4), academics 80.4 (x0.25), projects 33.33 (x0.2), readiness 80.87 (x0.15).",Algorithms (proficiency 1/5); Docker (proficiency 5/5); System Design (proficiency 5/5),"Missing: HTML/CSS, Kubernetes, SQL",Approved
679,4,291,51.45,42.5,91.4,0.0,77.32,"Docker,System Design","Algorithms,HTML/CSS,Kubernetes,SQL","Weighted score 51.45: skills 42.5 (x0.4), academics 91.4 (x0.25), projects 0.0 (x0.2), readiness 77.32 (x0.15).",Docker (proficiency 2/5); System Design (proficiency 5/5),"Missing: Algorithms, HTML/CSS, Kubernetes, SQL",Pending
680,4,294,53.27,42.5,99.6,0.0,75.8,"HTML/CSS,System Design","Algorithms,Docker,Kubernetes,SQL","Weighted score 53.27: skills 42.5 (x0.4), academics 99.6 (x0.25), projects 0.0 (x0.2), readiness 75.8 (x0.15).",HTML/CSS (proficiency 5/5); System Design (proficiency 5/5),"Missing: Algorithms, Docker, Kubernetes, SQL",Pending
681,4,295,35.72,0.0,96.3,0.0,77.65,,"Algorithms,Docker,HTML/CSS,Kubernetes,SQL,System Design","Weighted score 35.72: skills 0.0 (x0.4), academics 96.3 (x0.25), projects 0.0 (x0.2), readiness 77.65 (x0.15).",No overlapping skills on record,"Missing: Algorithms, Docker, HTML/CSS, Kubernetes, SQL, System Design",Pending
682,4,301,32.35,0.0,84.0,0.0,75.67,,"Algorithms,Docker,HTML/CSS,Kubernetes,SQL,System Design","Weighted score 32.35: skills 0.0 (x0.4), academics 84.0 (x0.25), projects 0.0 (x0.2), readiness 75.67 (x0.15).",No overlapping skills on record,"Missing: Algorithms, Docker, HTML/CSS, Kubernetes, SQL, System Design",Pending
683,4,303,46.03,42.5,74.1,0.0,70.05,"Algorithms,SQL","Docker,HTML/CSS,Kubernetes,System Design","Weighted score 46.03: skills 42.5 (x0.4), academics 74.1 (x0.25), projects 0.0 (x0.2), readiness 70.05 (x0.15).",Algorithms (proficiency 4/5); SQL (proficiency 5/5),"Missing: Docker, HTML/CSS, Kubernetes, System Design",Pending
684,4,308,50.94,42.5,88.4,0.0,78.95,"Algorithms,Docker","HTML/CSS,Kubernetes,SQL,System Design","Weighted score 50.94: skills 42.5 (x0.4), academics 88.4 (x0.25), projects 0.0 (x0.2), readiness 78.95 (x0.15).",Algorithms (proficiency 5/5); Docker (proficiency 5/5),"Missing: HTML/CSS, Kubernetes, SQL, System Design",Pending
685,4,309,59.36,77.5,73.5,0.0,66.58,"Algorithms,SQL,System Design","Docker,HTML/CSS,Kubernetes","Weighted score 59.36: skills 77.5 (x0.4), academics 73.5 (x0.25), projects 0.0 (x0.2), readiness 66.58 (x0.15).",Algorithms (proficiency 2/5); SQL (proficiency 1/5); System Design (proficiency 4/5),"Missing: Docker, HTML/CSS, Kubernetes",Pending
686,4,310,35.64,7.5,84.9,0.0,76.12,SQL,"Algorithms,Docker,HTML/CSS,Kubernetes,System Design","Weighted score 35.64: skills 7.5 (x0.4), academics 84.9 (x0.25), projects 0.0 (x0.2), readiness 76.12 (x0.15).",SQL (proficiency 5/5),"Missing: Algorithms, Docker, HTML/CSS, Kubernetes, System Design",Pending
687,4,311,34.61,0.0,94.5,0.0,73.25,,"Algorithms,Docker,HTML/CSS,Kubernetes,SQL,System Design","Weighted score 34.61: skills 0.0 (x0.4), academics 94.5 (x0.25), projects 0.0 (x0.2), readiness 73.25 (x0.15).",No overlapping skills on record,"Missing: Algorithms, Docker, HTML/CSS, Kubernetes, SQL, System Design",Pending
688,4,312,48.1,42.5,80.7,0.0,72.85,"Algorithms,SQL","Docker,HTML/CSS,Kubernetes,System Design","Weighted score 48.1: skills 42.5 (x0.4), academics 80.7 (x0.25), projects 0.0 (x0.2), readiness 72.85 (x0.15).",Algorithms (proficiency 4/5); SQL (proficiency 1/5),"Missing: Docker, HTML/CSS, Kubernetes, System Design",Pending
689,4,313,59.24,77.5,73.8,0.0,65.28,"Algorithms,SQL,System Design","Docker,HTML/CSS,Kubernetes","Weighted score 59.24: skills 77.5 (x0.4), academics 73.8 (x0.25), projects 0.0 (x0.2), readiness 65.28 (x0.15).",Algorithms (proficiency 3/5); SQL (proficiency 2/5); System Design (proficiency 1/5),"Missing: Docker, HTML/CSS, Kubernetes",Pending
690,4,314,61.61,42.5,66.3,100.0,53.55,"Algorithms,SQL","Docker,HTML/CSS,Kubernetes,System Design","Weighted score 61.61: skills 42.5 (x0.4), academics 66.3 (x0.25), projects 100.0 (x0.2), readiness 53.55 (x0.15).",Algorithms (proficiency 2/5); SQL (proficiency 1/5),"Missing: Docker, HTML/CSS, Kubernetes, System Design",Approved
691,4,318,34.95,15.0,73.7,0.0,70.18,"Docker,Kubernetes","Algorithms,HTML/CSS,SQL,System Design","Weighted score 34.95: skills 15.0 (x0.4), academics 73.7 (x0.25), projects 0.0 (x0.2), readiness 70.18 (x0.15).",Docker (proficiency 3/5); Kubernetes (proficiency 3/5),"Missing: Algorithms, HTML/CSS, SQL, System Design",Pending
692,4,320,61.26,77.5,80.2,0.0,68.1,"Algorithms,Docker,System Design","HTML/CSS,Kubernetes,SQL","Weighted score 61.26: skills 77.5 (x0.4), academics 80.2 (x0.25), projects 0.0 (x0.2), readiness 68.1 (x0.15).",Algorithms (proficiency 1/5); Docker (proficiency 1/5); System Design (proficiency 3/5),"Missing: HTML/CSS, Kubernetes, SQL",Pending
693,4,321,68.07,35.0,92.3,100.0,73.32,System Design,"Algorithms,Docker,HTML/CSS,Kubernetes,SQL","Weighted score 68.07: skills 35.0 (x0.4), academics 92.3 (x0.25), projects 100.0 (x0.2), readiness 73.32 (x0.15).",System Design (proficiency 1/5),"Missing: Algorithms, Docker, HTML/CSS, Kubernetes, SQL",Approved
694,4,335,32.68,7.5,76.5,0.0,70.38,HTML/CSS,"Algorithms,Docker,Kubernetes,SQL,System Design","Weighted score 32.68: skills 7.5 (x0.4), academics 76.5 (x0.25), projects 0.0 (x0.2), readiness 70.38 (x0.15).",HTML/CSS (proficiency 1/5),"Missing: Algorithms, Docker, Kubernetes, SQL, System Design",Pending
695,4,336,66.85,77.5,97.5,0.0,76.5,"Algorithms,Kubernetes,System Design","Docker,HTML/CSS,SQL","Weighted score 66.85: skills 77.5 (x0.4), academics 97.5 (x0.25), projects 0.0 (x0.2), readiness 76.5 (x0.15).",Algorithms (proficiency 5/5); Kubernetes (proficiency 3/5); System Design (proficiency 1/5),"Missing: Docker, HTML/CSS, SQL",Approved
696,4,337,56.78,35.0,94.9,33.33,82.58,System Design,"Algorithms,Docker,HTML/CSS,Kubernetes,SQL","Weighted score 56.78: skills 35.0 (x0.4), academics 94.9 (x0.25), projects 33.33 (x0.2), readiness 82.58 (x0.15).",System Design (proficiency 3/5),"Missing: Algorithms, Docker, HTML/CSS, Kubernetes, SQL",Pending
697,4,341,47.7,7.5,98.0,33.33,90.25,Docker,"Algorithms,HTML/CSS,Kubernetes,SQL,System Design","Weighted score 47.7: skills 7.5 (x0.4), academics 98.0 (x0.25), projects 33.33 (x0.2), readiness 90.25 (x0.15).",Docker (proficiency 5/5),"Missing: Algorithms, HTML/CSS, Kubernetes, SQL, System Design",Pending
698,4,342,35.85,22.5,67.5,0.0,66.5,"Docker,HTML/CSS,Kubernetes","Algorithms,SQL,System Design","Weighted score 35.85: skills 22.5 (x0.4), academics 67.5 (x0.25), projects 0.0 (x0.2), readiness 66.5 (x0.15).",Docker (proficiency 4/5); HTML/CSS (proficiency 3/5); Kubernetes (proficiency 1/5),"Missing: Algorithms, SQL, System Design",Pending
699,4,352,39.67,15.0,89.3,0.0,75.65,"Docker,HTML/CSS","Algorithms,Kubernetes,SQL,System Design","Weighted score 39.67: skills 15.0 (x0.4), academics 89.3 (x0.25), projects 0.0 (x0.2), readiness 75.65 (x0.15).",Docker (proficiency 1/5); HTML/CSS (proficiency 3/5),"Missing: Algorithms, Kubernetes, SQL, System Design",Pending
700,4,354,46.42,42.5,77.5,0.0,66.95,"Algorithms,Docker","HTML/CSS,Kubernetes,SQL,System Design","Weighted score 46.42: skills 42.5 (x0.4), academics 77.5 (x0.25), projects 0.0 (x0.2), readiness 66.95 (x0.15).",Algorithms (proficiency 1/5); Docker (proficiency 3/5),"Missing: HTML/CSS, Kubernetes, SQL, System Design",Pending
701,4,355,40.24,0.0,66.7,66.67,68.18,,"Algorithms,Docker,HTML/CSS,Kubernetes,SQL,System Design","Weighted score 40.24: skills 0.0 (x0.4), academics 66.7 (x0.25), projects 66.67 (x0.2), readiness 68.18 (x0.15).",No overlapping skills on record,"Missing: Algorithms, Docker, HTML/CSS, Kubernetes, SQL, System Design",Pending
702,4,356,36.37,0.0,99.9,0.0,75.95,,"Algorithms,Docker,HTML/CSS,Kubernetes,SQL,System Design","Weighted score 36.37: skills 0.0 (x0.4), academics 99.9 (x0.25), projects 0.0 (x0.2), readiness 75.95 (x0.15).",No overlapping skills on record,"Missing: Algorithms, Docker, HTML/CSS, Kubernetes, SQL, System Design",Pending
703,4,359,37.31,0.0,68.1,50.0,68.55,,"Algorithms,Docker,HTML/CSS,Kubernetes,SQL,System Design","Weighted score 37.31: skills 0.0 (x0.4), academics 68.1 (x0.25), projects 50.0 (x0.2), readiness 68.55 (x0.15).",No overlapping skills on record,"Missing: Algorithms, Docker, HTML/CSS, Kubernetes, SQL, System Design",Pending
704,4,360,40.18,0.0,86.5,33.33,79.25,,"Algorithms,Docker,HTML/CSS,Kubernetes,SQL,System Design","Weighted score 40.18: skills 0.0 (x0.4), academics 86.5 (x0.25), projects 33.33 (x0.2), readiness 79.25 (x0.15).",No overlapping skills on record,"Missing: Algorithms, Docker, HTML/CSS, Kubernetes, SQL, System Design",Pending
705,4,362,54.68,42.5,79.9,33.33,73.62,"SQL,System Design","Algorithms,Docker,HTML/CSS,Kubernetes","Weighted score 54.68: skills 42.5 (x0.4), academics 79.9 (x0.25), projects 33.33 (x0.2), readiness 73.62 (x0.15).",SQL (proficiency 5/5); System Design (proficiency 1/5),"Missing: Algorithms, Docker, HTML/CSS, Kubernetes",Pending
706,4,364,44.79,42.5,73.5,0.0,62.75,"Algorithms,HTML/CSS","Docker,Kubernetes,SQL,System Design","Weighted score 44.79: skills 42.5 (x0.4), academics 73.5 (x0.25), projects 0.0 (x0.2), readiness 62.75 (x0.15).",Algorithms (proficiency 1/5); HTML/CSS (proficiency 3/5),"Missing: Docker, Kubernetes, SQL, System Design",Pending
707,4,367,36.9,7.5,89.6,0.0,76.68,HTML/CSS,"Algorithms,Docker,Kubernetes,SQL,System Design","Weighted score 36.9: skills 7.5 (x0.4), academics 89.6 (x0.25), projects 0.0 (x0.2), readiness 76.68 (x0.15).",HTML/CSS (proficiency 2/5),"Missing: Algorithms, Docker, Kubernetes, SQL, System Design",Pending
708,4,368,32.8,7.5,78.3,0.0,68.15,Kubernetes,"Algorithms,Docker,HTML/CSS,SQL,System Design","Weighted score 32.8: skills 7.5 (x0.4), academics 78.3 (x0.25), projects 0.0 (x0.2), readiness 68.15 (x0.15).",Kubernetes (proficiency 1/5),"Missing: Algorithms, Docker, HTML/CSS, SQL, System Design",Pending
709,4,370,29.68,7.5,66.3,0.0,67.4,Kubernetes,"Algorithms,Docker,HTML/CSS,SQL,System Design","Weighted score 29.68: skills 7.5 (x0.4), academics 66.3 (x0.25), projects 0.0 (x0.2), readiness 67.4 (x0.15).",Kubernetes (proficiency 5/5),"Missing: Algorithms, Docker, HTML/CSS, SQL, System Design",Pending
710,4,371,29.94,7.5,68.6,0.0,65.3,SQL,"Algorithms,Docker,HTML/CSS,Kubernetes,System Design","Weighted score 29.94: skills 7.5 (x0.4), academics 68.6 (x0.25), projects 0.0 (x0.2), readiness 65.3 (x0.15).",SQL (proficiency 5/5),"Missing: Algorithms, Docker, HTML/CSS, Kubernetes, System Design",Pending
711,4,373,39.72,0.0,78.2,50.0,67.77,,"Algorithms,Docker,HTML/CSS,Kubernetes,SQL,System Design","Weighted score 39.72: skills 0.0 (x0.4), academics 78.2 (x0.25), projects 50.0 (x0.2), readiness 67.77 (x0.15).",No overlapping skills on record,"Missing: Algorithms, Docker, HTML/CSS, Kubernetes, SQL, System Design",Pending
712,4,391,36.48,7.5,89.4,0.0,74.2,HTML/CSS,"Algorithms,Docker,Kubernetes,SQL,System Design","Weighted score 36.48: skills 7.5 (x0.4), academics 89.4 (x0.25), projects 0.0 (x0.2), readiness 74.2 (x0.15).",HTML/CSS (proficiency 3/5),"Missing: Algorithms, Docker, Kubernetes, SQL, System Design",Pending
713,4,393,46.72,0.0,71.5,100.0,58.95,,"Algorithms,Docker,HTML/CSS,Kubernetes,SQL,System Design","Weighted score 46.72: skills 0.0 (x0.4), academics 71.5 (x0.25), projects 100.0 (x0.2), readiness 58.95 (x0.15).",No overlapping skills on record,"Missing: Algorithms, Docker, HTML/CSS, Kubernetes, SQL, System Design",Pending
714,4,395,52.42,35.0,78.4,33.33,81.03,Algorithms,"Docker,HTML/CSS,Kubernetes,SQL,System Design","Weighted score 52.42: skills 35.0 (x0.4), academics 78.4 (x0.25), projects 33.33 (x0.2), readiness 81.03 (x0.15).",Algorithms (proficiency 3/5),"Missing: Docker, HTML/CSS, Kubernetes, SQL, System Design",Pending
715,4,396,47.88,42.5,82.6,0.0,68.18,"Algorithms,SQL","Docker,HTML/CSS,Kubernetes,System Design","Weighted score 47.88: skills 42.5 (x0.4), academics 82.6 (x0.25), projects 0.0 (x0.2), readiness 68.18 (x0.15).",Algorithms (proficiency 1/5); SQL (proficiency 4/5),"Missing: Docker, HTML/CSS, Kubernetes, System Design",Pending
716,4,397,58.87,70.0,81.7,0.0,69.65,"Algorithms,System Design","Docker,HTML/CSS,Kubernetes,SQL","Weighted score 58.87: skills 70.0 (x0.4), academics 81.7 (x0.25), projects 0.0 (x0.2), readiness 69.65 (x0.15).",Algorithms (proficiency 5/5); System Design (proficiency 2/5),"Missing: Docker, HTML/CSS, Kubernetes, SQL",Pending
717,4,400,38.79,0.0,83.3,33.33,75.32,,"Algorithms,Docker,HTML/CSS,Kubernetes,SQL,System Design","Weighted score 38.79: skills 0.0 (x0.4), academics 83.3 (x0.25), projects 33.33 (x0.2), readiness 75.32 (x0.15).",No overlapping skills on record,"Missing: Algorithms, Docker, HTML/CSS, Kubernetes, SQL, System Design",Pending
718,4,406,35.64,7.5,86.8,0.0,72.9,SQL,"Algorithms,Docker,HTML/CSS,Kubernetes,System Design","Weighted score 35.64: skills 7.5 (x0.4), academics 86.8 (x0.25), projects 0.0 (x0.2), readiness 72.9 (x0.15).",SQL (proficiency 2/5),"Missing: Algorithms, Docker, HTML/CSS, Kubernetes, System Design",Pending
719,4,407,43.56,35.0,76.5,0.0,69.58,Algorithms,"Docker,HTML/CSS,Kubernetes,SQL,System Design","Weighted score 43.56: skills 35.0 (x0.4), academics 76.5 (x0.25), projects 0.0 (x0.2), readiness 69.58 (x0.15).",Algorithms (proficiency 3/5),"Missing: Docker, HTML/CSS, Kubernetes, SQL, System Design",Pending
720,4,409,32.88,0.0,86.2,0.0,75.5,,"Algorithms,Docker,HTML/CSS,Kubernetes,SQL,System Design","Weighted score 32.88: skills 0.0 (x0.4), academics 86.2 (x0.25), projects 0.0 (x0.2), readiness 75.5 (x0.15).",No overlapping skills on record,"Missing: Algorithms, Docker, HTML/CSS, Kubernetes, SQL, System Design",Pending
721,4,412,46.16,7.5,93.1,33.33,88.15,SQL,"Algorithms,Docker,HTML/CSS,Kubernetes,System Design","Weighted score 46.16: skills 7.5 (x0.4), academics 93.1 (x0.25), projects 33.33 (x0.2), readiness 88.15 (x0.15).",SQL (proficiency 2/5),"Missing: Algorithms, Docker, HTML/CSS, Kubernetes, System Design",Pending
722,4,416,37.17,7.5,92.3,0.0,73.98,SQL,"Algorithms,Docker,HTML/CSS,Kubernetes,System Design","Weighted score 37.17: skills 7.5 (x0.4), academics 92.3 (x0.25), projects 0.0 (x0.2), readiness 73.98 (x0.15).",SQL (proficiency 1/5),"Missing: Algorithms, Docker, HTML/CSS, Kubernetes, System Design",Pending
723,4,421,59.38,7.5,94.5,100.0,85.0,SQL,"Algorithms,Docker,HTML/CSS,Kubernetes,System Design","Weighted score 59.38: skills 7.5 (x0.4), academics 94.5 (x0.25), projects 100.0 (x0.2), readiness 85.0 (x0.15).",SQL (proficiency 4/5),"Missing: Algorithms, Docker, HTML/CSS, Kubernetes, System Design",Pending
724,4,426,57.87,50.0,80.6,33.33,73.68,"Docker,SQL,System Design","Algorithms,HTML/CSS,Kubernetes","Weighted score 57.87: skills 50.0 (x0.4), academics 80.6 (x0.25), projects 33.33 (x0.2), readiness 73.68 (x0.15).",Docker (proficiency 2/5); SQL (proficiency 2/5); System Design (proficiency 5/5),"Missing: Algorithms, HTML/CSS, Kubernetes",Pending
725,4,427,35.48,7.5,83.9,0.0,76.7,Kubernetes,"Algorithms,Docker,HTML/CSS,SQL,System Design","Weighted score 35.48: skills 7.5 (x0.4), academics 83.9 (x0.25), projects 0.0 (x0.2), readiness 76.7 (x0.15).",Kubernetes (proficiency 5/5),"Missing: Algorithms, Docker, HTML/CSS, SQL, System Design",Pending
726,4,430,71.33,77.5,76.6,50.0,74.55,"Algorithms,Docker,System Design","HTML/CSS,Kubernetes,SQL","Weighted score 71.33: skills 77.5 (x0.4), academics 76.6 (x0.25), projects 50.0 (x0.2), readiness 74.55 (x0.15).",Algorithms (proficiency 5/5); Docker (proficiency 2/5); System Design (proficiency 3/5),"Missing: HTML/CSS, Kubernetes, SQL",Approved
727,4,432,31.56,0.0,85.1,0.0,68.55,,"Algorithms,Docker,HTML/CSS,Kubernetes,SQL,System Design","Weighted score 31.56: skills 0.0 (x0.4), academics 85.1 (x0.25), projects 0.0 (x0.2), readiness 68.55 (x0.15).",No overlapping skills on record,"Missing: Algorithms, Docker, HTML/CSS, Kubernetes, SQL, System Design",Pending
728,4,433,48.07,57.5,66.2,0.0,56.77,"Algorithms,Docker,HTML/CSS,SQL","Kubernetes,System Design","Weighted score 48.07: skills 57.5 (x0.4), academics 66.2 (x0.25), projects 0.0 (x0.2), readiness 56.77 (x0.15).",Algorithms (proficiency 2/5); Docker (proficiency 1/5); HTML/CSS (proficiency 5/5); SQL (proficiency 4/5),"Missing: Kubernetes, System Design",Pending
729,4,436,41.01,35.0,68.8,0.0,65.4,Algorithms,"Docker,HTML/CSS,Kubernetes,SQL,System Design","Weighted score 41.01: skills 35.0 (x0.4), academics 68.8 (x0.25), projects 0.0 (x0.2), readiness 65.4 (x0.15).",Algorithms (proficiency 5/5),"Missing: Docker, HTML/CSS, Kubernetes, SQL, System Design",Pending
730,4,437,35.96,7.5,86.1,0.0,76.25,Kubernetes,"Algorithms,Docker,HTML/CSS,SQL,System Design","Weighted score 35.96: skills 7.5 (x0.4), academics 86.1 (x0.25), projects 0.0 (x0.2), readiness 76.25 (x0.15).",Kubernetes (proficiency 2/5),"Missing: Algorithms, Docker, HTML/CSS, SQL, System Design",Pending
731,4,439,79.61,85.0,82.3,66.67,78.03,"Algorithms,Docker,HTML/CSS,System Design","Kubernetes,SQL","Weighted score 79.61: skills 85.0 (x0.4), academics 82.3 (x0.25), projects 66.67 (x0.2), readiness 78.03 (x0.15).",Algorithms (proficiency 1/5); Docker (proficiency 2/5); HTML/CSS (proficiency 3/5); System Design (proficiency 4/5),"Missing: Kubernetes, SQL",Approved
732,4,440,63.08,77.5,87.1,0.0,68.68,"Algorithms,Kubernetes,System Design","Docker,HTML/CSS,SQL","Weighted score 63.08: skills 77.5 (x0.4), academics 87.1 (x0.25), projects 0.0 (x0.2), readiness 68.68 (x0.15).",Algorithms (proficiency 1/5); Kubernetes (proficiency 1/5); System Design (proficiency 2/5),"Missing: Docker, HTML/CSS, SQL",Approved
733,4,446,31.86,7.5,73.7,0.0,69.6,SQL,"Algorithms,Docker,HTML/CSS,Kubernetes,System Design","Weighted score 31.86: skills 7.5 (x0.4), academics 73.7 (x0.25), projects 0.0 (x0.2), readiness 69.6 (x0.15).",SQL (proficiency 2/5),"Missing: Algorithms, Docker, HTML/CSS, Kubernetes, System Design",Pending
734,4,447,28.69,7.5,68.9,0.0,56.45,Kubernetes,"Algorithms,Docker,HTML/CSS,SQL,System Design","Weighted score 28.69: skills 7.5 (x0.4), academics 68.9 (x0.25), projects 0.0 (x0.2), readiness 56.45 (x0.15).",Kubernetes (proficiency 2/5),"Missing: Algorithms, Docker, HTML/CSS, SQL, System Design",Pending
735,4,454,36.62,22.5,72.7,0.0,62.98,"Docker,HTML/CSS,SQL","Algorithms,Kubernetes,System Design","Weighted score 36.62: skills 22.5 (x0.4), academics 72.7 (x0.25), projects 0.0 (x0.2), readiness 62.98 (x0.15).",Docker (proficiency 2/5); HTML/CSS (proficiency 1/5); SQL (proficiency 3/5),"Missing: Algorithms, Kubernetes, System Design",Pending
736,4,463,34.79,7.5,81.9,0.0,75.45,Kubernetes,"Algorithms,Docker,HTML/CSS,SQL,System Design","Weighted score 34.79: skills 7.5 (x0.4), academics 81.9 (x0.25), projects 0.0 (x0.2), readiness 75.45 (x0.15).",Kubernetes (proficiency 5/5),"Missing: Algorithms, Docker, HTML/CSS, SQL, System Design",Pending
737,4,466,58.9,50.0,74.2,50.0,68.97,"Docker,HTML/CSS,System Design","Algorithms,Kubernetes,SQL","Weighted score 58.9: skills 50.0 (x0.4), academics 74.2 (x0.25), projects 50.0 (x0.2), readiness 68.97 (x0.15).",Docker (proficiency 2/5); HTML/CSS (proficiency 3/5); System Design (proficiency 4/5),"Missing: Algorithms, Kubernetes, SQL",Pending
738,4,470,55.68,0.0,98.6,100.0,73.55,,"Algorithms,Docker,HTML/CSS,Kubernetes,SQL,System Design","Weighted score 55.68: skills 0.0 (x0.4), academics 98.6 (x0.25), projects 100.0 (x0.2), readiness 73.55 (x0.15).",No overlapping skills on record,"Missing: Algorithms, Docker, HTML/CSS, Kubernetes, SQL, System Design",Pending
739,4,472,34.66,0.0,87.6,0.0,85.05,,"Algorithms,Docker,HTML/CSS,Kubernetes,SQL,System Design","Weighted score 34.66: skills 0.0 (x0.4), academics 87.6 (x0.25), projects 0.0 (x0.2), readiness 85.05 (x0.15).",No overlapping skills on record,"Missing: Algorithms, Docker, HTML/CSS, Kubernetes, SQL, System Design",Pending
740,4,473,39.85,7.5,78.1,33.33,71.05,Kubernetes,"Algorithms,Docker,HTML/CSS,SQL,System Design","Weighted score 39.85: skills 7.5 (x0.4), academics 78.1 (x0.25), projects 33.33 (x0.2), readiness 71.05 (x0.15).",Kubernetes (proficiency 3/5),"Missing: Algorithms, Docker, HTML/CSS, SQL, System Design",Pending
741,4,474,48.64,42.5,80.1,0.0,77.45,"Algorithms,SQL","Docker,HTML/CSS,Kubernetes,System Design","Weighted score 48.64: skills 42.5 (x0.4), academics 80.1 (x0.25), projects 0.0 (x0.2), readiness 77.45 (x0.15).",Algorithms (proficiency 4/5); SQL (proficiency 4/5),"Missing: Docker, HTML/CSS, Kubernetes, System Design",Pending
742,4,477,32.48,7.5,72.8,0.0,75.2,SQL,"Algorithms,Docker,HTML/CSS,Kubernetes,System Design","Weighted score 32.48: skills 7.5 (x0.4), academics 72.8 (x0.25), projects 0.0 (x0.2), readiness 75.2 (x0.15).",SQL (proficiency 5/5),"Missing: Algorithms, Docker, HTML/CSS, Kubernetes, System Design",Pending
743,4,478,51.11,50.0,79.0,0.0,75.75,"Docker,SQL,System Design","Algorithms,HTML/CSS,Kubernetes","Weighted score 51.11: skills 50.0 (x0.4), academics 79.0 (x0.25), projects 0.0 (x0.2), readiness 75.75 (x0.15).",Docker (proficiency 3/5); SQL (proficiency 3/5); System Design (proficiency 5/5),"Missing: Algorithms, HTML/CSS, Kubernetes",Pending
744,4,482,34.72,15.0,77.3,0.0,62.65,"Kubernetes,SQL","Algorithms,Docker,HTML/CSS,System Design","Weighted score 34.72: skills 15.0 (x0.4), academics 77.3 (x0.25), projects 0.0 (x0.2), readiness 62.65 (x0.15).",Kubernetes (proficiency 5/5); SQL (proficiency 3/5),"Missing: Algorithms, Docker, HTML/CSS, System Design",Pending
745,4,485,50.06,22.5,77.1,50.0,78.55,"Docker,HTML/CSS,SQL","Algorithms,Kubernetes,System Design","Weighted score 50.06: skills 22.5 (x0.4), academics 77.1 (x0.25), projects 50.0 (x0.2), readiness 78.55 (x0.15).",Docker (proficiency 5/5); HTML/CSS (proficiency 3/5); SQL (proficiency 4/5),"Missing: Algorithms, Kubernetes, System Design",Pending
746,4,486,35.05,15.0,79.6,0.0,61.0,"Docker,HTML/CSS","Algorithms,Kubernetes,SQL,System Design","Weighted score 35.05: skills 15.0 (x0.4), academics 79.6 (x0.25), projects 0.0 (x0.2), readiness 61.0 (x0.15).",Docker (proficiency 1/5); HTML/CSS (proficiency 2/5),"Missing: Algorithms, Kubernetes, SQL, System Design",Pending
747,4,493,52.93,57.5,81.3,0.0,64.03,"HTML/CSS,Kubernetes,SQL,System Design","Algorithms,Docker","Weighted score 52.93: skills 57.5 (x0.4), academics 81.3 (x0.25), projects 0.0 (x0.2), readiness 64.03 (x0.15).",HTML/CSS (proficiency 2/5); Kubernetes (proficiency 1/5); SQL (proficiency 3/5); System Design (proficiency 4/5),"Missing: Algorithms, Docker",Pending
748,4,494,58.04,70.0,78.6,0.0,69.3,"Algorithms,System Design","Docker,HTML/CSS,Kubernetes,SQL","Weighted score 58.04: skills 70.0 (x0.4), academics 78.6 (x0.25), projects 0.0 (x0.2), readiness 69.3 (x0.15).",Algorithms (proficiency 3/5); System Design (proficiency 4/5),"Missing: Docker, HTML/CSS, Kubernetes, SQL",Pending
749,5,1,30.08,0.0,83.8,0.0,60.9,,"AWS,C++,Git,Java,JavaScript,Node.js","Weighted score 30.08: skills 0.0 (x0.4), academics 83.8 (x0.25), projects 0.0 (x0.2), readiness 60.9 (x0.15).",No overlapping skills on record,"Missing: AWS, C++, Git, Java, JavaScript, Node.js",Pending
750,5,2,42.18,20.0,88.1,0.0,81.05,"Java,Node.js","AWS,C++,Git,JavaScript","Weighted score 42.18: skills 20.0 (x0.4), academics 88.1 (x0.25), projects 0.0 (x0.2), readiness 81.05 (x0.15).",Java (proficiency 4/5); Node.js (proficiency 1/5),"Missing: AWS, C++, Git, JavaScript",Pending
751,5,4,62.87,56.67,76.3,50.0,74.15,"AWS,C++,Java","Git,JavaScript,Node.js","Weighted score 62.87: skills 56.67 (x0.4), academics 76.3 (x0.25), projects 50.0 (x0.2), readiness 74.15 (x0.15).",AWS (proficiency 5/5); C++ (proficiency 1/5); Java (proficiency 5/5),"Missing: Git, JavaScript, Node.js",Approved
752,5,8,35.12,10.0,87.8,0.0,61.15,Git,"AWS,C++,Java,JavaScript,Node.js","Weighted score 35.12: skills 10.0 (x0.4), academics 87.8 (x0.25), projects 0.0 (x0.2), readiness 61.15 (x0.15).",Git (proficiency 1/5),"Missing: AWS, C++, Java, JavaScript, Node.js",Pending
753,5,9,43.56,23.33,92.3,0.0,74.35,C++,"AWS,Git,Java,JavaScript,Node.js","Weighted score 43.56: skills 23.33 (x0.4), academics 92.3 (x0.25), projects 0.0 (x0.2), readiness 74.35 (x0.15).",C++ (proficiency 3/5),"Missing: AWS, Git, Java, JavaScript, Node.js",Pending
754,5,11,53.96,46.67,94.0,0.0,78.6,"AWS,C++","Git,Java,JavaScript,Node.js","Weighted score 53.96: skills 46.67 (x0.4), academics 94.0 (x0.25), projects 0.0 (x0.2), readiness 78.6 (x0.15).",AWS (proficiency 5/5); C++ (proficiency 5/5),"Missing: Git, Java, JavaScript, Node.js",Pending
755,5,13,36.88,10.0,85.8,0.0,76.23,Git,"AWS,C++,Java,JavaScript,Node.js","Weighted score 36.88: skills 10.0 (x0.4), academics 85.8 (x0.25), projects 0.0 (x0.2), readiness 76.23 (x0.15).",Git (proficiency 3/5),"Missing: AWS, C++, Java, JavaScript, Node.js",Pending
756,5,16,47.75,33.33,91.2,0.0,77.47,"C++,Git","AWS,Java,JavaScript,Node.js","Weighted score 47.75: skills 33.33 (x0.4), academics 91.2 (x0.25), projects 0.0 (x0.2), readiness 77.47 (x0.15).",C++ (proficiency 4/5); Git (proficiency 3/5),"Missing: AWS, Java, JavaScript, Node.js",Pending
757,5,17,29.16,0.0,76.5,0.0,66.92,,"AWS,C++,Git,Java,JavaScript,Node.js","Weighted score 29.16: skills 0.0 (x0.4), academics 76.5 (x0.25), projects 0.0 (x0.2), readiness 66.92 (x0.15).",No overlapping skills on record,"Missing: AWS, C++, Git, Java, JavaScript, Node.js",Pending
758,5,18,58.92,56.67,94.8,0.0,83.65,"AWS,JavaScript,Node.js","C++,Git,Java","Weighted score 58.92: skills 56.67 (x0.4), academics 94.8 (x0.25), projects 0.0 (x0.2), readiness 83.65 (x0.15).",AWS (proficiency 1/5); JavaScript (proficiency 4/5); Node.js (proficiency 5/5),"Missing: C++, Git, Java",Pending
759,5,19,36.26,0.0,88.5,0.0,94.25,,"AWS,C++,Git,Java,JavaScript,Node.js","Weighted score 36.26: skills 0.0 (x0.4), academics 88.5 (x0.25), projects 0.0 (x0.2), readiness 94.25 (x0.15).",No overlapping skills on record,"Missing: AWS, C++, Git, Java, JavaScript, Node.js",Pending
760,5,20,44.44,33.33,81.3,0.0,71.9,"AWS,Git","C++,Java,JavaScript,Node.js","Weighted score 44.44: skills 33.33 (x0.4), academics 81.3 (x0.25), projects 0.0 (x0.2), readiness 71.9 (x0.15).",AWS (proficiency 5/5); Git (proficiency 5/5),"Missing: C++, Java, JavaScript, Node.js",Pending
761,5,21,30.48,0.0,85.0,0.0,61.5,,"AWS,C++,Git,Java,JavaScript,Node.js","Weighted score 30.48: skills 0.0 (x0.4), academics 85.0 (x0.25), projects 0.0 (x0.2), readiness 61.5 (x0.15).",No overlapping skills on record,"Missing: AWS, C++, Git, Java, JavaScript, Node.js",Pending
762,5,22,45.67,33.33,85.6,0.0,72.92,"AWS,Git","C++,Java,JavaScript,Node.js","Weighted score 45.67: skills 33.33 (x0.4), academics 85.6 (x0.25), projects 0.0 (x0.2), readiness 72.92 (x0.15).",AWS (proficiency 4/5); Git (proficiency 4/5),"Missing: C++, Java, JavaScript, Node.js",Pending
763,5,23,28.33,0.0,76.1,0.0,62.05,,"AWS,C++,Git,Java,JavaScript,Node.js","Weighted score 28.33: skills 0.0 (x0.4), academics 76.1 (x0.25), projects 0.0 (x0.2), readiness 62.05 (x0.15).",No overlapping skills on record,"Missing: AWS, C++, Git, Java, JavaScript, Node.js",Pending
764,5,27,69.2,66.67,94.2,33.33,82.1,"AWS,Git,JavaScript,Node.js","C++,Java","Weighted score 69.2: skills 66.67 (x0.4), academics 94.2 (x0.25), projects 33.33 (x0.2), readiness 82.1 (x0.15).",AWS (proficiency 1/5); Git (proficiency 3/5); JavaScript (proficiency 2/5); Node.js (proficiency 1/5),"Missing: C++, Java",Approved
765,5,29,35.15,10.0,82.0,0.0,71.0,Node.js,"AWS,C++,Git,Java,JavaScript","Weighted score 35.15: skills 10.0 (x0.4), academics 82.0 (x0.25), projects 0.0 (x0.2), readiness 71.0 (x0.15).",Node.js (proficiency 3/5),"Missing: AWS, C++, Git, Java, JavaScript",Pending
766,5,30,52.43,43.33,92.4,0.0,80.0,"AWS,Git,Java","C++,JavaScript,Node.js","Weighted score 52.43: skills 43.33 (x0.4), academics 92.4 (x0.25), projects 0.0 (x0.2), readiness 80.0 (x0.15).",AWS (proficiency 4/5); Git (proficiency 4/5); Java (proficiency 2/5),"Missing: C++, JavaScript, Node.js",Pending
767,5,31,49.55,33.33,97.6,0.0,78.8,"Git,JavaScript","AWS,C++,Java,Node.js","Weighted score 49.55: skills 33.33 (x0.4), academics 97.6 (x0.25), projects 0.0 (x0.2), readiness 78.8 (x0.15).",Git (proficiency 3/5); JavaScript (proficiency 2/5),"Missing: AWS, C++, Java, Node.js",Pending
768,5,32,39.38,20.0,79.0,0.0,77.5,"Git,Node.js","AWS,C++,Java,JavaScript","Weighted score 39.38: skills 20.0 (x0.4), academics 79.0 (x0.25), projects 0.0 (x0.2), readiness 77.5 (x0.15).",Git (proficiency 1/5); Node.js (proficiency 5/5),"Missing: AWS, C++, Java, JavaScript",Pending
769,5,34,65.42,56.67,92.8,33.33,85.9,"AWS,C++,Git","Java,JavaScript,Node.js","Weighted score 65.42: skills 56.67 (x0.4), academics 92.8 (x0.25), projects 33.33 (x0.2), readiness 85.9 (x0.15).",AWS (proficiency 5/5); C++ (proficiency 3/5); Git (proficiency 5/5),"Missing: Java, JavaScript, Node.js",Approved
770,5,37,44.75,10.0,79.9,50.0,71.82,Git,"AWS,C++,Java,JavaScript,Node.js","Weighted score 44.75: skills 10.0 (x0.4), academics 79.9 (x0.25), projects 50.0 (x0.2), readiness 71.82 (x0.15).",Git (proficiency 4/5),"Missing: AWS, C++, Java, JavaScript, Node.js",Pending
771,5,40,57.28,53.33,97.1,0.0,77.8,"Git,Java,JavaScript,Node.js","AWS,C++","Weighted score 57.28: skills 53.33 (x0.4), academics 97.1 (x0.25), projects 0.0 (x0.2), readiness 77.8 (x0.15).",Git (proficiency 2/5); Java (proficiency 4/5); JavaScript (proficiency 4/5); Node.js (proficiency 2/5),"Missing: AWS, C++",Pending
772,5,41,60.94,70.0,91.3,0.0,67.45,"AWS,C++,JavaScript","Git,Java,Node.js","Weighted score 60.94: skills 70.0 (x0.4), academics 91.3 (x0.25), projects 0.0 (x0.2), readiness 67.45 (x0.15).",AWS (proficiency 4/5); C++ (proficiency 2/5); JavaScript (proficiency 1/5),"Missing: Git, Java, Node.js",Pending
773,5,43,35.47,0.0,99.3,0.0,70.98,,"AWS,C++,Git,Java,JavaScript,Node.js","Weighted score 35.47: skills 0.0 (x0.4), academics 99.3 (x0.25), projects 0.0 (x0.2), readiness 70.98 (x0.15).",No overlapping skills on record,"Missing: AWS, C++, Git, Java, JavaScript, Node.js",Pending
774,5,44,58.38,23.33,93.8,66.67,81.73,C++,"AWS,Git,Java,JavaScript,Node.js","Weighted score 58.38: skills 23.33 (x0.4), academics 93.8 (x0.25), projects 66.67 (x0.2), readiness 81.73 (x0.15).",C++ (proficiency 3/5),"Missing: AWS, Git, Java, JavaScript, Node.js",Pending
775,5,46,45.84,0.0,93.8,50.0,82.57,,"AWS,C++,Git,Java,JavaScript,Node.js","Weighted score 45.84: skills 0.0 (x0.4), academics 93.8 (x0.25), projects 50.0 (x0.2), readiness 82.57 (x0.15).",No overlapping skills on record,"Missing: AWS, C++, Git, Java, JavaScript, Node.js",Pending
776,5,48,29.54,0.0,72.7,0.0,75.75,,"AWS,C++,Git,Java,JavaScript,Node.js","Weighted score 29.54: skills 0.0 (x0.4), academics 72.7 (x0.25), projects 0.0 (x0.2), readiness 75.75 (x0.15).",No overlapping skills on record,"Missing: AWS, C++, Git, Java, JavaScript, Node.js",Pending
777,5,49,49.08,33.33,99.3,0.0,72.85,"Java,JavaScript","AWS,C++,Git,Node.js","Weighted score 49.08: skills 33.33 (x0.4), academics 99.3 (x0.25), projects 0.0 (x0.2), readiness 72.85 (x0.15).",Java (proficiency 2/5); JavaScript (proficiency 1/5),"Missing: AWS, C++, Git, Node.js",Pending
778,5,53,37.78,0.0,96.4,0.0,91.2,,"AWS,C++,Git,Java,JavaScript,Node.js","Weighted score 37.78: skills 0.0 (x0.4), academics 96.4 (x0.25), projects 0.0 (x0.2), readiness 91.2 (x0.15).",No overlapping skills on record,"Missing: AWS, C++, Git, Java, JavaScript, Node.js",Pending
779,5,55,44.6,20.0,97.4,0.0,81.7,"Java,Node.js","AWS,C++,Git,JavaScript","Weighted score 44.6: skills 20.0 (x0.4), academics 97.4 (x0.25), projects 0.0 (x0.2), readiness 81.7 (x0.15).",Java (proficiency 2/5); Node.js (proficiency 3/5),"Missing: AWS, C++, Git, JavaScript",Pending
780,5,59,35.11,0.0,97.1,0.0,72.22,,"AWS,C++,Git,Java,JavaScript,Node.js","Weighted score 35.11: skills 0.0 (x0.4), academics 97.1 (x0.25), projects 0.0 (x0.2), readiness 72.22 (x0.15).",No overlapping skills on record,"Missing: AWS, C++, Git, Java, JavaScript, Node.js",Pending
781,5,61,41.0,20.0,90.6,0.0,68.97,"Java,Node.js","AWS,C++,Git,JavaScript","Weighted score 41.0: skills 20.0 (x0.4), academics 90.6 (x0.25), projects 0.0 (x0.2), readiness 68.97 (x0.15).",Java (proficiency 4/5); Node.js (proficiency 2/5),"Missing: AWS, C++, Git, JavaScript",Pending
782,5,62,51.19,43.33,88.5,0.0,78.25,"AWS,Java,Node.js","C++,Git,JavaScript","Weighted score 51.19: skills 43.33 (x0.4), academics 88.5 (x0.25), projects 0.0 (x0.2), readiness 78.25 (x0.15).",AWS (proficiency 1/5); Java (proficiency 4/5); Node.js (proficiency 3/5),"Missing: C++, Git, JavaScript",Pending
783,5,63,43.37,10.0,85.1,33.33,76.22,Git,"AWS,C++,Java,JavaScript,Node.js","Weighted score 43.37: skills 10.0 (x0.4), academics 85.1 (x0.25), projects 33.33 (x0.2), readiness 76.22 (x0.15).",Git (proficiency 2/5),"Missing: AWS, C++, Java, JavaScript, Node.js",Pending
784,5,66,31.13,0.0,83.5,0.0,68.38,,"AWS,C++,Git,Java,JavaScript,Node.js","Weighted score 31.13: skills 0.0 (x0.4), academics 83.5 (x0.25), projects 0.0 (x0.2), readiness 68.38 (x0.15).",No overlapping skills on record,"Missing: AWS, C++, Git, Java, JavaScript, Node.js",Pending
785,5,67,57.44,56.67,93.1,0.0,76.68,"AWS,C++,Git","Java,JavaScript,Node.js","Weighted score 57.44: skills 56.67 (x0.4), academics 93.1 (x0.25), projects 0.0 (x0.2), readiness 76.68 (x0.15).",AWS (proficiency 1/5); C++ (proficiency 5/5); Git (proficiency 5/5),"Missing: Java, JavaScript, Node.js",Pending
786,5,69,39.48,20.0,79.8,0.0,76.9,"Git,Node.js","AWS,C++,Java,JavaScript","Weighted score 39.48: skills 20.0 (x0.4), academics 79.8 (x0.25), projects 0.0 (x0.2), readiness 76.9 (x0.15).",Git (proficiency 2/5); Node.js (proficiency 3/5),"Missing: AWS, C++, Java, JavaScript",Pending
787,5,71,40.32,20.0,81.2,0.0,80.1,"Java,Node.js","AWS,C++,Git,JavaScript","Weighted score 40.32: skills 20.0 (x0.4), academics 81.2 (x0.25), projects 0.0 (x0.2), readiness 80.1 (x0.15).",Java (proficiency 4/5); Node.js (proficiency 2/5),"Missing: AWS, C++, Git, JavaScript",Pending
788,5,72,43.7,10.0,91.5,33.33,67.75,Git,"AWS,C++,Java,JavaScript,Node.js","Weighted score 43.7: skills 10.0 (x0.4), academics 91.5 (x0.25), projects 33.33 (x0.2), readiness 67.75 (x0.15).",Git (proficiency 1/5),"Missing: AWS, C++, Java, JavaScript, Node.js",Pending
789,5,78,55.8,23.33,93.6,50.0,87.13,AWS,"C++,Git,Java,JavaScript,Node.js","Weighted score 55.8: skills 23.33 (x0.4), academics 93.6 (x0.25), projects 50.0 (x0.2), readiness 87.13 (x0.15).",AWS (proficiency 4/5),"Missing: C++, Git, Java, JavaScript, Node.js",Pending
790,5,79,32.99,0.0,90.8,0.0,68.6,,"AWS,C++,Git,Java,JavaScript,Node.js","Weighted score 32.99: skills 0.0 (x0.4), academics 90.8 (x0.25), projects 0.0 (x0.2), readiness 68.6 (x0.15).",No overlapping skills on record,"Missing: AWS, C++, Git, Java, JavaScript, Node.js",Pending
791,5,85,41.05,10.0,80.9,33.33,67.7,Node.js,"AWS,C++,Git,Java,JavaScript","Weighted score 41.05: skills 10.0 (x0.4), academics 80.9 (x0.25), projects 33.33 (x0.2), readiness 67.7 (x0.15).",Node.js (proficiency 2/5),"Missing: AWS, C++, Git, Java, JavaScript",Pending
792,5,86,54.75,46.67,96.7,0.0,79.35,"AWS,C++","Git,Java,JavaScript,Node.js","Weighted score 54.75: skills 46.67 (x0.4), academics 96.7 (x0.25), projects 0.0 (x0.2), readiness 79.35 (x0.15).",AWS (proficiency 3/5); C++ (proficiency 3/5),"Missing: Git, Java, JavaScript, Node.js",Pending
793,5,88,49.49,10.0,84.9,66.67,72.85,Node.js,"AWS,C++,Git,Java,JavaScript","Weighted score 49.49: skills 10.0 (x0.4), academics 84.9 (x0.25), projects 66.67 (x0.2), readiness 72.85 (x0.15).",Node.js (proficiency 2/5),"Missing: AWS, C++, Git, Java, JavaScript",Pending
794,5,91,40.23,20.0,82.7,0.0,77.02,"Git,Node.js","AWS,C++,Java,JavaScript","Weighted score 40.23: skills 20.0 (x0.4), academics 82.7 (x0.25), projects 0.0 (x0.2), readiness 77.02 (x0.15).",Git (proficiency 3/5); Node.js (proficiency 4/5),"Missing: AWS, C++, Java, JavaScript",Pending
795,5,94,49.87,0.0,94.2,66.67,86.6,,"AWS,C++,Git,Java,JavaScript,Node.js","Weighted score 49.87: skills 0.0 (x0.4), academics 94.2 (x0.25), projects 66.67 (x0.2), readiness 86.6 (x0.15).",No overlapping skills on record,"Missing: AWS, C++, Git, Java, JavaScript, Node.js",Pending
796,5,95,36.24,10.0,84.9,0.0,73.45,Java,"AWS,C++,Git,JavaScript,Node.js","Weighted score 36.24: skills 10.0 (x0.4), academics 84.9 (x0.25), projects 0.0 (x0.2), readiness 73.45 (x0.15).",Java (proficiency 4/5),"Missing: AWS, C++, Git, JavaScript, Node.js",Pending
797,5,97,58.26,56.67,72.4,33.33,72.2,"C++,JavaScript,Node.js","AWS,Git,Java","Weighted score 58.26: skills 56.67 (x0.4), academics 72.4 (x0.25), projects 33.33 (x0.2), readiness 72.2 (x0.15).",C++ (proficiency 4/5); JavaScript (proficiency 1/5); Node.js (proficiency 4/5),"Missing: AWS, Git, Java",Pending
798,5,98,48.47,23.33,83.3,33.33,77.65,C++,"AWS,Git,Java,JavaScript,Node.js","Weighted score 48.47: skills 23.33 (x0.4), academics 83.3 (x0.25), projects 33.33 (x0.2), readiness 77.65 (x0.15).",C++ (proficiency 3/5),"Missing: AWS, Git, Java, JavaScript, Node.js",Pending
799,5,102,49.7,23.33,75.9,50.0,75.95,C++,"AWS,Git,Java,JavaScript,Node.js","Weighted score 49.7: skills 23.33 (x0.4), academics 75.9 (x0.25), projects 50.0 (x0.2), readiness 75.95 (x0.15).",C++ (proficiency 5/5),"Missing: AWS, Git, Java, JavaScript, Node.js",Pending
800,5,103,60.08,20.0,89.0,100.0,65.5,"Git,Node.js","AWS,C++,Java,JavaScript","Weighted score 60.08: skills 20.0 (x0.4), academics 89.0 (x0.25), projects 100.0 (x0.2), readiness 65.5 (x0.15).",Git (proficiency 4/5); Node.js (proficiency 1/5),"Missing: AWS, C++, Java, JavaScript",Pending
801,5,104,45.08,23.33,95.8,0.0,78.65,JavaScript,"AWS,C++,Git,Java,Node.js","Weighted score 45.08: skills 23.33 (x0.4), academics 95.8 (x0.25), projects 0.0 (x0.2), readiness 78.65 (x0.15).",JavaScript (proficiency 3/5),"Missing: AWS, C++, Git, Java, Node.js",Pending
802,5,106,31.44,0.0,78.5,0.0,78.75,,"AWS,C++,Git,Java,JavaScript,Node.js","Weighted score 31.44: skills 0.0 (x0.4), academics 78.5 (x0.25), projects 0.0 (x0.2), readiness 78.75 (x0.15).",No overlapping skills on record,"Missing: AWS, C++, Git, Java, JavaScript, Node.js",Pending
803,5,110,44.37,23.33,92.5,0.0,79.45,JavaScript,"AWS,C++,Git,Java,Node.js","Weighted score 44.37: skills 23.33 (x0.4), academics 92.5 (x0.25), projects 0.0 (x0.2), readiness 79.45 (x0.15).",JavaScript (proficiency 4/5),"Missing: AWS, C++, Git, Java, Node.js",Pending
804,5,111,62.33,66.67,94.6,0.0,80.05,"AWS,C++,Java,Node.js","Git,JavaScript","Weighted score 62.33: skills 66.67 (x0.4), academics 94.6 (x0.25), projects 0.0 (x0.2), readiness 80.05 (x0.15).",AWS (proficiency 2/5); C++ (proficiency 2/5); Java (proficiency 5/5); Node.js (proficiency 1/5),"Missing: Git, JavaScript",Approved
805,5,113,50.99,46.67,79.6,0.0,82.8,"AWS,JavaScript","C++,Git,Java,Node.js","Weighted score 50.99: skills 46.67 (x0.4), academics 79.6 (x0.25), projects 0.0 (x0.2), readiness 82.8 (x0.15).",AWS (proficiency 5/5); JavaScript (proficiency 4/5),"Missing: C++, Git, Java, Node.js",Pending
806,5,120,28.38,0.0,72.2,0.0,68.85,,"AWS,C++,Git,Java,JavaScript,Node.js","Weighted score 28.38: skills 0.0 (x0.4), academics 72.2 (x0.25), projects 0.0 (x0.2), readiness 68.85 (x0.15).",No overlapping skills on record,"Missing: AWS, C++, Git, Java, JavaScript, Node.js",Pending
807,5,123,51.34,23.33,85.1,50.0,71.55,C++,"AWS,Git,Java,JavaScript,Node.js","Weighted score 51.34: skills 23.33 (x0.4), academics 85.1 (x0.25), projects 50.0 (x0.2), readiness 71.55 (x0.15).",C++ (proficiency 3/5),"Missing: AWS, Git, Java, JavaScript, Node.js",Pending
808,5,124,56.36,10.0,89.5,100.0,66.55,Git,"AWS,C++,Java,JavaScript,Node.js","Weighted score 56.36: skills 10.0 (x0.4), academics 89.5 (x0.25), projects 100.0 (x0.2), readiness 66.55 (x0.15).",Git (proficiency 4/5),"Missing: AWS, C++, Java, JavaScript, Node.js",Pending
809,5,125,51.23,43.33,90.0,0.0,76.0,"Git,Java,JavaScript","AWS,C++,Node.js","Weighted score 51.23: skills 43.33 (x0.4), academics 90.0 (x0.25), projects 0.0 (x0.2), readiness 76.0 (x0.15).",Git (proficiency 2/5); Java (proficiency 2/5); JavaScript (proficiency 2/5),"Missing: AWS, C++, Node.js",Pending
810,5,126,47.16,0.0,96.8,50.0,86.4,,"AWS,C++,Git,Java,JavaScript,Node.js","Weighted score 47.16: skills 0.0 (x0.4), academics 96.8 (x0.25), projects 50.0 (x0.2), readiness 86.4 (x0.15).",No overlapping skills on record,"Missing: AWS, C++, Git, Java, JavaScript, Node.js",Pending
811,5,128,55.82,23.33,85.8,66.67,78.02,AWS,"C++,Git,Java,JavaScript,Node.js","Weighted score 55.82: skills 23.33 (x0.4), academics 85.8 (x0.25), projects 66.67 (x0.2), readiness 78.02 (x0.15).",AWS (proficiency 2/5),"Missing: C++, Git, Java, JavaScript, Node.js",Pending
812,5,129,30.46,0.0,80.5,0.0,68.92,,"AWS,C++,Git,Java,JavaScript,Node.js","Weighted score 30.46: skills 0.0 (x0.4), academics 80.5 (x0.25), projects 0.0 (x0.2), readiness 68.92 (x0.15).",No overlapping skills on record,"Missing: AWS, C++, Git, Java, JavaScript, Node.js",Pending
813,5,133,44.23,0.0,92.4,50.0,74.2,,"AWS,C++,Git,Java,JavaScript,Node.js","Weighted score 44.23: skills 0.0 (x0.4), academics 92.4 (x0.25), projects 50.0 (x0.2), readiness 74.2 (x0.15).",No overlapping skills on record,"Missing: AWS, C++, Git, Java, JavaScript, Node.js",Pending
814,5,134,39.78,23.33,81.7,0.0,66.85,AWS,"C++,Git,Java,JavaScript,Node.js","Weighted score 39.78: skills 23.33 (x0.4), academics 81.7 (x0.25), projects 0.0 (x0.2), readiness 66.85 (x0.15).",AWS (proficiency 1/5),"Missing: C++, Git, Java, JavaScript, Node.js",Pending
815,5,140,41.85,20.0,87.0,0.0,80.67,"Git,Node.js","AWS,C++,Java,JavaScript","Weighted score 41.85: skills 20.0 (x0.4), academics 87.0 (x0.25), projects 0.0 (x0.2), readiness 80.67 (x0.15).",Git (proficiency 2/5); Node.js (proficiency 4/5),"Missing: AWS, C++, Java, JavaScript",Pending
816,5,142,39.08,0.0,79.9,33.33,82.95,,"AWS,C++,Git,Java,JavaScript,Node.js","Weighted score 39.08: skills 0.0 (x0.4), academics 79.9 (x0.25), projects 33.33 (x0.2), readiness 82.95 (x0.15).",No overlapping skills on record,"Missing: AWS, C++, Git, Java, JavaScript, Node.js",Pending
817,5,143,31.91,0.0,86.6,0.0,68.42,,"AWS,C++,Git,Java,JavaScript,Node.js","Weighted score 31.91: skills 0.0 (x0.4), academics 86.6 (x0.25), projects 0.0 (x0.2), readiness 68.42 (x0.15).",No overlapping skills on record,"Missing: AWS, C++, Git, Java, JavaScript, Node.js",Pending
818,5,146,45.06,33.33,78.6,0.0,80.55,"Java,JavaScript","AWS,C++,Git,Node.js","Weighted score 45.06: skills 33.33 (x0.4), academics 78.6 (x0.25), projects 0.0 (x0.2), readiness 80.55 (x0.15).",Java (proficiency 5/5); JavaScript (proficiency 1/5),"Missing: AWS, C++, Git, Node.js",Pending
819,5,149,29.41,0.0,79.7,0.0,63.22,,"AWS,C++,Git,Java,JavaScript,Node.js","Weighted score 29.41: skills 0.0 (x0.4), academics 79.7 (x0.25), projects 0.0 (x0.2), readiness 63.22 (x0.15).",No overlapping skills on record,"Missing: AWS, C++, Git, Java, JavaScript, Node.js",Pending
820,5,150,42.62,33.33,76.1,0.0,68.42,"Git,JavaScript","AWS,C++,Java,Node.js","Weighted score 42.62: skills 33.33 (x0.4), academics 76.1 (x0.25), projects 0.0 (x0.2), readiness 68.42 (x0.15).",Git (proficiency 1/5); JavaScript (proficiency 5/5),"Missing: AWS, C++, Java, Node.js",Pending
821,5,151,41.38,10.0,93.8,0.0,92.9,Node.js,"AWS,C++,Git,Java,JavaScript","Weighted score 41.38: skills 10.0 (x0.4), academics 93.8 (x0.25), projects 0.0 (x0.2), readiness 92.9 (x0.15).",Node.js (proficiency 5/5),"Missing: AWS, C++, Git, Java, JavaScript",Pending
822,5,152,36.78,10.0,81.0,0.0,83.5,Git,"AWS,C++,Java,JavaScript,Node.js","Weighted score 36.78: skills 10.0 (x0.4), academics 81.0 (x0.25), projects 0.0 (x0.2), readiness 83.5 (x0.15).",Git (proficiency 3/5),"Missing: AWS, C++, Java, JavaScript, Node.js",Pending
823,5,153,46.4,0.0,97.7,50.0,79.85,,"AWS,C++,Git,Java,JavaScript,Node.js","Weighted score 46.4: skills 0.0 (x0.4), academics 97.7 (x0.25), projects 50.0 (x0.2), readiness 79.85 (x0.15).",No overlapping skills on record,"Missing: AWS, C++, Git, Java, JavaScript, Node.js",Pending
824,5,157,46.87,33.33,89.3,0.0,74.77,"Java,JavaScript","AWS,C++,Git,Node.js","Weighted score 46.87: skills 33.33 (x0.4), academics 89.3 (x0.25), projects 0.0 (x0.2), readiness 74.77 (x0.15).",Java (proficiency 3/5); JavaScript (proficiency 4/5),"Missing: AWS, C++, Git, Node.js",Pending
825,5,159,55.85,10.0,86.0,100.0,69.0,Node.js,"AWS,C++,Git,Java,JavaScript","Weighted score 55.85: skills 10.0 (x0.4), academics 86.0 (x0.25), projects 100.0 (x0.2), readiness 69.0 (x0.15).",Node.js (proficiency 4/5),"Missing: AWS, C++, Git, Java, JavaScript",Pending
826,5,164,30.58,0.0,77.8,0.0,74.23,,"AWS,C++,Git,Java,JavaScript,Node.js","Weighted score 30.58: skills 0.0 (x0.4), academics 77.8 (x0.25), projects 0.0 (x0.2), readiness 74.23 (x0.15).",No overlapping skills on record,"Missing: AWS, C++, Git, Java, JavaScript, Node.js",Pending
827,5,165,41.93,23.33,86.0,0.0,74.0,JavaScript,"AWS,C++,Git,Java,Node.js","Weighted score 41.93: skills 23.33 (x0.4), academics 86.0 (x0.25), projects 0.0 (x0.2), readiness 74.0 (x0.15).",JavaScript (proficiency 5/5),"Missing: AWS, C++, Git, Java, Node.js",Pending
828,5,169,41.46,23.33,89.0,0.0,65.83,JavaScript,"AWS,C++,Git,Java,Node.js","Weighted score 41.46: skills 23.33 (x0.4), academics 89.0 (x0.25), projects 0.0 (x0.2), readiness 65.83 (x0.15).",JavaScript (proficiency 1/5),"Missing: AWS, C++, Git, Java, Node.js",Pending
829,5,171,27.88,0.0,76.2,0.0,58.85,,"AWS,C++,Git,Java,JavaScript,Node.js","Weighted score 27.88: skills 0.0 (x0.4), academics 76.2 (x0.25), projects 0.0 (x0.2), readiness 58.85 (x0.15).",No overlapping skills on record,"Missing: AWS, C++, Git, Java, JavaScript, Node.js",Pending
830,5,176,34.8,10.0,78.3,0.0,74.82,Git,"AWS,C++,Java,JavaScript,Node.js","Weighted score 34.8: skills 10.0 (x0.4), academics 78.3 (x0.25), projects 0.0 (x0.2), readiness 74.82 (x0.15).",Git (proficiency 5/5),"Missing: AWS, C++, Java, JavaScript, Node.js",Pending
831,5,178,32.51,0.0,86.4,0.0,72.7,,"AWS,C++,Git,Java,JavaScript,Node.js","Weighted score 32.51: skills 0.0 (x0.4), academics 86.4 (x0.25), projects 0.0 (x0.2), readiness 72.7 (x0.15).",No overlapping skills on record,"Missing: AWS, C++, Git, Java, JavaScript, Node.js",Pending
832,5,179,55.96,56.67,86.9,0.0,77.12,"C++,JavaScript,Node.js","AWS,Git,Java","Weighted score 55.96: skills 56.67 (x0.4), academics 86.9 (x0.25), projects 0.0 (x0.2), readiness 77.12 (x0.15).",C++ (proficiency 1/5); JavaScript (proficiency 2/5); Node.js (proficiency 5/5),"Missing: AWS, Git, Java",Pending
833,5,181,36.16,10.0,84.1,0.0,74.22,Git,"AWS,C++,Java,JavaScript,Node.js","Weighted score 36.16: skills 10.0 (x0.4), academics 84.1 (x0.25), projects 0.0 (x0.2), readiness 74.22 (x0.15).",Git (proficiency 5/5),"Missing: AWS, C++, Java, JavaScript, Node.js",Pending
834,5,185,59.38,56.67,73.8,33.33,77.28,"AWS,JavaScript,Node.js","C++,Git,Java","Weighted score 59.38: skills 56.67 (x0.4), academics 73.8 (x0.25), projects 33.33 (x0.2), readiness 77.28 (x0.15).",AWS (proficiency 4/5); JavaScript (proficiency 5/5); Node.js (proficiency 4/5),"Missing: C++, Git, Java",Pending
835,5,187,52.88,56.67,76.8,0.0,73.4,"AWS,JavaScript,Node.js","C++,Git,Java","Weighted score 52.88: skills 56.67 (x0.4), academics 76.8 (x0.25), projects 0.0 (x0.2), readiness 73.4 (x0.15).",AWS (proficiency 4/5); JavaScript (proficiency 5/5); Node.js (proficiency 3/5),"Missing: C++, Git, Java",Pending
836,5,190,36.43,10.0,82.7,0.0,78.35,Node.js,"AWS,C++,Git,Java,JavaScript","Weighted score 36.43: skills 10.0 (x0.4), academics 82.7 (x0.25), projects 0.0 (x0.2), readiness 78.35 (x0.15).",Node.js (proficiency 3/5),"Missing: AWS, C++, Git, Java, JavaScript",Pending
837,5,191,41.83,23.33,84.3,0.0,76.15,C++,"AWS,Git,Java,JavaScript,Node.js","Weighted score 41.83: skills 23.33 (x0.4), academics 84.3 (x0.25), projects 0.0 (x0.2), readiness 76.15 (x0.15).",C++ (proficiency 2/5),"Missing: AWS, Git, Java, JavaScript, Node.js",Pending
838,5,192,32.86,10.0,77.6,0.0,63.05,Java,"AWS,C++,Git,JavaScript,Node.js","Weighted score 32.86: skills 10.0 (x0.4), academics 77.6 (x0.25), projects 0.0 (x0.2), readiness 63.05 (x0.15).",Java (proficiency 1/5),"Missing: AWS, C++, Git, JavaScript, Node.js",Pending
839,5,198,50.84,20.0,95.9,33.33,81.32,"Git,Node.js","AWS,C++,Java,JavaScript","Weighted score 50.84: skills 20.0 (x0.4), academics 95.9 (x0.25), projects 33.33 (x0.2), readiness 81.32 (x0.15).",Git (proficiency 5/5); Node.js (proficiency 1/5),"Missing: AWS, C++, Java, JavaScript",Pending
840,5,199,42.16,23.33,86.7,0.0,74.35,C++,"AWS,Git,Java,JavaScript,Node.js","Weighted score 42.16: skills 23.33 (x0.4), academics 86.7 (x0.25), projects 0.0 (x0.2), readiness 74.35 (x0.15).",C++ (proficiency 5/5),"Missing: AWS, Git, Java, JavaScript, Node.js",Pending
841,5,205,45.65,10.0,85.5,50.0,68.5,Git,"AWS,C++,Java,JavaScript,Node.js","Weighted score 45.65: skills 10.0 (x0.4), academics 85.5 (x0.25), projects 50.0 (x0.2), readiness 68.5 (x0.15).",Git (proficiency 4/5),"Missing: AWS, C++, Java, JavaScript, Node.js",Pending
842,5,208,44.53,10.0,80.7,50.0,69.02,Node.js,"AWS,C++,Git,Java,JavaScript","Weighted score 44.53: skills 10.0 (x0.4), academics 80.7 (x0.25), projects 50.0 (x0.2), readiness 69.02 (x0.15).",Node.js (proficiency 3/5),"Missing: AWS, C++, Git, Java, JavaScript",Pending
843,5,209,47.56,33.33,92.4,0.0,74.2,"JavaScript,Node.js","AWS,C++,Git,Java","Weighted score 47.56: skills 33.33 (x0.4), academics 92.4 (x0.25), projects 0.0 (x0.2), readiness 74.2 (x0.15).",JavaScript (proficiency 2/5); Node.js (proficiency 3/5),"Missing: AWS, C++, Git, Java",Pending
844,5,211,35.63,0.0,95.7,0.0,78.05,,"AWS,C++,Git,Java,JavaScript,Node.js","Weighted score 35.63: skills 0.0 (x0.4), academics 95.7 (x0.25), projects 0.0 (x0.2), readiness 78.05 (x0.15).",No overlapping skills on record,"Missing: AWS, C++, Git, Java, JavaScript, Node.js",Pending
845,5,213,51.67,43.33,89.5,0.0,79.75,"AWS,Git,Node.js","C++,Java,JavaScript","Weighted score 51.67: skills 43.33 (x0.4), academics 89.5 (x0.25), projects 0.0 (x0.2), readiness 79.75 (x0.15).",AWS (proficiency 4/5); Git (proficiency 2/5); Node.js (proficiency 1/5),"Missing: C++, Java, JavaScript",Pending
846,5,214,40.62,23.33,83.2,0.0,69.93,AWS,"C++,Git,Java,JavaScript,Node.js","Weighted score 40.62: skills 23.33 (x0.4), academics 83.2 (x0.25), projects 0.0 (x0.2), readiness 69.93 (x0.15).",AWS (proficiency 2/5),"Missing: C++, Git, Java, JavaScript, Node.js",Pending
847,5,215,33.25,0.0,88.0,0.0,75.0,,"AWS,C++,Git,Java,JavaScript,Node.js","Weighted score 33.25: skills 0.0 (x0.4), academics 88.0 (x0.25), projects 0.0 (x0.2), readiness 75.0 (x0.15).",No overlapping skills on record,"Missing: AWS, C++, Git, Java, JavaScript, Node.js",Pending
848,5,217,34.98,0.0,92.1,0.0,79.68,,"AWS,C++,Git,Java,JavaScript,Node.js","Weighted score 34.98: skills 0.0 (x0.4), academics 92.1 (x0.25), projects 0.0 (x0.2), readiness 79.68 (x0.15).",No overlapping skills on record,"Missing: AWS, C++, Git, Java, JavaScript, Node.js",Pending
849,5,222,45.63,33.33,88.7,0.0,67.47,"AWS,Git","C++,Java,JavaScript,Node.js","Weighted score 45.63: skills 33.33 (x0.4), academics 88.7 (x0.25), projects 0.0 (x0.2), readiness 67.47 (x0.15).",AWS (proficiency 2/5); Git (proficiency 1/5),"Missing: C++, Java, JavaScript, Node.js",Pending
850,5,228,46.75,0.0,97.7,50.0,82.18,,"AWS,C++,Git,Java,JavaScript,Node.js","Weighted score 46.75: skills 0.0 (x0.4), academics 97.7 (x0.25), projects 50.0 (x0.2), readiness 82.18 (x0.15).",No overlapping skills on record,"Missing: AWS, C++, Git, Java, JavaScript, Node.js",Pending
851,5,232,56.95,33.33,85.9,50.0,80.95,"Git,JavaScript","AWS,C++,Java,Node.js","Weighted score 56.95: skills 33.33 (x0.4), academics 85.9 (x0.25), projects 50.0 (x0.2), readiness 80.95 (x0.15).",Git (proficiency 3/5); JavaScript (proficiency 4/5),"Missing: AWS, C++, Java, Node.js",Pending
852,5,234,64.63,33.33,83.9,100.0,68.82,"C++,Git","AWS,Java,JavaScript,Node.js","Weighted score 64.63: skills 33.33 (x0.4), academics 83.9 (x0.25), projects 100.0 (x0.2), readiness 68.82 (x0.15).",C++ (proficiency 4/5); Git (proficiency 3/5),"Missing: AWS, Java, JavaScript, Node.js",Approved
853,5,236,37.18,10.0,89.4,0.0,72.2,Node.js,"AWS,C++,Git,Java,JavaScript","Weighted score 37.18: skills 10.0 (x0.4), academics 89.4 (x0.25), projects 0.0 (x0.2), readiness 72.2 (x0.15).",Node.js (proficiency 2/5),"Missing: AWS, C++, Git, Java, JavaScript",Pending
854,5,239,54.45,0.0,94.0,100.0,73.0,,"AWS,C++,Git,Java,JavaScript,Node.js","Weighted score 54.45: skills 0.0 (x0.4), academics 94.0 (x0.25), projects 100.0 (x0.2), readiness 73.0 (x0.15).",No overlapping skills on record,"Missing: AWS, C++, Git, Java, JavaScript, Node.js",Pending
855,5,243,36.57,0.0,95.9,0.0,83.95,,"AWS,C++,Git,Java,JavaScript,Node.js","Weighted score 36.57: skills 0.0 (x0.4), academics 95.9 (x0.25), projects 0.0 (x0.2), readiness 83.95 (x0.15).",No overlapping skills on record,"Missing: AWS, C++, Git, Java, JavaScript, Node.js",Pending
856,5,247,45.68,33.33,87.0,0.0,70.67,"JavaScript,Node.js","AWS,C++,Git,Java","Weighted score 45.68: skills 33.33 (x0.4), academics 87.0 (x0.25), projects 0.0 (x0.2), readiness 70.67 (x0.15).",JavaScript (proficiency 3/5); Node.js (proficiency 3/5),"Missing: AWS, C++, Git, Java",Pending
857,5,248,28.5,0.0,77.7,0.0,60.48,,"AWS,C++,Git,Java,JavaScript,Node.js","Weighted score 28.5: skills 0.0 (x0.4), academics 77.7 (x0.25), projects 0.0 (x0.2), readiness 60.48 (x0.15).",No overlapping skills on record,"Missing: AWS, C++, Git, Java, JavaScript, Node.js",Pending
858,5,249,36.95,20.0,80.3,0.0,59.15,"Java,Node.js","AWS,C++,Git,JavaScript","Weighted score 36.95: skills 20.0 (x0.4), academics 80.3 (x0.25), projects 0.0 (x0.2), readiness 59.15 (x0.15).",Java (proficiency 2/5); Node.js (proficiency 4/5),"Missing: AWS, C++, Git, JavaScript",Pending
859,5,250,44.71,23.33,95.0,0.0,77.5,JavaScript,"AWS,C++,Git,Java,Node.js","Weighted score 44.71: skills 23.33 (x0.4), academics 95.0 (x0.25), projects 0.0 (x0.2), readiness 77.5 (x0.15).",JavaScript (proficiency 1/5),"Missing: AWS, C++, Git, Java, Node.js",Pending
860,5,254,49.44,20.0,80.0,50.0,76.25,"Git,Node.js","AWS,C++,Java,JavaScript","Weighted score 49.44: skills 20.0 (x0.4), academics 80.0 (x0.25), projects 50.0 (x0.2), readiness 76.25 (x0.15).",Git (proficiency 5/5); Node.js (proficiency 4/5),"Missing: AWS, C++, Java, JavaScript",Pending
861,5,257,40.49,0.0,81.0,33.33,90.5,,"AWS,C++,Git,Java,JavaScript,Node.js","Weighted score 40.49: skills 0.0 (x0.4), academics 81.0 (x0.25), projects 33.33 (x0.2), readiness 90.5 (x0.15).",No overlapping skills on record,"Missing: AWS, C++, Git, Java, JavaScript, Node.js",Pending
862,5,259,36.68,0.0,76.8,33.33,72.07,,"AWS,C++,Git,Java,JavaScript,Node.js","Weighted score 36.68: skills 0.0 (x0.4), academics 76.8 (x0.25), projects 33.33 (x0.2), readiness 72.07 (x0.15).",No overlapping skills on record,"Missing: AWS, C++, Git, Java, JavaScript, Node.js",Pending
863,5,260,33.19,0.0,83.9,0.0,81.45,,"AWS,C++,Git,Java,JavaScript,Node.js","Weighted score 33.19: skills 0.0 (x0.4), academics 83.9 (x0.25), projects 0.0 (x0.2), readiness 81.45 (x0.15).",No overlapping skills on record,"Missing: AWS, C++, Git, Java, JavaScript, Node.js",Pending
864,5,269,36.14,10.0,85.5,0.0,71.75,Git,"AWS,C++,Java,JavaScript,Node.js","Weighted score 36.14: skills 10.0 (x0.4), academics 85.5 (x0.25), projects 0.0 (x0.2), readiness 71.75 (x0.15).",Git (proficiency 2/5),"Missing: AWS, C++, Java, JavaScript, Node.js",Pending
865,5,271,37.87,10.0,93.5,0.0,69.95,Java,"AWS,C++,Git,JavaScript,Node.js","Weighted score 37.87: skills 10.0 (x0.4), academics 93.5 (x0.25), projects 0.0 (x0.2), readiness 69.95 (x0.15).",Java (proficiency 3/5),"Missing: AWS, C++, Git, JavaScript, Node.js",Pending
866,5,273,35.29,10.0,86.7,0.0,64.1,Git,"AWS,C++,Java,JavaScript,Node.js","Weighted score 35.29: skills 10.0 (x0.4), academics 86.7 (x0.25), projects 0.0 (x0.2), readiness 64.1 (x0.15).",Git (proficiency 1/5),"Missing: AWS, C++, Java, JavaScript, Node.js",Pending
867,5,274,37.96,10.0,93.8,0.0,70.1,Node.js,"AWS,C++,Git,Java,JavaScript","Weighted score 37.96: skills 10.0 (x0.4), academics 93.8 (x0.25), projects 0.0 (x0.2), readiness 70.1 (x0.15).",Node.js (proficiency 3/5),"Missing: AWS, C++, Git, Java, JavaScript",Pending
868,5,275,67.98,33.33,93.8,100.0,74.65,"Java,JavaScript","AWS,C++,Git,Node.js","Weighted score 67.98: skills 33.33 (x0.4), academics 93.8 (x0.25), projects 100.0 (x0.2), readiness 74.65 (x0.15).",Java (proficiency 1/5); JavaScript (proficiency 5/5),"Missing: AWS, C++, Git, Node.js",Approved
869,5,277,36.14,0.0,97.6,0.0,78.3,,"AWS,C++,Git,Java,JavaScript,Node.js","Weighted score 36.14: skills 0.0 (x0.4), academics 97.6 (x0.25), projects 0.0 (x0.2), readiness 78.3 (x0.15).",No overlapping skills on record,"Missing: AWS, C++, Git, Java, JavaScript, Node.js",Pending
870,5,278,34.42,0.0,93.0,0.0,74.5,,"AWS,C++,Git,Java,JavaScript,Node.js","Weighted score 34.42: skills 0.0 (x0.4), academics 93.0 (x0.25), projects 0.0 (x0.2), readiness 74.5 (x0.15).",No overlapping skills on record,"Missing: AWS, C++, Git, Java, JavaScript, Node.js",Pending
871,5,281,44.37,23.33,95.8,0.0,73.9,AWS,"C++,Git,Java,JavaScript,Node.js","Weighted score 44.37: skills 23.33 (x0.4), academics 95.8 (x0.25), projects 0.0 (x0.2), readiness 73.9 (x0.15).",AWS (proficiency 5/5),"Missing: C++, Git, Java, JavaScript, Node.js",Pending
872,5,283,32.24,0.0,89.2,0.0,66.27,,"AWS,C++,Git,Java,JavaScript,Node.js","Weighted score 32.24: skills 0.0 (x0.4), academics 89.2 (x0.25), projects 0.0 (x0.2), readiness 66.27 (x0.15).",No overlapping skills on record,"Missing: AWS, C++, Git, Java, JavaScript, Node.js",Pending
873,5,284,36.54,10.0,85.0,0.0,75.25,Git,"AWS,C++,Java,JavaScript,Node.js","Weighted score 36.54: skills 10.0 (x0.4), academics 85.0 (x0.25), projects 0.0 (x0.2), readiness 75.25 (x0.15).",Git (proficiency 3/5),"Missing: AWS, C++, Java, JavaScript, Node.js",Pending
874,5,285,42.9,10.0,80.4,33.33,80.87,Java,"AWS,C++,Git,JavaScript,Node.js","Weighted score 42.9: skills 10.0 (x0.4), academics 80.4 (x0.25), projects 33.33 (x0.2), readiness 80.87 (x0.15).",Java (proficiency 5/5),"Missing: AWS, C++, Git, JavaScript, Node.js",Pending
875,5,286,49.69,20.0,83.2,50.0,72.6,"Git,Java","AWS,C++,JavaScript,Node.js","Weighted score 49.69: skills 20.0 (x0.4), academics 83.2 (x0.25), projects 50.0 (x0.2), readiness 72.6 (x0.15).",Git (proficiency 1/5); Java (proficiency 5/5),"Missing: AWS, C++, JavaScript, Node.js",Pending
876,5,291,49.11,20.0,91.4,33.33,77.32,"Java,Node.js","AWS,C++,Git,JavaScript","Weighted score 49.11: skills 20.0 (x0.4), academics 91.4 (x0.25), projects 33.33 (x0.2), readiness 77.32 (x0.15).",Java (proficiency 1/5); Node.js (proficiency 2/5),"Missing: AWS, C++, Git, JavaScript",Pending
877,5,294,45.6,23.33,99.6,0.0,75.8,C++,"AWS,Git,Java,JavaScript,Node.js","Weighted score 45.6: skills 23.33 (x0.4), academics 99.6 (x0.25), projects 0.0 (x0.2), readiness 75.8 (x0.15).",C++ (proficiency 3/5),"Missing: AWS, Git, Java, JavaScript, Node.js",Pending
878,5,295,58.39,56.67,96.3,0.0,77.65,"AWS,Java,JavaScript","C++,Git,Node.js","Weighted score 58.39: skills 56.67 (x0.4), academics 96.3 (x0.25), projects 0.0 (x0.2), readiness 77.65 (x0.15).",AWS (proficiency 5/5); Java (proficiency 1/5); JavaScript (proficiency 5/5),"Missing: C++, Git, Node.js",Pending
879,5,296,51.69,43.33,90.5,0.0,78.25,"C++,Java,Node.js","AWS,Git,JavaScript","Weighted score 51.69: skills 43.33 (x0.4), academics 90.5 (x0.25), projects 0.0 (x0.2), readiness 78.25 (x0.15).",C++ (proficiency 2/5); Java (proficiency 3/5); Node.js (proficiency 5/5),"Missing: AWS, Git, JavaScript",Pending
880,5,297,63.11,76.67,85.5,0.0,73.75,"AWS,C++,Git,Java,Node.js",JavaScript,"Weighted score 63.11: skills 76.67 (x0.4), academics 85.5 (x0.25), projects 0.0 (x0.2), readiness 73.75 (x0.15).",AWS (proficiency 1/5); C++ (proficiency 5/5); Git (proficiency 3/5); Java (proficiency 4/5); Node.js (proficiency 3/5),Missing: JavaScript,Approved
881,5,298,32.92,0.0,82.1,0.0,82.65,,"AWS,C++,Git,Java,JavaScript,Node.js","Weighted score 32.92: skills 0.0 (x0.4), academics 82.1 (x0.25), projects 0.0 (x0.2), readiness 82.65 (x0.15).",No overlapping skills on record,"Missing: AWS, C++, Git, Java, JavaScript, Node.js",Pending
882,5,299,50.46,33.33,96.3,0.0,87.02,"C++,Java","AWS,Git,JavaScript,Node.js","Weighted score 50.46: skills 33.33 (x0.4), academics 96.3 (x0.25), projects 0.0 (x0.2), readiness 87.02 (x0.15).",C++ (proficiency 5/5); Java (proficiency 4/5),"Missing: AWS, Git, JavaScript, Node.js",Pending
883,5,301,45.68,33.33,84.0,0.0,75.67,"Git,JavaScript","AWS,C++,Java,Node.js","Weighted score 45.68: skills 33.33 (x0.4), academics 84.0 (x0.25), projects 0.0 (x0.2), readiness 75.67 (x0.15).",Git (proficiency 2/5); JavaScript (proficiency 5/5),"Missing: AWS, C++, Java, Node.js",Pending
884,5,307,33.79,0.0,89.5,0.0,76.08,,"AWS,C++,Git,Java,JavaScript,Node.js","Weighted score 33.79: skills 0.0 (x0.4), academics 89.5 (x0.25), projects 0.0 (x0.2), readiness 76.08 (x0.15).",No overlapping skills on record,"Missing: AWS, C++, Git, Java, JavaScript, Node.js",Pending
885,5,308,33.94,0.0,88.4,0.0,78.95,,"AWS,C++,Git,Java,JavaScript,Node.js","Weighted score 33.94: skills 0.0 (x0.4), academics 88.4 (x0.25), projects 0.0 (x0.2), readiness 78.95 (x0.15).",No overlapping skills on record,"Missing: AWS, C++, Git, Java, JavaScript, Node.js",Pending
886,5,310,43.31,10.0,84.9,33.33,76.12,Node.js,"AWS,C++,Git,Java,JavaScript","Weighted score 43.31: skills 10.0 (x0.4), academics 84.9 (x0.25), projects 33.33 (x0.2), readiness 76.12 (x0.15).",Node.js (proficiency 4/5),"Missing: AWS, C++, Git, Java, JavaScript",Pending
887,5,311,54.61,0.0,94.5,100.0,73.25,,"AWS,C++,Git,Java,JavaScript,Node.js","Weighted score 54.61: skills 0.0 (x0.4), academics 94.5 (x0.25), projects 100.0 (x0.2), readiness 73.25 (x0.15).",No overlapping skills on record,"Missing: AWS, C++, Git, Java, JavaScript, Node.js",Pending
888,5,312,40.43,23.33,80.7,0.0,72.85,JavaScript,"AWS,C++,Git,Java,Node.js","Weighted score 40.43: skills 23.33 (x0.4), academics 80.7 (x0.25), projects 0.0 (x0.2), readiness 72.85 (x0.15).",JavaScript (proficiency 3/5),"Missing: AWS, C++, Git, Java, Node.js",Pending
889,5,315,32.58,0.0,87.0,0.0,72.17,,"AWS,C++,Git,Java,JavaScript,Node.js","Weighted score 32.58: skills 0.0 (x0.4), academics 87.0 (x0.25), projects 0.0 (x0.2), readiness 72.17 (x0.15).",No overlapping skills on record,"Missing: AWS, C++, Git, Java, JavaScript, Node.js",Pending
890,5,320,67.6,43.33,80.2,100.0,68.1,"AWS,Git,Node.js","C++,Java,JavaScript","Weighted score 67.6: skills 43.33 (x0.4), academics 80.2 (x0.25), projects 100.0 (x0.2), readiness 68.1 (x0.15).",AWS (proficiency 1/5); Git (proficiency 4/5); Node.js (proficiency 4/5),"Missing: C++, Java, JavaScript",Approved
891,5,321,47.4,33.33,92.3,0.0,73.32,"AWS,Node.js","C++,Git,Java,JavaScript","Weighted score 47.4: skills 33.33 (x0.4), academics 92.3 (x0.25), projects 0.0 (x0.2), readiness 73.32 (x0.15).",AWS (proficiency 4/5); Node.js (proficiency 5/5),"Missing: C++, Git, Java, JavaScript",Pending
892,5,324,46.58,33.33,89.9,0.0,71.82,"Git,JavaScript","AWS,C++,Java,Node.js","Weighted score 46.58: skills 33.33 (x0.4), academics 89.9 (x0.25), projects 0.0 (x0.2), readiness 71.82 (x0.15).",Git (proficiency 5/5); JavaScript (proficiency 5/5),"Missing: AWS, C++, Java, Node.js",Pending
893,5,325,54.2,56.67,83.8,0.0,70.57,"C++,Java,JavaScript","AWS,Git,Node.js","Weighted score 54.2: skills 56.67 (x0.4), academics 83.8 (x0.25), projects 0.0 (x0.2), readiness 70.57 (x0.15).",C++ (proficiency 2/5); Java (proficiency 2/5); JavaScript (proficiency 1/5),"Missing: AWS, Git, Node.js",Pending
894,5,326,43.32,33.33,77.5,0.0,70.75,"Git,JavaScript","AWS,C++,Java,Node.js","Weighted score 43.32: skills 33.33 (x0.4), academics 77.5 (x0.25), projects 0.0 (x0.2), readiness 70.75 (x0.15).",Git (proficiency 4/5); JavaScript (proficiency 1/5),"Missing: AWS, C++, Java, Node.js",Pending
895,5,327,36.72,10.0,87.3,0.0,72.65,Java,"AWS,C++,Git,JavaScript,Node.js","Weighted score 36.72: skills 10.0 (x0.4), academics 87.3 (x0.25), projects 0.0 (x0.2), readiness 72.65 (x0.15).",Java (proficiency 1/5),"Missing: AWS, C++, Git, JavaScript, Node.js",Pending
896,5,328,31.72,0.0,80.7,0.0,76.95,,"AWS,C++,Git,Java,JavaScript,Node.js","Weighted score 31.72: skills 0.0 (x0.4), academics 80.7 (x0.25), projects 0.0 (x0.2), readiness 76.95 (x0.15).",No overlapping skills on record,"Missing: AWS, C++, Git, Java, JavaScript, Node.js",Pending
897,5,330,67.43,46.67,77.8,100.0,62.1,"C++,JavaScript","AWS,Git,Java,Node.js","Weighted score 67.43: skills 46.67 (x0.4), academics 77.8 (x0.25), projects 100.0 (x0.2), readiness 62.1 (x0.15).",C++ (proficiency 4/5); JavaScript (proficiency 2/5),"Missing: AWS, Git, Java, Node.js",Approved
898,5,331,61.67,23.33,99.1,66.67,94.88,JavaScript,"AWS,C++,Git,Java,Node.js","Weighted score 61.67: skills 23.33 (x0.4), academics 99.1 (x0.25), projects 66.67 (x0.2), readiness 94.88 (x0.15).",JavaScript (proficiency 5/5),"Missing: AWS, C++, Git, Java, Node.js",Approved
899,5,333,34.21,0.0,88.1,0.0,81.22,,"AWS,C++,Git,Java,JavaScript,Node.js","Weighted score 34.21: skills 0.0 (x0.4), academics 88.1 (x0.25), projects 0.0 (x0.2), readiness 81.22 (x0.15).",No overlapping skills on record,"Missing: AWS, C++, Git, Java, JavaScript, Node.js",Pending
900,5,334,52.73,46.67,91.6,0.0,74.42,"AWS,C++","Git,Java,JavaScript,Node.js","Weighted score 52.73: skills 46.67 (x0.4), academics 91.6 (x0.25), projects 0.0 (x0.2), readiness 74.42 (x0.15).",AWS (proficiency 4/5); C++ (proficiency 5/5),"Missing: Git, Java, JavaScript, Node.js",Pending
901,5,335,43.01,33.33,76.5,0.0,70.38,"C++,Java","AWS,Git,JavaScript,Node.js","Weighted score 43.01: skills 33.33 (x0.4), academics 76.5 (x0.25), projects 0.0 (x0.2), readiness 70.38 (x0.15).",C++ (proficiency 4/5); Java (proficiency 5/5),"Missing: AWS, Git, JavaScript, Node.js",Pending
902,5,336,62.52,66.67,97.5,0.0,76.5,"AWS,Java,JavaScript,Node.js","C++,Git","Weighted score 62.52: skills 66.67 (x0.4), academics 97.5 (x0.25), projects 0.0 (x0.2), readiness 76.5 (x0.15).",AWS (proficiency 1/5); Java (proficiency 5/5); JavaScript (proficiency 5/5); Node.js (proficiency 2/5),"Missing: C++, Git",Approved
903,5,337,45.44,23.33,94.9,0.0,82.58,C++,"AWS,Git,Java,JavaScript,Node.js","Weighted score 45.44: skills 23.33 (x0.4), academics 94.9 (x0.25), projects 0.0 (x0.2), readiness 82.58 (x0.15).",C++ (proficiency 3/5),"Missing: AWS, Git, Java, JavaScript, Node.js",Pending
904,5,338,33.7,0.0,91.7,0.0,71.85,,"AWS,C++,Git,Java,JavaScript,Node.js","Weighted score 33.7: skills 0.0 (x0.4), academics 91.7 (x0.25), projects 0.0 (x0.2), readiness 71.85 (x0.15).",No overlapping skills on record,"Missing: AWS, C++, Git, Java, JavaScript, Node.js",Pending
905,5,340,50.86,43.33,91.0,0.0,71.83,"Git,JavaScript,Node.js","AWS,C++,Java","Weighted score 50.86: skills 43.33 (x0.4), academics 91.0 (x0.25), projects 0.0 (x0.2), readiness 71.83 (x0.15).",Git (proficiency 1/5); JavaScript (proficiency 3/5); Node.js (proficiency 1/5),"Missing: AWS, C++, Java",Pending
906,5,341,48.7,10.0,98.0,33.33,90.25,Git,"AWS,C++,Java,JavaScript,Node.js","Weighted score 48.7: skills 10.0 (x0.4), academics 98.0 (x0.25), projects 33.33 (x0.2), readiness 90.25 (x0.15).",Git (proficiency 4/5),"Missing: AWS, C++, Java, JavaScript, Node.js",Pending
907,5,345,31.01,0.0,87.3,0.0,61.25,,"AWS,C++,Git,Java,JavaScript,Node.js","Weighted score 31.01: skills 0.0 (x0.4), academics 87.3 (x0.25), projects 0.0 (x0.2), readiness 61.25 (x0.15).",No overlapping skills on record,"Missing: AWS, C++, Git, Java, JavaScript, Node.js",Pending
908,5,352,47.0,33.33,89.3,0.0,75.65,"Java,JavaScript","AWS,C++,Git,Node.js","Weighted score 47.0: skills 33.33 (x0.4), academics 89.3 (x0.25), projects 0.0 (x0.2), readiness 75.65 (x0.15).",Java (proficiency 5/5); JavaScript (proficiency 2/5),"Missing: AWS, C++, Git, Node.js",Pending
909,5,353,41.5,23.33,84.2,0.0,74.1,C++,"AWS,Git,Java,JavaScript,Node.js","Weighted score 41.5: skills 23.33 (x0.4), academics 84.2 (x0.25), projects 0.0 (x0.2), readiness 74.1 (x0.15).",C++ (proficiency 5/5),"Missing: AWS, Git, Java, JavaScript, Node.js",Pending
910,5,354,53.42,10.0,77.5,100.0,66.95,Java,"AWS,C++,Git,JavaScript,Node.js","Weighted score 53.42: skills 10.0 (x0.4), academics 77.5 (x0.25), projects 100.0 (x0.2), readiness 66.95 (x0.15).",Java (proficiency 1/5),"Missing: AWS, C++, Git, JavaScript, Node.js",Pending
911,5,356,63.04,66.67,99.9,0.0,75.95,"C++,Git,Java,JavaScript","AWS,Node.js","Weighted score 63.04: skills 66.67 (x0.4), academics 99.9 (x0.25), projects 0.0 (x0.2), readiness 75.95 (x0.15).",C++ (proficiency 2/5); Git (proficiency 5/5); Java (proficiency 4/5); JavaScript (proficiency 1/5),"Missing: AWS, Node.js",Approved
912,5,357,47.14,23.33,95.4,0.0,93.03,JavaScript,"AWS,C++,Git,Java,Node.js","Weighted score 47.14: skills 23.33 (x0.4), academics 95.4 (x0.25), projects 0.0 (x0.2), readiness 93.03 (x0.15).",JavaScript (proficiency 5/5),"Missing: AWS, C++, Git, Java, Node.js",Pending
913,5,358,39.16,10.0,99.4,0.0,68.7,Java,"AWS,C++,Git,JavaScript,Node.js","Weighted score 39.16: skills 10.0 (x0.4), academics 99.4 (x0.25), projects 0.0 (x0.2), readiness 68.7 (x0.15).",Java (proficiency 1/5),"Missing: AWS, C++, Git, JavaScript, Node.js",Pending
914,5,360,37.51,10.0,86.5,0.0,79.25,Java,"AWS,C++,Git,JavaScript,Node.js","Weighted score 37.51: skills 10.0 (x0.4), academics 86.5 (x0.25), projects 0.0 (x0.2), readiness 79.25 (x0.15).",Java (proficiency 4/5),"Missing: AWS, C++, Git, JavaScript, Node.js",Pending
915,5,361,52.95,43.33,95.3,0.0,78.65,"Java,JavaScript,Node.js","AWS,C++,Git","Weighted score 52.95: skills 43.33 (x0.4), academics 95.3 (x0.25), projects 0.0 (x0.2), readiness 78.65 (x0.15).",Java (proficiency 3/5); JavaScript (proficiency 4/5); Node.js (proficiency 5/5),"Missing: AWS, C++, Git",Pending
916,5,362,31.02,0.0,79.9,0.0,73.62,,"AWS,C++,Git,Java,JavaScript,Node.js","Weighted score 31.02: skills 0.0 (x0.4), academics 79.9 (x0.25), projects 0.0 (x0.2), readiness 73.62 (x0.15).",No overlapping skills on record,"Missing: AWS, C++, Git, Java, JavaScript, Node.js",Pending
917,5,367,47.9,10.0,89.6,50.0,76.68,Git,"AWS,C++,Java,JavaScript,Node.js","Weighted score 47.9: skills 10.0 (x0.4), academics 89.6 (x0.25), projects 50.0 (x0.2), readiness 76.68 (x0.15).",Git (proficiency 4/5),"Missing: AWS, C++, Java, JavaScript, Node.js",Pending
918,5,368,57.8,70.0,78.3,0.0,68.15,"AWS,C++,JavaScript","Git,Java,Node.js","Weighted score 57.8: skills 70.0 (x0.4), academics 78.3 (x0.25), projects 0.0 (x0.2), readiness 68.15 (x0.15).",AWS (proficiency 5/5); C++ (proficiency 2/5); JavaScript (proficiency 2/5),"Missing: Git, Java, Node.js",Pending
919,5,372,44.29,23.33,97.4,0.0,70.7,JavaScript,"AWS,C++,Git,Java,Node.js","Weighted score 44.29: skills 23.33 (x0.4), academics 97.4 (x0.25), projects 0.0 (x0.2), readiness 70.7 (x0.15).",JavaScript (proficiency 2/5),"Missing: AWS, C++, Git, Java, Node.js",Pending
920,5,373,33.72,10.0,78.2,0.0,67.77,Java,"AWS,C++,Git,JavaScript,Node.js","Weighted score 33.72: skills 10.0 (x0.4), academics 78.2 (x0.25), projects 0.0 (x0.2), readiness 67.77 (x0.15).",Java (proficiency 2/5),"Missing: AWS, C++, Git, JavaScript, Node.js",Pending
921,5,376,43.47,0.0,95.0,33.33,87.0,,"AWS,C++,Git,Java,JavaScript,Node.js","Weighted score 43.47: skills 0.0 (x0.4), academics 95.0 (x0.25), projects 33.33 (x0.2), readiness 87.0 (x0.15).",No overlapping skills on record,"Missing: AWS, C++, Git, Java, JavaScript, Node.js",Pending
922,5,377,53.32,23.33,91.2,50.0,74.6,C++,"AWS,Git,Java,JavaScript,Node.js","Weighted score 53.32: skills 23.33 (x0.4), academics 91.2 (x0.25), projects 50.0 (x0.2), readiness 74.6 (x0.15).",C++ (proficiency 3/5),"Missing: AWS, Git, Java, JavaScript, Node.js",Pending
923,5,379,35.62,10.0,82.3,0.0,73.65,Git,"AWS,C++,Java,JavaScript,Node.js","Weighted score 35.62: skills 10.0 (x0.4), academics 82.3 (x0.25), projects 0.0 (x0.2), readiness 73.65 (x0.15).",Git (proficiency 4/5),"Missing: AWS, C++, Java, JavaScript, Node.js",Pending
924,5,387,43.45,33.33,77.9,0.0,70.95,"Git,JavaScript","AWS,C++,Java,Node.js","Weighted score 43.45: skills 33.33 (x0.4), academics 77.9 (x0.25), projects 0.0 (x0.2), readiness 70.95 (x0.15).",Git (proficiency 1/5); JavaScript (proficiency 4/5),"Missing: AWS, C++, Java, Node.js",Pending
925,5,389,61.63,23.33,89.4,100.0,66.32,AWS,"C++,Git,Java,JavaScript,Node.js","Weighted score 61.63: skills 23.33 (x0.4), academics 89.4 (x0.25), projects 100.0 (x0.2), readiness 66.32 (x0.15).",AWS (proficiency 2/5),"Missing: C++, Git, Java, JavaScript, Node.js",Approved
926,5,391,46.81,33.33,89.4,0.0,74.2,"AWS,Java","C++,Git,JavaScript,Node.js","Weighted score 46.81: skills 33.33 (x0.4), academics 89.4 (x0.25), projects 0.0 (x0.2), readiness 74.2 (x0.15).",AWS (proficiency 4/5); Java (proficiency 5/5),"Missing: C++, Git, JavaScript, Node.js",Pending
927,5,395,35.75,10.0,78.4,0.0,81.03,Git,"AWS,C++,Java,JavaScript,Node.js","Weighted score 35.75: skills 10.0 (x0.4), academics 78.4 (x0.25), projects 0.0 (x0.2), readiness 81.03 (x0.15).",Git (proficiency 3/5),"Missing: AWS, C++, Java, JavaScript, Node.js",Pending
928,5,396,38.88,20.0,82.6,0.0,68.18,"Git,Java","AWS,C++,JavaScript,Node.js","Weighted score 38.88: skills 20.0 (x0.4), academics 82.6 (x0.25), projects 0.0 (x0.2), readiness 68.18 (x0.15).",Git (proficiency 3/5); Java (proficiency 2/5),"Missing: AWS, C++, JavaScript, Node.js",Pending
929,5,397,53.54,56.67,81.7,0.0,69.65,"C++,Java,JavaScript","AWS,Git,Node.js","Weighted score 53.54: skills 56.67 (x0.4), academics 81.7 (x0.25), projects 0.0 (x0.2), readiness 69.65 (x0.15).",C++ (proficiency 2/5); Java (proficiency 5/5); JavaScript (proficiency 3/5),"Missing: AWS, Git, Node.js",Pending
930,5,398,43.33,33.33,80.3,0.0,66.15,"C++,Git","AWS,Java,JavaScript,Node.js","Weighted score 43.33: skills 33.33 (x0.4), academics 80.3 (x0.25), projects 0.0 (x0.2), readiness 66.15 (x0.15).",C++ (proficiency 5/5); Git (proficiency 2/5),"Missing: AWS, Java, JavaScript, Node.js",Pending
931,5,400,45.46,33.33,83.3,0.0,75.32,"AWS,Git","C++,Java,JavaScript,Node.js","Weighted score 45.46: skills 33.33 (x0.4), academics 83.3 (x0.25), projects 0.0 (x0.2), readiness 75.32 (x0.15).",AWS (proficiency 1/5); Git (proficiency 2/5),"Missing: C++, Java, JavaScript, Node.js",Pending
932,5,401,41.51,20.0,89.9,0.0,73.58,"Git,Node.js","AWS,C++,Java,JavaScript","Weighted score 41.51: skills 20.0 (x0.4), academics 89.9 (x0.25), projects 0.0 (x0.2), readiness 73.58 (x0.15).",Git (proficiency 5/5); Node.js (proficiency 2/5),"Missing: AWS, C++, Java, JavaScript",Pending
933,5,403,37.61,10.0,85.6,0.0,81.42,Node.js,"AWS,C++,Git,Java,JavaScript","Weighted score 37.61: skills 10.0 (x0.4), academics 85.6 (x0.25), projects 0.0 (x0.2), readiness 81.42 (x0.15).",Node.js (proficiency 3/5),"Missing: AWS, C++, Git, Java, JavaScript",Pending
934,5,405,48.74,10.0,77.6,66.67,80.05,Node.js,"AWS,C++,Git,Java,JavaScript","Weighted score 48.74: skills 10.0 (x0.4), academics 77.6 (x0.25), projects 66.67 (x0.2), readiness 80.05 (x0.15).",Node.js (proficiency 5/5),"Missing: AWS, C++, Git, Java, JavaScript",Pending
935,5,406,51.3,46.67,86.8,0.0,72.9,"AWS,JavaScript","C++,Git,Java,Node.js","Weighted score 51.3: skills 46.67 (x0.4), academics 86.8 (x0.25), projects 0.0 (x0.2), readiness 72.9 (x0.15).",AWS (proficiency 5/5); JavaScript (proficiency 5/5),"Missing: C++, Git, Java, Node.js",Pending
936,5,407,33.56,10.0,76.5,0.0,69.58,Git,"AWS,C++,Java,JavaScript,Node.js","Weighted score 33.56: skills 10.0 (x0.4), academics 76.5 (x0.25), projects 0.0 (x0.2), readiness 69.58 (x0.15).",Git (proficiency 2/5),"Missing: AWS, C++, Java, JavaScript, Node.js",Pending
937,5,409,55.54,56.67,86.2,0.0,75.5,"C++,JavaScript,Node.js","AWS,Git,Java","Weighted score 55.54: skills 56.67 (x0.4), academics 86.2 (x0.25), projects 0.0 (x0.2), readiness 75.5 (x0.15).",C++ (proficiency 2/5); JavaScript (proficiency 5/5); Node.js (proficiency 3/5),"Missing: AWS, Git, Java",Pending
938,5,411,34.08,0.0,86.1,0.0,83.72,,"AWS,C++,Git,Java,JavaScript,Node.js","Weighted score 34.08: skills 0.0 (x0.4), academics 86.1 (x0.25), projects 0.0 (x0.2), readiness 83.72 (x0.15).",No overlapping skills on record,"Missing: AWS, C++, Git, Java, JavaScript, Node.js",Pending
939,5,412,40.5,10.0,93.1,0.0,88.15,Node.js,"AWS,C++,Git,Java,JavaScript","Weighted score 40.5: skills 10.0 (x0.4), academics 93.1 (x0.25), projects 0.0 (x0.2), readiness 88.15 (x0.15).",Node.js (proficiency 2/5),"Missing: AWS, C++, Git, Java, JavaScript",Pending
940,5,414,36.49,10.0,91.2,0.0,64.6,Node.js,"AWS,C++,Git,Java,JavaScript","Weighted score 36.49: skills 10.0 (x0.4), academics 91.2 (x0.25), projects 0.0 (x0.2), readiness 64.6 (x0.15).",Node.js (proficiency 2/5),"Missing: AWS, C++, Git, Java, JavaScript",Pending
941,5,415,43.31,23.33,96.6,0.0,65.55,C++,"AWS,Git,Java,JavaScript,Node.js","Weighted score 43.31: skills 23.33 (x0.4), academics 96.6 (x0.25), projects 0.0 (x0.2), readiness 65.55 (x0.15).",C++ (proficiency 1/5),"Missing: AWS, Git, Java, JavaScript, Node.js",Pending
942,5,416,44.84,10.0,92.3,33.33,73.98,Java,"AWS,C++,Git,JavaScript,Node.js","Weighted score 44.84: skills 10.0 (x0.4), academics 92.3 (x0.25), projects 33.33 (x0.2), readiness 73.98 (x0.15).",Java (proficiency 1/5),"Missing: AWS, C++, Git, JavaScript, Node.js",Pending
943,5,418,46.45,0.0,95.7,50.0,83.52,,"AWS,C++,Git,Java,JavaScript,Node.js","Weighted score 46.45: skills 0.0 (x0.4), academics 95.7 (x0.25), projects 50.0 (x0.2), readiness 83.52 (x0.15).",No overlapping skills on record,"Missing: AWS, C++, Git, Java, JavaScript, Node.js",Pending
944,5,421,44.38,20.0,94.5,0.0,85.0,"Git,Node.js","AWS,C++,Java,JavaScript","Weighted score 44.38: skills 20.0 (x0.4), academics 94.5 (x0.25), projects 0.0 (x0.2), readiness 85.0 (x0.15).",Git (proficiency 3/5); Node.js (proficiency 2/5),"Missing: AWS, C++, Java, JavaScript",Pending
945,5,423,29.76,0.0,75.1,0.0,73.22,,"AWS,C++,Git,Java,JavaScript,Node.js","Weighted score 29.76: skills 0.0 (x0.4), academics 75.1 (x0.25), projects 0.0 (x0.2), readiness 73.22 (x0.15).",No overlapping skills on record,"Missing: AWS, C++, Git, Java, JavaScript, Node.js",Pending
946,5,426,44.53,33.33,80.6,0.0,73.68,"C++,Node.js","AWS,Git,Java,JavaScript","Weighted score 44.53: skills 33.33 (x0.4), academics 80.6 (x0.25), projects 0.0 (x0.2), readiness 73.68 (x0.15).",C++ (proficiency 3/5); Node.js (proficiency 1/5),"Missing: AWS, Git, Java, JavaScript",Pending
947,5,427,32.48,0.0,83.9,0.0,76.7,,"AWS,C++,Git,Java,JavaScript,Node.js","Weighted score 32.48: skills 0.0 (x0.4), academics 83.9 (x0.25), projects 0.0 (x0.2), readiness 76.7 (x0.15).",No overlapping skills on record,"Missing: AWS, C++, Git, Java, JavaScript, Node.js",Pending
948,5,430,30.33,0.0,76.6,0.0,74.55,,"AWS,C++,Git,Java,JavaScript,Node.js","Weighted score 30.33: skills 0.0 (x0.4), academics 76.6 (x0.25), projects 0.0 (x0.2), readiness 74.55 (x0.15).",No overlapping skills on record,"Missing: AWS, C++, Git, Java, JavaScript, Node.js",Pending
949,5,431,54.04,23.33,91.4,50.0,79.03,C++,"AWS,Git,Java,JavaScript,Node.js","Weighted score 54.04: skills 23.33 (x0.4), academics 91.4 (x0.25), projects 50.0 (x0.2), readiness 79.03 (x0.15).",C++ (proficiency 4/5),"Missing: AWS, Git, Java, JavaScript, Node.js",Pending
950,5,432,31.56,0.0,85.1,0.0,68.55,,"AWS,C++,Git,Java,JavaScript,Node.js","Weighted score 31.56: skills 0.0 (x0.4), academics 85.1 (x0.25), projects 0.0 (x0.2), readiness 68.55 (x0.15).",No overlapping skills on record,"Missing: AWS, C++, Git, Java, JavaScript, Node.js",Pending
951,5,434,61.42,10.0,97.9,100.0,86.32,Node.js,"AWS,C++,Git,Java,JavaScript","Weighted score 61.42: skills 10.0 (x0.4), academics 97.9 (x0.25), projects 100.0 (x0.2), readiness 86.32 (x0.15).",Node.js (proficiency 5/5),"Missing: AWS, C++, Git, Java, JavaScript",Pending
952,5,435,38.4,10.0,84.4,0.0,88.7,Java,"AWS,C++,Git,JavaScript,Node.js","Weighted score 38.4: skills 10.0 (x0.4), academics 84.4 (x0.25), projects 0.0 (x0.2), readiness 88.7 (x0.15).",Java (proficiency 5/5),"Missing: AWS, C++, Git, JavaScript, Node.js",Pending
953,5,437,59.63,33.33,86.1,66.67,76.25,"AWS,Java","C++,Git,JavaScript,Node.js","Weighted score 59.63: skills 33.33 (x0.4), academics 86.1 (x0.25), projects 66.67 (x0.2), readiness 76.25 (x0.15).",AWS (proficiency 2/5); Java (proficiency 3/5),"Missing: C++, Git, JavaScript, Node.js",Pending
954,5,439,41.61,23.33,82.3,0.0,78.03,JavaScript,"AWS,C++,Git,Java,Node.js","Weighted score 41.61: skills 23.33 (x0.4), academics 82.3 (x0.25), projects 0.0 (x0.2), readiness 78.03 (x0.15).",JavaScript (proficiency 5/5),"Missing: AWS, C++, Git, Java, Node.js",Pending
955,5,440,45.41,33.33,87.1,0.0,68.68,"AWS,Node.js","C++,Git,Java,JavaScript","Weighted score 45.41: skills 33.33 (x0.4), academics 87.1 (x0.25), projects 0.0 (x0.2), readiness 68.68 (x0.15).",AWS (proficiency 3/5); Node.js (proficiency 5/5),"Missing: C++, Git, Java, JavaScript",Pending
956,5,441,54.49,46.67,94.3,0.0,81.65,"C++,JavaScript","AWS,Git,Java,Node.js","Weighted score 54.49: skills 46.67 (x0.4), academics 94.3 (x0.25), projects 0.0 (x0.2), readiness 81.65 (x0.15).",C++ (proficiency 1/5); JavaScript (proficiency 4/5),"Missing: AWS, Git, Java, Node.js",Pending
957,5,445,73.78,46.67,95.5,100.0,74.92,"C++,JavaScript","AWS,Git,Java,Node.js","Weighted score 73.78: skills 46.67 (x0.4), academics 95.5 (x0.25), projects 100.0 (x0.2), readiness 74.92 (x0.15).",C++ (proficiency 2/5); JavaScript (proficiency 3/5),"Missing: AWS, Git, Java, Node.js",Approved
958,5,448,73.51,56.67,81.0,100.0,70.62,"C++,Java,JavaScript","AWS,Git,Node.js","Weighted score 73.51: skills 56.67 (x0.4), academics 81.0 (x0.25), projects 100.0 (x0.2), readiness 70.62 (x0.15).",C++ (proficiency 2/5); Java (proficiency 4/5); JavaScript (proficiency 5/5),"Missing: AWS, Git, Node.js",Approved
959,5,452,35.58,0.0,95.8,0.0,77.5,,"AWS,C++,Git,Java,JavaScript,Node.js","Weighted score 35.58: skills 0.0 (x0.4), academics 95.8 (x0.25), projects 0.0 (x0.2), readiness 77.5 (x0.15).",No overlapping skills on record,"Missing: AWS, C++, Git, Java, JavaScript, Node.js",Pending
960,5,455,48.62,33.33,99.0,0.0,70.25,"Git,JavaScript","AWS,C++,Java,Node.js","Weighted score 48.62: skills 33.33 (x0.4), academics 99.0 (x0.25), projects 0.0 (x0.2), readiness 70.25 (x0.15).",Git (proficiency 1/5); JavaScript (proficiency 3/5),"Missing: AWS, C++, Java, Node.js",Pending
961,5,463,35.79,10.0,81.9,0.0,75.45,Node.js,"AWS,C++,Git,Java,JavaScript","Weighted score 35.79: skills 10.0 (x0.4), academics 81.9 (x0.25), projects 0.0 (x0.2), readiness 75.45 (x0.15).",Node.js (proficiency 2/5),"Missing: AWS, C++, Git, Java, JavaScript",Pending
962,5,467,37.02,10.0,90.4,0.0,69.45,Git,"AWS,C++,Java,JavaScript,Node.js","Weighted score 37.02: skills 10.0 (x0.4), academics 90.4 (x0.25), projects 0.0 (x0.2), readiness 69.45 (x0.15).",Git (proficiency 5/5),"Missing: AWS, C++, Java, JavaScript, Node.js",Pending
963,5,470,43.68,20.0,98.6,0.0,73.55,"Java,Node.js","AWS,C++,Git,JavaScript","Weighted score 43.68: skills 20.0 (x0.4), academics 98.6 (x0.25), projects 0.0 (x0.2), readiness 73.55 (x0.15).",Java (proficiency 4/5); Node.js (proficiency 2/5),"Missing: AWS, C++, Git, JavaScript",Pending
964,5,472,38.66,10.0,87.6,0.0,85.05,Node.js,"AWS,C++,Git,Java,JavaScript","Weighted score 38.66: skills 10.0 (x0.4), academics 87.6 (x0.25), projects 0.0 (x0.2), readiness 85.05 (x0.15).",Node.js (proficiency 5/5),"Missing: AWS, C++, Git, Java, JavaScript",Pending
965,5,473,43.51,33.33,78.1,0.0,71.05,"C++,Node.js","AWS,Git,Java,JavaScript","Weighted score 43.51: skills 33.33 (x0.4), academics 78.1 (x0.25), projects 0.0 (x0.2), readiness 71.05 (x0.15).",C++ (proficiency 1/5); Node.js (proficiency 1/5),"Missing: AWS, Git, Java, JavaScript",Pending
966,5,474,31.64,0.0,80.1,0.0,77.45,,"AWS,C++,Git,Java,JavaScript,Node.js","Weighted score 31.64: skills 0.0 (x0.4), academics 80.1 (x0.25), projects 0.0 (x0.2), readiness 77.45 (x0.15).",No overlapping skills on record,"Missing: AWS, C++, Git, Java, JavaScript, Node.js",Pending
967,5,478,44.44,33.33,79.0,0.0,75.75,"AWS,Git","C++,Java,JavaScript,Node.js","Weighted score 44.44: skills 33.33 (x0.4), academics 79.0 (x0.25), projects 0.0 (x0.2), readiness 75.75 (x0.15).",AWS (proficiency 5/5); Git (proficiency 4/5),"Missing: C++, Java, JavaScript, Node.js",Pending
968,5,479,53.0,56.67,77.4,0.0,73.2,"C++,Java,JavaScript","AWS,Git,Node.js","Weighted score 53.0: skills 56.67 (x0.4), academics 77.4 (x0.25), projects 0.0 (x0.2), readiness 73.2 (x0.15).",C++ (proficiency 4/5); Java (proficiency 2/5); JavaScript (proficiency 3/5),"Missing: AWS, Git, Node.js",Pending
969,5,481,32.82,0.0,89.9,0.0,68.95,,"AWS,C++,Git,Java,JavaScript,Node.js","Weighted score 32.82: skills 0.0 (x0.4), academics 89.9 (x0.25), projects 0.0 (x0.2), readiness 68.95 (x0.15).",No overlapping skills on record,"Missing: AWS, C++, Git, Java, JavaScript, Node.js",Pending
970,5,482,32.72,10.0,77.3,0.0,62.65,Git,"AWS,C++,Java,JavaScript,Node.js","Weighted score 32.72: skills 10.0 (x0.4), academics 77.3 (x0.25), projects 0.0 (x0.2), readiness 62.65 (x0.15).",Git (proficiency 1/5),"Missing: AWS, C++, Java, JavaScript, Node.js",Pending
971,5,484,49.18,33.33,97.5,0.0,76.5,"C++,Node.js","AWS,Git,Java,JavaScript","Weighted score 49.18: skills 33.33 (x0.4), academics 97.5 (x0.25), projects 0.0 (x0.2), readiness 76.5 (x0.15).",C++ (proficiency 1/5); Node.js (proficiency 3/5),"Missing: AWS, Git, Java, JavaScript",Pending
972,5,485,35.06,10.0,77.1,0.0,78.55,Node.js,"AWS,C++,Git,Java,JavaScript","Weighted score 35.06: skills 10.0 (x0.4), academics 77.1 (x0.25), projects 0.0 (x0.2), readiness 78.55 (x0.15).",Node.js (proficiency 5/5),"Missing: AWS, C++, Git, Java, JavaScript",Pending
973,5,486,38.38,23.33,79.6,0.0,61.0,C++,"AWS,Git,Java,JavaScript,Node.js","Weighted score 38.38: skills 23.33 (x0.4), academics 79.6 (x0.25), projects 0.0 (x0.2), readiness 61.0 (x0.15).",C++ (proficiency 1/5),"Missing: AWS, Git, Java, JavaScript, Node.js",Pending
974,5,487,47.8,0.0,74.6,100.0,60.97,,"AWS,C++,Git,Java,JavaScript,Node.js","Weighted score 47.8: skills 0.0 (x0.4), academics 74.6 (x0.25), projects 100.0 (x0.2), readiness 60.97 (x0.15).",No overlapping skills on record,"Missing: AWS, C++, Git, Java, JavaScript, Node.js",Pending
975,5,493,43.26,33.33,81.3,0.0,64.03,"AWS,Git","C++,Java,JavaScript,Node.js","Weighted score 43.26: skills 33.33 (x0.4), academics 81.3 (x0.25), projects 0.0 (x0.2), readiness 64.03 (x0.15).",AWS (proficiency 3/5); Git (proficiency 4/5),"Missing: C++, Java, JavaScript, Node.js",Pending
976,5,494,54.04,10.0,78.6,100.0,69.3,Git,"AWS,C++,Java,JavaScript,Node.js","Weighted score 54.04: skills 10.0 (x0.4), academics 78.6 (x0.25), projects 100.0 (x0.2), readiness 69.3 (x0.15).",Git (proficiency 2/5),"Missing: AWS, C++, Java, JavaScript, Node.js",Pending
977,5,496,29.74,0.0,75.7,0.0,72.1,,"AWS,C++,Git,Java,JavaScript,Node.js","Weighted score 29.74: skills 0.0 (x0.4), academics 75.7 (x0.25), projects 0.0 (x0.2), readiness 72.1 (x0.15).",No overlapping skills on record,"Missing: AWS, C++, Git, Java, JavaScript, Node.js",Pending
978,5,497,52.58,43.33,92.3,0.0,81.15,"AWS,Java,Node.js","C++,Git,JavaScript","Weighted score 52.58: skills 43.33 (x0.4), academics 92.3 (x0.25), projects 0.0 (x0.2), readiness 81.15 (x0.15).",AWS (proficiency 1/5); Java (proficiency 5/5); Node.js (proficiency 1/5),"Missing: C++, Git, JavaScript",Pending
979,5,500,52.46,10.0,76.5,100.0,62.25,Node.js,"AWS,C++,Git,Java,JavaScript","Weighted score 52.46: skills 10.0 (x0.4), academics 76.5 (x0.25), projects 100.0 (x0.2), readiness 62.25 (x0.15).",Node.js (proficiency 3/5),"Missing: AWS, C++, Git, Java, JavaScript",Pending
980,6,4,32.6,6.0,76.3,0.0,74.15,AWS,"Data Structures,Docker,JavaScript,MongoDB,Python,System Design","Weighted score 32.6: skills 6.0 (x0.4), academics 76.3 (x0.25), projects 0.0 (x0.2), readiness 74.15 (x0.15).",AWS (proficiency 5/5),"Missing: Data Structures, Docker, JavaScript, MongoDB, Python, System Design",Pending
981,6,5,43.76,12.0,75.2,50.0,67.72,"AWS,Docker","Data Structures,JavaScript,MongoDB,Python,System Design","Weighted score 43.76: skills 12.0 (x0.4), academics 75.2 (x0.25), projects 50.0 (x0.2), readiness 67.72 (x0.15).",AWS (proficiency 5/5); Docker (proficiency 2/5),"Missing: Data Structures, JavaScript, MongoDB, Python, System Design",Pending
982,6,8,33.52,6.0,87.8,0.0,61.15,MongoDB,"AWS,Data Structures,Docker,JavaScript,Python,System Design","Weighted score 33.52: skills 6.0 (x0.4), academics 87.8 (x0.25), projects 0.0 (x0.2), readiness 61.15 (x0.15).",MongoDB (proficiency 1/5),"Missing: AWS, Data Structures, Docker, JavaScript, Python, System Design",Pending
983,6,11,51.69,41.0,94.0,0.0,78.6,"AWS,Data Structures","Docker,JavaScript,MongoDB,Python,System Design","Weighted score 51.69: skills 41.0 (x0.4), academics 94.0 (x0.25), projects 0.0 (x0.2), readiness 78.6 (x0.15).",AWS (proficiency 5/5); Data Structures (proficiency 2/5),"Missing: Docker, JavaScript, MongoDB, Python, System Design",Pending
984,6,13,46.88,35.0,85.8,0.0,76.23,System Design,"AWS,Data Structures,Docker,JavaScript,MongoDB,Python","Weighted score 46.88: skills 35.0 (x0.4), academics 85.8 (x0.25), projects 0.0 (x0.2), readiness 76.23 (x0.15).",System Design (proficiency 4/5),"Missing: AWS, Data Structures, Docker, JavaScript, MongoDB, Python",Pending
985,6,16,48.42,35.0,91.2,0.0,77.47,Data Structures,"AWS,Docker,JavaScript,MongoDB,Python,System Design","Weighted score 48.42: skills 35.0 (x0.4), academics 91.2 (x0.25), projects 0.0 (x0.2), readiness 77.47 (x0.15).",Data Structures (proficiency 2/5),"Missing: AWS, Docker, JavaScript, MongoDB, Python, System Design",Pending
986,6,17,43.96,12.0,76.5,50.0,66.92,"Docker,MongoDB","AWS,Data Structures,JavaScript,Python,System Design","Weighted score 43.96: skills 12.0 (x0.4), academics 76.5 (x0.25), projects 50.0 (x0.2), readiness 66.92 (x0.15).",Docker (proficiency 3/5); MongoDB (proficiency 5/5),"Missing: AWS, Data Structures, JavaScript, Python, System Design",Pending
987,6,18,51.05,12.0,94.8,50.0,83.65,"AWS,JavaScript","Data Structures,Docker,MongoDB,Python,System Design","Weighted score 51.05: skills 12.0 (x0.4), academics 94.8 (x0.25), projects 50.0 (x0.2), readiness 83.65 (x0.15).",AWS (proficiency 1/5); JavaScript (proficiency 4/5),"Missing: Data Structures, Docker, MongoDB, Python, System Design",Pending
988,6,19,38.66,6.0,88.5,0.0,94.25,Python,"AWS,Data Structures,Docker,JavaScript,MongoDB,System Design","Weighted score 38.66: skills 6.0 (x0.4), academics 88.5 (x0.25), projects 0.0 (x0.2), readiness 94.25 (x0.15).",Python (proficiency 5/5),"Missing: AWS, Data Structures, Docker, JavaScript, MongoDB, System Design",Pending
989,6,20,35.91,12.0,81.3,0.0,71.9,"AWS,Docker","Data Structures,JavaScript,MongoDB,Python,System Design","Weighted score 35.91: skills 12.0 (x0.4), academics 81.3 (x0.25), projects 0.0 (x0.2), readiness 71.9 (x0.15).",AWS (proficiency 5/5); Docker (proficiency 2/5),"Missing: Data Structures, JavaScript, MongoDB, Python, System Design",Pending
990,6,21,64.47,35.0,85.0,100.0,61.5,Data Structures,"AWS,Docker,JavaScript,MongoDB,Python,System Design","Weighted score 64.47: skills 35.0 (x0.4), academics 85.0 (x0.25), projects 100.0 (x0.2), readiness 61.5 (x0.15).",Data Structures (proficiency 1/5),"Missing: AWS, Docker, JavaScript, MongoDB, Python, System Design",Approved
991,6,22,61.14,47.0,85.6,50.0,72.92,"AWS,Data Structures,MongoDB","Docker,JavaScript,Python,System Design","Weighted score 61.14: skills 47.0 (x0.4), academics 85.6 (x0.25), projects 50.0 (x0.2), readiness 72.92 (x0.15).",AWS (proficiency 4/5); Data Structures (proficiency 1/5); MongoDB (proficiency 1/5),"Missing: Docker, JavaScript, Python, System Design",Approved
992,6,27,43.06,18.0,94.2,0.0,82.1,"AWS,Docker,JavaScript","Data Structures,MongoDB,Python,System Design","Weighted score 43.06: skills 18.0 (x0.4), academics 94.2 (x0.25), projects 0.0 (x0.2), readiness 82.1 (x0.15).",AWS (proficiency 1/5); Docker (proficiency 3/5); JavaScript (proficiency 2/5),"Missing: Data Structures, MongoDB, Python, System Design",Pending
993,6,29,33.55,6.0,82.0,0.0,71.0,Docker,"AWS,Data Structures,JavaScript,MongoDB,Python,System Design","Weighted score 33.55: skills 6.0 (x0.4), academics 82.0 (x0.25), projects 0.0 (x0.2), readiness 71.0 (x0.15).",Docker (proficiency 2/5),"Missing: AWS, Data Structures, JavaScript, MongoDB, Python, System Design",Pending
994,6,30,53.9,47.0,92.4,0.0,80.0,"AWS,Python,System Design","Data Structures,Docker,JavaScript,MongoDB","Weighted score 53.9: skills 47.0 (x0.4), academics 92.4 (x0.25), projects 0.0 (x0.2), readiness 80.0 (x0.15).",AWS (proficiency 4/5); Python (proficiency 5/5); System Design (proficiency 2/5),"Missing: Data Structures, Docker, JavaScript, MongoDB",Pending
995,6,31,45.29,6.0,97.6,33.33,78.8,JavaScript,"AWS,Data Structures,Docker,MongoDB,Python,System Design","Weighted score 45.29: skills 6.0 (x0.4), academics 97.6 (x0.25), projects 33.33 (x0.2), readiness 78.8 (x0.15).",JavaScript (proficiency 2/5),"Missing: AWS, Data Structures, Docker, MongoDB, Python, System Design",Pending
996,6,32,45.38,35.0,79.0,0.0,77.5,Data Structures,"AWS,Docker,JavaScript,MongoDB,Python,System Design","Weighted score 45.38: skills 35.0 (x0.4), academics 79.0 (x0.25), projects 0.0 (x0.2), readiness 77.5 (x0.15).",Data Structures (proficiency 5/5),"Missing: AWS, Docker, JavaScript, MongoDB, Python, System Design",Pending
997,6,34,45.15,6.0,92.8,33.33,85.9,AWS,"Data Structures,Docker,JavaScript,MongoDB,Python,System Design","Weighted score 45.15: skills 6.0 (x0.4), academics 92.8 (x0.25), projects 33.33 (x0.2), readiness 85.9 (x0.15).",AWS (proficiency 5/5),"Missing: Data Structures, Docker, JavaScript, MongoDB, Python, System Design",Pending
998,6,36,30.02,6.0,75.3,0.0,58.65,MongoDB,"AWS,Data Structures,Docker,JavaScript,Python,System Design","Weighted score 30.02: skills 6.0 (x0.4), academics 75.3 (x0.25), projects 0.0 (x0.2), readiness 58.65 (x0.15).",MongoDB (proficiency 2/5),"Missing: AWS, Data Structures, Docker, JavaScript, Python, System Design",Pending
999,6,37,33.15,6.0,79.9,0.0,71.82,Docker,"AWS,Data Structures,JavaScript,MongoDB,Python,System Design","Weighted score 33.15: skills 6.0 (x0.4), academics 79.9 (x0.25), projects 0.0 (x0.2), readiness 71.82 (x0.15).",Docker (proficiency 1/5),"Missing: AWS, Data Structures, JavaScript, MongoDB, Python, System Design",Pending
1000,6,40,40.74,12.0,97.1,0.0,77.8,"JavaScript,Python","AWS,Data Structures,Docker,MongoDB,System Design","Weighted score 40.74: skills 12.0 (x0.4), academics 97.1 (x0.25), projects 0.0 (x0.2), readiness 77.8 (x0.15).",JavaScript (proficiency 4/5); Python (proficiency 2/5),"Missing: AWS, Data Structures, Docker, MongoDB, System Design",Pending
1001,6,41,37.74,12.0,91.3,0.0,67.45,"AWS,JavaScript","Data Structures,Docker,MongoDB,Python,System Design","Weighted score 37.74: skills 12.0 (x0.4), academics 91.3 (x0.25), projects 0.0 (x0.2), readiness 67.45 (x0.15).",AWS (proficiency 4/5); JavaScript (proficiency 1/5),"Missing: Data Structures, Docker, MongoDB, Python, System Design",Pending
1002,6,42,32.96,12.0,74.1,0.0,64.22,"JavaScript,Python","AWS,Data Structures,Docker,MongoDB,System Design","Weighted score 32.96: skills 12.0 (x0.4), academics 74.1 (x0.25), projects 0.0 (x0.2), readiness 64.22 (x0.15).",JavaScript (proficiency 1/5); Python (proficiency 2/5),"Missing: AWS, Data Structures, Docker, MongoDB, System Design",Pending
1003,6,43,37.87,6.0,99.3,0.0,70.98,Python,"AWS,Data Structures,Docker,JavaScript,MongoDB,System Design","Weighted score 37.87: skills 6.0 (x0.4), academics 99.3 (x0.25), projects 0.0 (x0.2), readiness 70.98 (x0.15).",Python (proficiency 1/5),"Missing: AWS, Data Structures, Docker, JavaScript, MongoDB, System Design",Pending
1004,6,44,52.11,41.0,93.8,0.0,81.73,"Docker,System Design","AWS,Data Structures,JavaScript,MongoDB,Python","Weighted score 52.11: skills 41.0 (x0.4), academics 93.8 (x0.25), projects 0.0 (x0.2), readiness 81.73 (x0.15).",Docker (proficiency 3/5); System Design (proficiency 2/5),"Missing: AWS, Data Structures, JavaScript, MongoDB, Python",Pending
1005,6,45,40.78,12.0,74.0,33.33,72.12,"MongoDB,Python","AWS,Data Structures,Docker,JavaScript,System Design","Weighted score 40.78: skills 12.0 (x0.4), academics 74.0 (x0.25), projects 33.33 (x0.2), readiness 72.12 (x0.15).",MongoDB (proficiency 4/5); Python (proficiency 4/5),"Missing: AWS, Data Structures, Docker, JavaScript, System Design",Pending
1006,6,46,45.84,0.0,93.8,50.0,82.57,,"AWS,Data Structures,Docker,JavaScript,MongoDB,Python,System Design","Weighted score 45.84: skills 0.0 (x0.4), academics 93.8 (x0.25), projects 50.0 (x0.2), readiness 82.57 (x0.15).",No overlapping skills on record,"Missing: AWS, Data Structures, Docker, JavaScript, MongoDB, Python, System Design",Pending
1007,6,48,45.94,41.0,72.7,0.0,75.75,"Data Structures,Python","AWS,Docker,JavaScript,MongoDB,System Design","Weighted score 45.94: skills 41.0 (x0.4), academics 72.7 (x0.25), projects 0.0 (x0.2), readiness 75.75 (x0.15).",Data Structures (proficiency 2/5); Python (proficiency 5/5),"Missing: AWS, Docker, JavaScript, MongoDB, System Design",Pending
1008,6,49,40.55,12.0,99.3,0.0,72.85,"Docker,JavaScript","AWS,Data Structures,MongoDB,Python,System Design","Weighted score 40.55: skills 12.0 (x0.4), academics 99.3 (x0.25), projects 0.0 (x0.2), readiness 72.85 (x0.15).",Docker (proficiency 1/5); JavaScript (proficiency 1/5),"Missing: AWS, Data Structures, MongoDB, Python, System Design",Pending
1009,6,53,40.18,6.0,96.4,0.0,91.2,MongoDB,"AWS,Data Structures,Docker,JavaScript,Python,System Design","Weighted score 40.18: skills 6.0 (x0.4), academics 96.4 (x0.25), projects 0.0 (x0.2), readiness 91.2 (x0.15).",MongoDB (proficiency 5/5),"Missing: AWS, Data Structures, Docker, JavaScript, Python, System Design",Pending
1010,6,63,35.11,6.0,85.1,0.0,76.22,Python,"AWS,Data Structures,Docker,JavaScript,MongoDB,System Design","Weighted score 35.11: skills 6.0 (x0.4), academics 85.1 (x0.25), projects 0.0 (x0.2), readiness 76.22 (x0.15).",Python (proficiency 3/5),"Missing: AWS, Data Structures, Docker, JavaScript, MongoDB, System Design",Pending
1011,6,66,57.53,41.0,83.5,50.0,68.38,"Data Structures,MongoDB","AWS,Docker,JavaScript,Python,System Design","Weighted score 57.53: skills 41.0 (x0.4), academics 83.5 (x0.25), projects 50.0 (x0.2), readiness 68.38 (x0.15).",Data Structures (proficiency 2/5); MongoDB (proficiency 1/5),"Missing: AWS, Docker, JavaScript, Python, System Design",Pending
1012,6,67,41.98,18.0,93.1,0.0,76.68,"AWS,Docker,MongoDB","Data Structures,JavaScript,Python,System Design","Weighted score 41.98: skills 18.0 (x0.4), academics 93.1 (x0.25), projects 0.0 (x0.2), readiness 76.68 (x0.15).",AWS (proficiency 1/5); Docker (proficiency 3/5); MongoDB (proficiency 2/5),"Missing: Data Structures, JavaScript, Python, System Design",Pending
1013,6,69,45.48,35.0,79.8,0.0,76.9,System Design,"AWS,Data Structures,Docker,JavaScript,MongoDB,Python","Weighted score 45.48: skills 35.0 (x0.4), academics 79.8 (x0.25), projects 0.0 (x0.2), readiness 76.9 (x0.15).",System Design (proficiency 4/5),"Missing: AWS, Data Structures, Docker, JavaScript, MongoDB, Python",Pending
1014,6,71,55.38,41.0,81.2,33.33,80.1,"Data Structures,MongoDB","AWS,Docker,JavaScript,Python,System Design","Weighted score 55.38: skills 41.0 (x0.4), academics 81.2 (x0.25), projects 33.33 (x0.2), readiness 80.1 (x0.15).",Data Structures (proficiency 5/5); MongoDB (proficiency 1/5),"Missing: AWS, Docker, JavaScript, Python, System Design",Pending
1015,6,72,33.04,0.0,91.5,0.0,67.75,,"AWS,Data Structures,Docker,JavaScript,MongoDB,Python,System Design","Weighted score 33.04: skills 0.0 (x0.4), academics 91.5 (x0.25), projects 0.0 (x0.2), readiness 67.75 (x0.15).",No overlapping skills on record,"Missing: AWS, Data Structures, Docker, JavaScript, MongoDB, Python, System Design",Pending
1016,6,74,31.83,6.0,80.7,0.0,61.68,Python,"AWS,Data Structures,Docker,JavaScript,MongoDB,System Design","Weighted score 31.83: skills 6.0 (x0.4), academics 80.7 (x0.25), projects 0.0 (x0.2), readiness 61.68 (x0.15).",Python (proficiency 4/5),"Missing: AWS, Data Structures, Docker, JavaScript, MongoDB, System Design",Pending
1017,6,75,46.29,0.0,83.5,66.67,80.55,,"AWS,Data Structures,Docker,JavaScript,MongoDB,Python,System Design","Weighted score 46.29: skills 0.0 (x0.4), academics 83.5 (x0.25), projects 66.67 (x0.2), readiness 80.55 (x0.15).",No overlapping skills on record,"Missing: AWS, Data Structures, Docker, JavaScript, MongoDB, Python, System Design",Pending
1018,6,78,41.27,12.0,93.6,0.0,87.13,"AWS,Docker","Data Structures,JavaScript,MongoDB,Python,System Design","Weighted score 41.27: skills 12.0 (x0.4), academics 93.6 (x0.25), projects 0.0 (x0.2), readiness 87.13 (x0.15).",AWS (proficiency 4/5); Docker (proficiency 4/5),"Missing: Data Structures, JavaScript, MongoDB, Python, System Design",Pending
1019,6,79,37.79,12.0,90.8,0.0,68.6,"Docker,MongoDB","AWS,Data Structures,JavaScript,Python,System Design","Weighted score 37.79: skills 12.0 (x0.4), academics 90.8 (x0.25), projects 0.0 (x0.2), readiness 68.6 (x0.15).",Docker (proficiency 5/5); MongoDB (proficiency 1/5),"Missing: AWS, Data Structures, JavaScript, Python, System Design",Pending
1020,6,85,30.38,0.0,80.9,0.0,67.7,,"AWS,Data Structures,Docker,JavaScript,MongoDB,Python,System Design","Weighted score 30.38: skills 0.0 (x0.4), academics 80.9 (x0.25), projects 0.0 (x0.2), readiness 67.7 (x0.15).",No overlapping skills on record,"Missing: AWS, Data Structures, Docker, JavaScript, MongoDB, Python, System Design",Pending
1021,6,86,54.88,47.0,96.7,0.0,79.35,"AWS,MongoDB,System Design","Data Structures,Docker,JavaScript,Python","Weighted score 54.88: skills 47.0 (x0.4), academics 96.7 (x0.25), projects 0.0 (x0.2), readiness 79.35 (x0.15).",AWS (proficiency 3/5); MongoDB (proficiency 3/5); System Design (proficiency 2/5),"Missing: Data Structures, Docker, JavaScript, Python",Pending
1022,6,90,39.56,12.0,65.9,50.0,55.2,"JavaScript,Python","AWS,Data Structures,Docker,MongoDB,System Design","Weighted score 39.56: skills 12.0 (x0.4), academics 65.9 (x0.25), projects 50.0 (x0.2), readiness 55.2 (x0.15).",JavaScript (proficiency 3/5); Python (proficiency 1/5),"Missing: AWS, Data Structures, Docker, MongoDB, System Design",Pending
1023,6,94,36.54,0.0,94.2,0.0,86.6,,"AWS,Data Structures,Docker,JavaScript,MongoDB,Python,System Design","Weighted score 36.54: skills 0.0 (x0.4), academics 94.2 (x0.25), projects 0.0 (x0.2), readiness 86.6 (x0.15).",No overlapping skills on record,"Missing: AWS, Data Structures, Docker, JavaScript, MongoDB, Python, System Design",Pending
1024,6,95,44.64,6.0,84.9,50.0,73.45,Docker,"AWS,Data Structures,JavaScript,MongoDB,Python,System Design","Weighted score 44.64: skills 6.0 (x0.4), academics 84.9 (x0.25), projects 50.0 (x0.2), readiness 73.45 (x0.15).",Docker (proficiency 2/5),"Missing: AWS, Data Structures, JavaScript, MongoDB, Python, System Design",Pending
1025,6,97,45.33,41.0,72.4,0.0,72.2,"Data Structures,JavaScript","AWS,Docker,MongoDB,Python,System Design","Weighted score 45.33: skills 41.0 (x0.4), academics 72.4 (x0.25), projects 0.0 (x0.2), readiness 72.2 (x0.15).",Data Structures (proficiency 3/5); JavaScript (proficiency 1/5),"Missing: AWS, Docker, MongoDB, Python, System Design",Pending
1026,6,98,34.87,6.0,83.3,0.0,77.65,Docker,"AWS,Data Structures,JavaScript,MongoDB,Python,System Design","Weighted score 34.87: skills 6.0 (x0.4), academics 83.3 (x0.25), projects 0.0 (x0.2), readiness 77.65 (x0.15).",Docker (proficiency 4/5),"Missing: AWS, Data Structures, JavaScript, MongoDB, Python, System Design",Pending
1027,6,101,35.21,12.0,72.1,0.0,82.55,"Docker,MongoDB","AWS,Data Structures,JavaScript,Python,System Design","Weighted score 35.21: skills 12.0 (x0.4), academics 72.1 (x0.25), projects 0.0 (x0.2), readiness 82.55 (x0.15).",Docker (proficiency 4/5); MongoDB (proficiency 5/5),"Missing: AWS, Data Structures, JavaScript, Python, System Design",Pending
1028,6,103,46.08,35.0,89.0,0.0,65.5,System Design,"AWS,Data Structures,Docker,JavaScript,MongoDB,Python","Weighted score 46.08: skills 35.0 (x0.4), academics 89.0 (x0.25), projects 0.0 (x0.2), readiness 65.5 (x0.15).",System Design (proficiency 2/5),"Missing: AWS, Data Structures, Docker, JavaScript, MongoDB, Python",Pending
1029,6,104,58.81,41.0,95.8,33.33,78.65,"JavaScript,System Design","AWS,Data Structures,Docker,MongoDB,Python","Weighted score 58.81: skills 41.0 (x0.4), academics 95.8 (x0.25), projects 33.33 (x0.2), readiness 78.65 (x0.15).",JavaScript (proficiency 3/5); System Design (proficiency 1/5),"Missing: AWS, Data Structures, Docker, MongoDB, Python",Pending
1030,6,105,55.02,18.0,71.3,100.0,66.65,"Docker,MongoDB,Python","AWS,Data Structures,JavaScript,System Design","Weighted score 55.02: skills 18.0 (x0.4), academics 71.3 (x0.25), projects 100.0 (x0.2), readiness 66.65 (x0.15).",Docker (proficiency 5/5); MongoDB (proficiency 1/5); Python (proficiency 2/5),"Missing: AWS, Data Structures, JavaScript, System Design",Pending
1031,6,109,42.72,35.0,73.7,0.0,68.65,Data Structures,"AWS,Docker,JavaScript,MongoDB,Python,System Design","Weighted score 42.72: skills 35.0 (x0.4), academics 73.7 (x0.25), projects 0.0 (x0.2), readiness 68.65 (x0.15).",Data Structures (proficiency 1/5),"Missing: AWS, Docker, JavaScript, MongoDB, Python, System Design",Pending
1032,6,111,54.46,47.0,94.6,0.0,80.05,"AWS,Data Structures,MongoDB","Docker,JavaScript,Python,System Design","Weighted score 54.46: skills 47.0 (x0.4), academics 94.6 (x0.25), projects 0.0 (x0.2), readiness 80.05 (x0.15).",AWS (proficiency 2/5); Data Structures (proficiency 2/5); MongoDB (proficiency 4/5),"Missing: Docker, JavaScript, Python, System Design",Pending
1033,6,113,48.59,24.0,79.6,33.33,82.8,"AWS,Docker,JavaScript,Python","Data Structures,MongoDB,System Design","Weighted score 48.59: skills 24.0 (x0.4), academics 79.6 (x0.25), projects 33.33 (x0.2), readiness 82.8 (x0.15).",AWS (proficiency 5/5); Docker (proficiency 5/5); JavaScript (proficiency 4/5); Python (proficiency 4/5),"Missing: Data Structures, MongoDB, System Design",Pending
1034,6,115,49.94,6.0,73.2,100.0,61.6,JavaScript,"AWS,Data Structures,Docker,MongoDB,Python,System Design","Weighted score 49.94: skills 6.0 (x0.4), academics 73.2 (x0.25), projects 100.0 (x0.2), readiness 61.6 (x0.15).",JavaScript (proficiency 1/5),"Missing: AWS, Data Structures, Docker, MongoDB, Python, System Design",Pending
1035,6,120,44.78,41.0,72.2,0.0,68.85,"Data Structures,Python","AWS,Docker,JavaScript,MongoDB,System Design","Weighted score 44.78: skills 41.0 (x0.4), academics 72.2 (x0.25), projects 0.0 (x0.2), readiness 68.85 (x0.15).",Data Structures (proficiency 2/5); Python (proficiency 5/5),"Missing: AWS, Docker, JavaScript, MongoDB, System Design",Pending
1036,6,123,60.81,47.0,85.1,50.0,71.55,"Docker,MongoDB,System Design","AWS,Data Structures,JavaScript,Python","Weighted score 60.81: skills 47.0 (x0.4), academics 85.1 (x0.25), projects 50.0 (x0.2), readiness 71.55 (x0.15).",Docker (proficiency 2/5); MongoDB (proficiency 2/5); System Design (proficiency 5/5),"Missing: AWS, Data Structures, JavaScript, Python",Pending
1037,6,126,61.16,35.0,96.8,50.0,86.4,System Design,"AWS,Data Structures,Docker,JavaScript,MongoDB,Python","Weighted score 61.16: skills 35.0 (x0.4), academics 96.8 (x0.25), projects 50.0 (x0.2), readiness 86.4 (x0.15).",System Design (proficiency 4/5),"Missing: AWS, Data Structures, Docker, JavaScript, MongoDB, Python",Approved
1038,6,132,27.42,0.0,70.6,0.0,65.13,,"AWS,Data Structures,Docker,JavaScript,MongoDB,Python,System Design","Weighted score 27.42: skills 0.0 (x0.4), academics 70.6 (x0.25), projects 0.0 (x0.2), readiness 65.13 (x0.15).",No overlapping skills on record,"Missing: AWS, Data Structures, Docker, JavaScript, MongoDB, Python, System Design",Pending
1039,6,133,60.63,41.0,92.4,50.0,74.2,"MongoDB,System Design","AWS,Data Structures,Docker,JavaScript,Python","Weighted score 60.63: skills 41.0 (x0.4), academics 92.4 (x0.25), projects 50.0 (x0.2), readiness 74.2 (x0.15).",MongoDB (proficiency 5/5); System Design (proficiency 3/5),"Missing: AWS, Data Structures, Docker, JavaScript, Python",Pending
1040,6,134,55.25,12.0,81.7,100.0,66.85,"AWS,MongoDB","Data Structures,Docker,JavaScript,Python,System Design","Weighted score 55.25: skills 12.0 (x0.4), academics 81.7 (x0.25), projects 100.0 (x0.2), readiness 66.85 (x0.15).",AWS (proficiency 1/5); MongoDB (proficiency 3/5),"Missing: Data Structures, Docker, JavaScript, Python, System Design",Pending
1041,6,139,30.05,6.0,73.3,0.0,62.15,Docker,"AWS,Data Structures,JavaScript,MongoDB,Python,System Design","Weighted score 30.05: skills 6.0 (x0.4), academics 73.3 (x0.25), projects 0.0 (x0.2), readiness 62.15 (x0.15).",Docker (proficiency 2/5),"Missing: AWS, Data Structures, JavaScript, MongoDB, Python, System Design",Pending
1042,6,140,42.92,6.0,87.0,33.33,80.67,Docker,"AWS,Data Structures,JavaScript,MongoDB,Python,System Design","Weighted score 42.92: skills 6.0 (x0.4), academics 87.0 (x0.25), projects 33.33 (x0.2), readiness 80.67 (x0.15).",Docker (proficiency 4/5),"Missing: AWS, Data Structures, JavaScript, MongoDB, Python, System Design",Pending
1043,6,141,37.74,0.0,73.2,50.0,62.93,,"AWS,Data Structures,Docker,JavaScript,MongoDB,Python,System Design","Weighted score 37.74: skills 0.0 (x0.4), academics 73.2 (x0.25), projects 50.0 (x0.2), readiness 62.93 (x0.15).",No overlapping skills on record,"Missing: AWS, Data Structures, Docker, JavaScript, MongoDB, Python, System Design",Pending
1044,6,142,41.48,6.0,79.9,33.33,82.95,MongoDB,"AWS,Data Structures,Docker,JavaScript,Python,System Design","Weighted score 41.48: skills 6.0 (x0.4), academics 79.9 (x0.25), projects 33.33 (x0.2), readiness 82.95 (x0.15).",MongoDB (proficiency 2/5),"Missing: AWS, Data Structures, Docker, JavaScript, Python, System Design",Pending
1045,6,146,52.27,18.0,78.6,66.67,80.55,"Docker,JavaScript,Python","AWS,Data Structures,MongoDB,System Design","Weighted score 52.27: skills 18.0 (x0.4), academics 78.6 (x0.25), projects 66.67 (x0.2), readiness 80.55 (x0.15).",Docker (proficiency 3/5); JavaScript (proficiency 1/5); Python (proficiency 5/5),"Missing: AWS, Data Structures, MongoDB, System Design",Pending
1046,6,149,43.41,35.0,79.7,0.0,63.22,System Design,"AWS,Data Structures,Docker,JavaScript,MongoDB,Python","Weighted score 43.41: skills 35.0 (x0.4), academics 79.7 (x0.25), projects 0.0 (x0.2), readiness 63.22 (x0.15).",System Design (proficiency 3/5),"Missing: AWS, Data Structures, Docker, JavaScript, MongoDB, Python",Pending
1047,6,150,34.09,12.0,76.1,0.0,68.42,"JavaScript,MongoDB","AWS,Data Structures,Docker,Python,System Design","Weighted score 34.09: skills 12.0 (x0.4), academics 76.1 (x0.25), projects 0.0 (x0.2), readiness 68.42 (x0.15).",JavaScript (proficiency 5/5); MongoDB (proficiency 5/5),"Missing: AWS, Data Structures, Docker, Python, System Design",Pending
1048,6,151,46.45,6.0,93.8,33.33,92.9,Docker,"AWS,Data Structures,JavaScript,MongoDB,Python,System Design","Weighted score 46.45: skills 6.0 (x0.4), academics 93.8 (x0.25), projects 33.33 (x0.2), readiness 92.9 (x0.15).",Docker (proficiency 5/5),"Missing: AWS, Data Structures, JavaScript, MongoDB, Python, System Design",Pending
1049,6,152,49.18,41.0,81.0,0.0,83.5,"Data Structures,Docker","AWS,JavaScript,MongoDB,Python,System Design","Weighted score 49.18: skills 41.0 (x0.4), academics 81.0 (x0.25), projects 0.0 (x0.2), readiness 83.5 (x0.15).",Data Structures (proficiency 5/5); Docker (proficiency 5/5),"Missing: AWS, JavaScript, MongoDB, Python, System Design",Pending
1050,6,153,64.4,70.0,97.7,0.0,79.85,"Data Structures,System Design","AWS,Docker,JavaScript,MongoDB,Python","Weighted score 64.4: skills 70.0 (x0.4), academics 97.7 (x0.25), projects 0.0 (x0.2), readiness 79.85 (x0.15).",Data Structures (proficiency 5/5); System Design (proficiency 2/5),"Missing: AWS, Docker, JavaScript, MongoDB, Python",Approved
1051,6,159,34.25,6.0,86.0,0.0,69.0,MongoDB,"AWS,Data Structures,Docker,JavaScript,Python,System Design","Weighted score 34.25: skills 6.0 (x0.4), academics 86.0 (x0.25), projects 0.0 (x0.2), readiness 69.0 (x0.15).",MongoDB (proficiency 4/5),"Missing: AWS, Data Structures, Docker, JavaScript, Python, System Design",Pending
1052,6,166,29.93,6.0,74.7,0.0,59.02,Python,"AWS,Data Structures,Docker,JavaScript,MongoDB,System Design","Weighted score 29.93: skills 6.0 (x0.4), academics 74.7 (x0.25), projects 0.0 (x0.2), readiness 59.02 (x0.15).",Python (proficiency 2/5),"Missing: AWS, Data Structures, Docker, JavaScript, MongoDB, System Design",Pending
1053,6,169,68.52,41.0,89.0,100.0,65.83,"JavaScript,System Design","AWS,Data Structures,Docker,MongoDB,Python","Weighted score 68.52: skills 41.0 (x0.4), academics 89.0 (x0.25), projects 100.0 (x0.2), readiness 65.83 (x0.15).",JavaScript (proficiency 1/5); System Design (proficiency 1/5),"Missing: AWS, Data Structures, Docker, MongoDB, Python",Approved
1054,6,173,39.29,12.0,69.0,33.33,70.5,"JavaScript,MongoDB","AWS,Data Structures,Docker,Python,System Design","Weighted score 39.29: skills 12.0 (x0.4), academics 69.0 (x0.25), projects 33.33 (x0.2), readiness 70.5 (x0.15).",JavaScript (proficiency 5/5); MongoDB (proficiency 3/5),"Missing: AWS, Data Structures, Docker, Python, System Design",Pending
1055,6,176,58.8,70.0,78.3,0.0,74.82,"Data Structures,System Design","AWS,Docker,JavaScript,MongoDB,Python","Weighted score 58.8: skills 70.0 (x0.4), academics 78.3 (x0.25), projects 0.0 (x0.2), readiness 74.82 (x0.15).",Data Structures (proficiency 3/5); System Design (proficiency 3/5),"Missing: AWS, Docker, JavaScript, MongoDB, Python",Pending
1056,6,178,32.51,0.0,86.4,0.0,72.7,,"AWS,Data Structures,Docker,JavaScript,MongoDB,Python,System Design","Weighted score 32.51: skills 0.0 (x0.4), academics 86.4 (x0.25), projects 0.0 (x0.2), readiness 72.7 (x0.15).",No overlapping skills on record,"Missing: AWS, Data Structures, Docker, JavaScript, MongoDB, Python, System Design",Pending
1057,6,179,56.36,41.0,86.9,33.33,77.12,"JavaScript,System Design","AWS,Data Structures,Docker,MongoDB,Python","Weighted score 56.36: skills 41.0 (x0.4), academics 86.9 (x0.25), projects 33.33 (x0.2), readiness 77.12 (x0.15).",JavaScript (proficiency 2/5); System Design (proficiency 3/5),"Missing: AWS, Data Structures, Docker, MongoDB, Python",Pending
1058,6,181,48.56,41.0,84.1,0.0,74.22,"Data Structures,MongoDB","AWS,Docker,JavaScript,Python,System Design","Weighted score 48.56: skills 41.0 (x0.4), academics 84.1 (x0.25), projects 0.0 (x0.2), readiness 74.22 (x0.15).",Data Structures (proficiency 4/5); MongoDB (proficiency 1/5),"Missing: AWS, Docker, JavaScript, Python, System Design",Pending
1059,6,190,32.43,0.0,82.7,0.0,78.35,,"AWS,Data Structures,Docker,JavaScript,MongoDB,Python,System Design","Weighted score 32.43: skills 0.0 (x0.4), academics 82.7 (x0.25), projects 0.0 (x0.2), readiness 78.35 (x0.15).",No overlapping skills on record,"Missing: AWS, Data Structures, Docker, JavaScript, MongoDB, Python, System Design",Pending
1060,6,191,37.3,12.0,84.3,0.0,76.15,"Docker,Python","AWS,Data Structures,JavaScript,MongoDB,System Design","Weighted score 37.3: skills 12.0 (x0.4), academics 84.3 (x0.25), projects 0.0 (x0.2), readiness 76.15 (x0.15).",Docker (proficiency 5/5); Python (proficiency 1/5),"Missing: AWS, Data Structures, JavaScript, MongoDB, System Design",Pending
1061,6,192,42.86,35.0,77.6,0.0,63.05,System Design,"AWS,Data Structures,Docker,JavaScript,MongoDB,Python","Weighted score 42.86: skills 35.0 (x0.4), academics 77.6 (x0.25), projects 0.0 (x0.2), readiness 63.05 (x0.15).",System Design (proficiency 1/5),"Missing: AWS, Data Structures, Docker, JavaScript, MongoDB, Python",Pending
1062,6,193,59.64,53.0,71.6,50.0,70.3,"AWS,MongoDB,Python,System Design","Data Structures,Docker,JavaScript","Weighted score 59.64: skills 53.0 (x0.4), academics 71.6 (x0.25), projects 50.0 (x0.2), readiness 70.3 (x0.15).",AWS (proficiency 5/5); MongoDB (proficiency 4/5); Python (proficiency 2/5); System Design (proficiency 5/5),"Missing: Data Structures, Docker, JavaScript",Pending
1063,6,198,40.97,12.0,95.9,0.0,81.32,"Docker,MongoDB","AWS,Data Structures,JavaScript,Python,System Design","Weighted score 40.97: skills 12.0 (x0.4), academics 95.9 (x0.25), projects 0.0 (x0.2), readiness 81.32 (x0.15).",Docker (proficiency 1/5); MongoDB (proficiency 1/5),"Missing: AWS, Data Structures, JavaScript, Python, System Design",Pending
1064,6,199,46.83,35.0,86.7,0.0,74.35,System Design,"AWS,Data Structures,Docker,JavaScript,MongoDB,Python","Weighted score 46.83: skills 35.0 (x0.4), academics 86.7 (x0.25), projects 0.0 (x0.2), readiness 74.35 (x0.15).",System Design (proficiency 3/5),"Missing: AWS, Data Structures, Docker, JavaScript, MongoDB, Python",Pending
1065,6,201,46.13,47.0,74.4,0.0,58.2,"AWS,MongoDB,System Design","Data Structures,Docker,JavaScript,Python","Weighted score 46.13: skills 47.0 (x0.4), academics 74.4 (x0.25), projects 0.0 (x0.2), readiness 58.2 (x0.15).",AWS (proficiency 3/5); MongoDB (proficiency 2/5); System Design (proficiency 1/5),"Missing: Data Structures, Docker, JavaScript, Python",Pending
1066,6,205,31.65,0.0,85.5,0.0,68.5,,"AWS,Data Structures,Docker,JavaScript,MongoDB,Python,System Design","Weighted score 31.65: skills 0.0 (x0.4), academics 85.5 (x0.25), projects 0.0 (x0.2), readiness 68.5 (x0.15).",No overlapping skills on record,"Missing: AWS, Data Structures, Docker, JavaScript, MongoDB, Python, System Design",Pending
1067,6,208,30.53,0.0,80.7,0.0,69.02,,"AWS,Data Structures,Docker,JavaScript,MongoDB,Python,System Design","Weighted score 30.53: skills 0.0 (x0.4), academics 80.7 (x0.25), projects 0.0 (x0.2), readiness 69.02 (x0.15).",No overlapping skills on record,"Missing: AWS, Data Structures, Docker, JavaScript, MongoDB, Python, System Design",Pending
1068,6,209,36.63,6.0,92.4,0.0,74.2,JavaScript,"AWS,Data Structures,Docker,MongoDB,Python,System Design","Weighted score 36.63: skills 6.0 (x0.4), academics 92.4 (x0.25), projects 0.0 (x0.2), readiness 74.2 (x0.15).",JavaScript (proficiency 2/5),"Missing: AWS, Data Structures, Docker, MongoDB, Python, System Design",Pending
1069,6,211,49.63,35.0,95.7,0.0,78.05,System Design,"AWS,Data Structures,Docker,JavaScript,MongoDB,Python","Weighted score 49.63: skills 35.0 (x0.4), academics 95.7 (x0.25), projects 0.0 (x0.2), readiness 78.05 (x0.15).",System Design (proficiency 4/5),"Missing: AWS, Data Structures, Docker, JavaScript, MongoDB, Python",Pending
1070,6,213,41.54,18.0,89.5,0.0,79.75,"AWS,Docker,MongoDB","Data Structures,JavaScript,Python,System Design","Weighted score 41.54: skills 18.0 (x0.4), academics 89.5 (x0.25), projects 0.0 (x0.2), readiness 79.75 (x0.15).",AWS (proficiency 4/5); Docker (proficiency 3/5); MongoDB (proficiency 5/5),"Missing: Data Structures, JavaScript, Python, System Design",Pending
1071,6,214,47.69,41.0,83.2,0.0,69.93,"AWS,System Design","Data Structures,Docker,JavaScript,MongoDB,Python","Weighted score 47.69: skills 41.0 (x0.4), academics 83.2 (x0.25), projects 0.0 (x0.2), readiness 69.93 (x0.15).",AWS (proficiency 2/5); System Design (proficiency 5/5),"Missing: Data Structures, Docker, JavaScript, MongoDB, Python",Pending
1072,6,221,47.11,47.0,72.8,0.0,67.4,"Docker,JavaScript,System Design","AWS,Data Structures,MongoDB,Python","Weighted score 47.11: skills 47.0 (x0.4), academics 72.8 (x0.25), projects 0.0 (x0.2), readiness 67.4 (x0.15).",Docker (proficiency 3/5); JavaScript (proficiency 2/5); System Design (proficiency 3/5),"Missing: AWS, Data Structures, MongoDB, Python",Pending
1073,6,222,49.5,18.0,88.7,50.0,67.47,"AWS,Docker,MongoDB","Data Structures,JavaScript,Python,System Design","Weighted score 49.5: skills 18.0 (x0.4), academics 88.7 (x0.25), projects 50.0 (x0.2), readiness 67.47 (x0.15).",AWS (proficiency 2/5); Docker (proficiency 2/5); MongoDB (proficiency 3/5),"Missing: Data Structures, JavaScript, Python, System Design",Pending
1074,6,224,44.1,41.0,72.3,0.0,64.15,"Docker,System Design","AWS,Data Structures,JavaScript,MongoDB,Python","Weighted score 44.1: skills 41.0 (x0.4), academics 72.3 (x0.25), projects 0.0 (x0.2), readiness 64.15 (x0.15).",Docker (proficiency 2/5); System Design (proficiency 3/5),"Missing: AWS, Data Structures, JavaScript, MongoDB, Python",Pending
1075,6,229,32.2,6.0,79.7,0.0,65.85,Docker,"AWS,Data Structures,JavaScript,MongoDB,Python,System Design","Weighted score 32.2: skills 6.0 (x0.4), academics 79.7 (x0.25), projects 0.0 (x0.2), readiness 65.85 (x0.15).",Docker (proficiency 2/5),"Missing: AWS, Data Structures, JavaScript, MongoDB, Python, System Design",Pending
1076,6,232,50.02,41.0,85.9,0.0,80.95,"JavaScript,System Design","AWS,Data Structures,Docker,MongoDB,Python","Weighted score 50.02: skills 41.0 (x0.4), academics 85.9 (x0.25), projects 0.0 (x0.2), readiness 80.95 (x0.15).",JavaScript (proficiency 4/5); System Design (proficiency 5/5),"Missing: AWS, Data Structures, Docker, MongoDB, Python",Pending
1077,6,234,33.7,6.0,83.9,0.0,68.82,Python,"AWS,Data Structures,Docker,JavaScript,MongoDB,System Design","Weighted score 33.7: skills 6.0 (x0.4), academics 83.9 (x0.25), projects 0.0 (x0.2), readiness 68.82 (x0.15).",Python (proficiency 4/5),"Missing: AWS, Data Structures, Docker, JavaScript, MongoDB, System Design",Pending
1078,6,236,37.98,12.0,89.4,0.0,72.2,"Docker,Python","AWS,Data Structures,JavaScript,MongoDB,System Design","Weighted score 37.98: skills 12.0 (x0.4), academics 89.4 (x0.25), projects 0.0 (x0.2), readiness 72.2 (x0.15).",Docker (proficiency 2/5); Python (proficiency 1/5),"Missing: AWS, Data Structures, JavaScript, MongoDB, System Design",Pending
1079,6,245,38.24,6.0,69.1,33.33,79.3,AWS,"Data Structures,Docker,JavaScript,MongoDB,Python,System Design","Weighted score 38.24: skills 6.0 (x0.4), academics 69.1 (x0.25), projects 33.33 (x0.2), readiness 79.3 (x0.15).",AWS (proficiency 3/5),"Missing: Data Structures, Docker, JavaScript, MongoDB, Python, System Design",Pending
1080,6,248,47.3,47.0,77.7,0.0,60.48,"Data Structures,Docker,MongoDB","AWS,JavaScript,Python,System Design","Weighted score 47.3: skills 47.0 (x0.4), academics 77.7 (x0.25), projects 0.0 (x0.2), readiness 60.48 (x0.15).",Data Structures (proficiency 1/5); Docker (proficiency 4/5); MongoDB (proficiency 1/5),"Missing: AWS, JavaScript, Python, System Design",Pending
1081,6,249,28.95,0.0,80.3,0.0,59.15,,"AWS,Data Structures,Docker,JavaScript,MongoDB,Python,System Design","Weighted score 28.95: skills 0.0 (x0.4), academics 80.3 (x0.25), projects 0.0 (x0.2), readiness 59.15 (x0.15).",No overlapping skills on record,"Missing: AWS, Data Structures, Docker, JavaScript, MongoDB, Python, System Design",Pending
1082,6,250,42.58,18.0,95.0,0.0,77.5,"Docker,JavaScript,MongoDB","AWS,Data Structures,Python,System Design","Weighted score 42.58: skills 18.0 (x0.4), academics 95.0 (x0.25), projects 0.0 (x0.2), readiness 77.5 (x0.15).",Docker (proficiency 3/5); JavaScript (proficiency 1/5); MongoDB (proficiency 1/5),"Missing: AWS, Data Structures, Python, System Design",Pending
1083,6,257,42.89,6.0,81.0,33.33,90.5,Python,"AWS,Data Structures,Docker,JavaScript,MongoDB,System Design","Weighted score 42.89: skills 6.0 (x0.4), academics 81.0 (x0.25), projects 33.33 (x0.2), readiness 90.5 (x0.15).",Python (proficiency 5/5),"Missing: AWS, Data Structures, Docker, JavaScript, MongoDB, System Design",Pending
1084,6,260,33.19,0.0,83.9,0.0,81.45,,"AWS,Data Structures,Docker,JavaScript,MongoDB,Python,System Design","Weighted score 33.19: skills 0.0 (x0.4), academics 83.9 (x0.25), projects 0.0 (x0.2), readiness 81.45 (x0.15).",No overlapping skills on record,"Missing: AWS, Data Structures, Docker, JavaScript, MongoDB, Python, System Design",Pending
1085,6,273,33.69,6.0,86.7,0.0,64.1,MongoDB,"AWS,Data Structures,Docker,JavaScript,Python,System Design","Weighted score 33.69: skills 6.0 (x0.4), academics 86.7 (x0.25), projects 0.0 (x0.2), readiness 64.1 (x0.15).",MongoDB (proficiency 1/5),"Missing: AWS, Data Structures, Docker, JavaScript, Python, System Design",Pending
1086,6,274,36.36,6.0,93.8,0.0,70.1,Docker,"AWS,Data Structures,JavaScript,MongoDB,Python,System Design","Weighted score 36.36: skills 6.0 (x0.4), academics 93.8 (x0.25), projects 0.0 (x0.2), readiness 70.1 (x0.15).",Docker (proficiency 3/5),"Missing: AWS, Data Structures, JavaScript, MongoDB, Python, System Design",Pending
1087,6,276,30.7,6.0,73.8,0.0,65.7,Docker,"AWS,Data Structures,JavaScript,MongoDB,Python,System Design","Weighted score 30.7: skills 6.0 (x0.4), academics 73.8 (x0.25), projects 0.0 (x0.2), readiness 65.7 (x0.15).",Docker (proficiency 5/5),"Missing: AWS, Data Structures, JavaScript, MongoDB, Python, System Design",Pending
1088,6,277,70.14,35.0,97.6,100.0,78.3,Data Structures,"AWS,Docker,JavaScript,MongoDB,Python,System Design","Weighted score 70.14: skills 35.0 (x0.4), academics 97.6 (x0.25), projects 100.0 (x0.2), readiness 78.3 (x0.15).",Data Structures (proficiency 5/5),"Missing: AWS, Docker, JavaScript, MongoDB, Python, System Design",Approved
1089,6,281,59.84,12.0,95.8,100.0,73.9,"AWS,Python","Data Structures,Docker,JavaScript,MongoDB,System Design","Weighted score 59.84: skills 12.0 (x0.4), academics 95.8 (x0.25), projects 100.0 (x0.2), readiness 73.9 (x0.15).",AWS (proficiency 5/5); Python (proficiency 2/5),"Missing: Data Structures, Docker, JavaScript, MongoDB, System Design",Pending
1090,6,283,32.24,0.0,89.2,0.0,66.27,,"AWS,Data Structures,Docker,JavaScript,MongoDB,Python,System Design","Weighted score 32.24: skills 0.0 (x0.4), academics 89.2 (x0.25), projects 0.0 (x0.2), readiness 66.27 (x0.15).",No overlapping skills on record,"Missing: AWS, Data Structures, Docker, JavaScript, MongoDB, Python, System Design",Pending
1091,6,284,46.54,35.0,85.0,0.0,75.25,System Design,"AWS,Data Structures,Docker,JavaScript,MongoDB,Python","Weighted score 46.54: skills 35.0 (x0.4), academics 85.0 (x0.25), projects 0.0 (x0.2), readiness 75.25 (x0.15).",System Design (proficiency 4/5),"Missing: AWS, Data Structures, Docker, JavaScript, MongoDB, Python",Pending
1092,6,286,46.49,12.0,83.2,50.0,72.6,"Docker,MongoDB","AWS,Data Structures,JavaScript,Python,System Design","Weighted score 46.49: skills 12.0 (x0.4), academics 83.2 (x0.25), projects 50.0 (x0.2), readiness 72.6 (x0.15).",Docker (proficiency 2/5); MongoDB (proficiency 5/5),"Missing: AWS, Data Structures, JavaScript, Python, System Design",Pending
1093,6,296,34.36,0.0,90.5,0.0,78.25,,"AWS,Data Structures,Docker,JavaScript,MongoDB,Python,System Design","Weighted score 34.36: skills 0.0 (x0.4), academics 90.5 (x0.25), projects 0.0 (x0.2), readiness 78.25 (x0.15).",No overlapping skills on record,"Missing: AWS, Data Structures, Docker, JavaScript, MongoDB, Python, System Design",Pending
1094,6,297,58.84,41.0,85.5,50.0,73.75,"AWS,Data Structures","Docker,JavaScript,MongoDB,Python,System Design","Weighted score 58.84: skills 41.0 (x0.4), academics 85.5 (x0.25), projects 50.0 (x0.2), readiness 73.75 (x0.15).",AWS (proficiency 1/5); Data Structures (proficiency 1/5),"Missing: Docker, JavaScript, MongoDB, Python, System Design",Pending
1095,6,298,32.92,0.0,82.1,0.0,82.65,,"AWS,Data Structures,Docker,JavaScript,MongoDB,Python,System Design","Weighted score 32.92: skills 0.0 (x0.4), academics 82.1 (x0.25), projects 0.0 (x0.2), readiness 82.65 (x0.15).",No overlapping skills on record,"Missing: AWS, Data Structures, Docker, JavaScript, MongoDB, Python, System Design",Pending
1096,6,299,53.53,41.0,96.3,0.0,87.02,"MongoDB,System Design","AWS,Data Structures,Docker,JavaScript,Python","Weighted score 53.53: skills 41.0 (x0.4), academics 96.3 (x0.25), projects 0.0 (x0.2), readiness 87.02 (x0.15).",MongoDB (proficiency 3/5); System Design (proficiency 3/5),"Missing: AWS, Data Structures, Docker, JavaScript, Python",Pending
1097,6,301,37.15,12.0,84.0,0.0,75.67,"JavaScript,Python","AWS,Data Structures,Docker,MongoDB,System Design","Weighted score 37.15: skills 12.0 (x0.4), academics 84.0 (x0.25), projects 0.0 (x0.2), readiness 75.67 (x0.15).",JavaScript (proficiency 5/5); Python (proficiency 1/5),"Missing: AWS, Data Structures, Docker, MongoDB, System Design",Pending
1098,6,306,45.8,6.0,84.6,50.0,81.7,MongoDB,"AWS,Data Structures,Docker,JavaScript,Python,System Design","Weighted score 45.8: skills 6.0 (x0.4), academics 84.6 (x0.25), projects 50.0 (x0.2), readiness 81.7 (x0.15).",MongoDB (proficiency 5/5),"Missing: AWS, Data Structures, Docker, JavaScript, Python, System Design",Pending
1099,6,307,33.79,0.0,89.5,0.0,76.08,,"AWS,Data Structures,Docker,JavaScript,MongoDB,Python,System Design","Weighted score 33.79: skills 0.0 (x0.4), academics 89.5 (x0.25), projects 0.0 (x0.2), readiness 76.08 (x0.15).",No overlapping skills on record,"Missing: AWS, Data Structures, Docker, JavaScript, MongoDB, Python, System Design",Pending
1100,6,308,38.74,12.0,88.4,0.0,78.95,"Docker,Python","AWS,Data Structures,JavaScript,MongoDB,System Design","Weighted score 38.74: skills 12.0 (x0.4), academics 88.4 (x0.25), projects 0.0 (x0.2), readiness 78.95 (x0.15).",Docker (proficiency 5/5); Python (proficiency 2/5),"Missing: AWS, Data Structures, JavaScript, MongoDB, System Design",Pending
1101,6,309,56.36,70.0,73.5,0.0,66.58,"Data Structures,System Design","AWS,Docker,JavaScript,MongoDB,Python","Weighted score 56.36: skills 70.0 (x0.4), academics 73.5 (x0.25), projects 0.0 (x0.2), readiness 66.58 (x0.15).",Data Structures (proficiency 4/5); System Design (proficiency 4/5),"Missing: AWS, Docker, JavaScript, MongoDB, Python",Pending
1102,6,310,49.04,41.0,84.9,0.0,76.12,"Data Structures,MongoDB","AWS,Docker,JavaScript,Python,System Design","Weighted score 49.04: skills 41.0 (x0.4), academics 84.9 (x0.25), projects 0.0 (x0.2), readiness 76.12 (x0.15).",Data Structures (proficiency 3/5); MongoDB (proficiency 2/5),"Missing: AWS, Docker, JavaScript, Python, System Design",Pending
1103,6,311,37.01,6.0,94.5,0.0,73.25,MongoDB,"AWS,Data Structures,Docker,JavaScript,Python,System Design","Weighted score 37.01: skills 6.0 (x0.4), academics 94.5 (x0.25), projects 0.0 (x0.2), readiness 73.25 (x0.15).",MongoDB (proficiency 3/5),"Missing: AWS, Data Structures, Docker, JavaScript, Python, System Design",Pending
1104,6,313,58.64,76.0,73.8,0.0,65.28,"Data Structures,MongoDB,System Design","AWS,Docker,JavaScript,Python","Weighted score 58.64: skills 76.0 (x0.4), academics 73.8 (x0.25), projects 0.0 (x0.2), readiness 65.28 (x0.15).",Data Structures (proficiency 3/5); MongoDB (proficiency 2/5); System Design (proficiency 1/5),"Missing: AWS, Docker, JavaScript, Python",Pending
1105,6,315,58.98,41.0,87.0,50.0,72.17,"MongoDB,System Design","AWS,Data Structures,Docker,JavaScript,Python","Weighted score 58.98: skills 41.0 (x0.4), academics 87.0 (x0.25), projects 50.0 (x0.2), readiness 72.17 (x0.15).",MongoDB (proficiency 5/5); System Design (proficiency 1/5),"Missing: AWS, Data Structures, Docker, JavaScript, Python",Pending
1106,6,320,49.06,47.0,80.2,0.0,68.1,"AWS,Docker,System Design","Data Structures,JavaScript,MongoDB,Python","Weighted score 49.06: skills 47.0 (x0.4), academics 80.2 (x0.25), projects 0.0 (x0.2), readiness 68.1 (x0.15).",AWS (proficiency 1/5); Docker (proficiency 1/5); System Design (proficiency 3/5),"Missing: Data Structures, JavaScript, MongoDB, Python",Pending
1107,6,321,84.47,76.0,92.3,100.0,73.32,"AWS,Data Structures,System Design","Docker,JavaScript,MongoDB,Python","Weighted score 84.47: skills 76.0 (x0.4), academics 92.3 (x0.25), projects 100.0 (x0.2), readiness 73.32 (x0.15).",AWS (proficiency 4/5); Data Structures (proficiency 1/5); System Design (proficiency 1/5),"Missing: Docker, JavaScript, MongoDB, Python",Approved
1108,6,322,45.59,41.0,74.7,0.0,70.1,"Data Structures,Docker","AWS,JavaScript,MongoDB,Python,System Design","Weighted score 45.59: skills 41.0 (x0.4), academics 74.7 (x0.25), projects 0.0 (x0.2), readiness 70.1 (x0.15).",Data Structures (proficiency 2/5); Docker (proficiency 4/5),"Missing: AWS, JavaScript, MongoDB, Python, System Design",Pending
1109,6,324,55.65,6.0,89.9,100.0,71.82,JavaScript,"AWS,Data Structures,Docker,MongoDB,Python,System Design","Weighted score 55.65: skills 6.0 (x0.4), academics 89.9 (x0.25), projects 100.0 (x0.2), readiness 71.82 (x0.15).",JavaScript (proficiency 5/5),"Missing: AWS, Data Structures, Docker, MongoDB, Python, System Design",Pending
1110,6,325,43.94,6.0,83.8,50.0,70.57,JavaScript,"AWS,Data Structures,Docker,MongoDB,Python,System Design","Weighted score 43.94: skills 6.0 (x0.4), academics 83.8 (x0.25), projects 50.0 (x0.2), readiness 70.57 (x0.15).",JavaScript (proficiency 1/5),"Missing: AWS, Data Structures, Docker, MongoDB, Python, System Design",Pending
1111,6,326,62.79,82.0,77.5,0.0,70.75,"Data Structures,Docker,JavaScript,System Design","AWS,MongoDB,Python","Weighted score 62.79: skills 82.0 (x0.4), academics 77.5 (x0.25), projects 0.0 (x0.2), readiness 70.75 (x0.15).",Data Structures (proficiency 3/5); Docker (proficiency 3/5); JavaScript (proficiency 1/5); System Design (proficiency 5/5),"Missing: AWS, MongoDB, Python",Approved
1112,6,327,67.92,88.0,87.3,0.0,72.65,"Data Structures,Docker,MongoDB,Python,System Design","AWS,JavaScript","Weighted score 67.92: skills 88.0 (x0.4), academics 87.3 (x0.25), projects 0.0 (x0.2), readiness 72.65 (x0.15).",Data Structures (proficiency 3/5); Docker (proficiency 1/5); MongoDB (proficiency 1/5); Python (proficiency 3/5); System Design (proficiency 5/5),"Missing: AWS, JavaScript",Approved
1113,6,328,34.12,6.0,80.7,0.0,76.95,Python,"AWS,Data Structures,Docker,JavaScript,MongoDB,System Design","Weighted score 34.12: skills 6.0 (x0.4), academics 80.7 (x0.25), projects 0.0 (x0.2), readiness 76.95 (x0.15).",Python (proficiency 4/5),"Missing: AWS, Data Structures, Docker, JavaScript, MongoDB, System Design",Pending
1114,6,330,33.56,12.0,77.8,0.0,62.1,"JavaScript,Python","AWS,Data Structures,Docker,MongoDB,System Design","Weighted score 33.56: skills 12.0 (x0.4), academics 77.8 (x0.25), projects 0.0 (x0.2), readiness 62.1 (x0.15).",JavaScript (proficiency 2/5); Python (proficiency 4/5),"Missing: AWS, Data Structures, Docker, MongoDB, System Design",Pending
1115,6,331,41.41,6.0,99.1,0.0,94.88,JavaScript,"AWS,Data Structures,Docker,MongoDB,Python,System Design","Weighted score 41.41: skills 6.0 (x0.4), academics 99.1 (x0.25), projects 0.0 (x0.2), readiness 94.88 (x0.15).",JavaScript (proficiency 5/5),"Missing: AWS, Data Structures, Docker, MongoDB, Python, System Design",Pending
1116,6,333,43.27,6.0,88.1,33.33,81.22,MongoDB,"AWS,Data Structures,Docker,JavaScript,Python,System Design","Weighted score 43.27: skills 6.0 (x0.4), academics 88.1 (x0.25), projects 33.33 (x0.2), readiness 81.22 (x0.15).",MongoDB (proficiency 1/5),"Missing: AWS, Data Structures, Docker, JavaScript, Python, System Design",Pending
1117,6,334,38.86,12.0,91.6,0.0,74.42,"AWS,MongoDB","Data Structures,Docker,JavaScript,Python,System Design","Weighted score 38.86: skills 12.0 (x0.4), academics 91.6 (x0.25), projects 0.0 (x0.2), readiness 74.42 (x0.15).",AWS (proficiency 4/5); MongoDB (proficiency 2/5),"Missing: Data Structures, Docker, JavaScript, Python, System Design",Pending
1118,6,335,43.68,35.0,76.5,0.0,70.38,Data Structures,"AWS,Docker,JavaScript,MongoDB,Python,System Design","Weighted score 43.68: skills 35.0 (x0.4), academics 76.5 (x0.25), projects 0.0 (x0.2), readiness 70.38 (x0.15).",Data Structures (proficiency 4/5),"Missing: AWS, Docker, JavaScript, MongoDB, Python, System Design",Pending
1119,6,336,68.65,82.0,97.5,0.0,76.5,"AWS,Data Structures,JavaScript,System Design","Docker,MongoDB,Python","Weighted score 68.65: skills 82.0 (x0.4), academics 97.5 (x0.25), projects 0.0 (x0.2), readiness 76.5 (x0.15).",AWS (proficiency 1/5); Data Structures (proficiency 4/5); JavaScript (proficiency 5/5); System Design (proficiency 1/5),"Missing: Docker, MongoDB, Python",Approved
1120,6,338,47.7,35.0,91.7,0.0,71.85,System Design,"AWS,Data Structures,Docker,JavaScript,MongoDB,Python","Weighted score 47.7: skills 35.0 (x0.4), academics 91.7 (x0.25), projects 0.0 (x0.2), readiness 71.85 (x0.15).",System Design (proficiency 2/5),"Missing: AWS, Data Structures, Docker, JavaScript, MongoDB, Python",Pending
1121,6,340,45.92,6.0,91.0,50.0,71.83,JavaScript,"AWS,Data Structures,Docker,MongoDB,Python,System Design","Weighted score 45.92: skills 6.0 (x0.4), academics 91.0 (x0.25), projects 50.0 (x0.2), readiness 71.83 (x0.15).",JavaScript (proficiency 3/5),"Missing: AWS, Data Structures, Docker, MongoDB, Python, System Design",Pending
1122,6,341,61.1,41.0,98.0,33.33,90.25,"Data Structures,Docker","AWS,JavaScript,MongoDB,Python,System Design","Weighted score 61.1: skills 41.0 (x0.4), academics 98.0 (x0.25), projects 33.33 (x0.2), readiness 90.25 (x0.15).",Data Structures (proficiency 4/5); Docker (proficiency 5/5),"Missing: AWS, JavaScript, MongoDB, Python, System Design",Approved
1123,6,345,45.01,35.0,87.3,0.0,61.25,Data Structures,"AWS,Docker,JavaScript,MongoDB,Python,System Design","Weighted score 45.01: skills 35.0 (x0.4), academics 87.3 (x0.25), projects 0.0 (x0.2), readiness 61.25 (x0.15).",Data Structures (proficiency 5/5),"Missing: AWS, Docker, JavaScript, MongoDB, Python, System Design",Pending
1124,6,347,50.33,41.0,91.1,0.0,74.35,"Data Structures,JavaScript","AWS,Docker,MongoDB,Python,System Design","Weighted score 50.33: skills 41.0 (x0.4), academics 91.1 (x0.25), projects 0.0 (x0.2), readiness 74.35 (x0.15).",Data Structures (proficiency 4/5); JavaScript (proficiency 3/5),"Missing: AWS, Docker, MongoDB, Python, System Design",Pending
1125,6,353,34.56,6.0,84.2,0.0,74.1,Docker,"AWS,Data Structures,JavaScript,MongoDB,Python,System Design","Weighted score 34.56: skills 6.0 (x0.4), academics 84.2 (x0.25), projects 0.0 (x0.2), readiness 74.1 (x0.15).",Docker (proficiency 1/5),"Missing: AWS, Data Structures, JavaScript, MongoDB, Python, System Design",Pending
1126,6,356,38.77,6.0,99.9,0.0,75.95,JavaScript,"AWS,Data Structures,Docker,MongoDB,Python,System Design","Weighted score 38.77: skills 6.0 (x0.4), academics 99.9 (x0.25), projects 0.0 (x0.2), readiness 75.95 (x0.15).",JavaScript (proficiency 1/5),"Missing: AWS, Data Structures, Docker, MongoDB, Python, System Design",Pending
1127,6,357,60.87,41.0,95.4,33.33,93.03,"Data Structures,JavaScript","AWS,Docker,MongoDB,Python,System Design","Weighted score 60.87: skills 41.0 (x0.4), academics 95.4 (x0.25), projects 33.33 (x0.2), readiness 93.03 (x0.15).",Data Structures (proficiency 4/5); JavaScript (proficiency 5/5),"Missing: AWS, Docker, MongoDB, Python, System Design",Approved
1128,6,358,35.16,0.0,99.4,0.0,68.7,,"AWS,Data Structures,Docker,JavaScript,MongoDB,Python,System Design","Weighted score 35.16: skills 0.0 (x0.4), academics 99.4 (x0.25), projects 0.0 (x0.2), readiness 68.7 (x0.15).",No overlapping skills on record,"Missing: AWS, Data Structures, Docker, JavaScript, MongoDB, Python, System Design",Pending
1129,6,361,40.42,12.0,95.3,0.0,78.65,"JavaScript,Python","AWS,Data Structures,Docker,MongoDB,System Design","Weighted score 40.42: skills 12.0 (x0.4), academics 95.3 (x0.25), projects 0.0 (x0.2), readiness 78.65 (x0.15).",JavaScript (proficiency 4/5); Python (proficiency 2/5),"Missing: AWS, Data Structures, Docker, MongoDB, System Design",Pending
1130,6,368,51.0,53.0,78.3,0.0,68.15,"AWS,Data Structures,JavaScript,Python","Docker,MongoDB,System Design","Weighted score 51.0: skills 53.0 (x0.4), academics 78.3 (x0.25), projects 0.0 (x0.2), readiness 68.15 (x0.15).",AWS (proficiency 5/5); Data Structures (proficiency 1/5); JavaScript (proficiency 2/5); Python (proficiency 5/5),"Missing: Docker, MongoDB, System Design",Pending
1131,6,372,37.36,6.0,97.4,0.0,70.7,JavaScript,"AWS,Data Structures,Docker,MongoDB,Python,System Design","Weighted score 37.36: skills 6.0 (x0.4), academics 97.4 (x0.25), projects 0.0 (x0.2), readiness 70.7 (x0.15).",JavaScript (proficiency 2/5),"Missing: AWS, Data Structures, Docker, MongoDB, Python, System Design",Pending
1132,6,376,64.8,70.0,95.0,0.0,87.0,"Data Structures,System Design","AWS,Docker,JavaScript,MongoDB,Python","Weighted score 64.8: skills 70.0 (x0.4), academics 95.0 (x0.25), projects 0.0 (x0.2), readiness 87.0 (x0.15).",Data Structures (proficiency 2/5); System Design (proficiency 5/5),"Missing: AWS, Docker, JavaScript, MongoDB, Python",Approved
1133,6,379,43.09,12.0,82.3,33.33,73.65,"Docker,MongoDB","AWS,Data Structures,JavaScript,Python,System Design","Weighted score 43.09: skills 12.0 (x0.4), academics 82.3 (x0.25), projects 33.33 (x0.2), readiness 73.65 (x0.15).",Docker (proficiency 1/5); MongoDB (proficiency 2/5),"Missing: AWS, Data Structures, JavaScript, Python, System Design",Pending
1134,6,387,62.25,47.0,77.9,66.67,70.95,"Data Structures,JavaScript,MongoDB","AWS,Docker,Python,System Design","Weighted score 62.25: skills 47.0 (x0.4), academics 77.9 (x0.25), projects 66.67 (x0.2), readiness 70.95 (x0.15).",Data Structures (proficiency 1/5); JavaScript (proficiency 4/5); MongoDB (proficiency 5/5),"Missing: AWS, Docker, Python, System Design",Approved
1135,6,389,51.1,47.0,89.4,0.0,66.32,"AWS,Data Structures,Python","Docker,JavaScript,MongoDB,System Design","Weighted score 51.1: skills 47.0 (x0.4), academics 89.4 (x0.25), projects 0.0 (x0.2), readiness 66.32 (x0.15).",AWS (proficiency 2/5); Data Structures (proficiency 1/5); Python (proficiency 4/5),"Missing: Docker, JavaScript, MongoDB, System Design",Pending
1136,6,398,52.4,6.0,80.3,100.0,66.15,Python,"AWS,Data Structures,Docker,JavaScript,MongoDB,System Design","Weighted score 52.4: skills 6.0 (x0.4), academics 80.3 (x0.25), projects 100.0 (x0.2), readiness 66.15 (x0.15).",Python (proficiency 1/5),"Missing: AWS, Data Structures, Docker, JavaScript, MongoDB, System Design",Pending
1137,6,401,47.51,35.0,89.9,0.0,73.58,Data Structures,"AWS,Docker,JavaScript,MongoDB,Python,System Design","Weighted score 47.51: skills 35.0 (x0.4), academics 89.9 (x0.25), projects 0.0 (x0.2), readiness 73.58 (x0.15).",Data Structures (proficiency 2/5),"Missing: AWS, Docker, JavaScript, MongoDB, Python, System Design",Pending
1138,6,403,56.68,41.0,85.6,33.33,81.42,"Data Structures,Docker","AWS,JavaScript,MongoDB,Python,System Design","Weighted score 56.68: skills 41.0 (x0.4), academics 85.6 (x0.25), projects 33.33 (x0.2), readiness 81.42 (x0.15).",Data Structures (proficiency 5/5); Docker (proficiency 4/5),"Missing: AWS, JavaScript, MongoDB, Python, System Design",Pending
1139,6,404,30.26,6.0,74.8,0.0,61.07,Python,"AWS,Data Structures,Docker,JavaScript,MongoDB,System Design","Weighted score 30.26: skills 6.0 (x0.4), academics 74.8 (x0.25), projects 0.0 (x0.2), readiness 61.07 (x0.15).",Python (proficiency 3/5),"Missing: AWS, Data Structures, Docker, JavaScript, MongoDB, System Design",Pending
1140,6,405,47.81,41.0,77.6,0.0,80.05,"Data Structures,Python","AWS,Docker,JavaScript,MongoDB,System Design","Weighted score 47.81: skills 41.0 (x0.4), academics 77.6 (x0.25), projects 0.0 (x0.2), readiness 80.05 (x0.15).",Data Structures (proficiency 4/5); Python (proficiency 4/5),"Missing: AWS, Docker, JavaScript, MongoDB, System Design",Pending
1141,6,407,29.56,0.0,76.5,0.0,69.58,,"AWS,Data Structures,Docker,JavaScript,MongoDB,Python,System Design","Weighted score 29.56: skills 0.0 (x0.4), academics 76.5 (x0.25), projects 0.0 (x0.2), readiness 69.58 (x0.15).",No overlapping skills on record,"Missing: AWS, Data Structures, Docker, JavaScript, MongoDB, Python, System Design",Pending
1142,6,409,37.67,12.0,86.2,0.0,75.5,"JavaScript,MongoDB","AWS,Data Structures,Docker,Python,System Design","Weighted score 37.67: skills 12.0 (x0.4), academics 86.2 (x0.25), projects 0.0 (x0.2), readiness 75.5 (x0.15).",JavaScript (proficiency 5/5); MongoDB (proficiency 1/5),"Missing: AWS, Data Structures, Docker, Python, System Design",Pending
1143,6,411,50.48,41.0,86.1,0.0,83.72,"Data Structures,MongoDB","AWS,Docker,JavaScript,Python,System Design","Weighted score 50.48: skills 41.0 (x0.4), academics 86.1 (x0.25), projects 0.0 (x0.2), readiness 83.72 (x0.15).",Data Structures (proficiency 4/5); MongoDB (proficiency 4/5),"Missing: AWS, Docker, JavaScript, Python, System Design",Pending
1144,6,413,28.16,0.0,71.4,0.0,68.7,,"AWS,Data Structures,Docker,JavaScript,MongoDB,Python,System Design","Weighted score 28.16: skills 0.0 (x0.4), academics 71.4 (x0.25), projects 0.0 (x0.2), readiness 68.7 (x0.15).",No overlapping skills on record,"Missing: AWS, Data Structures, Docker, JavaScript, MongoDB, Python, System Design",Pending
1145,6,415,33.98,0.0,96.6,0.0,65.55,,"AWS,Data Structures,Docker,JavaScript,MongoDB,Python,System Design","Weighted score 33.98: skills 0.0 (x0.4), academics 96.6 (x0.25), projects 0.0 (x0.2), readiness 65.55 (x0.15).",No overlapping skills on record,"Missing: AWS, Data Structures, Docker, JavaScript, MongoDB, Python, System Design",Pending
1146,6,418,36.45,0.0,95.7,0.0,83.52,,"AWS,Data Structures,Docker,JavaScript,MongoDB,Python,System Design","Weighted score 36.45: skills 0.0 (x0.4), academics 95.7 (x0.25), projects 0.0 (x0.2), readiness 83.52 (x0.15).",No overlapping skills on record,"Missing: AWS, Data Structures, Docker, JavaScript, MongoDB, Python, System Design",Pending
1147,6,420,54.2,47.0,71.8,33.33,71.9,"Data Structures,MongoDB,Python","AWS,Docker,JavaScript,System Design","Weighted score 54.2: skills 47.0 (x0.4), academics 71.8 (x0.25), projects 33.33 (x0.2), readiness 71.9 (x0.15).",Data Structures (proficiency 4/5); MongoDB (proficiency 1/5); Python (proficiency 1/5),"Missing: AWS, Docker, JavaScript, System Design",Pending
1148,6,421,56.38,0.0,94.5,100.0,85.0,,"AWS,Data Structures,Docker,JavaScript,MongoDB,Python,System Design","Weighted score 56.38: skills 0.0 (x0.4), academics 94.5 (x0.25), projects 100.0 (x0.2), readiness 85.0 (x0.15).",No overlapping skills on record,"Missing: AWS, Data Structures, Docker, JavaScript, MongoDB, Python, System Design",Pending
1149,6,422,42.93,35.0,76.1,0.0,66.05,System Design,"AWS,Data Structures,Docker,JavaScript,MongoDB,Python","Weighted score 42.93: skills 35.0 (x0.4), academics 76.1 (x0.25), projects 0.0 (x0.2), readiness 66.05 (x0.15).",System Design (proficiency 1/5),"Missing: AWS, Data Structures, Docker, JavaScript, MongoDB, Python",Pending
1150,6,423,29.76,0.0,75.1,0.0,73.22,,"AWS,Data Structures,Docker,JavaScript,MongoDB,Python,System Design","Weighted score 29.76: skills 0.0 (x0.4), academics 75.1 (x0.25), projects 0.0 (x0.2), readiness 73.22 (x0.15).",No overlapping skills on record,"Missing: AWS, Data Structures, Docker, JavaScript, MongoDB, Python, System Design",Pending
1151,6,424,53.29,35.0,84.7,33.33,76.35,Data Structures,"AWS,Docker,JavaScript,MongoDB,Python,System Design","Weighted score 53.29: skills 35.0 (x0.4), academics 84.7 (x0.25), projects 33.33 (x0.2), readiness 76.35 (x0.15).",Data Structures (proficiency 4/5),"Missing: AWS, Docker, JavaScript, MongoDB, Python, System Design",Pending
1152,6,427,32.48,0.0,83.9,0.0,76.7,,"AWS,Data Structures,Docker,JavaScript,MongoDB,Python,System Design","Weighted score 32.48: skills 0.0 (x0.4), academics 83.9 (x0.25), projects 0.0 (x0.2), readiness 76.7 (x0.15).",No overlapping skills on record,"Missing: AWS, Data Structures, Docker, JavaScript, MongoDB, Python, System Design",Pending
1153,6,430,56.73,41.0,76.6,50.0,74.55,"Docker,System Design","AWS,Data Structures,JavaScript,MongoDB,Python","Weighted score 56.73: skills 41.0 (x0.4), academics 76.6 (x0.25), projects 50.0 (x0.2), readiness 74.55 (x0.15).",Docker (proficiency 2/5); System Design (proficiency 3/5),"Missing: AWS, Data Structures, JavaScript, MongoDB, Python",Pending
1154,6,432,33.96,6.0,85.1,0.0,68.55,MongoDB,"AWS,Data Structures,Docker,JavaScript,Python,System Design","Weighted score 33.96: skills 6.0 (x0.4), academics 85.1 (x0.25), projects 0.0 (x0.2), readiness 68.55 (x0.15).",MongoDB (proficiency 5/5),"Missing: AWS, Data Structures, Docker, JavaScript, Python, System Design",Pending
1155,6,434,53.82,41.0,97.9,0.0,86.32,"Data Structures,Docker","AWS,JavaScript,MongoDB,Python,System Design","Weighted score 53.82: skills 41.0 (x0.4), academics 97.9 (x0.25), projects 0.0 (x0.2), readiness 86.32 (x0.15).",Data Structures (proficiency 5/5); Docker (proficiency 4/5),"Missing: AWS, JavaScript, MongoDB, Python, System Design",Pending
1156,6,435,39.2,12.0,84.4,0.0,88.7,"Docker,MongoDB","AWS,Data Structures,JavaScript,Python,System Design","Weighted score 39.2: skills 12.0 (x0.4), academics 84.4 (x0.25), projects 0.0 (x0.2), readiness 88.7 (x0.15).",Docker (proficiency 4/5); MongoDB (proficiency 4/5),"Missing: AWS, Data Structures, JavaScript, Python, System Design",Pending
1157,6,440,62.48,76.0,87.1,0.0,68.68,"AWS,Data Structures,System Design","Docker,JavaScript,MongoDB,Python","Weighted score 62.48: skills 76.0 (x0.4), academics 87.1 (x0.25), projects 0.0 (x0.2), readiness 68.68 (x0.15).",AWS (proficiency 3/5); Data Structures (proficiency 3/5); System Design (proficiency 2/5),"Missing: Docker, JavaScript, MongoDB, Python",Approved
1158,6,441,52.22,41.0,94.3,0.0,81.65,"JavaScript,System Design","AWS,Data Structures,Docker,MongoDB,Python","Weighted score 52.22: skills 41.0 (x0.4), academics 94.3 (x0.25), projects 0.0 (x0.2), readiness 81.65 (x0.15).",JavaScript (proficiency 4/5); System Design (proficiency 3/5),"Missing: AWS, Data Structures, Docker, MongoDB, Python",Pending
1159,6,444,34.28,12.0,74.9,0.0,71.7,"JavaScript,MongoDB","AWS,Data Structures,Docker,Python,System Design","Weighted score 34.28: skills 12.0 (x0.4), academics 74.9 (x0.25), projects 0.0 (x0.2), readiness 71.7 (x0.15).",JavaScript (proficiency 2/5); MongoDB (proficiency 4/5),"Missing: AWS, Data Structures, Docker, Python, System Design",Pending
1160,6,445,37.51,6.0,95.5,0.0,74.92,JavaScript,"AWS,Data Structures,Docker,MongoDB,Python,System Design","Weighted score 37.51: skills 6.0 (x0.4), academics 95.5 (x0.25), projects 0.0 (x0.2), readiness 74.92 (x0.15).",JavaScript (proficiency 3/5),"Missing: AWS, Data Structures, Docker, MongoDB, Python, System Design",Pending
1161,6,449,37.9,6.0,91.7,0.0,83.85,MongoDB,"AWS,Data Structures,Docker,JavaScript,Python,System Design","Weighted score 37.9: skills 6.0 (x0.4), academics 91.7 (x0.25), projects 0.0 (x0.2), readiness 83.85 (x0.15).",MongoDB (proficiency 5/5),"Missing: AWS, Data Structures, Docker, JavaScript, Python, System Design",Pending
1162,6,450,41.16,35.0,69.4,0.0,65.37,System Design,"AWS,Data Structures,Docker,JavaScript,MongoDB,Python","Weighted score 41.16: skills 35.0 (x0.4), academics 69.4 (x0.25), projects 0.0 (x0.2), readiness 65.37 (x0.15).",System Design (proficiency 3/5),"Missing: AWS, Data Structures, Docker, JavaScript, MongoDB, Python",Pending
1163,6,452,45.58,0.0,95.8,50.0,77.5,,"AWS,Data Structures,Docker,JavaScript,MongoDB,Python,System Design","Weighted score 45.58: skills 0.0 (x0.4), academics 95.8 (x0.25), projects 50.0 (x0.2), readiness 77.5 (x0.15).",No overlapping skills on record,"Missing: AWS, Data Structures, Docker, JavaScript, MongoDB, Python, System Design",Pending
1164,6,454,32.42,12.0,72.7,0.0,62.98,"AWS,Docker","Data Structures,JavaScript,MongoDB,Python,System Design","Weighted score 32.42: skills 12.0 (x0.4), academics 72.7 (x0.25), projects 0.0 (x0.2), readiness 62.98 (x0.15).",AWS (proficiency 4/5); Docker (proficiency 2/5),"Missing: Data Structures, JavaScript, MongoDB, Python, System Design",Pending
1165,6,455,37.69,6.0,99.0,0.0,70.25,JavaScript,"AWS,Data Structures,Docker,MongoDB,Python,System Design","Weighted score 37.69: skills 6.0 (x0.4), academics 99.0 (x0.25), projects 0.0 (x0.2), readiness 70.25 (x0.15).",JavaScript (proficiency 3/5),"Missing: AWS, Data Structures, Docker, MongoDB, Python, System Design",Pending
1166,6,458,32.69,12.0,69.9,0.0,69.45,"JavaScript,MongoDB","AWS,Data Structures,Docker,Python,System Design","Weighted score 32.69: skills 12.0 (x0.4), academics 69.9 (x0.25), projects 0.0 (x0.2), readiness 69.45 (x0.15).",JavaScript (proficiency 3/5); MongoDB (proficiency 5/5),"Missing: AWS, Data Structures, Docker, Python, System Design",Pending
1167,6,467,35.42,6.0,90.4,0.0,69.45,MongoDB,"AWS,Data Structures,Docker,JavaScript,Python,System Design","Weighted score 35.42: skills 6.0 (x0.4), academics 90.4 (x0.25), projects 0.0 (x0.2), readiness 69.45 (x0.15).",MongoDB (proficiency 2/5),"Missing: AWS, Data Structures, Docker, JavaScript, Python, System Design",Pending
1168,6,470,55.68,0.0,98.6,100.0,73.55,,"AWS,Data Structures,Docker,JavaScript,MongoDB,Python,System Design","Weighted score 55.68: skills 0.0 (x0.4), academics 98.6 (x0.25), projects 100.0 (x0.2), readiness 73.55 (x0.15).",No overlapping skills on record,"Missing: AWS, Data Structures, Docker, JavaScript, MongoDB, Python, System Design",Pending
1169,6,473,41.65,12.0,78.1,33.33,71.05,"MongoDB,Python","AWS,Data Structures,Docker,JavaScript,System Design","Weighted score 41.65: skills 12.0 (x0.4), academics 78.1 (x0.25), projects 33.33 (x0.2), readiness 71.05 (x0.15).",MongoDB (proficiency 1/5); Python (proficiency 4/5),"Missing: AWS, Data Structures, Docker, JavaScript, System Design",Pending
1170,6,476,48.47,47.0,80.9,0.0,62.95,"Docker,JavaScript,System Design","AWS,Data Structures,MongoDB,Python","Weighted score 48.47: skills 47.0 (x0.4), academics 80.9 (x0.25), projects 0.0 (x0.2), readiness 62.95 (x0.15).",Docker (proficiency 1/5); JavaScript (proficiency 2/5); System Design (proficiency 1/5),"Missing: AWS, Data Structures, MongoDB, Python",Pending
1171,6,479,42.73,6.0,77.4,50.0,73.2,JavaScript,"AWS,Data Structures,Docker,MongoDB,Python,System Design","Weighted score 42.73: skills 6.0 (x0.4), academics 77.4 (x0.25), projects 50.0 (x0.2), readiness 73.2 (x0.15).",JavaScript (proficiency 3/5),"Missing: AWS, Data Structures, Docker, MongoDB, Python, System Design",Pending
1172,6,481,49.22,41.0,89.9,0.0,68.95,"Data Structures,MongoDB","AWS,Docker,JavaScript,Python,System Design","Weighted score 49.22: skills 41.0 (x0.4), academics 89.9 (x0.25), projects 0.0 (x0.2), readiness 68.95 (x0.15).",Data Structures (proficiency 1/5); MongoDB (proficiency 1/5),"Missing: AWS, Docker, JavaScript, Python, System Design",Pending
1173,6,484,35.85,0.0,97.5,0.0,76.5,,"AWS,Data Structures,Docker,JavaScript,MongoDB,Python,System Design","Weighted score 35.85: skills 0.0 (x0.4), academics 97.5 (x0.25), projects 0.0 (x0.2), readiness 76.5 (x0.15).",No overlapping skills on record,"Missing: AWS, Data Structures, Docker, JavaScript, MongoDB, Python, System Design",Pending
1174,6,487,30.2,6.0,74.6,0.0,60.97,Python,"AWS,Data Structures,Docker,JavaScript,MongoDB,System Design","Weighted score 30.2: skills 6.0 (x0.4), academics 74.6 (x0.25), projects 0.0 (x0.2), readiness 60.97 (x0.15).",Python (proficiency 2/5),"Missing: AWS, Data Structures, Docker, JavaScript, MongoDB, System Design",Pending
1175,6,490,52.3,6.0,75.7,100.0,73.18,JavaScript,"AWS,Data Structures,Docker,MongoDB,Python,System Design","Weighted score 52.3: skills 6.0 (x0.4), academics 75.7 (x0.25), projects 100.0 (x0.2), readiness 73.18 (x0.15).",JavaScript (proficiency 4/5),"Missing: AWS, Data Structures, Docker, MongoDB, Python, System Design",Pending
1176,6,493,46.33,41.0,81.3,0.0,64.03,"AWS,System Design","Data Structures,Docker,JavaScript,MongoDB,Python","Weighted score 46.33: skills 41.0 (x0.4), academics 81.3 (x0.25), projects 0.0 (x0.2), readiness 64.03 (x0.15).",AWS (proficiency 3/5); System Design (proficiency 4/5),"Missing: Data Structures, Docker, JavaScript, MongoDB, Python",Pending
1177,6,496,43.74,35.0,75.7,0.0,72.1,System Design,"AWS,Data Structures,Docker,JavaScript,MongoDB,Python","Weighted score 43.74: skills 35.0 (x0.4), academics 75.7 (x0.25), projects 0.0 (x0.2), readiness 72.1 (x0.15).",System Design (proficiency 4/5),"Missing: AWS, Data Structures, Docker, JavaScript, MongoDB, Python",Pending
1178,6,497,40.05,12.0,92.3,0.0,81.15,"AWS,Python","Data Structures,Docker,JavaScript,MongoDB,System Design","Weighted score 40.05: skills 12.0 (x0.4), academics 92.3 (x0.25), projects 0.0 (x0.2), readiness 81.15 (x0.15).",AWS (proficiency 1/5); Python (proficiency 1/5),"Missing: Data Structures, Docker, JavaScript, MongoDB, System Design",Pending
1179,6,500,30.86,6.0,76.5,0.0,62.25,MongoDB,"AWS,Data Structures,Docker,JavaScript,Python,System Design","Weighted score 30.86: skills 6.0 (x0.4), academics 76.5 (x0.25), projects 0.0 (x0.2), readiness 62.25 (x0.15).",MongoDB (proficiency 1/5),"Missing: AWS, Data Structures, Docker, JavaScript, Python, System Design",Pending
1180,7,1,30.08,0.0,83.8,0.0,60.9,,"AWS,Algorithms,Flask,Kubernetes,Node.js","Weighted score 30.08: skills 0.0 (x0.4), academics 83.8 (x0.25), projects 0.0 (x0.2), readiness 60.9 (x0.15).",No overlapping skills on record,"Missing: AWS, Algorithms, Flask, Kubernetes, Node.js",Pending
1181,7,2,58.85,45.0,88.1,33.33,81.05,"Algorithms,Node.js","AWS,Flask,Kubernetes","Weighted score 58.85: skills 45.0 (x0.4), academics 88.1 (x0.25), projects 33.33 (x0.2), readiness 81.05 (x0.15).",Algorithms (proficiency 3/5); Node.js (proficiency 1/5),"Missing: AWS, Flask, Kubernetes",Pending
1182,7,5,50.96,55.0,75.2,0.0,67.72,"AWS,Flask,Kubernetes","Algorithms,Node.js","Weighted score 50.96: skills 55.0 (x0.4), academics 75.2 (x0.25), projects 0.0 (x0.2), readiness 67.72 (x0.15).",AWS (proficiency 5/5); Flask (proficiency 1/5); Kubernetes (proficiency 1/5),"Missing: Algorithms, Node.js",Pending
1183,7,8,65.12,35.0,87.8,100.0,61.15,Kubernetes,"AWS,Algorithms,Flask,Node.js","Weighted score 65.12: skills 35.0 (x0.4), academics 87.8 (x0.25), projects 100.0 (x0.2), readiness 61.15 (x0.15).",Kubernetes (proficiency 4/5),"Missing: AWS, Algorithms, Flask, Node.js",Approved
1184,7,9,48.23,35.0,92.3,0.0,74.35,Algorithms,"AWS,Flask,Kubernetes,Node.js","Weighted score 48.23: skills 35.0 (x0.4), academics 92.3 (x0.25), projects 0.0 (x0.2), readiness 74.35 (x0.15).",Algorithms (proficiency 4/5),"Missing: AWS, Flask, Kubernetes, Node.js",Pending
1185,7,11,53.29,45.0,94.0,0.0,78.6,"AWS,Kubernetes","Algorithms,Flask,Node.js","Weighted score 53.29: skills 45.0 (x0.4), academics 94.0 (x0.25), projects 0.0 (x0.2), readiness 78.6 (x0.15).",AWS (proficiency 5/5); Kubernetes (proficiency 3/5),"Missing: Algorithms, Flask, Node.js",Pending
1186,7,13,60.88,70.0,85.8,0.0,76.23,"Algorithms,Kubernetes","AWS,Flask,Node.js","Weighted score 60.88: skills 70.0 (x0.4), academics 85.8 (x0.25), projects 0.0 (x0.2), readiness 76.23 (x0.15).",Algorithms (proficiency 3/5); Kubernetes (proficiency 2/5),"Missing: AWS, Flask, Node.js",Pending
1187,7,14,40.62,35.0,66.0,0.0,67.5,Algorithms,"AWS,Flask,Kubernetes,Node.js","Weighted score 40.62: skills 35.0 (x0.4), academics 66.0 (x0.25), projects 0.0 (x0.2), readiness 67.5 (x0.15).",Algorithms (proficiency 5/5),"Missing: AWS, Flask, Kubernetes, Node.js",Pending
1188,7,16,48.42,35.0,91.2,0.0,77.47,Kubernetes,"AWS,Algorithms,Flask,Node.js","Weighted score 48.42: skills 35.0 (x0.4), academics 91.2 (x0.25), projects 0.0 (x0.2), readiness 77.47 (x0.15).",Kubernetes (proficiency 4/5),"Missing: AWS, Algorithms, Flask, Node.js",Pending
1189,7,19,54.26,45.0,88.5,0.0,94.25,"Flask,Kubernetes","AWS,Algorithms,Node.js","Weighted score 54.26: skills 45.0 (x0.4), academics 88.5 (x0.25), projects 0.0 (x0.2), readiness 94.25 (x0.15).",Flask (proficiency 5/5); Kubernetes (proficiency 5/5),"Missing: AWS, Algorithms, Node.js",Pending
1190,7,22,50.34,45.0,85.6,0.0,72.92,"AWS,Algorithms","Flask,Kubernetes,Node.js","Weighted score 50.34: skills 45.0 (x0.4), academics 85.6 (x0.25), projects 0.0 (x0.2), readiness 72.92 (x0.15).",AWS (proficiency 4/5); Algorithms (proficiency 4/5),"Missing: Flask, Kubernetes, Node.js",Pending
1191,7,23,38.33,0.0,76.1,50.0,62.05,,"AWS,Algorithms,Flask,Kubernetes,Node.js","Weighted score 38.33: skills 0.0 (x0.4), academics 76.1 (x0.25), projects 50.0 (x0.2), readiness 62.05 (x0.15).",No overlapping skills on record,"Missing: AWS, Algorithms, Flask, Kubernetes, Node.js",Pending
1192,7,25,39.8,35.0,68.2,0.0,58.35,Kubernetes,"AWS,Algorithms,Flask,Node.js","Weighted score 39.8: skills 35.0 (x0.4), academics 68.2 (x0.25), projects 0.0 (x0.2), readiness 58.35 (x0.15).",Kubernetes (proficiency 1/5),"Missing: AWS, Algorithms, Flask, Node.js",Pending
1193,7,27,43.86,20.0,94.2,0.0,82.1,"AWS,Node.js","Algorithms,Flask,Kubernetes","Weighted score 43.86: skills 20.0 (x0.4), academics 94.2 (x0.25), projects 0.0 (x0.2), readiness 82.1 (x0.15).",AWS (proficiency 1/5); Node.js (proficiency 1/5),"Missing: Algorithms, Flask, Kubernetes",Pending
1194,7,29,49.15,45.0,82.0,0.0,71.0,"Kubernetes,Node.js","AWS,Algorithms,Flask","Weighted score 49.15: skills 45.0 (x0.4), academics 82.0 (x0.25), projects 0.0 (x0.2), readiness 71.0 (x0.15).",Kubernetes (proficiency 4/5); Node.js (proficiency 3/5),"Missing: AWS, Algorithms, Flask",Pending
1195,7,30,39.1,10.0,92.4,0.0,80.0,AWS,"Algorithms,Flask,Kubernetes,Node.js","Weighted score 39.1: skills 10.0 (x0.4), academics 92.4 (x0.25), projects 0.0 (x0.2), readiness 80.0 (x0.15).",AWS (proficiency 4/5),"Missing: Algorithms, Flask, Kubernetes, Node.js",Pending
1196,7,31,50.22,35.0,97.6,0.0,78.8,Kubernetes,"AWS,Algorithms,Flask,Node.js","Weighted score 50.22: skills 35.0 (x0.4), academics 97.6 (x0.25), projects 0.0 (x0.2), readiness 78.8 (x0.15).",Kubernetes (proficiency 5/5),"Missing: AWS, Algorithms, Flask, Node.js",Pending
1197,7,32,39.38,20.0,79.0,0.0,77.5,"Flask,Node.js","AWS,Algorithms,Kubernetes","Weighted score 39.38: skills 20.0 (x0.4), academics 79.0 (x0.25), projects 0.0 (x0.2), readiness 77.5 (x0.15).",Flask (proficiency 5/5); Node.js (proficiency 5/5),"Missing: AWS, Algorithms, Kubernetes",Pending
1198,7,35,33.58,10.0,73.0,0.0,75.5,AWS,"Algorithms,Flask,Kubernetes,Node.js","Weighted score 33.58: skills 10.0 (x0.4), academics 73.0 (x0.25), projects 0.0 (x0.2), readiness 75.5 (x0.15).",AWS (proficiency 3/5),"Missing: Algorithms, Flask, Kubernetes, Node.js",Pending
1199,7,37,44.75,35.0,79.9,0.0,71.82,Kubernetes,"AWS,Algorithms,Flask,Node.js","Weighted score 44.75: skills 35.0 (x0.4), academics 79.9 (x0.25), projects 0.0 (x0.2), readiness 71.82 (x0.15).",Kubernetes (proficiency 3/5),"Missing: AWS, Algorithms, Flask, Node.js",Pending
1200,7,40,39.94,10.0,97.1,0.0,77.8,Node.js,"AWS,Algorithms,Flask,Kubernetes","Weighted score 39.94: skills 10.0 (x0.4), academics 97.1 (x0.25), projects 0.0 (x0.2), readiness 77.8 (x0.15).",Node.js (proficiency 2/5),"Missing: AWS, Algorithms, Flask, Kubernetes",Pending
1201,7,41,56.94,10.0,91.3,100.0,67.45,AWS,"Algorithms,Flask,Kubernetes,Node.js","Weighted score 56.94: skills 10.0 (x0.4), academics 91.3 (x0.25), projects 100.0 (x0.2), readiness 67.45 (x0.15).",AWS (proficiency 4/5),"Missing: Algorithms, Flask, Kubernetes, Node.js",Pending
1202,7,42,28.16,0.0,74.1,0.0,64.22,,"AWS,Algorithms,Flask,Kubernetes,Node.js","Weighted score 28.16: skills 0.0 (x0.4), academics 74.1 (x0.25), projects 0.0 (x0.2), readiness 64.22 (x0.15).",No overlapping skills on record,"Missing: AWS, Algorithms, Flask, Kubernetes, Node.js",Pending
1203,7,43,49.47,35.0,99.3,0.0,70.98,Algorithms,"AWS,Flask,Kubernetes,Node.js","Weighted score 49.47: skills 35.0 (x0.4), academics 99.3 (x0.25), projects 0.0 (x0.2), readiness 70.98 (x0.15).",Algorithms (proficiency 2/5),"Missing: AWS, Flask, Kubernetes, Node.js",Pending
1204,7,46,35.84,0.0,93.8,0.0,82.57,,"AWS,Algorithms,Flask,Kubernetes,Node.js","Weighted score 35.84: skills 0.0 (x0.4), academics 93.8 (x0.25), projects 0.0 (x0.2), readiness 82.57 (x0.15).",No overlapping skills on record,"Missing: AWS, Algorithms, Flask, Kubernetes, Node.js",Pending
1205,7,49,59.75,10.0,99.3,100.0,72.85,Flask,"AWS,Algorithms,Kubernetes,Node.js","Weighted score 59.75: skills 10.0 (x0.4), academics 99.3 (x0.25), projects 100.0 (x0.2), readiness 72.85 (x0.15).",Flask (proficiency 4/5),"Missing: AWS, Algorithms, Kubernetes, Node.js",Pending
1206,7,57,26.75,0.0,66.7,0.0,67.15,,"AWS,Algorithms,Flask,Kubernetes,Node.js","Weighted score 26.75: skills 0.0 (x0.4), academics 66.7 (x0.25), projects 0.0 (x0.2), readiness 67.15 (x0.15).",No overlapping skills on record,"Missing: AWS, Algorithms, Flask, Kubernetes, Node.js",Pending
1207,7,59,35.11,0.0,97.1,0.0,72.22,,"AWS,Algorithms,Flask,Kubernetes,Node.js","Weighted score 35.11: skills 0.0 (x0.4), academics 97.1 (x0.25), projects 0.0 (x0.2), readiness 72.22 (x0.15).",No overlapping skills on record,"Missing: AWS, Algorithms, Flask, Kubernetes, Node.js",Pending
1208,7,63,39.37,0.0,85.1,33.33,76.22,,"AWS,Algorithms,Flask,Kubernetes,Node.js","Weighted score 39.37: skills 0.0 (x0.4), academics 85.1 (x0.25), projects 33.33 (x0.2), readiness 76.22 (x0.15).",No overlapping skills on record,"Missing: AWS, Algorithms, Flask, Kubernetes, Node.js",Pending
1209,7,65,29.74,10.0,67.3,0.0,59.4,AWS,"Algorithms,Flask,Kubernetes,Node.js","Weighted score 29.74: skills 10.0 (x0.4), academics 67.3 (x0.25), projects 0.0 (x0.2), readiness 59.4 (x0.15).",AWS (proficiency 3/5),"Missing: Algorithms, Flask, Kubernetes, Node.js",Pending
1210,7,66,49.13,45.0,83.5,0.0,68.38,"Flask,Kubernetes","AWS,Algorithms,Node.js","Weighted score 49.13: skills 45.0 (x0.4), academics 83.5 (x0.25), projects 0.0 (x0.2), readiness 68.38 (x0.15).",Flask (proficiency 2/5); Kubernetes (proficiency 5/5),"Missing: AWS, Algorithms, Node.js",Pending
1211,7,68,41.1,35.0,70.0,0.0,64.0,Algorithms,"AWS,Flask,Kubernetes,Node.js","Weighted score 41.1: skills 35.0 (x0.4), academics 70.0 (x0.25), projects 0.0 (x0.2), readiness 64.0 (x0.15).",Algorithms (proficiency 3/5),"Missing: AWS, Flask, Kubernetes, Node.js",Pending
1212,7,73,30.69,10.0,66.2,0.0,67.6,AWS,"Algorithms,Flask,Kubernetes,Node.js","Weighted score 30.69: skills 10.0 (x0.4), academics 66.2 (x0.25), projects 0.0 (x0.2), readiness 67.6 (x0.15).",AWS (proficiency 3/5),"Missing: Algorithms, Flask, Kubernetes, Node.js",Pending
1213,7,78,40.47,10.0,93.6,0.0,87.13,AWS,"Algorithms,Flask,Kubernetes,Node.js","Weighted score 40.47: skills 10.0 (x0.4), academics 93.6 (x0.25), projects 0.0 (x0.2), readiness 87.13 (x0.15).",AWS (proficiency 4/5),"Missing: Algorithms, Flask, Kubernetes, Node.js",Pending
1214,7,79,46.99,35.0,90.8,0.0,68.6,Algorithms,"AWS,Flask,Kubernetes,Node.js","Weighted score 46.99: skills 35.0 (x0.4), academics 90.8 (x0.25), projects 0.0 (x0.2), readiness 68.6 (x0.15).",Algorithms (proficiency 3/5),"Missing: AWS, Flask, Kubernetes, Node.js",Pending
1215,7,83,29.25,10.0,66.9,0.0,56.82,AWS,"Algorithms,Flask,Kubernetes,Node.js","Weighted score 29.25: skills 10.0 (x0.4), academics 66.9 (x0.25), projects 0.0 (x0.2), readiness 56.82 (x0.15).",AWS (proficiency 5/5),"Missing: Algorithms, Flask, Kubernetes, Node.js",Pending
1216,7,84,32.12,10.0,69.1,0.0,72.3,Flask,"AWS,Algorithms,Kubernetes,Node.js","Weighted score 32.12: skills 10.0 (x0.4), academics 69.1 (x0.25), projects 0.0 (x0.2), readiness 72.3 (x0.15).",Flask (proficiency 1/5),"Missing: AWS, Algorithms, Kubernetes, Node.js",Pending
1217,7,86,40.08,10.0,96.7,0.0,79.35,AWS,"Algorithms,Flask,Kubernetes,Node.js","Weighted score 40.08: skills 10.0 (x0.4), academics 96.7 (x0.25), projects 0.0 (x0.2), readiness 79.35 (x0.15).",AWS (proficiency 3/5),"Missing: Algorithms, Flask, Kubernetes, Node.js",Pending
1218,7,88,40.15,20.0,84.9,0.0,72.85,"Flask,Node.js","AWS,Algorithms,Kubernetes","Weighted score 40.15: skills 20.0 (x0.4), academics 84.9 (x0.25), projects 0.0 (x0.2), readiness 72.85 (x0.15).",Flask (proficiency 3/5); Node.js (proficiency 2/5),"Missing: AWS, Algorithms, Kubernetes",Pending
1219,7,89,49.23,55.0,73.4,0.0,59.2,"Algorithms,Flask,Node.js","AWS,Kubernetes","Weighted score 49.23: skills 55.0 (x0.4), academics 73.4 (x0.25), projects 0.0 (x0.2), readiness 59.2 (x0.15).",Algorithms (proficiency 3/5); Flask (proficiency 3/5); Node.js (proficiency 2/5),"Missing: AWS, Kubernetes",Pending
1220,7,91,50.23,45.0,82.7,0.0,77.02,"Kubernetes,Node.js","AWS,Algorithms,Flask","Weighted score 50.23: skills 45.0 (x0.4), academics 82.7 (x0.25), projects 0.0 (x0.2), readiness 77.02 (x0.15).",Kubernetes (proficiency 5/5); Node.js (proficiency 4/5),"Missing: AWS, Algorithms, Flask",Pending
1221,7,93,56.47,70.0,74.9,0.0,64.95,"Algorithms,Kubernetes","AWS,Flask,Node.js","Weighted score 56.47: skills 70.0 (x0.4), academics 74.9 (x0.25), projects 0.0 (x0.2), readiness 64.95 (x0.15).",Algorithms (proficiency 2/5); Kubernetes (proficiency 2/5),"Missing: AWS, Flask, Node.js",Pending
1222,7,95,32.24,0.0,84.9,0.0,73.45,,"AWS,Algorithms,Flask,Kubernetes,Node.js","Weighted score 32.24: skills 0.0 (x0.4), academics 84.9 (x0.25), projects 0.0 (x0.2), readiness 73.45 (x0.15).",No overlapping skills on record,"Missing: AWS, Algorithms, Flask, Kubernetes, Node.js",Pending
1223,7,98,39.14,0.0,83.3,33.33,77.65,,"AWS,Algorithms,Flask,Kubernetes,Node.js","Weighted score 39.14: skills 0.0 (x0.4), academics 83.3 (x0.25), projects 33.33 (x0.2), readiness 77.65 (x0.15).",No overlapping skills on record,"Missing: AWS, Algorithms, Flask, Kubernetes, Node.js",Pending
1224,7,99,40.1,10.0,66.0,50.0,64.0,Flask,"AWS,Algorithms,Kubernetes,Node.js","Weighted score 40.1: skills 10.0 (x0.4), academics 66.0 (x0.25), projects 50.0 (x0.2), readiness 64.0 (x0.15).",Flask (proficiency 1/5),"Missing: AWS, Algorithms, Kubernetes, Node.js",Pending
1225,7,102,30.37,0.0,75.9,0.0,75.95,,"AWS,Algorithms,Flask,Kubernetes,Node.js","Weighted score 30.37: skills 0.0 (x0.4), academics 75.9 (x0.25), projects 0.0 (x0.2), readiness 75.95 (x0.15).",No overlapping skills on record,"Missing: AWS, Algorithms, Flask, Kubernetes, Node.js",Pending
1226,7,103,36.08,10.0,89.0,0.0,65.5,Node.js,"AWS,Algorithms,Flask,Kubernetes","Weighted score 36.08: skills 10.0 (x0.4), academics 89.0 (x0.25), projects 0.0 (x0.2), readiness 65.5 (x0.15).",Node.js (proficiency 1/5),"Missing: AWS, Algorithms, Flask, Kubernetes",Pending
1227,7,111,43.66,20.0,94.6,0.0,80.05,"AWS,Node.js","Algorithms,Flask,Kubernetes","Weighted score 43.66: skills 20.0 (x0.4), academics 94.6 (x0.25), projects 0.0 (x0.2), readiness 80.05 (x0.15).",AWS (proficiency 2/5); Node.js (proficiency 1/5),"Missing: Algorithms, Flask, Kubernetes",Pending
1228,7,112,35.63,20.0,68.4,0.0,70.2,"AWS,Flask","Algorithms,Kubernetes,Node.js","Weighted score 35.63: skills 20.0 (x0.4), academics 68.4 (x0.25), projects 0.0 (x0.2), readiness 70.2 (x0.15).",AWS (proficiency 4/5); Flask (proficiency 3/5),"Missing: Algorithms, Kubernetes, Node.js",Pending
1229,7,114,42.06,10.0,74.6,50.0,62.7,Node.js,"AWS,Algorithms,Flask,Kubernetes","Weighted score 42.06: skills 10.0 (x0.4), academics 74.6 (x0.25), projects 50.0 (x0.2), readiness 62.7 (x0.15).",Node.js (proficiency 3/5),"Missing: AWS, Algorithms, Flask, Kubernetes",Pending
1230,7,115,45.54,45.0,73.2,0.0,61.6,"Flask,Kubernetes","AWS,Algorithms,Node.js","Weighted score 45.54: skills 45.0 (x0.4), academics 73.2 (x0.25), projects 0.0 (x0.2), readiness 61.6 (x0.15).",Flask (proficiency 1/5); Kubernetes (proficiency 5/5),"Missing: AWS, Algorithms, Node.js",Pending
1231,7,118,30.88,10.0,72.1,0.0,59.05,AWS,"Algorithms,Flask,Kubernetes,Node.js","Weighted score 30.88: skills 10.0 (x0.4), academics 72.1 (x0.25), projects 0.0 (x0.2), readiness 59.05 (x0.15).",AWS (proficiency 4/5),"Missing: Algorithms, Flask, Kubernetes, Node.js",Pending
1232,7,124,60.36,70.0,89.5,0.0,66.55,"Algorithms,Kubernetes","AWS,Flask,Node.js","Weighted score 60.36: skills 70.0 (x0.4), academics 89.5 (x0.25), projects 0.0 (x0.2), readiness 66.55 (x0.15).",Algorithms (proficiency 2/5); Kubernetes (proficiency 2/5),"Missing: AWS, Flask, Node.js",Pending
1233,7,125,43.9,0.0,90.0,50.0,76.0,,"AWS,Algorithms,Flask,Kubernetes,Node.js","Weighted score 43.9: skills 0.0 (x0.4), academics 90.0 (x0.25), projects 50.0 (x0.2), readiness 76.0 (x0.15).",No overlapping skills on record,"Missing: AWS, Algorithms, Flask, Kubernetes, Node.js",Pending
1234,7,126,51.16,35.0,96.8,0.0,86.4,Kubernetes,"AWS,Algorithms,Flask,Node.js","Weighted score 51.16: skills 35.0 (x0.4), academics 96.8 (x0.25), projects 0.0 (x0.2), readiness 86.4 (x0.15).",Kubernetes (proficiency 4/5),"Missing: AWS, Algorithms, Flask, Node.js",Pending
1235,7,129,68.46,70.0,80.5,50.0,68.92,"Algorithms,Kubernetes","AWS,Flask,Node.js","Weighted score 68.46: skills 70.0 (x0.4), academics 80.5 (x0.25), projects 50.0 (x0.2), readiness 68.92 (x0.15).",Algorithms (proficiency 2/5); Kubernetes (proficiency 2/5),"Missing: AWS, Flask, Node.js",Approved
1236,7,136,27.28,0.0,70.1,0.0,65.05,,"AWS,Algorithms,Flask,Kubernetes,Node.js","Weighted score 27.28: skills 0.0 (x0.4), academics 70.1 (x0.25), projects 0.0 (x0.2), readiness 65.05 (x0.15).",No overlapping skills on record,"Missing: AWS, Algorithms, Flask, Kubernetes, Node.js",Pending
1237,7,137,51.32,10.0,71.0,100.0,63.83,Node.js,"AWS,Algorithms,Flask,Kubernetes","Weighted score 51.32: skills 10.0 (x0.4), academics 71.0 (x0.25), projects 100.0 (x0.2), readiness 63.83 (x0.15).",Node.js (proficiency 3/5),"Missing: AWS, Algorithms, Flask, Kubernetes",Pending
1238,7,140,44.52,10.0,87.0,33.33,80.67,Node.js,"AWS,Algorithms,Flask,Kubernetes","Weighted score 44.52: skills 10.0 (x0.4), academics 87.0 (x0.25), projects 33.33 (x0.2), readiness 80.67 (x0.15).",Node.js (proficiency 4/5),"Missing: AWS, Algorithms, Flask, Kubernetes",Pending
1239,7,141,41.74,35.0,73.2,0.0,62.93,Kubernetes,"AWS,Algorithms,Flask,Node.js","Weighted score 41.74: skills 35.0 (x0.4), academics 73.2 (x0.25), projects 0.0 (x0.2), readiness 62.93 (x0.15).",Kubernetes (proficiency 1/5),"Missing: AWS, Algorithms, Flask, Node.js",Pending
1240,7,142,32.42,0.0,79.9,0.0,82.95,,"AWS,Algorithms,Flask,Kubernetes,Node.js","Weighted score 32.42: skills 0.0 (x0.4), academics 79.9 (x0.25), projects 0.0 (x0.2), readiness 82.95 (x0.15).",No overlapping skills on record,"Missing: AWS, Algorithms, Flask, Kubernetes, Node.js",Pending
1241,7,143,63.91,80.0,86.6,0.0,68.42,"Algorithms,Flask,Kubernetes","AWS,Node.js","Weighted score 63.91: skills 80.0 (x0.4), academics 86.6 (x0.25), projects 0.0 (x0.2), readiness 68.42 (x0.15).",Algorithms (proficiency 3/5); Flask (proficiency 1/5); Kubernetes (proficiency 1/5),"Missing: AWS, Node.js",Approved
1242,7,146,45.73,35.0,78.6,0.0,80.55,Kubernetes,"AWS,Algorithms,Flask,Node.js","Weighted score 45.73: skills 35.0 (x0.4), academics 78.6 (x0.25), projects 0.0 (x0.2), readiness 80.55 (x0.15).",Kubernetes (proficiency 5/5),"Missing: AWS, Algorithms, Flask, Node.js",Pending
1243,7,147,51.26,55.0,71.2,0.0,76.4,"AWS,Algorithms,Flask","Kubernetes,Node.js","Weighted score 51.26: skills 55.0 (x0.4), academics 71.2 (x0.25), projects 0.0 (x0.2), readiness 76.4 (x0.15).",AWS (proficiency 5/5); Algorithms (proficiency 3/5); Flask (proficiency 5/5),"Missing: Kubernetes, Node.js",Pending
1244,7,151,54.72,10.0,93.8,66.67,92.9,Node.js,"AWS,Algorithms,Flask,Kubernetes","Weighted score 54.72: skills 10.0 (x0.4), academics 93.8 (x0.25), projects 66.67 (x0.2), readiness 92.9 (x0.15).",Node.js (proficiency 5/5),"Missing: AWS, Algorithms, Flask, Kubernetes",Pending
1245,7,154,54.92,45.0,73.7,33.33,78.85,"AWS,Algorithms","Flask,Kubernetes,Node.js","Weighted score 54.92: skills 45.0 (x0.4), academics 73.7 (x0.25), projects 33.33 (x0.2), readiness 78.85 (x0.15).",AWS (proficiency 3/5); Algorithms (proficiency 4/5),"Missing: Flask, Kubernetes, Node.js",Pending
1246,7,159,35.85,10.0,86.0,0.0,69.0,Node.js,"AWS,Algorithms,Flask,Kubernetes","Weighted score 35.85: skills 10.0 (x0.4), academics 86.0 (x0.25), projects 0.0 (x0.2), readiness 69.0 (x0.15).",Node.js (proficiency 4/5),"Missing: AWS, Algorithms, Flask, Kubernetes",Pending
1247,7,163,49.82,10.0,67.0,100.0,60.5,AWS,"Algorithms,Flask,Kubernetes,Node.js","Weighted score 49.82: skills 10.0 (x0.4), academics 67.0 (x0.25), projects 100.0 (x0.2), readiness 60.5 (x0.15).",AWS (proficiency 3/5),"Missing: Algorithms, Flask, Kubernetes, Node.js",Pending
1248,7,165,32.6,0.0,86.0,0.0,74.0,,"AWS,Algorithms,Flask,Kubernetes,Node.js","Weighted score 32.6: skills 0.0 (x0.4), academics 86.0 (x0.25), projects 0.0 (x0.2), readiness 74.0 (x0.15).",No overlapping skills on record,"Missing: AWS, Algorithms, Flask, Kubernetes, Node.js",Pending
1249,7,166,31.53,10.0,74.7,0.0,59.02,Node.js,"AWS,Algorithms,Flask,Kubernetes","Weighted score 31.53: skills 10.0 (x0.4), academics 74.7 (x0.25), projects 0.0 (x0.2), readiness 59.02 (x0.15).",Node.js (proficiency 1/5),"Missing: AWS, Algorithms, Flask, Kubernetes",Pending
1250,7,167,46.56,35.0,66.3,33.33,62.15,Kubernetes,"AWS,Algorithms,Flask,Node.js","Weighted score 46.56: skills 35.0 (x0.4), academics 66.3 (x0.25), projects 33.33 (x0.2), readiness 62.15 (x0.15).",Kubernetes (proficiency 4/5),"Missing: AWS, Algorithms, Flask, Node.js",Pending
1251,7,169,32.12,0.0,89.0,0.0,65.83,,"AWS,Algorithms,Flask,Kubernetes,Node.js","Weighted score 32.12: skills 0.0 (x0.4), academics 89.0 (x0.25), projects 0.0 (x0.2), readiness 65.83 (x0.15).",No overlapping skills on record,"Missing: AWS, Algorithms, Flask, Kubernetes, Node.js",Pending
1252,7,174,26.98,0.0,66.4,0.0,69.2,,"AWS,Algorithms,Flask,Kubernetes,Node.js","Weighted score 26.98: skills 0.0 (x0.4), academics 66.4 (x0.25), projects 0.0 (x0.2), readiness 69.2 (x0.15).",No overlapping skills on record,"Missing: AWS, Algorithms, Flask, Kubernetes, Node.js",Pending
1253,7,176,54.8,35.0,78.3,50.0,74.82,Algorithms,"AWS,Flask,Kubernetes,Node.js","Weighted score 54.8: skills 35.0 (x0.4), academics 78.3 (x0.25), projects 50.0 (x0.2), readiness 74.82 (x0.15).",Algorithms (proficiency 5/5),"Missing: AWS, Flask, Kubernetes, Node.js",Pending
1254,7,178,46.5,35.0,86.4,0.0,72.7,Algorithms,"AWS,Flask,Kubernetes,Node.js","Weighted score 46.5: skills 35.0 (x0.4), academics 86.4 (x0.25), projects 0.0 (x0.2), readiness 72.7 (x0.15).",Algorithms (proficiency 3/5),"Missing: AWS, Flask, Kubernetes, Node.js",Pending
1255,7,179,37.29,10.0,86.9,0.0,77.12,Node.js,"AWS,Algorithms,Flask,Kubernetes","Weighted score 37.29: skills 10.0 (x0.4), academics 86.9 (x0.25), projects 0.0 (x0.2), readiness 77.12 (x0.15).",Node.js (proficiency 5/5),"Missing: AWS, Algorithms, Flask, Kubernetes",Pending
1256,7,181,36.16,10.0,84.1,0.0,74.22,Flask,"AWS,Algorithms,Kubernetes,Node.js","Weighted score 36.16: skills 10.0 (x0.4), academics 84.1 (x0.25), projects 0.0 (x0.2), readiness 74.22 (x0.15).",Flask (proficiency 5/5),"Missing: AWS, Algorithms, Kubernetes, Node.js",Pending
1257,7,187,51.54,20.0,76.8,66.67,73.4,"AWS,Node.js","Algorithms,Flask,Kubernetes","Weighted score 51.54: skills 20.0 (x0.4), academics 76.8 (x0.25), projects 66.67 (x0.2), readiness 73.4 (x0.15).",AWS (proficiency 4/5); Node.js (proficiency 3/5),"Missing: Algorithms, Flask, Kubernetes",Pending
1258,7,188,63.19,55.0,69.5,66.67,69.88,"Flask,Kubernetes,Node.js","AWS,Algorithms","Weighted score 63.19: skills 55.0 (x0.4), academics 69.5 (x0.25), projects 66.67 (x0.2), readiness 69.88 (x0.15).",Flask (proficiency 1/5); Kubernetes (proficiency 2/5); Node.js (proficiency 2/5),"Missing: AWS, Algorithms",Approved
1259,7,191,46.5,10.0,84.3,50.0,76.15,Flask,"AWS,Algorithms,Kubernetes,Node.js","Weighted score 46.5: skills 10.0 (x0.4), academics 84.3 (x0.25), projects 50.0 (x0.2), readiness 76.15 (x0.15).",Flask (proficiency 5/5),"Missing: AWS, Algorithms, Kubernetes, Node.js",Pending
1260,7,195,38.34,0.0,72.9,50.0,67.45,,"AWS,Algorithms,Flask,Kubernetes,Node.js","Weighted score 38.34: skills 0.0 (x0.4), academics 72.9 (x0.25), projects 50.0 (x0.2), readiness 67.45 (x0.15).",No overlapping skills on record,"Missing: AWS, Algorithms, Flask, Kubernetes, Node.js",Pending
1261,7,196,45.96,45.0,72.1,0.0,66.25,"AWS,Kubernetes","Algorithms,Flask,Node.js","Weighted score 45.96: skills 45.0 (x0.4), academics 72.1 (x0.25), projects 0.0 (x0.2), readiness 66.25 (x0.15).",AWS (proficiency 4/5); Kubernetes (proficiency 4/5),"Missing: Algorithms, Flask, Node.js",Pending
1262,7,201,59.33,30.0,74.4,100.0,58.2,"AWS,Flask,Node.js","Algorithms,Kubernetes","Weighted score 59.33: skills 30.0 (x0.4), academics 74.4 (x0.25), projects 100.0 (x0.2), readiness 58.2 (x0.15).",AWS (proficiency 3/5); Flask (proficiency 2/5); Node.js (proficiency 3/5),"Missing: Algorithms, Kubernetes",Pending
1263,7,204,28.03,0.0,66.4,0.0,76.2,,"AWS,Algorithms,Flask,Kubernetes,Node.js","Weighted score 28.03: skills 0.0 (x0.4), academics 66.4 (x0.25), projects 0.0 (x0.2), readiness 76.2 (x0.15).",No overlapping skills on record,"Missing: AWS, Algorithms, Flask, Kubernetes, Node.js",Pending
1264,7,205,45.65,35.0,85.5,0.0,68.5,Algorithms,"AWS,Flask,Kubernetes,Node.js","Weighted score 45.65: skills 35.0 (x0.4), academics 85.5 (x0.25), projects 0.0 (x0.2), readiness 68.5 (x0.15).",Algorithms (proficiency 1/5),"Missing: AWS, Flask, Kubernetes, Node.js",Pending
1265,7,209,52.23,20.0,92.4,50.0,74.2,"Flask,Node.js","AWS,Algorithms,Kubernetes","Weighted score 52.23: skills 20.0 (x0.4), academics 92.4 (x0.25), projects 50.0 (x0.2), readiness 74.2 (x0.15).",Flask (proficiency 5/5); Node.js (proficiency 3/5),"Missing: AWS, Algorithms, Kubernetes",Pending
1266,7,214,69.29,45.0,83.2,100.0,69.93,"AWS,Algorithms","Flask,Kubernetes,Node.js","Weighted score 69.29: skills 45.0 (x0.4), academics 83.2 (x0.25), projects 100.0 (x0.2), readiness 69.93 (x0.15).",AWS (proficiency 2/5); Algorithms (proficiency 3/5),"Missing: Flask, Kubernetes, Node.js",Approved
1267,7,215,61.25,45.0,88.0,50.0,75.0,"Algorithms,Flask","AWS,Kubernetes,Node.js","Weighted score 61.25: skills 45.0 (x0.4), academics 88.0 (x0.25), projects 50.0 (x0.2), readiness 75.0 (x0.15).",Algorithms (proficiency 2/5); Flask (proficiency 3/5),"Missing: AWS, Kubernetes, Node.js",Approved
1268,7,221,56.31,70.0,72.8,0.0,67.4,"Algorithms,Kubernetes","AWS,Flask,Node.js","Weighted score 56.31: skills 70.0 (x0.4), academics 72.8 (x0.25), projects 0.0 (x0.2), readiness 67.4 (x0.15).",Algorithms (proficiency 2/5); Kubernetes (proficiency 3/5),"Missing: AWS, Flask, Node.js",Pending
1269,7,222,50.3,45.0,88.7,0.0,67.47,"AWS,Kubernetes","Algorithms,Flask,Node.js","Weighted score 50.3: skills 45.0 (x0.4), academics 88.7 (x0.25), projects 0.0 (x0.2), readiness 67.47 (x0.15).",AWS (proficiency 2/5); Kubernetes (proficiency 2/5),"Missing: Algorithms, Flask, Node.js",Pending
1270,7,227,44.2,45.0,65.6,0.0,65.3,"AWS,Kubernetes","Algorithms,Flask,Node.js","Weighted score 44.2: skills 45.0 (x0.4), academics 65.6 (x0.25), projects 0.0 (x0.2), readiness 65.3 (x0.15).",AWS (proficiency 1/5); Kubernetes (proficiency 5/5),"Missing: Algorithms, Flask, Node.js",Pending
1271,7,228,36.75,0.0,97.7,0.0,82.18,,"AWS,Algorithms,Flask,Kubernetes,Node.js","Weighted score 36.75: skills 0.0 (x0.4), academics 97.7 (x0.25), projects 0.0 (x0.2), readiness 82.18 (x0.15).",No overlapping skills on record,"Missing: AWS, Algorithms, Flask, Kubernetes, Node.js",Pending
1272,7,234,35.3,10.0,83.9,0.0,68.82,Flask,"AWS,Algorithms,Kubernetes,Node.js","Weighted score 35.3: skills 10.0 (x0.4), academics 83.9 (x0.25), projects 0.0 (x0.2), readiness 68.82 (x0.15).",Flask (proficiency 3/5),"Missing: AWS, Algorithms, Kubernetes, Node.js",Pending
1273,7,239,34.45,0.0,94.0,0.0,73.0,,"AWS,Algorithms,Flask,Kubernetes,Node.js","Weighted score 34.45: skills 0.0 (x0.4), academics 94.0 (x0.25), projects 0.0 (x0.2), readiness 73.0 (x0.15).",No overlapping skills on record,"Missing: AWS, Algorithms, Flask, Kubernetes, Node.js",Pending
1274,7,243,61.23,45.0,95.9,33.33,83.95,"Algorithms,Flask","AWS,Kubernetes,Node.js","Weighted score 61.23: skills 45.0 (x0.4), academics 95.9 (x0.25), projects 33.33 (x0.2), readiness 83.95 (x0.15).",Algorithms (proficiency 2/5); Flask (proficiency 3/5),"Missing: AWS, Kubernetes, Node.js",Pending
1275,7,247,56.35,10.0,87.0,100.0,70.67,Node.js,"AWS,Algorithms,Flask,Kubernetes","Weighted score 56.35: skills 10.0 (x0.4), academics 87.0 (x0.25), projects 100.0 (x0.2), readiness 70.67 (x0.15).",Node.js (proficiency 3/5),"Missing: AWS, Algorithms, Flask, Kubernetes",Pending
1276,7,248,28.5,0.0,77.7,0.0,60.48,,"AWS,Algorithms,Flask,Kubernetes,Node.js","Weighted score 28.5: skills 0.0 (x0.4), academics 77.7 (x0.25), projects 0.0 (x0.2), readiness 60.48 (x0.15).",No overlapping skills on record,"Missing: AWS, Algorithms, Flask, Kubernetes, Node.js",Pending
1277,7,250,42.04,0.0,95.0,33.33,77.5,,"AWS,Algorithms,Flask,Kubernetes,Node.js","Weighted score 42.04: skills 0.0 (x0.4), academics 95.0 (x0.25), projects 33.33 (x0.2), readiness 77.5 (x0.15).",No overlapping skills on record,"Missing: AWS, Algorithms, Flask, Kubernetes, Node.js",Pending
1278,7,254,49.44,45.0,80.0,0.0,76.25,"Kubernetes,Node.js","AWS,Algorithms,Flask","Weighted score 49.44: skills 45.0 (x0.4), academics 80.0 (x0.25), projects 0.0 (x0.2), readiness 76.25 (x0.15).",Kubernetes (proficiency 5/5); Node.js (proficiency 4/5),"Missing: AWS, Algorithms, Flask",Pending
1279,7,257,54.49,35.0,81.0,33.33,90.5,Algorithms,"AWS,Flask,Kubernetes,Node.js","Weighted score 54.49: skills 35.0 (x0.4), academics 81.0 (x0.25), projects 33.33 (x0.2), readiness 90.5 (x0.15).",Algorithms (proficiency 5/5),"Missing: AWS, Flask, Kubernetes, Node.js",Pending
1280,7,260,33.19,0.0,83.9,0.0,81.45,,"AWS,Algorithms,Flask,Kubernetes,Node.js","Weighted score 33.19: skills 0.0 (x0.4), academics 83.9 (x0.25), projects 0.0 (x0.2), readiness 81.45 (x0.15).",No overlapping skills on record,"Missing: AWS, Algorithms, Flask, Kubernetes, Node.js",Pending
1281,7,267,67.12,45.0,74.9,100.0,69.32,"AWS,Kubernetes","Algorithms,Flask,Node.js","Weighted score 67.12: skills 45.0 (x0.4), academics 74.9 (x0.25), projects 100.0 (x0.2), readiness 69.32 (x0.15).",AWS (proficiency 2/5); Kubernetes (proficiency 1/5),"Missing: Algorithms, Flask, Node.js",Approved
1282,7,269,46.14,35.0,85.5,0.0,71.75,Algorithms,"AWS,Flask,Kubernetes,Node.js","Weighted score 46.14: skills 35.0 (x0.4), academics 85.5 (x0.25), projects 0.0 (x0.2), readiness 71.75 (x0.15).",Algorithms (proficiency 2/5),"Missing: AWS, Flask, Kubernetes, Node.js",Pending
1283,7,274,51.96,45.0,93.8,0.0,70.1,"Algorithms,Node.js","AWS,Flask,Kubernetes","Weighted score 51.96: skills 45.0 (x0.4), academics 93.8 (x0.25), projects 0.0 (x0.2), readiness 70.1 (x0.15).",Algorithms (proficiency 1/5); Node.js (proficiency 3/5),"Missing: AWS, Flask, Kubernetes",Pending
1284,7,275,34.65,0.0,93.8,0.0,74.65,,"AWS,Algorithms,Flask,Kubernetes,Node.js","Weighted score 34.65: skills 0.0 (x0.4), academics 93.8 (x0.25), projects 0.0 (x0.2), readiness 74.65 (x0.15).",No overlapping skills on record,"Missing: AWS, Algorithms, Flask, Kubernetes, Node.js",Pending
1285,7,276,66.31,45.0,73.8,100.0,65.7,"Algorithms,Flask","AWS,Kubernetes,Node.js","Weighted score 66.31: skills 45.0 (x0.4), academics 73.8 (x0.25), projects 100.0 (x0.2), readiness 65.7 (x0.15).",Algorithms (proficiency 4/5); Flask (proficiency 2/5),"Missing: AWS, Kubernetes, Node.js",Approved
1286,7,278,68.42,35.0,93.0,100.0,74.5,Kubernetes,"AWS,Algorithms,Flask,Node.js","Weighted score 68.42: skills 35.0 (x0.4), academics 93.0 (x0.25), projects 100.0 (x0.2), readiness 74.5 (x0.15).",Kubernetes (proficiency 5/5),"Missing: AWS, Algorithms, Flask, Node.js",Approved
1287,7,279,58.9,80.0,72.8,0.0,58.02,"Algorithms,Kubernetes,Node.js","AWS,Flask","Weighted score 58.9: skills 80.0 (x0.4), academics 72.8 (x0.25), projects 0.0 (x0.2), readiness 58.02 (x0.15).",Algorithms (proficiency 3/5); Kubernetes (proficiency 2/5); Node.js (proficiency 4/5),"Missing: AWS, Flask",Pending
1288,7,281,43.04,20.0,95.8,0.0,73.9,"AWS,Flask","Algorithms,Kubernetes,Node.js","Weighted score 43.04: skills 20.0 (x0.4), academics 95.8 (x0.25), projects 0.0 (x0.2), readiness 73.9 (x0.15).",AWS (proficiency 5/5); Flask (proficiency 1/5),"Missing: Algorithms, Kubernetes, Node.js",Pending
1289,7,285,52.9,35.0,80.4,33.33,80.87,Algorithms,"AWS,Flask,Kubernetes,Node.js","Weighted score 52.9: skills 35.0 (x0.4), academics 80.4 (x0.25), projects 33.33 (x0.2), readiness 80.87 (x0.15).",Algorithms (proficiency 1/5),"Missing: AWS, Flask, Kubernetes, Node.js",Pending
1290,7,286,35.69,10.0,83.2,0.0,72.6,Flask,"AWS,Algorithms,Kubernetes,Node.js","Weighted score 35.69: skills 10.0 (x0.4), academics 83.2 (x0.25), projects 0.0 (x0.2), readiness 72.6 (x0.15).",Flask (proficiency 4/5),"Missing: AWS, Algorithms, Kubernetes, Node.js",Pending
1291,7,287,44.4,45.0,68.6,0.0,61.7,"Kubernetes,Node.js","AWS,Algorithms,Flask","Weighted score 44.4: skills 45.0 (x0.4), academics 68.6 (x0.25), projects 0.0 (x0.2), readiness 61.7 (x0.15).",Kubernetes (proficiency 2/5); Node.js (proficiency 5/5),"Missing: AWS, Algorithms, Flask",Pending
1292,7,288,31.95,10.0,69.0,0.0,71.33,Node.js,"AWS,Algorithms,Flask,Kubernetes","Weighted score 31.95: skills 10.0 (x0.4), academics 69.0 (x0.25), projects 0.0 (x0.2), readiness 71.33 (x0.15).",Node.js (proficiency 3/5),"Missing: AWS, Algorithms, Flask, Kubernetes",Pending
1293,7,290,27.4,0.0,72.3,0.0,62.15,,"AWS,Algorithms,Flask,Kubernetes,Node.js","Weighted score 27.4: skills 0.0 (x0.4), academics 72.3 (x0.25), projects 0.0 (x0.2), readiness 62.15 (x0.15).",No overlapping skills on record,"Missing: AWS, Algorithms, Flask, Kubernetes, Node.js",Pending
1294,7,291,45.11,10.0,91.4,33.33,77.32,Node.js,"AWS,Algorithms,Flask,Kubernetes","Weighted score 45.11: skills 10.0 (x0.4), academics 91.4 (x0.25), projects 33.33 (x0.2), readiness 77.32 (x0.15).",Node.js (proficiency 2/5),"Missing: AWS, Algorithms, Flask, Kubernetes",Pending
1295,7,294,40.27,10.0,99.6,0.0,75.8,Flask,"AWS,Algorithms,Kubernetes,Node.js","Weighted score 40.27: skills 10.0 (x0.4), academics 99.6 (x0.25), projects 0.0 (x0.2), readiness 75.8 (x0.15).",Flask (proficiency 1/5),"Missing: AWS, Algorithms, Kubernetes, Node.js",Pending
1296,7,295,39.72,10.0,96.3,0.0,77.65,AWS,"Algorithms,Flask,Kubernetes,Node.js","Weighted score 39.72: skills 10.0 (x0.4), academics 96.3 (x0.25), projects 0.0 (x0.2), readiness 77.65 (x0.15).",AWS (proficiency 5/5),"Missing: Algorithms, Flask, Kubernetes, Node.js",Pending
1297,7,297,40.44,20.0,85.5,0.0,73.75,"AWS,Node.js","Algorithms,Flask,Kubernetes","Weighted score 40.44: skills 20.0 (x0.4), academics 85.5 (x0.25), projects 0.0 (x0.2), readiness 73.75 (x0.15).",AWS (proficiency 1/5); Node.js (proficiency 3/5),"Missing: Algorithms, Flask, Kubernetes",Pending
1298,7,298,32.92,0.0,82.1,0.0,82.65,,"AWS,Algorithms,Flask,Kubernetes,Node.js","Weighted score 32.92: skills 0.0 (x0.4), academics 82.1 (x0.25), projects 0.0 (x0.2), readiness 82.65 (x0.15).",No overlapping skills on record,"Missing: AWS, Algorithms, Flask, Kubernetes, Node.js",Pending
1299,7,299,47.13,0.0,96.3,50.0,87.02,,"AWS,Algorithms,Flask,Kubernetes,Node.js","Weighted score 47.13: skills 0.0 (x0.4), academics 96.3 (x0.25), projects 50.0 (x0.2), readiness 87.02 (x0.15).",No overlapping skills on record,"Missing: AWS, Algorithms, Flask, Kubernetes, Node.js",Pending
1300,7,303,43.03,35.0,74.1,0.0,70.05,Algorithms,"AWS,Flask,Kubernetes,Node.js","Weighted score 43.03: skills 35.0 (x0.4), academics 74.1 (x0.25), projects 0.0 (x0.2), readiness 70.05 (x0.15).",Algorithms (proficiency 4/5),"Missing: AWS, Flask, Kubernetes, Node.js",Pending
1301,7,307,33.79,0.0,89.5,0.0,76.08,,"AWS,Algorithms,Flask,Kubernetes,Node.js","Weighted score 33.79: skills 0.0 (x0.4), academics 89.5 (x0.25), projects 0.0 (x0.2), readiness 76.08 (x0.15).",No overlapping skills on record,"Missing: AWS, Algorithms, Flask, Kubernetes, Node.js",Pending
1302,7,312,51.77,35.0,80.7,33.33,72.85,Algorithms,"AWS,Flask,Kubernetes,Node.js","Weighted score 51.77: skills 35.0 (x0.4), academics 80.7 (x0.25), projects 33.33 (x0.2), readiness 72.85 (x0.15).",Algorithms (proficiency 4/5),"Missing: AWS, Flask, Kubernetes, Node.js",Pending
1303,7,314,38.61,35.0,66.3,0.0,53.55,Algorithms,"AWS,Flask,Kubernetes,Node.js","Weighted score 38.61: skills 35.0 (x0.4), academics 66.3 (x0.25), projects 0.0 (x0.2), readiness 53.55 (x0.15).",Algorithms (proficiency 2/5),"Missing: AWS, Flask, Kubernetes, Node.js",Pending
1304,7,318,46.95,45.0,73.7,0.0,70.18,"Kubernetes,Node.js","AWS,Algorithms,Flask","Weighted score 46.95: skills 45.0 (x0.4), academics 73.7 (x0.25), projects 0.0 (x0.2), readiness 70.18 (x0.15).",Kubernetes (proficiency 3/5); Node.js (proficiency 3/5),"Missing: AWS, Algorithms, Flask",Pending
1305,7,324,47.25,35.0,89.9,0.0,71.82,Algorithms,"AWS,Flask,Kubernetes,Node.js","Weighted score 47.25: skills 35.0 (x0.4), academics 89.9 (x0.25), projects 0.0 (x0.2), readiness 71.82 (x0.15).",Algorithms (proficiency 1/5),"Missing: AWS, Flask, Kubernetes, Node.js",Pending
1306,7,325,45.54,35.0,83.8,0.0,70.57,Algorithms,"AWS,Flask,Kubernetes,Node.js","Weighted score 45.54: skills 35.0 (x0.4), academics 83.8 (x0.25), projects 0.0 (x0.2), readiness 70.57 (x0.15).",Algorithms (proficiency 2/5),"Missing: AWS, Flask, Kubernetes, Node.js",Pending
1307,7,326,29.99,0.0,77.5,0.0,70.75,,"AWS,Algorithms,Flask,Kubernetes,Node.js","Weighted score 29.99: skills 0.0 (x0.4), academics 77.5 (x0.25), projects 0.0 (x0.2), readiness 70.75 (x0.15).",No overlapping skills on record,"Missing: AWS, Algorithms, Flask, Kubernetes, Node.js",Pending
1308,7,327,32.72,0.0,87.3,0.0,72.65,,"AWS,Algorithms,Flask,Kubernetes,Node.js","Weighted score 32.72: skills 0.0 (x0.4), academics 87.3 (x0.25), projects 0.0 (x0.2), readiness 72.65 (x0.15).",No overlapping skills on record,"Missing: AWS, Algorithms, Flask, Kubernetes, Node.js",Pending
1309,7,328,49.72,45.0,80.7,0.0,76.95,"Flask,Kubernetes","AWS,Algorithms,Node.js","Weighted score 49.72: skills 45.0 (x0.4), academics 80.7 (x0.25), projects 0.0 (x0.2), readiness 76.95 (x0.15).",Flask (proficiency 3/5); Kubernetes (proficiency 4/5),"Missing: AWS, Algorithms, Node.js",Pending
1310,7,330,28.76,0.0,77.8,0.0,62.1,,"AWS,Algorithms,Flask,Kubernetes,Node.js","Weighted score 28.76: skills 0.0 (x0.4), academics 77.8 (x0.25), projects 0.0 (x0.2), readiness 62.1 (x0.15).",No overlapping skills on record,"Missing: AWS, Algorithms, Flask, Kubernetes, Node.js",Pending
1311,7,331,53.01,35.0,99.1,0.0,94.88,Kubernetes,"AWS,Algorithms,Flask,Node.js","Weighted score 53.01: skills 35.0 (x0.4), academics 99.1 (x0.25), projects 0.0 (x0.2), readiness 94.88 (x0.15).",Kubernetes (proficiency 4/5),"Missing: AWS, Algorithms, Flask, Node.js",Pending
1312,7,333,52.21,45.0,88.1,0.0,81.22,"Flask,Kubernetes","AWS,Algorithms,Node.js","Weighted score 52.21: skills 45.0 (x0.4), academics 88.1 (x0.25), projects 0.0 (x0.2), readiness 81.22 (x0.15).",Flask (proficiency 3/5); Kubernetes (proficiency 5/5),"Missing: AWS, Algorithms, Node.js",Pending
1313,7,334,38.06,10.0,91.6,0.0,74.42,AWS,"Algorithms,Flask,Kubernetes,Node.js","Weighted score 38.06: skills 10.0 (x0.4), academics 91.6 (x0.25), projects 0.0 (x0.2), readiness 74.42 (x0.15).",AWS (proficiency 4/5),"Missing: Algorithms, Flask, Kubernetes, Node.js",Pending
1314,7,337,36.11,0.0,94.9,0.0,82.58,,"AWS,Algorithms,Flask,Kubernetes,Node.js","Weighted score 36.11: skills 0.0 (x0.4), academics 94.9 (x0.25), projects 0.0 (x0.2), readiness 82.58 (x0.15).",No overlapping skills on record,"Missing: AWS, Algorithms, Flask, Kubernetes, Node.js",Pending
1315,7,338,33.7,0.0,91.7,0.0,71.85,,"AWS,Algorithms,Flask,Kubernetes,Node.js","Weighted score 33.7: skills 0.0 (x0.4), academics 91.7 (x0.25), projects 0.0 (x0.2), readiness 71.85 (x0.15).",No overlapping skills on record,"Missing: AWS, Algorithms, Flask, Kubernetes, Node.js",Pending
1316,7,340,41.52,20.0,91.0,0.0,71.83,"Flask,Node.js","AWS,Algorithms,Kubernetes","Weighted score 41.52: skills 20.0 (x0.4), academics 91.0 (x0.25), projects 0.0 (x0.2), readiness 71.83 (x0.15).",Flask (proficiency 5/5); Node.js (proficiency 1/5),"Missing: AWS, Algorithms, Kubernetes",Pending
1317,7,345,35.01,10.0,87.3,0.0,61.25,Flask,"AWS,Algorithms,Kubernetes,Node.js","Weighted score 35.01: skills 10.0 (x0.4), academics 87.3 (x0.25), projects 0.0 (x0.2), readiness 61.25 (x0.15).",Flask (proficiency 1/5),"Missing: AWS, Algorithms, Kubernetes, Node.js",Pending
1318,7,350,38.43,35.0,65.6,0.0,53.55,Kubernetes,"AWS,Algorithms,Flask,Node.js","Weighted score 38.43: skills 35.0 (x0.4), academics 65.6 (x0.25), projects 0.0 (x0.2), readiness 53.55 (x0.15).",Kubernetes (proficiency 4/5),"Missing: AWS, Algorithms, Flask, Node.js",Pending
1319,7,352,33.67,0.0,89.3,0.0,75.65,,"AWS,Algorithms,Flask,Kubernetes,Node.js","Weighted score 33.67: skills 0.0 (x0.4), academics 89.3 (x0.25), projects 0.0 (x0.2), readiness 75.65 (x0.15).",No overlapping skills on record,"Missing: AWS, Algorithms, Flask, Kubernetes, Node.js",Pending
1320,7,353,56.16,35.0,84.2,50.0,74.1,Kubernetes,"AWS,Algorithms,Flask,Node.js","Weighted score 56.16: skills 35.0 (x0.4), academics 84.2 (x0.25), projects 50.0 (x0.2), readiness 74.1 (x0.15).",Kubernetes (proficiency 4/5),"Missing: AWS, Algorithms, Flask, Node.js",Pending
1321,7,354,43.42,35.0,77.5,0.0,66.95,Algorithms,"AWS,Flask,Kubernetes,Node.js","Weighted score 43.42: skills 35.0 (x0.4), academics 77.5 (x0.25), projects 0.0 (x0.2), readiness 66.95 (x0.15).",Algorithms (proficiency 1/5),"Missing: AWS, Flask, Kubernetes, Node.js",Pending
1322,7,355,30.9,10.0,66.7,0.0,68.18,Node.js,"AWS,Algorithms,Flask,Kubernetes","Weighted score 30.9: skills 10.0 (x0.4), academics 66.7 (x0.25), projects 0.0 (x0.2), readiness 68.18 (x0.15).",Node.js (proficiency 4/5),"Missing: AWS, Algorithms, Flask, Kubernetes",Pending
1323,7,357,37.8,0.0,95.4,0.0,93.03,,"AWS,Algorithms,Flask,Kubernetes,Node.js","Weighted score 37.8: skills 0.0 (x0.4), academics 95.4 (x0.25), projects 0.0 (x0.2), readiness 93.03 (x0.15).",No overlapping skills on record,"Missing: AWS, Algorithms, Flask, Kubernetes, Node.js",Pending
1324,7,358,49.16,35.0,99.4,0.0,68.7,Algorithms,"AWS,Flask,Kubernetes,Node.js","Weighted score 49.16: skills 35.0 (x0.4), academics 99.4 (x0.25), projects 0.0 (x0.2), readiness 68.7 (x0.15).",Algorithms (proficiency 4/5),"Missing: AWS, Flask, Kubernetes, Node.js",Pending
1325,7,360,40.18,0.0,86.5,33.33,79.25,,"AWS,Algorithms,Flask,Kubernetes,Node.js","Weighted score 40.18: skills 0.0 (x0.4), academics 86.5 (x0.25), projects 33.33 (x0.2), readiness 79.25 (x0.15).",No overlapping skills on record,"Missing: AWS, Algorithms, Flask, Kubernetes, Node.js",Pending
1326,7,362,37.68,0.0,79.9,33.33,73.62,,"AWS,Algorithms,Flask,Kubernetes,Node.js","Weighted score 37.68: skills 0.0 (x0.4), academics 79.9 (x0.25), projects 33.33 (x0.2), readiness 73.62 (x0.15).",No overlapping skills on record,"Missing: AWS, Algorithms, Flask, Kubernetes, Node.js",Pending
1327,7,364,45.79,45.0,73.5,0.0,62.75,"Algorithms,Node.js","AWS,Flask,Kubernetes","Weighted score 45.79: skills 45.0 (x0.4), academics 73.5 (x0.25), projects 0.0 (x0.2), readiness 62.75 (x0.15).",Algorithms (proficiency 1/5); Node.js (proficiency 2/5),"Missing: AWS, Flask, Kubernetes",Pending
1328,7,365,35.47,20.0,69.3,0.0,67.65,"Flask,Node.js","AWS,Algorithms,Kubernetes","Weighted score 35.47: skills 20.0 (x0.4), academics 69.3 (x0.25), projects 0.0 (x0.2), readiness 67.65 (x0.15).",Flask (proficiency 2/5); Node.js (proficiency 5/5),"Missing: AWS, Algorithms, Kubernetes",Pending
1329,7,367,33.9,0.0,89.6,0.0,76.68,,"AWS,Algorithms,Flask,Kubernetes,Node.js","Weighted score 33.9: skills 0.0 (x0.4), academics 89.6 (x0.25), projects 0.0 (x0.2), readiness 76.68 (x0.15).",No overlapping skills on record,"Missing: AWS, Algorithms, Flask, Kubernetes, Node.js",Pending
1330,7,370,44.68,45.0,66.3,0.0,67.4,"AWS,Kubernetes","Algorithms,Flask,Node.js","Weighted score 44.68: skills 45.0 (x0.4), academics 66.3 (x0.25), projects 0.0 (x0.2), readiness 67.4 (x0.15).",AWS (proficiency 1/5); Kubernetes (proficiency 5/5),"Missing: Algorithms, Flask, Node.js",Pending
1331,7,371,26.94,0.0,68.6,0.0,65.3,,"AWS,Algorithms,Flask,Kubernetes,Node.js","Weighted score 26.94: skills 0.0 (x0.4), academics 68.6 (x0.25), projects 0.0 (x0.2), readiness 65.3 (x0.15).",No overlapping skills on record,"Missing: AWS, Algorithms, Flask, Kubernetes, Node.js",Pending
1332,7,372,66.96,80.0,97.4,0.0,70.7,"Algorithms,Flask,Kubernetes","AWS,Node.js","Weighted score 66.96: skills 80.0 (x0.4), academics 97.4 (x0.25), projects 0.0 (x0.2), readiness 70.7 (x0.15).",Algorithms (proficiency 2/5); Flask (proficiency 2/5); Kubernetes (proficiency 1/5),"Missing: AWS, Node.js",Approved
1333,7,376,54.8,45.0,95.0,0.0,87.0,"Algorithms,Flask","AWS,Kubernetes,Node.js","Weighted score 54.8: skills 45.0 (x0.4), academics 95.0 (x0.25), projects 0.0 (x0.2), readiness 87.0 (x0.15).",Algorithms (proficiency 2/5); Flask (proficiency 5/5),"Missing: AWS, Kubernetes, Node.js",Pending
1334,7,379,38.29,0.0,82.3,33.33,73.65,,"AWS,Algorithms,Flask,Kubernetes,Node.js","Weighted score 38.29: skills 0.0 (x0.4), academics 82.3 (x0.25), projects 33.33 (x0.2), readiness 73.65 (x0.15).",No overlapping skills on record,"Missing: AWS, Algorithms, Flask, Kubernetes, Node.js",Pending
1335,7,385,30.29,10.0,68.9,0.0,60.45,Flask,"AWS,Algorithms,Kubernetes,Node.js","Weighted score 30.29: skills 10.0 (x0.4), academics 68.9 (x0.25), projects 0.0 (x0.2), readiness 60.45 (x0.15).",Flask (proficiency 5/5),"Missing: AWS, Algorithms, Kubernetes, Node.js",Pending
1336,7,386,39.28,35.0,65.8,0.0,58.9,Kubernetes,"AWS,Algorithms,Flask,Node.js","Weighted score 39.28: skills 35.0 (x0.4), academics 65.8 (x0.25), projects 0.0 (x0.2), readiness 58.9 (x0.15).",Kubernetes (proficiency 3/5),"Missing: AWS, Algorithms, Flask, Node.js",Pending
1337,7,389,50.3,45.0,89.4,0.0,66.32,"AWS,Kubernetes","Algorithms,Flask,Node.js","Weighted score 50.3: skills 45.0 (x0.4), academics 89.4 (x0.25), projects 0.0 (x0.2), readiness 66.32 (x0.15).",AWS (proficiency 2/5); Kubernetes (proficiency 3/5),"Missing: Algorithms, Flask, Node.js",Pending
1338,7,391,37.48,10.0,89.4,0.0,74.2,AWS,"Algorithms,Flask,Kubernetes,Node.js","Weighted score 37.48: skills 10.0 (x0.4), academics 89.4 (x0.25), projects 0.0 (x0.2), readiness 74.2 (x0.15).",AWS (proficiency 4/5),"Missing: Algorithms, Flask, Kubernetes, Node.js",Pending
1339,7,393,30.72,10.0,71.5,0.0,58.95,AWS,"Algorithms,Flask,Kubernetes,Node.js","Weighted score 30.72: skills 10.0 (x0.4), academics 71.5 (x0.25), projects 0.0 (x0.2), readiness 58.95 (x0.15).",AWS (proficiency 3/5),"Missing: Algorithms, Flask, Kubernetes, Node.js",Pending
1340,7,395,52.42,35.0,78.4,33.33,81.03,Algorithms,"AWS,Flask,Kubernetes,Node.js","Weighted score 52.42: skills 35.0 (x0.4), academics 78.4 (x0.25), projects 33.33 (x0.2), readiness 81.03 (x0.15).",Algorithms (proficiency 3/5),"Missing: AWS, Flask, Kubernetes, Node.js",Pending
1341,7,396,64.88,35.0,82.6,100.0,68.18,Algorithms,"AWS,Flask,Kubernetes,Node.js","Weighted score 64.88: skills 35.0 (x0.4), academics 82.6 (x0.25), projects 100.0 (x0.2), readiness 68.18 (x0.15).",Algorithms (proficiency 1/5),"Missing: AWS, Flask, Kubernetes, Node.js",Approved
1342,7,397,44.87,35.0,81.7,0.0,69.65,Algorithms,"AWS,Flask,Kubernetes,Node.js","Weighted score 44.87: skills 35.0 (x0.4), academics 81.7 (x0.25), projects 0.0 (x0.2), readiness 69.65 (x0.15).",Algorithms (proficiency 5/5),"Missing: AWS, Flask, Kubernetes, Node.js",Pending
1343,7,398,30.0,0.0,80.3,0.0,66.15,,"AWS,Algorithms,Flask,Kubernetes,Node.js","Weighted score 30.0: skills 0.0 (x0.4), academics 80.3 (x0.25), projects 0.0 (x0.2), readiness 66.15 (x0.15).",No overlapping skills on record,"Missing: AWS, Algorithms, Flask, Kubernetes, Node.js",Pending
1344,7,400,36.12,10.0,83.3,0.0,75.32,AWS,"Algorithms,Flask,Kubernetes,Node.js","Weighted score 36.12: skills 10.0 (x0.4), academics 83.3 (x0.25), projects 0.0 (x0.2), readiness 75.32 (x0.15).",AWS (proficiency 1/5),"Missing: Algorithms, Flask, Kubernetes, Node.js",Pending
1345,7,401,51.51,45.0,89.9,0.0,73.58,"Kubernetes,Node.js","AWS,Algorithms,Flask","Weighted score 51.51: skills 45.0 (x0.4), academics 89.9 (x0.25), projects 0.0 (x0.2), readiness 73.58 (x0.15).",Kubernetes (proficiency 5/5); Node.js (proficiency 2/5),"Missing: AWS, Algorithms, Flask",Pending
1346,7,403,37.61,10.0,85.6,0.0,81.42,Node.js,"AWS,Algorithms,Flask,Kubernetes","Weighted score 37.61: skills 10.0 (x0.4), academics 85.6 (x0.25), projects 0.0 (x0.2), readiness 81.42 (x0.15).",Node.js (proficiency 3/5),"Missing: AWS, Algorithms, Flask, Kubernetes",Pending
1347,7,404,27.86,0.0,74.8,0.0,61.07,,"AWS,Algorithms,Flask,Kubernetes,Node.js","Weighted score 27.86: skills 0.0 (x0.4), academics 74.8 (x0.25), projects 0.0 (x0.2), readiness 61.07 (x0.15).",No overlapping skills on record,"Missing: AWS, Algorithms, Flask, Kubernetes, Node.js",Pending
1348,7,405,60.07,55.0,77.6,33.33,80.05,"Flask,Kubernetes,Node.js","AWS,Algorithms","Weighted score 60.07: skills 55.0 (x0.4), academics 77.6 (x0.25), projects 33.33 (x0.2), readiness 80.05 (x0.15).",Flask (proficiency 5/5); Kubernetes (proficiency 1/5); Node.js (proficiency 5/5),"Missing: AWS, Algorithms",Pending
1349,7,406,56.64,10.0,86.8,100.0,72.9,AWS,"Algorithms,Flask,Kubernetes,Node.js","Weighted score 56.64: skills 10.0 (x0.4), academics 86.8 (x0.25), projects 100.0 (x0.2), readiness 72.9 (x0.15).",AWS (proficiency 5/5),"Missing: Algorithms, Flask, Kubernetes, Node.js",Pending
1350,7,408,44.83,45.0,70.4,0.0,61.53,"AWS,Kubernetes","Algorithms,Flask,Node.js","Weighted score 44.83: skills 45.0 (x0.4), academics 70.4 (x0.25), projects 0.0 (x0.2), readiness 61.53 (x0.15).",AWS (proficiency 1/5); Kubernetes (proficiency 3/5),"Missing: Algorithms, Flask, Node.js",Pending
1351,7,411,47.42,0.0,86.1,66.67,83.72,,"AWS,Algorithms,Flask,Kubernetes,Node.js","Weighted score 47.42: skills 0.0 (x0.4), academics 86.1 (x0.25), projects 66.67 (x0.2), readiness 83.72 (x0.15).",No overlapping skills on record,"Missing: AWS, Algorithms, Flask, Kubernetes, Node.js",Pending
1352,7,415,47.98,35.0,96.6,0.0,65.55,Kubernetes,"AWS,Algorithms,Flask,Node.js","Weighted score 47.98: skills 35.0 (x0.4), academics 96.6 (x0.25), projects 0.0 (x0.2), readiness 65.55 (x0.15).",Kubernetes (proficiency 4/5),"Missing: AWS, Algorithms, Flask, Node.js",Pending
1353,7,416,34.17,0.0,92.3,0.0,73.98,,"AWS,Algorithms,Flask,Kubernetes,Node.js","Weighted score 34.17: skills 0.0 (x0.4), academics 92.3 (x0.25), projects 0.0 (x0.2), readiness 73.98 (x0.15).",No overlapping skills on record,"Missing: AWS, Algorithms, Flask, Kubernetes, Node.js",Pending
1354,7,426,48.54,10.0,80.6,66.67,73.68,Node.js,"AWS,Algorithms,Flask,Kubernetes","Weighted score 48.54: skills 10.0 (x0.4), academics 80.6 (x0.25), projects 66.67 (x0.2), readiness 73.68 (x0.15).",Node.js (proficiency 1/5),"Missing: AWS, Algorithms, Flask, Kubernetes",Pending
1355,7,429,28.82,10.0,66.6,0.0,54.5,Flask,"AWS,Algorithms,Kubernetes,Node.js","Weighted score 28.82: skills 10.0 (x0.4), academics 66.6 (x0.25), projects 0.0 (x0.2), readiness 54.5 (x0.15).",Flask (proficiency 1/5),"Missing: AWS, Algorithms, Kubernetes, Node.js",Pending
1356,7,436,45.01,45.0,68.8,0.0,65.4,"AWS,Algorithms","Flask,Kubernetes,Node.js","Weighted score 45.01: skills 45.0 (x0.4), academics 68.8 (x0.25), projects 0.0 (x0.2), readiness 65.4 (x0.15).",AWS (proficiency 3/5); Algorithms (proficiency 5/5),"Missing: Flask, Kubernetes, Node.js",Pending
1357,7,437,61.63,55.0,86.1,33.33,76.25,"AWS,Flask,Kubernetes","Algorithms,Node.js","Weighted score 61.63: skills 55.0 (x0.4), academics 86.1 (x0.25), projects 33.33 (x0.2), readiness 76.25 (x0.15).",AWS (proficiency 2/5); Flask (proficiency 1/5); Kubernetes (proficiency 2/5),"Missing: Algorithms, Node.js",Approved
1358,7,439,52.95,35.0,82.3,33.33,78.03,Algorithms,"AWS,Flask,Kubernetes,Node.js","Weighted score 52.95: skills 35.0 (x0.4), academics 82.3 (x0.25), projects 33.33 (x0.2), readiness 78.03 (x0.15).",Algorithms (proficiency 1/5),"Missing: AWS, Flask, Kubernetes, Node.js",Pending
1359,7,441,49.82,10.0,94.3,50.0,81.65,Flask,"AWS,Algorithms,Kubernetes,Node.js","Weighted score 49.82: skills 10.0 (x0.4), academics 94.3 (x0.25), projects 50.0 (x0.2), readiness 81.65 (x0.15).",Flask (proficiency 3/5),"Missing: AWS, Algorithms, Kubernetes, Node.js",Pending
1360,7,444,43.48,35.0,74.9,0.0,71.7,Kubernetes,"AWS,Algorithms,Flask,Node.js","Weighted score 43.48: skills 35.0 (x0.4), academics 74.9 (x0.25), projects 0.0 (x0.2), readiness 71.7 (x0.15).",Kubernetes (proficiency 2/5),"Missing: AWS, Algorithms, Flask, Node.js",Pending
1361,7,445,63.11,70.0,95.5,0.0,74.92,"Algorithms,Kubernetes","AWS,Flask,Node.js","Weighted score 63.11: skills 70.0 (x0.4), academics 95.5 (x0.25), projects 0.0 (x0.2), readiness 74.92 (x0.15).",Algorithms (proficiency 3/5); Kubernetes (proficiency 2/5),"Missing: AWS, Flask, Node.js",Approved
1362,7,446,38.86,0.0,73.7,50.0,69.6,,"AWS,Algorithms,Flask,Kubernetes,Node.js","Weighted score 38.86: skills 0.0 (x0.4), academics 73.7 (x0.25), projects 50.0 (x0.2), readiness 69.6 (x0.15).",No overlapping skills on record,"Missing: AWS, Algorithms, Flask, Kubernetes, Node.js",Pending
1363,7,447,43.69,45.0,68.9,0.0,56.45,"Kubernetes,Node.js","AWS,Algorithms,Flask","Weighted score 43.69: skills 45.0 (x0.4), academics 68.9 (x0.25), projects 0.0 (x0.2), readiness 56.45 (x0.15).",Kubernetes (proficiency 2/5); Node.js (proficiency 2/5),"Missing: AWS, Algorithms, Flask",Pending
1364,7,452,73.58,70.0,95.8,50.0,77.5,"Algorithms,Kubernetes","AWS,Flask,Node.js","Weighted score 73.58: skills 70.0 (x0.4), academics 95.8 (x0.25), projects 50.0 (x0.2), readiness 77.5 (x0.15).",Algorithms (proficiency 3/5); Kubernetes (proficiency 3/5),"Missing: AWS, Flask, Node.js",Approved
1365,7,455,63.29,70.0,99.0,0.0,70.25,"Algorithms,Kubernetes","AWS,Flask,Node.js","Weighted score 63.29: skills 70.0 (x0.4), academics 99.0 (x0.25), projects 0.0 (x0.2), readiness 70.25 (x0.15).",Algorithms (proficiency 1/5); Kubernetes (proficiency 4/5),"Missing: AWS, Flask, Node.js",Approved
1366,7,456,60.61,80.0,72.1,0.0,70.55,"Algorithms,Kubernetes,Node.js","AWS,Flask","Weighted score 60.61: skills 80.0 (x0.4), academics 72.1 (x0.25), projects 0.0 (x0.2), readiness 70.55 (x0.15).",Algorithms (proficiency 1/5); Kubernetes (proficiency 5/5); Node.js (proficiency 5/5),"Missing: AWS, Flask",Pending
1367,7,463,49.79,45.0,81.9,0.0,75.45,"Kubernetes,Node.js","AWS,Algorithms,Flask","Weighted score 49.79: skills 45.0 (x0.4), academics 81.9 (x0.25), projects 0.0 (x0.2), readiness 75.45 (x0.15).",Kubernetes (proficiency 5/5); Node.js (proficiency 2/5),"Missing: AWS, Algorithms, Flask",Pending
1368,7,466,28.9,0.0,74.2,0.0,68.97,,"AWS,Algorithms,Flask,Kubernetes,Node.js","Weighted score 28.9: skills 0.0 (x0.4), academics 74.2 (x0.25), projects 0.0 (x0.2), readiness 68.97 (x0.15).",No overlapping skills on record,"Missing: AWS, Algorithms, Flask, Kubernetes, Node.js",Pending
1369,7,467,47.02,35.0,90.4,0.0,69.45,Algorithms,"AWS,Flask,Kubernetes,Node.js","Weighted score 47.02: skills 35.0 (x0.4), academics 90.4 (x0.25), projects 0.0 (x0.2), readiness 69.45 (x0.15).",Algorithms (proficiency 3/5),"Missing: AWS, Flask, Kubernetes, Node.js",Pending
1370,7,472,51.99,10.0,87.6,66.67,85.05,Node.js,"AWS,Algorithms,Flask,Kubernetes","Weighted score 51.99: skills 10.0 (x0.4), academics 87.6 (x0.25), projects 66.67 (x0.2), readiness 85.05 (x0.15).",Node.js (proficiency 5/5),"Missing: AWS, Algorithms, Flask, Kubernetes",Pending
1371,7,474,58.98,35.0,80.1,66.67,77.45,Algorithms,"AWS,Flask,Kubernetes,Node.js","Weighted score 58.98: skills 35.0 (x0.4), academics 80.1 (x0.25), projects 66.67 (x0.2), readiness 77.45 (x0.15).",Algorithms (proficiency 4/5),"Missing: AWS, Flask, Kubernetes, Node.js",Pending
1372,7,477,36.15,0.0,72.8,33.33,75.2,,"AWS,Algorithms,Flask,Kubernetes,Node.js","Weighted score 36.15: skills 0.0 (x0.4), academics 72.8 (x0.25), projects 33.33 (x0.2), readiness 75.2 (x0.15).",No overlapping skills on record,"Missing: AWS, Algorithms, Flask, Kubernetes, Node.js",Pending
1373,7,478,45.11,10.0,79.0,50.0,75.75,AWS,"Algorithms,Flask,Kubernetes,Node.js","Weighted score 45.11: skills 10.0 (x0.4), academics 79.0 (x0.25), projects 50.0 (x0.2), readiness 75.75 (x0.15).",AWS (proficiency 5/5),"Missing: Algorithms, Flask, Kubernetes, Node.js",Pending
1374,7,479,44.33,35.0,77.4,0.0,73.2,Kubernetes,"AWS,Algorithms,Flask,Node.js","Weighted score 44.33: skills 35.0 (x0.4), academics 77.4 (x0.25), projects 0.0 (x0.2), readiness 73.2 (x0.15).",Kubernetes (proficiency 5/5),"Missing: AWS, Algorithms, Flask, Node.js",Pending
1375,7,484,39.85,10.0,97.5,0.0,76.5,Node.js,"AWS,Algorithms,Flask,Kubernetes","Weighted score 39.85: skills 10.0 (x0.4), academics 97.5 (x0.25), projects 0.0 (x0.2), readiness 76.5 (x0.15).",Node.js (proficiency 3/5),"Missing: AWS, Algorithms, Flask, Kubernetes",Pending
1376,7,485,35.06,10.0,77.1,0.0,78.55,Node.js,"AWS,Algorithms,Flask,Kubernetes","Weighted score 35.06: skills 10.0 (x0.4), academics 77.1 (x0.25), projects 0.0 (x0.2), readiness 78.55 (x0.15).",Node.js (proficiency 5/5),"Missing: AWS, Algorithms, Flask, Kubernetes",Pending
1377,7,486,29.05,0.0,79.6,0.0,61.0,,"AWS,Algorithms,Flask,Kubernetes,Node.js","Weighted score 29.05: skills 0.0 (x0.4), academics 79.6 (x0.25), projects 0.0 (x0.2), readiness 61.0 (x0.15).",No overlapping skills on record,"Missing: AWS, Algorithms, Flask, Kubernetes, Node.js",Pending
1378,7,494,48.04,45.0,78.6,0.0,69.3,"Algorithms,Flask","AWS,Kubernetes,Node.js","Weighted score 48.04: skills 45.0 (x0.4), academics 78.6 (x0.25), projects 0.0 (x0.2), readiness 69.3 (x0.15).",Algorithms (proficiency 3/5); Flask (proficiency 3/5),"Missing: AWS, Kubernetes, Node.js",Pending
1379,7,496,57.07,35.0,75.7,66.67,72.1,Kubernetes,"AWS,Algorithms,Flask,Node.js","Weighted score 57.07: skills 35.0 (x0.4), academics 75.7 (x0.25), projects 66.67 (x0.2), readiness 72.1 (x0.15).",Kubernetes (proficiency 2/5),"Missing: AWS, Algorithms, Flask, Node.js",Pending
1380,8,1,30.08,0.0,83.8,0.0,60.9,,"AWS,Algorithms,React,SQL,TypeScript","Weighted score 30.08: skills 0.0 (x0.4), academics 83.8 (x0.25), projects 0.0 (x0.2), readiness 60.9 (x0.15).",No overlapping skills on record,"Missing: AWS, Algorithms, React, SQL, TypeScript",Pending
1381,8,9,48.23,10.0,92.3,50.0,74.35,Algorithms,"AWS,React,SQL,TypeScript","Weighted score 48.23: skills 10.0 (x0.4), academics 92.3 (x0.25), projects 50.0 (x0.2), readiness 74.35 (x0.15).",Algorithms (proficiency 4/5),"Missing: AWS, React, SQL, TypeScript",Pending
1382,8,13,40.88,20.0,85.8,0.0,76.23,"Algorithms,React","AWS,SQL,TypeScript","Weighted score 40.88: skills 20.0 (x0.4), academics 85.8 (x0.25), projects 0.0 (x0.2), readiness 76.23 (x0.15).",Algorithms (proficiency 3/5); React (proficiency 3/5),"Missing: AWS, SQL, TypeScript",Pending
1383,8,19,40.26,10.0,88.5,0.0,94.25,SQL,"AWS,Algorithms,React,TypeScript","Weighted score 40.26: skills 10.0 (x0.4), academics 88.5 (x0.25), projects 0.0 (x0.2), readiness 94.25 (x0.15).",SQL (proficiency 5/5),"Missing: AWS, Algorithms, React, TypeScript",Pending
1384,8,27,53.86,45.0,94.2,0.0,82.1,"AWS,SQL","Algorithms,React,TypeScript","Weighted score 53.86: skills 45.0 (x0.4), academics 94.2 (x0.25), projects 0.0 (x0.2), readiness 82.1 (x0.15).",AWS (proficiency 1/5); SQL (proficiency 5/5),"Missing: Algorithms, React, TypeScript",Approved
1385,8,63,32.71,0.0,85.1,0.0,76.22,,"AWS,Algorithms,React,SQL,TypeScript","Weighted score 32.71: skills 0.0 (x0.4), academics 85.1 (x0.25), projects 0.0 (x0.2), readiness 76.22 (x0.15).",No overlapping skills on record,"Missing: AWS, Algorithms, React, SQL, TypeScript",Pending
1386,8,86,58.08,55.0,96.7,0.0,79.35,"AWS,React,SQL","Algorithms,TypeScript","Weighted score 58.08: skills 55.0 (x0.4), academics 96.7 (x0.25), projects 0.0 (x0.2), readiness 79.35 (x0.15).",AWS (proficiency 3/5); React (proficiency 5/5); SQL (proficiency 1/5),"Missing: Algorithms, TypeScript",Approved
1387,8,88,46.15,35.0,84.9,0.0,72.85,TypeScript,"AWS,Algorithms,React,SQL","Weighted score 46.15: skills 35.0 (x0.4), academics 84.9 (x0.25), projects 0.0 (x0.2), readiness 72.85 (x0.15).",TypeScript (proficiency 3/5),"Missing: AWS, Algorithms, React, SQL",Pending
1388,8,98,46.47,35.0,83.3,0.0,77.65,TypeScript,"AWS,Algorithms,React,SQL","Weighted score 46.47: skills 35.0 (x0.4), academics 83.3 (x0.25), projects 0.0 (x0.2), readiness 77.65 (x0.15).",TypeScript (proficiency 3/5),"Missing: AWS, Algorithms, React, SQL",Pending
1389,8,103,54.08,55.0,89.0,0.0,65.5,"React,SQL,TypeScript","AWS,Algorithms","Weighted score 54.08: skills 55.0 (x0.4), academics 89.0 (x0.25), projects 0.0 (x0.2), readiness 65.5 (x0.15).",React (proficiency 2/5); SQL (proficiency 1/5); TypeScript (proficiency 2/5),"Missing: AWS, Algorithms",Approved
1390,8,125,33.9,0.0,90.0,0.0,76.0,,"AWS,Algorithms,React,SQL,TypeScript","Weighted score 33.9: skills 0.0 (x0.4), academics 90.0 (x0.25), projects 0.0 (x0.2), readiness 76.0 (x0.15).",No overlapping skills on record,"Missing: AWS, Algorithms, React, SQL, TypeScript",Pending
1391,8,143,39.91,20.0,86.6,0.0,68.42,"Algorithms,SQL","AWS,React,TypeScript","Weighted score 39.91: skills 20.0 (x0.4), academics 86.6 (x0.25), projects 0.0 (x0.2), readiness 68.42 (x0.15).",Algorithms (proficiency 3/5); SQL (proficiency 5/5),"Missing: AWS, React, TypeScript",Pending
1392,8,157,57.54,35.0,89.3,50.0,74.77,TypeScript,"AWS,Algorithms,React,SQL","Weighted score 57.54: skills 35.0 (x0.4), academics 89.3 (x0.25), projects 50.0 (x0.2), readiness 74.77 (x0.15).",TypeScript (proficiency 2/5),"Missing: AWS, Algorithms, React, SQL",Approved
1393,8,165,32.6,0.0,86.0,0.0,74.0,,"AWS,Algorithms,React,SQL,TypeScript","Weighted score 32.6: skills 0.0 (x0.4), academics 86.0 (x0.25), projects 0.0 (x0.2), readiness 74.0 (x0.15).",No overlapping skills on record,"Missing: AWS, Algorithms, React, SQL, TypeScript",Pending
1394,8,169,52.12,0.0,89.0,100.0,65.83,,"AWS,Algorithms,React,SQL,TypeScript","Weighted score 52.12: skills 0.0 (x0.4), academics 89.0 (x0.25), projects 100.0 (x0.2), readiness 65.83 (x0.15).",No overlapping skills on record,"Missing: AWS, Algorithms, React, SQL, TypeScript",Pending
1395,8,178,50.5,45.0,86.4,0.0,72.7,"Algorithms,TypeScript","AWS,React,SQL","Weighted score 50.5: skills 45.0 (x0.4), academics 86.4 (x0.25), projects 0.0 (x0.2), readiness 72.7 (x0.15).",Algorithms (proficiency 3/5); TypeScript (proficiency 4/5),"Missing: AWS, React, SQL",Pending
1396,8,181,36.16,10.0,84.1,0.0,74.22,React,"AWS,Algorithms,SQL,TypeScript","Weighted score 36.16: skills 10.0 (x0.4), academics 84.1 (x0.25), projects 0.0 (x0.2), readiness 74.22 (x0.15).",React (proficiency 3/5),"Missing: AWS, Algorithms, SQL, TypeScript",Pending
1397,8,215,37.25,10.0,88.0,0.0,75.0,Algorithms,"AWS,React,SQL,TypeScript","Weighted score 37.25: skills 10.0 (x0.4), academics 88.0 (x0.25), projects 0.0 (x0.2), readiness 75.0 (x0.15).",Algorithms (proficiency 2/5),"Missing: AWS, React, SQL, TypeScript",Pending
1398,8,232,33.62,0.0,85.9,0.0,80.95,,"AWS,Algorithms,React,SQL,TypeScript","Weighted score 33.62: skills 0.0 (x0.4), academics 85.9 (x0.25), projects 0.0 (x0.2), readiness 80.95 (x0.15).",No overlapping skills on record,"Missing: AWS, Algorithms, React, SQL, TypeScript",Pending
1399,8,239,52.45,45.0,94.0,0.0,73.0,"SQL,TypeScript","AWS,Algorithms,React","Weighted score 52.45: skills 45.0 (x0.4), academics 94.0 (x0.25), projects 0.0 (x0.2), readiness 73.0 (x0.15).",SQL (proficiency 3/5); TypeScript (proficiency 2/5),"Missing: AWS, Algorithms, React",Pending
1400,8,243,48.57,30.0,95.9,0.0,83.95,"Algorithms,React,SQL","AWS,TypeScript","Weighted score 48.57: skills 30.0 (x0.4), academics 95.9 (x0.25), projects 0.0 (x0.2), readiness 83.95 (x0.15).",Algorithms (proficiency 2/5); React (proficiency 5/5); SQL (proficiency 2/5),"Missing: AWS, TypeScript",Pending
1401,8,260,37.19,10.0,83.9,0.0,81.45,SQL,"AWS,Algorithms,React,TypeScript","Weighted score 37.19: skills 10.0 (x0.4), academics 83.9 (x0.25), projects 0.0 (x0.2), readiness 81.45 (x0.15).",SQL (proficiency 5/5),"Missing: AWS, Algorithms, React, TypeScript",Pending
1402,8,273,31.29,0.0,86.7,0.0,64.1,,"AWS,Algorithms,React,SQL,TypeScript","Weighted score 31.29: skills 0.0 (x0.4), academics 86.7 (x0.25), projects 0.0 (x0.2), readiness 64.1 (x0.15).",No overlapping skills on record,"Missing: AWS, Algorithms, React, SQL, TypeScript",Pending
1403,8,277,74.14,45.0,97.6,100.0,78.3,"React,TypeScript","AWS,Algorithms,SQL","Weighted score 74.14: skills 45.0 (x0.4), academics 97.6 (x0.25), projects 100.0 (x0.2), readiness 78.3 (x0.15).",React (proficiency 2/5); TypeScript (proficiency 5/5),"Missing: AWS, Algorithms, SQL",Approved
1404,8,281,83.04,70.0,95.8,100.0,73.9,"AWS,TypeScript","Algorithms,React,SQL","Weighted score 83.04: skills 70.0 (x0.4), academics 95.8 (x0.25), projects 100.0 (x0.2), readiness 73.9 (x0.15).",AWS (proficiency 5/5); TypeScript (proficiency 4/5),"Missing: Algorithms, React, SQL",Approved
1405,8,291,48.45,35.0,91.4,0.0,77.32,TypeScript,"AWS,Algorithms,React,SQL","Weighted score 48.45: skills 35.0 (x0.4), academics 91.4 (x0.25), projects 0.0 (x0.2), readiness 77.32 (x0.15).",TypeScript (proficiency 2/5),"Missing: AWS, Algorithms, React, SQL",Pending
1406,8,295,53.72,45.0,96.3,0.0,77.65,"AWS,React","Algorithms,SQL,TypeScript","Weighted score 53.72: skills 45.0 (x0.4), academics 96.3 (x0.25), projects 0.0 (x0.2), readiness 77.65 (x0.15).",AWS (proficiency 5/5); React (proficiency 3/5),"Missing: Algorithms, SQL, TypeScript",Approved
1407,8,297,56.44,35.0,85.5,50.0,73.75,AWS,"Algorithms,React,SQL,TypeScript","Weighted score 56.44: skills 35.0 (x0.4), academics 85.5 (x0.25), projects 50.0 (x0.2), readiness 73.75 (x0.15).",AWS (proficiency 1/5),"Missing: Algorithms, React, SQL, TypeScript",Approved
1408,8,299,41.13,10.0,96.3,0.0,87.02,SQL,"AWS,Algorithms,React,TypeScript","Weighted score 41.13: skills 10.0 (x0.4), academics 96.3 (x0.25), projects 0.0 (x0.2), readiness 87.02 (x0.15).",SQL (proficiency 5/5),"Missing: AWS, Algorithms, React, TypeScript",Pending
1409,8,334,56.06,55.0,91.6,0.0,74.42,"AWS,React,SQL","Algorithms,TypeScript","Weighted score 56.06: skills 55.0 (x0.4), academics 91.6 (x0.25), projects 0.0 (x0.2), readiness 74.42 (x0.15).",AWS (proficiency 4/5); React (proficiency 1/5); SQL (proficiency 5/5),"Missing: Algorithms, TypeScript",Approved
1410,8,337,46.78,10.0,94.9,33.33,82.58,React,"AWS,Algorithms,SQL,TypeScript","Weighted score 46.78: skills 10.0 (x0.4), academics 94.9 (x0.25), projects 33.33 (x0.2), readiness 82.58 (x0.15).",React (proficiency 3/5),"Missing: AWS, Algorithms, SQL, TypeScript",Pending
1411,8,358,39.16,10.0,99.4,0.0,68.7,Algorithms,"AWS,React,SQL,TypeScript","Weighted score 39.16: skills 10.0 (x0.4), academics 99.4 (x0.25), projects 0.0 (x0.2), readiness 68.7 (x0.15).",Algorithms (proficiency 4/5),"Missing: AWS, React, SQL, TypeScript",Pending
1412,8,360,44.18,10.0,86.5,33.33,79.25,React,"AWS,Algorithms,SQL,TypeScript","Weighted score 44.18: skills 10.0 (x0.4), academics 86.5 (x0.25), projects 33.33 (x0.2), readiness 79.25 (x0.15).",React (proficiency 4/5),"Missing: AWS, Algorithms, SQL, TypeScript",Pending
1413,8,372,42.96,20.0,97.4,0.0,70.7,"Algorithms,SQL","AWS,React,TypeScript","Weighted score 42.96: skills 20.0 (x0.4), academics 97.4 (x0.25), projects 0.0 (x0.2), readiness 70.7 (x0.15).",Algorithms (proficiency 2/5); SQL (proficiency 4/5),"Missing: AWS, React, TypeScript",Pending
1414,8,376,40.8,10.0,95.0,0.0,87.0,Algorithms,"AWS,React,SQL,TypeScript","Weighted score 40.8: skills 10.0 (x0.4), academics 95.0 (x0.25), projects 0.0 (x0.2), readiness 87.0 (x0.15).",Algorithms (proficiency 2/5),"Missing: AWS, React, SQL, TypeScript",Pending
1415,8,377,33.99,0.0,91.2,0.0,74.6,,"AWS,Algorithms,React,SQL,TypeScript","Weighted score 33.99: skills 0.0 (x0.4), academics 91.2 (x0.25), projects 0.0 (x0.2), readiness 74.6 (x0.15).",No overlapping skills on record,"Missing: AWS, Algorithms, React, SQL, TypeScript",Pending
1416,8,379,56.29,45.0,82.3,33.33,73.65,"SQL,TypeScript","AWS,Algorithms,React","Weighted score 56.29: skills 45.0 (x0.4), academics 82.3 (x0.25), projects 33.33 (x0.2), readiness 73.65 (x0.15).",SQL (proficiency 1/5); TypeScript (proficiency 2/5),"Missing: AWS, Algorithms, React",Approved
1417,8,400,52.79,35.0,83.3,33.33,75.32,AWS,"Algorithms,React,SQL,TypeScript","Weighted score 52.79: skills 35.0 (x0.4), academics 83.3 (x0.25), projects 33.33 (x0.2), readiness 75.32 (x0.15).",AWS (proficiency 1/5),"Missing: Algorithms, React, SQL, TypeScript",Approved
1418,8,401,37.51,10.0,89.9,0.0,73.58,React,"AWS,Algorithms,SQL,TypeScript","Weighted score 37.51: skills 10.0 (x0.4), academics 89.9 (x0.25), projects 0.0 (x0.2), readiness 73.58 (x0.15).",React (proficiency 5/5),"Missing: AWS, Algorithms, SQL, TypeScript",Pending
1419,8,403,44.28,10.0,85.6,33.33,81.42,React,"AWS,Algorithms,SQL,TypeScript","Weighted score 44.28: skills 10.0 (x0.4), academics 85.6 (x0.25), projects 33.33 (x0.2), readiness 81.42 (x0.15).",React (proficiency 3/5),"Missing: AWS, Algorithms, SQL, TypeScript",Pending
1420,8,414,56.49,10.0,91.2,100.0,64.6,Algorithms,"AWS,React,SQL,TypeScript","Weighted score 56.49: skills 10.0 (x0.4), academics 91.2 (x0.25), projects 100.0 (x0.2), readiness 64.6 (x0.15).",Algorithms (proficiency 2/5),"Missing: AWS, React, SQL, TypeScript",Approved
1421,8,415,37.98,10.0,96.6,0.0,65.55,React,"AWS,Algorithms,SQL,TypeScript","Weighted score 37.98: skills 10.0 (x0.4), academics 96.6 (x0.25), projects 0.0 (x0.2), readiness 65.55 (x0.15).",React (proficiency 1/5),"Missing: AWS, Algorithms, SQL, TypeScript",Pending
1422,8,434,45.42,20.0,97.9,0.0,86.32,"React,SQL","AWS,Algorithms,TypeScript","Weighted score 45.42: skills 20.0 (x0.4), academics 97.9 (x0.25), projects 0.0 (x0.2), readiness 86.32 (x0.15).",React (proficiency 5/5); SQL (proficiency 5/5),"Missing: AWS, Algorithms, TypeScript",Pending
1423,8,437,60.96,70.0,86.1,0.0,76.25,"AWS,TypeScript","Algorithms,React,SQL","Weighted score 60.96: skills 70.0 (x0.4), academics 86.1 (x0.25), projects 0.0 (x0.2), readiness 76.25 (x0.15).",AWS (proficiency 2/5); TypeScript (proficiency 5/5),"Missing: Algorithms, React, SQL",Approved
1424,8,452,53.58,20.0,95.8,50.0,77.5,"Algorithms,SQL","AWS,React,TypeScript","Weighted score 53.58: skills 20.0 (x0.4), academics 95.8 (x0.25), projects 50.0 (x0.2), readiness 77.5 (x0.15).",Algorithms (proficiency 3/5); SQL (proficiency 2/5),"Missing: AWS, React, TypeScript",Approved
1425,8,455,39.29,10.0,99.0,0.0,70.25,Algorithms,"AWS,React,SQL,TypeScript","Weighted score 39.29: skills 10.0 (x0.4), academics 99.0 (x0.25), projects 0.0 (x0.2), readiness 70.25 (x0.15).",Algorithms (proficiency 1/5),"Missing: AWS, React, SQL, TypeScript",Pending
1426,8,463,35.79,10.0,81.9,0.0,75.45,React,"AWS,Algorithms,SQL,TypeScript","Weighted score 35.79: skills 10.0 (x0.4), academics 81.9 (x0.25), projects 0.0 (x0.2), readiness 75.45 (x0.15).",React (proficiency 4/5),"Missing: AWS, Algorithms, SQL, TypeScript",Pending
1427,8,472,34.66,0.0,87.6,0.0,85.05,,"AWS,Algorithms,React,SQL,TypeScript","Weighted score 34.66: skills 0.0 (x0.4), academics 87.6 (x0.25), projects 0.0 (x0.2), readiness 85.05 (x0.15).",No overlapping skills on record,"Missing: AWS, Algorithms, React, SQL, TypeScript",Pending
1428,8,497,63.25,70.0,92.3,0.0,81.15,"AWS,TypeScript","Algorithms,React,SQL","Weighted score 63.25: skills 70.0 (x0.4), academics 92.3 (x0.25), projects 0.0 (x0.2), readiness 81.15 (x0.15).",AWS (proficiency 1/5); TypeScript (proficiency 4/5),"Missing: Algorithms, React, SQL",Approved
1429,9,2,60.85,66.67,88.1,0.0,81.05,"Algorithms,Django,Python,TensorFlow","Git,HTML/CSS","Weighted score 60.85: skills 66.67 (x0.4), academics 88.1 (x0.25), projects 0.0 (x0.2), readiness 81.05 (x0.15).",Algorithms (proficiency 3/5); Django (proficiency 5/5); Python (proficiency 2/5); TensorFlow (proficiency 5/5),"Missing: Git, HTML/CSS",Approved
1430,9,5,42.96,10.0,75.2,50.0,67.72,Git,"Algorithms,Django,HTML/CSS,Python,TensorFlow","Weighted score 42.96: skills 10.0 (x0.4), academics 75.2 (x0.25), projects 50.0 (x0.2), readiness 67.72 (x0.15).",Git (proficiency 5/5),"Missing: Algorithms, Django, HTML/CSS, Python, TensorFlow",Pending
1431,9,15,35.19,20.0,64.9,0.0,73.12,"Django,TensorFlow","Algorithms,Git,HTML/CSS,Python","Weighted score 35.19: skills 20.0 (x0.4), academics 64.9 (x0.25), projects 0.0 (x0.2), readiness 73.12 (x0.15).",Django (proficiency 4/5); TensorFlow (proficiency 1/5),"Missing: Algorithms, Git, HTML/CSS, Python",Pending
1432,9,16,42.42,20.0,91.2,0.0,77.47,"Django,Git","Algorithms,HTML/CSS,Python,TensorFlow","Weighted score 42.42: skills 20.0 (x0.4), academics 91.2 (x0.25), projects 0.0 (x0.2), readiness 77.47 (x0.15).",Django (proficiency 2/5); Git (proficiency 3/5),"Missing: Algorithms, HTML/CSS, Python, TensorFlow",Pending
1433,9,23,47.0,46.67,76.1,0.0,62.05,"HTML/CSS,Python","Algorithms,Django,Git,TensorFlow","Weighted score 47.0: skills 46.67 (x0.4), academics 76.1 (x0.25), projects 0.0 (x0.2), readiness 62.05 (x0.15).",HTML/CSS (proficiency 3/5); Python (proficiency 2/5),"Missing: Algorithms, Django, Git, TensorFlow",Pending
1434,9,25,76.47,76.67,68.2,100.0,58.35,"Django,Git,HTML/CSS,Python,TensorFlow",Algorithms,"Weighted score 76.47: skills 76.67 (x0.4), academics 68.2 (x0.25), projects 100.0 (x0.2), readiness 58.35 (x0.15).",Django (proficiency 3/5); Git (proficiency 1/5); HTML/CSS (proficiency 3/5); Python (proficiency 2/5); TensorFlow (proficiency 5/5),Missing: Algorithms,Approved
1435,9,29,35.15,10.0,82.0,0.0,71.0,TensorFlow,"Algorithms,Django,Git,HTML/CSS,Python","Weighted score 35.15: skills 10.0 (x0.4), academics 82.0 (x0.25), projects 0.0 (x0.2), readiness 71.0 (x0.15).",TensorFlow (proficiency 5/5),"Missing: Algorithms, Django, Git, HTML/CSS, Python",Pending
1436,9,30,48.43,33.33,92.4,0.0,80.0,"Git,Python","Algorithms,Django,HTML/CSS,TensorFlow","Weighted score 48.43: skills 33.33 (x0.4), academics 92.4 (x0.25), projects 0.0 (x0.2), readiness 80.0 (x0.15).",Git (proficiency 4/5); Python (proficiency 5/5),"Missing: Algorithms, Django, HTML/CSS, TensorFlow",Pending
1437,9,37,48.75,20.0,79.9,50.0,71.82,"Git,TensorFlow","Algorithms,Django,HTML/CSS,Python","Weighted score 48.75: skills 20.0 (x0.4), academics 79.9 (x0.25), projects 50.0 (x0.2), readiness 71.82 (x0.15).",Git (proficiency 4/5); TensorFlow (proficiency 5/5),"Missing: Algorithms, Django, HTML/CSS, Python",Pending
1438,9,41,32.94,0.0,91.3,0.0,67.45,,"Algorithms,Django,Git,HTML/CSS,Python,TensorFlow","Weighted score 32.94: skills 0.0 (x0.4), academics 91.3 (x0.25), projects 0.0 (x0.2), readiness 67.45 (x0.15).",No overlapping skills on record,"Missing: Algorithms, Django, Git, HTML/CSS, Python, TensorFlow",Pending
1439,9,46,49.84,10.0,93.8,50.0,82.57,TensorFlow,"Algorithms,Django,Git,HTML/CSS,Python","Weighted score 49.84: skills 10.0 (x0.4), academics 93.8 (x0.25), projects 50.0 (x0.2), readiness 82.57 (x0.15).",TensorFlow (proficiency 4/5),"Missing: Algorithms, Django, Git, HTML/CSS, Python",Pending
1440,9,48,52.21,56.67,72.7,0.0,75.75,"Django,HTML/CSS,Python","Algorithms,Git,TensorFlow","Weighted score 52.21: skills 56.67 (x0.4), academics 72.7 (x0.25), projects 0.0 (x0.2), readiness 75.75 (x0.15).",Django (proficiency 4/5); HTML/CSS (proficiency 5/5); Python (proficiency 5/5),"Missing: Algorithms, Git, TensorFlow",Pending
1441,9,59,39.11,10.0,97.1,0.0,72.22,TensorFlow,"Algorithms,Django,Git,HTML/CSS,Python","Weighted score 39.11: skills 10.0 (x0.4), academics 97.1 (x0.25), projects 0.0 (x0.2), readiness 72.22 (x0.15).",TensorFlow (proficiency 1/5),"Missing: Algorithms, Django, Git, HTML/CSS, Python",Pending
1442,9,62,33.86,0.0,88.5,0.0,78.25,,"Algorithms,Django,Git,HTML/CSS,Python,TensorFlow","Weighted score 33.86: skills 0.0 (x0.4), academics 88.5 (x0.25), projects 0.0 (x0.2), readiness 78.25 (x0.15).",No overlapping skills on record,"Missing: Algorithms, Django, Git, HTML/CSS, Python, TensorFlow",Pending
1443,9,72,43.7,10.0,91.5,33.33,67.75,Git,"Algorithms,Django,HTML/CSS,Python,TensorFlow","Weighted score 43.7: skills 10.0 (x0.4), academics 91.5 (x0.25), projects 33.33 (x0.2), readiness 67.75 (x0.15).",Git (proficiency 1/5),"Missing: Algorithms, Django, HTML/CSS, Python, TensorFlow",Pending
1444,9,73,30.69,10.0,66.2,0.0,67.6,Django,"Algorithms,Git,HTML/CSS,Python,TensorFlow","Weighted score 30.69: skills 10.0 (x0.4), academics 66.2 (x0.25), projects 0.0 (x0.2), readiness 67.6 (x0.15).",Django (proficiency 5/5),"Missing: Algorithms, Git, HTML/CSS, Python, TensorFlow",Pending
1445,9,77,25.47,0.0,63.0,0.0,64.83,,"Algorithms,Django,Git,HTML/CSS,Python,TensorFlow","Weighted score 25.47: skills 0.0 (x0.4), academics 63.0 (x0.25), projects 0.0 (x0.2), readiness 64.83 (x0.15).",No overlapping skills on record,"Missing: Algorithms, Django, Git, HTML/CSS, Python, TensorFlow",Pending
1446,9,79,46.32,33.33,90.8,0.0,68.6,"Algorithms,TensorFlow","Django,Git,HTML/CSS,Python","Weighted score 46.32: skills 33.33 (x0.4), academics 90.8 (x0.25), projects 0.0 (x0.2), readiness 68.6 (x0.15).",Algorithms (proficiency 3/5); TensorFlow (proficiency 2/5),"Missing: Django, Git, HTML/CSS, Python",Pending
1447,9,84,44.12,23.33,69.1,33.33,72.3,Python,"Algorithms,Django,Git,HTML/CSS,TensorFlow","Weighted score 44.12: skills 23.33 (x0.4), academics 69.1 (x0.25), projects 33.33 (x0.2), readiness 72.3 (x0.15).",Python (proficiency 3/5),"Missing: Algorithms, Django, Git, HTML/CSS, TensorFlow",Pending
1448,9,91,45.56,33.33,82.7,0.0,77.02,"Git,HTML/CSS","Algorithms,Django,Python,TensorFlow","Weighted score 45.56: skills 33.33 (x0.4), academics 82.7 (x0.25), projects 0.0 (x0.2), readiness 77.02 (x0.15).",Git (proficiency 3/5); HTML/CSS (proficiency 1/5),"Missing: Algorithms, Django, Python, TensorFlow",Pending
1449,9,93,57.14,46.67,74.9,50.0,64.95,"Algorithms,Python","Django,Git,HTML/CSS,TensorFlow","Weighted score 57.14: skills 46.67 (x0.4), academics 74.9 (x0.25), projects 50.0 (x0.2), readiness 64.95 (x0.15).",Algorithms (proficiency 2/5); Python (proficiency 3/5),"Missing: Django, Git, HTML/CSS, TensorFlow",Approved
1450,9,95,36.24,10.0,84.9,0.0,73.45,TensorFlow,"Algorithms,Django,Git,HTML/CSS,Python","Weighted score 36.24: skills 10.0 (x0.4), academics 84.9 (x0.25), projects 0.0 (x0.2), readiness 73.45 (x0.15).",TensorFlow (proficiency 1/5),"Missing: Algorithms, Django, Git, HTML/CSS, Python",Pending
1451,9,96,33.97,23.33,65.1,0.0,55.75,Python,"Algorithms,Django,Git,HTML/CSS,TensorFlow","Weighted score 33.97: skills 23.33 (x0.4), academics 65.1 (x0.25), projects 0.0 (x0.2), readiness 55.75 (x0.15).",Python (proficiency 5/5),"Missing: Algorithms, Django, Git, HTML/CSS, TensorFlow",Pending
1452,9,97,35.6,0.0,72.4,33.33,72.2,,"Algorithms,Django,Git,HTML/CSS,Python,TensorFlow","Weighted score 35.6: skills 0.0 (x0.4), academics 72.4 (x0.25), projects 33.33 (x0.2), readiness 72.2 (x0.15).",No overlapping skills on record,"Missing: Algorithms, Django, Git, HTML/CSS, Python, TensorFlow",Pending
1453,9,99,40.1,10.0,66.0,50.0,64.0,Git,"Algorithms,Django,HTML/CSS,Python,TensorFlow","Weighted score 40.1: skills 10.0 (x0.4), academics 66.0 (x0.25), projects 50.0 (x0.2), readiness 64.0 (x0.15).",Git (proficiency 5/5),"Missing: Algorithms, Django, HTML/CSS, Python, TensorFlow",Pending
1454,9,102,40.37,0.0,75.9,50.0,75.95,,"Algorithms,Django,Git,HTML/CSS,Python,TensorFlow","Weighted score 40.37: skills 0.0 (x0.4), academics 75.9 (x0.25), projects 50.0 (x0.2), readiness 75.95 (x0.15).",No overlapping skills on record,"Missing: Algorithms, Django, Git, HTML/CSS, Python, TensorFlow",Pending
1455,9,120,47.05,46.67,72.2,0.0,68.85,"Algorithms,Python","Django,Git,HTML/CSS,TensorFlow","Weighted score 47.05: skills 46.67 (x0.4), academics 72.2 (x0.25), projects 0.0 (x0.2), readiness 68.85 (x0.15).",Algorithms (proficiency 4/5); Python (proficiency 5/5),"Missing: Django, Git, HTML/CSS, TensorFlow",Pending
1456,9,124,69.69,43.33,89.5,100.0,66.55,"Algorithms,Git,TensorFlow","Django,HTML/CSS,Python","Weighted score 69.69: skills 43.33 (x0.4), academics 89.5 (x0.25), projects 100.0 (x0.2), readiness 66.55 (x0.15).",Algorithms (proficiency 2/5); Git (proficiency 4/5); TensorFlow (proficiency 1/5),"Missing: Django, HTML/CSS, Python",Approved
1457,9,128,55.82,23.33,85.8,66.67,78.02,HTML/CSS,"Algorithms,Django,Git,Python,TensorFlow","Weighted score 55.82: skills 23.33 (x0.4), academics 85.8 (x0.25), projects 66.67 (x0.2), readiness 78.02 (x0.15).",HTML/CSS (proficiency 3/5),"Missing: Algorithms, Django, Git, Python, TensorFlow",Approved
1458,9,129,49.13,46.67,80.5,0.0,68.92,"Algorithms,HTML/CSS","Django,Git,Python,TensorFlow","Weighted score 49.13: skills 46.67 (x0.4), academics 80.5 (x0.25), projects 0.0 (x0.2), readiness 68.92 (x0.15).",Algorithms (proficiency 2/5); HTML/CSS (proficiency 3/5),"Missing: Django, Git, Python, TensorFlow",Pending
1459,9,135,45.14,46.67,71.3,0.0,57.65,"Algorithms,HTML/CSS","Django,Git,Python,TensorFlow","Weighted score 45.14: skills 46.67 (x0.4), academics 71.3 (x0.25), projects 0.0 (x0.2), readiness 57.65 (x0.15).",Algorithms (proficiency 1/5); HTML/CSS (proficiency 1/5),"Missing: Django, Git, Python, TensorFlow",Pending
1460,9,140,41.85,20.0,87.0,0.0,80.67,"Git,TensorFlow","Algorithms,Django,HTML/CSS,Python","Weighted score 41.85: skills 20.0 (x0.4), academics 87.0 (x0.25), projects 0.0 (x0.2), readiness 80.67 (x0.15).",Git (proficiency 2/5); TensorFlow (proficiency 3/5),"Missing: Algorithms, Django, HTML/CSS, Python",Pending
1461,9,146,50.4,46.67,78.6,0.0,80.55,"HTML/CSS,Python","Algorithms,Django,Git,TensorFlow","Weighted score 50.4: skills 46.67 (x0.4), academics 78.6 (x0.25), projects 0.0 (x0.2), readiness 80.55 (x0.15).",HTML/CSS (proficiency 4/5); Python (proficiency 5/5),"Missing: Algorithms, Django, Git, TensorFlow",Pending
1462,9,149,37.41,20.0,79.7,0.0,63.22,"Django,TensorFlow","Algorithms,Git,HTML/CSS,Python","Weighted score 37.41: skills 20.0 (x0.4), academics 79.7 (x0.25), projects 0.0 (x0.2), readiness 63.22 (x0.15).",Django (proficiency 1/5); TensorFlow (proficiency 4/5),"Missing: Algorithms, Git, HTML/CSS, Python",Pending
1463,9,151,50.72,33.33,93.8,0.0,92.9,"HTML/CSS,TensorFlow","Algorithms,Django,Git,Python","Weighted score 50.72: skills 33.33 (x0.4), academics 93.8 (x0.25), projects 0.0 (x0.2), readiness 92.9 (x0.15).",HTML/CSS (proficiency 5/5); TensorFlow (proficiency 3/5),"Missing: Algorithms, Django, Git, Python",Pending
1464,9,154,55.59,46.67,73.7,33.33,78.85,"Algorithms,HTML/CSS","Django,Git,Python,TensorFlow","Weighted score 55.59: skills 46.67 (x0.4), academics 73.7 (x0.25), projects 33.33 (x0.2), readiness 78.85 (x0.15).",Algorithms (proficiency 4/5); HTML/CSS (proficiency 5/5),"Missing: Django, Git, Python, TensorFlow",Pending
1465,9,159,51.85,0.0,86.0,100.0,69.0,,"Algorithms,Django,Git,HTML/CSS,Python,TensorFlow","Weighted score 51.85: skills 0.0 (x0.4), academics 86.0 (x0.25), projects 100.0 (x0.2), readiness 69.0 (x0.15).",No overlapping skills on record,"Missing: Algorithms, Django, Git, HTML/CSS, Python, TensorFlow",Pending
1466,9,160,47.57,56.67,63.7,0.0,59.85,"Algorithms,Python,TensorFlow","Django,Git,HTML/CSS","Weighted score 47.57: skills 56.67 (x0.4), academics 63.7 (x0.25), projects 0.0 (x0.2), readiness 59.85 (x0.15).",Algorithms (proficiency 1/5); Python (proficiency 5/5); TensorFlow (proficiency 2/5),"Missing: Django, Git, HTML/CSS",Pending
1467,9,161,29.22,10.0,62.9,0.0,63.32,TensorFlow,"Algorithms,Django,Git,HTML/CSS,Python","Weighted score 29.22: skills 10.0 (x0.4), academics 62.9 (x0.25), projects 0.0 (x0.2), readiness 63.32 (x0.15).",TensorFlow (proficiency 5/5),"Missing: Algorithms, Django, Git, HTML/CSS, Python",Pending
1468,9,163,35.16,23.33,67.0,0.0,60.5,Python,"Algorithms,Django,Git,HTML/CSS,TensorFlow","Weighted score 35.16: skills 23.33 (x0.4), academics 67.0 (x0.25), projects 0.0 (x0.2), readiness 60.5 (x0.15).",Python (proficiency 2/5),"Missing: Algorithms, Django, Git, HTML/CSS, TensorFlow",Pending
1469,9,179,33.29,0.0,86.9,0.0,77.12,,"Algorithms,Django,Git,HTML/CSS,Python,TensorFlow","Weighted score 33.29: skills 0.0 (x0.4), academics 86.9 (x0.25), projects 0.0 (x0.2), readiness 77.12 (x0.15).",No overlapping skills on record,"Missing: Algorithms, Django, Git, HTML/CSS, Python, TensorFlow",Pending
1470,9,180,52.45,66.67,61.1,0.0,70.05,"Django,HTML/CSS,Python,TensorFlow","Algorithms,Git","Weighted score 52.45: skills 66.67 (x0.4), academics 61.1 (x0.25), projects 0.0 (x0.2), readiness 70.05 (x0.15).",Django (proficiency 3/5); HTML/CSS (proficiency 5/5); Python (proficiency 5/5); TensorFlow (proficiency 4/5),"Missing: Algorithms, Git",Pending
1471,9,187,34.21,10.0,76.8,0.0,73.4,Django,"Algorithms,Git,HTML/CSS,Python,TensorFlow","Weighted score 34.21: skills 10.0 (x0.4), academics 76.8 (x0.25), projects 0.0 (x0.2), readiness 73.4 (x0.15).",Django (proficiency 2/5),"Missing: Algorithms, Git, HTML/CSS, Python, TensorFlow",Pending
1472,9,189,34.64,0.0,61.5,50.0,61.75,,"Algorithms,Django,Git,HTML/CSS,Python,TensorFlow","Weighted score 34.64: skills 0.0 (x0.4), academics 61.5 (x0.25), projects 50.0 (x0.2), readiness 61.75 (x0.15).",No overlapping skills on record,"Missing: Algorithms, Django, Git, HTML/CSS, Python, TensorFlow",Pending
1473,9,191,41.83,23.33,84.3,0.0,76.15,Python,"Algorithms,Django,Git,HTML/CSS,TensorFlow","Weighted score 41.83: skills 23.33 (x0.4), academics 84.3 (x0.25), projects 0.0 (x0.2), readiness 76.15 (x0.15).",Python (proficiency 1/5),"Missing: Algorithms, Django, Git, HTML/CSS, TensorFlow",Pending
1474,9,204,32.03,10.0,66.4,0.0,76.2,TensorFlow,"Algorithms,Django,Git,HTML/CSS,Python","Weighted score 32.03: skills 10.0 (x0.4), academics 66.4 (x0.25), projects 0.0 (x0.2), readiness 76.2 (x0.15).",TensorFlow (proficiency 4/5),"Missing: Algorithms, Django, Git, HTML/CSS, Python",Pending
1475,9,209,38.23,10.0,92.4,0.0,74.2,Django,"Algorithms,Git,HTML/CSS,Python,TensorFlow","Weighted score 38.23: skills 10.0 (x0.4), academics 92.4 (x0.25), projects 0.0 (x0.2), readiness 74.2 (x0.15).",Django (proficiency 2/5),"Missing: Algorithms, Git, HTML/CSS, Python, TensorFlow",Pending
1476,9,218,37.34,33.33,64.3,0.0,52.9,"Algorithms,TensorFlow","Django,Git,HTML/CSS,Python","Weighted score 37.34: skills 33.33 (x0.4), academics 64.3 (x0.25), projects 0.0 (x0.2), readiness 52.9 (x0.15).",Algorithms (proficiency 1/5); TensorFlow (proficiency 4/5),"Missing: Django, Git, HTML/CSS, Python",Pending
1477,9,221,41.64,33.33,72.8,0.0,67.4,"Algorithms,TensorFlow","Django,Git,HTML/CSS,Python","Weighted score 41.64: skills 33.33 (x0.4), academics 72.8 (x0.25), projects 0.0 (x0.2), readiness 67.4 (x0.15).",Algorithms (proficiency 2/5); TensorFlow (proficiency 3/5),"Missing: Django, Git, HTML/CSS, Python",Pending
1478,9,228,65.42,46.67,97.7,50.0,82.18,"HTML/CSS,Python","Algorithms,Django,Git,TensorFlow","Weighted score 65.42: skills 46.67 (x0.4), academics 97.7 (x0.25), projects 50.0 (x0.2), readiness 82.18 (x0.15).",HTML/CSS (proficiency 5/5); Python (proficiency 3/5),"Missing: Algorithms, Django, Git, TensorFlow",Approved
1479,9,234,77.97,66.67,83.9,100.0,68.82,"Django,Git,HTML/CSS,Python","Algorithms,TensorFlow","Weighted score 77.97: skills 66.67 (x0.4), academics 83.9 (x0.25), projects 100.0 (x0.2), readiness 68.82 (x0.15).",Django (proficiency 3/5); Git (proficiency 3/5); HTML/CSS (proficiency 4/5); Python (proficiency 4/5),"Missing: Algorithms, TensorFlow",Approved
1480,9,247,41.68,23.33,87.0,0.0,70.67,Python,"Algorithms,Django,Git,HTML/CSS,TensorFlow","Weighted score 41.68: skills 23.33 (x0.4), academics 87.0 (x0.25), projects 0.0 (x0.2), readiness 70.67 (x0.15).",Python (proficiency 5/5),"Missing: Algorithms, Django, Git, HTML/CSS, TensorFlow",Pending
1481,9,254,58.77,43.33,80.0,50.0,76.25,"Git,HTML/CSS,TensorFlow","Algorithms,Django,Python","Weighted score 58.77: skills 43.33 (x0.4), academics 80.0 (x0.25), projects 50.0 (x0.2), readiness 76.25 (x0.15).",Git (proficiency 5/5); HTML/CSS (proficiency 3/5); TensorFlow (proficiency 3/5),"Missing: Algorithms, Django, Python",Approved
1482,9,259,44.68,20.0,76.8,33.33,72.07,"Django,TensorFlow","Algorithms,Git,HTML/CSS,Python","Weighted score 44.68: skills 20.0 (x0.4), academics 76.8 (x0.25), projects 33.33 (x0.2), readiness 72.07 (x0.15).",Django (proficiency 4/5); TensorFlow (proficiency 1/5),"Missing: Algorithms, Git, HTML/CSS, Python",Pending
1483,9,267,37.12,20.0,74.9,0.0,69.32,"Django,TensorFlow","Algorithms,Git,HTML/CSS,Python","Weighted score 37.12: skills 20.0 (x0.4), academics 74.9 (x0.25), projects 0.0 (x0.2), readiness 69.32 (x0.15).",Django (proficiency 5/5); TensorFlow (proficiency 3/5),"Missing: Algorithms, Git, HTML/CSS, Python",Pending
1484,9,269,64.14,80.0,85.5,0.0,71.75,"Algorithms,Git,HTML/CSS,Python","Django,TensorFlow","Weighted score 64.14: skills 80.0 (x0.4), academics 85.5 (x0.25), projects 0.0 (x0.2), readiness 71.75 (x0.15).",Algorithms (proficiency 2/5); Git (proficiency 2/5); HTML/CSS (proficiency 2/5); Python (proficiency 3/5),"Missing: Django, TensorFlow",Approved
1485,9,274,43.3,23.33,93.8,0.0,70.1,Algorithms,"Django,Git,HTML/CSS,Python,TensorFlow","Weighted score 43.3: skills 23.33 (x0.4), academics 93.8 (x0.25), projects 0.0 (x0.2), readiness 70.1 (x0.15).",Algorithms (proficiency 1/5),"Missing: Django, Git, HTML/CSS, Python, TensorFlow",Pending
1486,9,275,54.65,0.0,93.8,100.0,74.65,,"Algorithms,Django,Git,HTML/CSS,Python,TensorFlow","Weighted score 54.65: skills 0.0 (x0.4), academics 93.8 (x0.25), projects 100.0 (x0.2), readiness 74.65 (x0.15).",No overlapping skills on record,"Missing: Algorithms, Django, Git, HTML/CSS, Python, TensorFlow",Pending
1487,9,276,37.64,23.33,73.8,0.0,65.7,Algorithms,"Django,Git,HTML/CSS,Python,TensorFlow","Weighted score 37.64: skills 23.33 (x0.4), academics 73.8 (x0.25), projects 0.0 (x0.2), readiness 65.7 (x0.15).",Algorithms (proficiency 4/5),"Missing: Django, Git, HTML/CSS, Python, TensorFlow",Pending
1488,9,278,38.42,10.0,93.0,0.0,74.5,Django,"Algorithms,Git,HTML/CSS,Python,TensorFlow","Weighted score 38.42: skills 10.0 (x0.4), academics 93.0 (x0.25), projects 0.0 (x0.2), readiness 74.5 (x0.15).",Django (proficiency 5/5),"Missing: Algorithms, Git, HTML/CSS, Python, TensorFlow",Pending
1489,9,285,52.23,33.33,80.4,33.33,80.87,"Algorithms,TensorFlow","Django,Git,HTML/CSS,Python","Weighted score 52.23: skills 33.33 (x0.4), academics 80.4 (x0.25), projects 33.33 (x0.2), readiness 80.87 (x0.15).",Algorithms (proficiency 1/5); TensorFlow (proficiency 1/5),"Missing: Django, Git, HTML/CSS, Python",Pending
1490,9,286,45.69,10.0,83.2,50.0,72.6,Git,"Algorithms,Django,HTML/CSS,Python,TensorFlow","Weighted score 45.69: skills 10.0 (x0.4), academics 83.2 (x0.25), projects 50.0 (x0.2), readiness 72.6 (x0.15).",Git (proficiency 1/5),"Missing: Algorithms, Django, HTML/CSS, Python, TensorFlow",Pending
1491,9,287,30.4,10.0,68.6,0.0,61.7,Git,"Algorithms,Django,HTML/CSS,Python,TensorFlow","Weighted score 30.4: skills 10.0 (x0.4), academics 68.6 (x0.25), projects 0.0 (x0.2), readiness 61.7 (x0.15).",Git (proficiency 3/5),"Missing: Algorithms, Django, HTML/CSS, Python, TensorFlow",Pending
1492,9,288,31.95,10.0,69.0,0.0,71.33,Git,"Algorithms,Django,HTML/CSS,Python,TensorFlow","Weighted score 31.95: skills 10.0 (x0.4), academics 69.0 (x0.25), projects 0.0 (x0.2), readiness 71.33 (x0.15).",Git (proficiency 5/5),"Missing: Algorithms, Django, HTML/CSS, Python, TensorFlow",Pending
1493,9,294,54.94,46.67,99.6,0.0,75.8,"HTML/CSS,Python","Algorithms,Django,Git,TensorFlow","Weighted score 54.94: skills 46.67 (x0.4), academics 99.6 (x0.25), projects 0.0 (x0.2), readiness 75.8 (x0.15).",HTML/CSS (proficiency 5/5); Python (proficiency 2/5),"Missing: Algorithms, Django, Git, TensorFlow",Pending
1494,9,298,42.25,23.33,82.1,0.0,82.65,HTML/CSS,"Algorithms,Django,Git,Python,TensorFlow","Weighted score 42.25: skills 23.33 (x0.4), academics 82.1 (x0.25), projects 0.0 (x0.2), readiness 82.65 (x0.15).",HTML/CSS (proficiency 5/5),"Missing: Algorithms, Django, Git, Python, TensorFlow",Pending
1495,9,324,59.92,66.67,89.9,0.0,71.82,"Algorithms,Git,HTML/CSS,TensorFlow","Django,Python","Weighted score 59.92: skills 66.67 (x0.4), academics 89.9 (x0.25), projects 0.0 (x0.2), readiness 71.82 (x0.15).",Algorithms (proficiency 1/5); Git (proficiency 5/5); HTML/CSS (proficiency 4/5); TensorFlow (proficiency 2/5),"Missing: Django, Python",Approved
1496,9,325,44.87,33.33,83.8,0.0,70.57,"Algorithms,Django","Git,HTML/CSS,Python,TensorFlow","Weighted score 44.87: skills 33.33 (x0.4), academics 83.8 (x0.25), projects 0.0 (x0.2), readiness 70.57 (x0.15).",Algorithms (proficiency 2/5); Django (proficiency 4/5),"Missing: Git, HTML/CSS, Python, TensorFlow",Pending
1497,9,327,42.05,23.33,87.3,0.0,72.65,Python,"Algorithms,Django,Git,HTML/CSS,TensorFlow","Weighted score 42.05: skills 23.33 (x0.4), academics 87.3 (x0.25), projects 0.0 (x0.2), readiness 72.65 (x0.15).",Python (proficiency 3/5),"Missing: Algorithms, Django, Git, HTML/CSS, TensorFlow",Pending
1498,9,331,52.34,0.0,99.1,66.67,94.88,,"Algorithms,Django,Git,HTML/CSS,Python,TensorFlow","Weighted score 52.34: skills 0.0 (x0.4), academics 99.1 (x0.25), projects 66.67 (x0.2), readiness 94.88 (x0.15).",No overlapping skills on record,"Missing: Algorithms, Django, Git, HTML/CSS, Python, TensorFlow",Pending
1499,9,333,34.21,0.0,88.1,0.0,81.22,,"Algorithms,Django,Git,HTML/CSS,Python,TensorFlow","Weighted score 34.21: skills 0.0 (x0.4), academics 88.1 (x0.25), projects 0.0 (x0.2), readiness 81.22 (x0.15).",No overlapping skills on record,"Missing: Algorithms, Django, Git, HTML/CSS, Python, TensorFlow",Pending
1500,9,338,33.7,0.0,91.7,0.0,71.85,,"Algorithms,Django,Git,HTML/CSS,Python,TensorFlow","Weighted score 33.7: skills 0.0 (x0.4), academics 91.7 (x0.25), projects 0.0 (x0.2), readiness 71.85 (x0.15).",No overlapping skills on record,"Missing: Algorithms, Django, Git, HTML/CSS, Python, TensorFlow",Pending
1501,9,352,52.34,46.67,89.3,0.0,75.65,"HTML/CSS,Python","Algorithms,Django,Git,TensorFlow","Weighted score 52.34: skills 46.67 (x0.4), academics 89.3 (x0.25), projects 0.0 (x0.2), readiness 75.65 (x0.15).",HTML/CSS (proficiency 3/5); Python (proficiency 4/5),"Missing: Algorithms, Django, Git, TensorFlow",Pending
1502,9,353,41.5,23.33,84.2,0.0,74.1,HTML/CSS,"Algorithms,Django,Git,Python,TensorFlow","Weighted score 41.5: skills 23.33 (x0.4), academics 84.2 (x0.25), projects 0.0 (x0.2), readiness 74.1 (x0.15).",HTML/CSS (proficiency 2/5),"Missing: Algorithms, Django, Git, Python, TensorFlow",Pending
1503,9,354,58.75,23.33,77.5,100.0,66.95,Algorithms,"Django,Git,HTML/CSS,Python,TensorFlow","Weighted score 58.75: skills 23.33 (x0.4), academics 77.5 (x0.25), projects 100.0 (x0.2), readiness 66.95 (x0.15).",Algorithms (proficiency 1/5),"Missing: Django, Git, HTML/CSS, Python, TensorFlow",Approved
1504,9,355,30.9,10.0,66.7,0.0,68.18,Django,"Algorithms,Git,HTML/CSS,Python,TensorFlow","Weighted score 30.9: skills 10.0 (x0.4), academics 66.7 (x0.25), projects 0.0 (x0.2), readiness 68.18 (x0.15).",Django (proficiency 3/5),"Missing: Algorithms, Git, HTML/CSS, Python, TensorFlow",Pending
1505,9,357,37.8,0.0,95.4,0.0,93.03,,"Algorithms,Django,Git,HTML/CSS,Python,TensorFlow","Weighted score 37.8: skills 0.0 (x0.4), academics 95.4 (x0.25), projects 0.0 (x0.2), readiness 93.03 (x0.15).",No overlapping skills on record,"Missing: Algorithms, Django, Git, HTML/CSS, Python, TensorFlow",Pending
1506,9,362,31.02,0.0,79.9,0.0,73.62,,"Algorithms,Django,Git,HTML/CSS,Python,TensorFlow","Weighted score 31.02: skills 0.0 (x0.4), academics 79.9 (x0.25), projects 0.0 (x0.2), readiness 73.62 (x0.15).",No overlapping skills on record,"Missing: Algorithms, Django, Git, HTML/CSS, Python, TensorFlow",Pending
1507,9,364,54.46,66.67,73.5,0.0,62.75,"Algorithms,Django,HTML/CSS,TensorFlow","Git,Python","Weighted score 54.46: skills 66.67 (x0.4), academics 73.5 (x0.25), projects 0.0 (x0.2), readiness 62.75 (x0.15).",Algorithms (proficiency 1/5); Django (proficiency 3/5); HTML/CSS (proficiency 3/5); TensorFlow (proficiency 4/5),"Missing: Git, Python",Pending
1508,9,367,61.23,43.33,89.6,50.0,76.68,"Django,Git,HTML/CSS","Algorithms,Python,TensorFlow","Weighted score 61.23: skills 43.33 (x0.4), academics 89.6 (x0.25), projects 50.0 (x0.2), readiness 76.68 (x0.15).",Django (proficiency 5/5); Git (proficiency 4/5); HTML/CSS (proficiency 2/5),"Missing: Algorithms, Python, TensorFlow",Approved
1509,9,370,30.68,10.0,66.3,0.0,67.4,Django,"Algorithms,Git,HTML/CSS,Python,TensorFlow","Weighted score 30.68: skills 10.0 (x0.4), academics 66.3 (x0.25), projects 0.0 (x0.2), readiness 67.4 (x0.15).",Django (proficiency 1/5),"Missing: Algorithms, Git, HTML/CSS, Python, TensorFlow",Pending
1510,9,371,46.28,23.33,68.6,50.0,65.3,Python,"Algorithms,Django,Git,HTML/CSS,TensorFlow","Weighted score 46.28: skills 23.33 (x0.4), academics 68.6 (x0.25), projects 50.0 (x0.2), readiness 65.3 (x0.15).",Python (proficiency 1/5),"Missing: Algorithms, Django, Git, HTML/CSS, TensorFlow",Pending
1511,9,373,33.72,10.0,78.2,0.0,67.77,TensorFlow,"Algorithms,Django,Git,HTML/CSS,Python","Weighted score 33.72: skills 10.0 (x0.4), academics 78.2 (x0.25), projects 0.0 (x0.2), readiness 67.77 (x0.15).",TensorFlow (proficiency 2/5),"Missing: Algorithms, Django, Git, HTML/CSS, Python",Pending
1512,9,386,45.28,0.0,65.8,100.0,58.9,,"Algorithms,Django,Git,HTML/CSS,Python,TensorFlow","Weighted score 45.28: skills 0.0 (x0.4), academics 65.8 (x0.25), projects 100.0 (x0.2), readiness 58.9 (x0.15).",No overlapping skills on record,"Missing: Algorithms, Django, Git, HTML/CSS, Python, TensorFlow",Pending
1513,9,391,42.81,23.33,89.4,0.0,74.2,HTML/CSS,"Algorithms,Django,Git,Python,TensorFlow","Weighted score 42.81: skills 23.33 (x0.4), academics 89.4 (x0.25), projects 0.0 (x0.2), readiness 74.2 (x0.15).",HTML/CSS (proficiency 3/5),"Missing: Algorithms, Django, Git, Python, TensorFlow",Pending
1514,9,393,34.72,20.0,71.5,0.0,58.95,"Git,TensorFlow","Algorithms,Django,HTML/CSS,Python","Weighted score 34.72: skills 20.0 (x0.4), academics 71.5 (x0.25), projects 0.0 (x0.2), readiness 58.95 (x0.15).",Git (proficiency 5/5); TensorFlow (proficiency 2/5),"Missing: Algorithms, Django, HTML/CSS, Python",Pending
1515,9,395,54.42,56.67,78.4,0.0,81.03,"Algorithms,Git,Python","Django,HTML/CSS,TensorFlow","Weighted score 54.42: skills 56.67 (x0.4), academics 78.4 (x0.25), projects 0.0 (x0.2), readiness 81.03 (x0.15).",Algorithms (proficiency 3/5); Git (proficiency 3/5); Python (proficiency 3/5),"Missing: Django, HTML/CSS, TensorFlow",Pending
1516,9,396,48.21,43.33,82.6,0.0,68.18,"Algorithms,Git,TensorFlow","Django,HTML/CSS,Python","Weighted score 48.21: skills 43.33 (x0.4), academics 82.6 (x0.25), projects 0.0 (x0.2), readiness 68.18 (x0.15).",Algorithms (proficiency 1/5); Git (proficiency 3/5); TensorFlow (proficiency 1/5),"Missing: Django, HTML/CSS, Python",Pending
1517,9,397,40.2,23.33,81.7,0.0,69.65,Algorithms,"Django,Git,HTML/CSS,Python,TensorFlow","Weighted score 40.2: skills 23.33 (x0.4), academics 81.7 (x0.25), projects 0.0 (x0.2), readiness 69.65 (x0.15).",Algorithms (proficiency 5/5),"Missing: Django, Git, HTML/CSS, Python, TensorFlow",Pending
1518,9,398,43.33,33.33,80.3,0.0,66.15,"Git,Python","Algorithms,Django,HTML/CSS,TensorFlow","Weighted score 43.33: skills 33.33 (x0.4), academics 80.3 (x0.25), projects 0.0 (x0.2), readiness 66.15 (x0.15).",Git (proficiency 2/5); Python (proficiency 1/5),"Missing: Algorithms, Django, HTML/CSS, TensorFlow",Pending
1519,9,406,32.64,0.0,86.8,0.0,72.9,,"Algorithms,Django,Git,HTML/CSS,Python,TensorFlow","Weighted score 32.64: skills 0.0 (x0.4), academics 86.8 (x0.25), projects 0.0 (x0.2), readiness 72.9 (x0.15).",No overlapping skills on record,"Missing: Algorithms, Django, Git, HTML/CSS, Python, TensorFlow",Pending
1520,9,416,48.84,20.0,92.3,33.33,73.98,"Django,TensorFlow","Algorithms,Git,HTML/CSS,Python","Weighted score 48.84: skills 20.0 (x0.4), academics 92.3 (x0.25), projects 33.33 (x0.2), readiness 73.98 (x0.15).",Django (proficiency 4/5); TensorFlow (proficiency 1/5),"Missing: Algorithms, Git, HTML/CSS, Python",Pending
1521,9,423,39.09,23.33,75.1,0.0,73.22,Algorithms,"Django,Git,HTML/CSS,Python,TensorFlow","Weighted score 39.09: skills 23.33 (x0.4), academics 75.1 (x0.25), projects 0.0 (x0.2), readiness 73.22 (x0.15).",Algorithms (proficiency 4/5),"Missing: Django, Git, HTML/CSS, Python, TensorFlow",Pending
1522,9,436,49.68,56.67,68.8,0.0,65.4,"Algorithms,Python,TensorFlow","Django,Git,HTML/CSS","Weighted score 49.68: skills 56.67 (x0.4), academics 68.8 (x0.25), projects 0.0 (x0.2), readiness 65.4 (x0.15).",Algorithms (proficiency 5/5); Python (proficiency 3/5); TensorFlow (proficiency 4/5),"Missing: Django, Git, HTML/CSS",Pending
1523,9,439,64.28,80.0,82.3,0.0,78.03,"Algorithms,HTML/CSS,Python,TensorFlow","Django,Git","Weighted score 64.28: skills 80.0 (x0.4), academics 82.3 (x0.25), projects 0.0 (x0.2), readiness 78.03 (x0.15).",Algorithms (proficiency 1/5); HTML/CSS (proficiency 3/5); Python (proficiency 4/5); TensorFlow (proficiency 1/5),"Missing: Django, Git",Approved
1524,9,445,68.44,33.33,95.5,100.0,74.92,"Algorithms,Django","Git,HTML/CSS,Python,TensorFlow","Weighted score 68.44: skills 33.33 (x0.4), academics 95.5 (x0.25), projects 100.0 (x0.2), readiness 74.92 (x0.15).",Algorithms (proficiency 3/5); Django (proficiency 5/5),"Missing: Git, HTML/CSS, Python, TensorFlow",Approved
1525,9,446,42.2,33.33,73.7,0.0,69.6,"Django,Python","Algorithms,Git,HTML/CSS,TensorFlow","Weighted score 42.2: skills 33.33 (x0.4), academics 73.7 (x0.25), projects 0.0 (x0.2), readiness 69.6 (x0.15).",Django (proficiency 4/5); Python (proficiency 4/5),"Missing: Algorithms, Git, HTML/CSS, TensorFlow",Pending
1526,9,458,47.22,23.33,69.9,50.0,69.45,HTML/CSS,"Algorithms,Django,Git,Python,TensorFlow","Weighted score 47.22: skills 23.33 (x0.4), academics 69.9 (x0.25), projects 50.0 (x0.2), readiness 69.45 (x0.15).",HTML/CSS (proficiency 4/5),"Missing: Algorithms, Django, Git, Python, TensorFlow",Pending
1527,9,461,31.96,0.0,60.8,33.33,67.28,,"Algorithms,Django,Git,HTML/CSS,Python,TensorFlow","Weighted score 31.96: skills 0.0 (x0.4), academics 60.8 (x0.25), projects 33.33 (x0.2), readiness 67.28 (x0.15).",No overlapping skills on record,"Missing: Algorithms, Django, Git, HTML/CSS, Python, TensorFlow",Pending
1528,9,481,36.82,10.0,89.9,0.0,68.95,TensorFlow,"Algorithms,Django,Git,HTML/CSS,Python","Weighted score 36.82: skills 10.0 (x0.4), academics 89.9 (x0.25), projects 0.0 (x0.2), readiness 68.95 (x0.15).",TensorFlow (proficiency 1/5),"Missing: Algorithms, Django, Git, HTML/CSS, Python",Pending
1529,9,486,38.38,23.33,79.6,0.0,61.0,HTML/CSS,"Algorithms,Django,Git,Python,TensorFlow","Weighted score 38.38: skills 23.33 (x0.4), academics 79.6 (x0.25), projects 0.0 (x0.2), readiness 61.0 (x0.15).",HTML/CSS (proficiency 2/5),"Missing: Algorithms, Django, Git, Python, TensorFlow",Pending
1530,9,494,67.38,43.33,78.6,100.0,69.3,"Algorithms,Git,TensorFlow","Django,HTML/CSS,Python","Weighted score 67.38: skills 43.33 (x0.4), academics 78.6 (x0.25), projects 100.0 (x0.2), readiness 69.3 (x0.15).",Algorithms (proficiency 3/5); Git (proficiency 2/5); TensorFlow (proficiency 4/5),"Missing: Django, HTML/CSS, Python",Approved
1531,9,495,35.95,23.33,66.9,0.0,65.95,HTML/CSS,"Algorithms,Django,Git,Python,TensorFlow","Weighted score 35.95: skills 23.33 (x0.4), academics 66.9 (x0.25), projects 0.0 (x0.2), readiness 65.95 (x0.15).",HTML/CSS (proficiency 2/5),"Missing: Algorithms, Django, Git, Python, TensorFlow",Pending
1532,9,500,48.46,0.0,76.5,100.0,62.25,,"Algorithms,Django,Git,HTML/CSS,Python,TensorFlow","Weighted score 48.46: skills 0.0 (x0.4), academics 76.5 (x0.25), projects 100.0 (x0.2), readiness 62.25 (x0.15).",No overlapping skills on record,"Missing: Algorithms, Django, Git, HTML/CSS, Python, TensorFlow",Pending
1533,10,4,44.2,35.0,76.3,0.0,74.15,C++,"Data Structures,Docker,PostgreSQL,System Design","Weighted score 44.2: skills 35.0 (x0.4), academics 76.3 (x0.25), projects 0.0 (x0.2), readiness 74.15 (x0.15).",C++ (proficiency 1/5),"Missing: Data Structures, Docker, PostgreSQL, System Design",Pending
1534,10,5,46.96,45.0,75.2,0.0,67.72,"Docker,PostgreSQL","C++,Data Structures,System Design","Weighted score 46.96: skills 45.0 (x0.4), academics 75.2 (x0.25), projects 0.0 (x0.2), readiness 67.72 (x0.15).",Docker (proficiency 2/5); PostgreSQL (proficiency 3/5),"Missing: C++, Data Structures, System Design",Pending
1535,10,12,28.41,10.0,62.3,0.0,58.9,Data Structures,"C++,Docker,PostgreSQL,System Design","Weighted score 28.41: skills 10.0 (x0.4), academics 62.3 (x0.25), projects 0.0 (x0.2), readiness 58.9 (x0.15).",Data Structures (proficiency 5/5),"Missing: C++, Docker, PostgreSQL, System Design",Pending
1536,10,13,36.88,10.0,85.8,0.0,76.23,System Design,"C++,Data Structures,Docker,PostgreSQL","Weighted score 36.88: skills 10.0 (x0.4), academics 85.8 (x0.25), projects 0.0 (x0.2), readiness 76.23 (x0.15).",System Design (proficiency 4/5),"Missing: C++, Data Structures, Docker, PostgreSQL",Pending
1537,10,15,31.19,10.0,64.9,0.0,73.12,Docker,"C++,Data Structures,PostgreSQL,System Design","Weighted score 31.19: skills 10.0 (x0.4), academics 64.9 (x0.25), projects 0.0 (x0.2), readiness 73.12 (x0.15).",Docker (proficiency 5/5),"Missing: C++, Data Structures, PostgreSQL, System Design",Pending
1538,10,16,52.42,45.0,91.2,0.0,77.47,"C++,Data Structures","Docker,PostgreSQL,System Design","Weighted score 52.42: skills 45.0 (x0.4), academics 91.2 (x0.25), projects 0.0 (x0.2), readiness 77.47 (x0.15).",C++ (proficiency 4/5); Data Structures (proficiency 2/5),"Missing: Docker, PostgreSQL, System Design",Pending
1539,10,17,57.16,45.0,76.5,50.0,66.92,"Docker,PostgreSQL","C++,Data Structures,System Design","Weighted score 57.16: skills 45.0 (x0.4), academics 76.5 (x0.25), projects 50.0 (x0.2), readiness 66.92 (x0.15).",Docker (proficiency 3/5); PostgreSQL (proficiency 5/5),"Missing: C++, Data Structures, System Design",Pending
1540,10,18,36.25,0.0,94.8,0.0,83.65,,"C++,Data Structures,Docker,PostgreSQL,System Design","Weighted score 36.25: skills 0.0 (x0.4), academics 94.8 (x0.25), projects 0.0 (x0.2), readiness 83.65 (x0.15).",No overlapping skills on record,"Missing: C++, Data Structures, Docker, PostgreSQL, System Design",Pending
1541,10,19,36.26,0.0,88.5,0.0,94.25,,"C++,Data Structures,Docker,PostgreSQL,System Design","Weighted score 36.26: skills 0.0 (x0.4), academics 88.5 (x0.25), projects 0.0 (x0.2), readiness 94.25 (x0.15).",No overlapping skills on record,"Missing: C++, Data Structures, Docker, PostgreSQL, System Design",Pending
1542,10,20,35.11,10.0,81.3,0.0,71.9,Docker,"C++,Data Structures,PostgreSQL,System Design","Weighted score 35.11: skills 10.0 (x0.4), academics 81.3 (x0.25), projects 0.0 (x0.2), readiness 71.9 (x0.15).",Docker (proficiency 2/5),"Missing: C++, Data Structures, PostgreSQL, System Design",Pending
1543,10,21,34.48,10.0,85.0,0.0,61.5,Data Structures,"C++,Docker,PostgreSQL,System Design","Weighted score 34.48: skills 10.0 (x0.4), academics 85.0 (x0.25), projects 0.0 (x0.2), readiness 61.5 (x0.15).",Data Structures (proficiency 1/5),"Missing: C++, Docker, PostgreSQL, System Design",Pending
1544,10,25,33.8,20.0,68.2,0.0,58.35,"Docker,System Design","C++,Data Structures,PostgreSQL","Weighted score 33.8: skills 20.0 (x0.4), academics 68.2 (x0.25), projects 0.0 (x0.2), readiness 58.35 (x0.15).",Docker (proficiency 5/5); System Design (proficiency 2/5),"Missing: C++, Data Structures, PostgreSQL",Pending
1545,10,26,28.4,0.0,66.9,0.0,77.85,,"C++,Data Structures,Docker,PostgreSQL,System Design","Weighted score 28.4: skills 0.0 (x0.4), academics 66.9 (x0.25), projects 0.0 (x0.2), readiness 77.85 (x0.15).",No overlapping skills on record,"Missing: C++, Data Structures, Docker, PostgreSQL, System Design",Pending
1546,10,27,39.86,10.0,94.2,0.0,82.1,Docker,"C++,Data Structures,PostgreSQL,System Design","Weighted score 39.86: skills 10.0 (x0.4), academics 94.2 (x0.25), projects 0.0 (x0.2), readiness 82.1 (x0.15).",Docker (proficiency 3/5),"Missing: C++, Data Structures, PostgreSQL, System Design",Pending
1547,10,29,49.15,45.0,82.0,0.0,71.0,"Docker,PostgreSQL","C++,Data Structures,System Design","Weighted score 49.15: skills 45.0 (x0.4), academics 82.0 (x0.25), projects 0.0 (x0.2), readiness 71.0 (x0.15).",Docker (proficiency 2/5); PostgreSQL (proficiency 2/5),"Missing: C++, Data Structures, System Design",Pending
1548,10,30,39.1,10.0,92.4,0.0,80.0,System Design,"C++,Data Structures,Docker,PostgreSQL","Weighted score 39.1: skills 10.0 (x0.4), academics 92.4 (x0.25), projects 0.0 (x0.2), readiness 80.0 (x0.15).",System Design (proficiency 2/5),"Missing: C++, Data Structures, Docker, PostgreSQL",Pending
1549,10,32,49.38,45.0,79.0,0.0,77.5,"Data Structures,PostgreSQL","C++,Docker,System Design","Weighted score 49.38: skills 45.0 (x0.4), academics 79.0 (x0.25), projects 0.0 (x0.2), readiness 77.5 (x0.15).",Data Structures (proficiency 5/5); PostgreSQL (proficiency 4/5),"Missing: C++, Docker, System Design",Pending
1550,10,34,50.08,35.0,92.8,0.0,85.9,C++,"Data Structures,Docker,PostgreSQL,System Design","Weighted score 50.08: skills 35.0 (x0.4), academics 92.8 (x0.25), projects 0.0 (x0.2), readiness 85.9 (x0.15).",C++ (proficiency 3/5),"Missing: Data Structures, Docker, PostgreSQL, System Design",Pending
1551,10,37,34.75,10.0,79.9,0.0,71.82,Docker,"C++,Data Structures,PostgreSQL,System Design","Weighted score 34.75: skills 10.0 (x0.4), academics 79.9 (x0.25), projects 0.0 (x0.2), readiness 71.82 (x0.15).",Docker (proficiency 1/5),"Missing: C++, Data Structures, PostgreSQL, System Design",Pending
1552,10,39,31.05,10.0,65.7,0.0,70.85,Data Structures,"C++,Docker,PostgreSQL,System Design","Weighted score 31.05: skills 10.0 (x0.4), academics 65.7 (x0.25), projects 0.0 (x0.2), readiness 70.85 (x0.15).",Data Structures (proficiency 4/5),"Missing: C++, Docker, PostgreSQL, System Design",Pending
1553,10,41,66.94,35.0,91.3,100.0,67.45,C++,"Data Structures,Docker,PostgreSQL,System Design","Weighted score 66.94: skills 35.0 (x0.4), academics 91.3 (x0.25), projects 100.0 (x0.2), readiness 67.45 (x0.15).",C++ (proficiency 2/5),"Missing: Data Structures, Docker, PostgreSQL, System Design",Approved
1554,10,42,42.16,35.0,74.1,0.0,64.22,C++,"Data Structures,Docker,PostgreSQL,System Design","Weighted score 42.16: skills 35.0 (x0.4), academics 74.1 (x0.25), projects 0.0 (x0.2), readiness 64.22 (x0.15).",C++ (proficiency 2/5),"Missing: Data Structures, Docker, PostgreSQL, System Design",Pending
1555,10,44,57.71,55.0,93.8,0.0,81.73,"C++,Docker,System Design","Data Structures,PostgreSQL","Weighted score 57.71: skills 55.0 (x0.4), academics 93.8 (x0.25), projects 0.0 (x0.2), readiness 81.73 (x0.15).",C++ (proficiency 3/5); Docker (proficiency 3/5); System Design (proficiency 2/5),"Missing: Data Structures, PostgreSQL",Pending
1556,10,45,43.32,35.0,74.0,0.0,72.12,C++,"Data Structures,Docker,PostgreSQL,System Design","Weighted score 43.32: skills 35.0 (x0.4), academics 74.0 (x0.25), projects 0.0 (x0.2), readiness 72.12 (x0.15).",C++ (proficiency 2/5),"Missing: Data Structures, Docker, PostgreSQL, System Design",Pending
1557,10,46,35.84,0.0,93.8,0.0,82.57,,"C++,Data Structures,Docker,PostgreSQL,System Design","Weighted score 35.84: skills 0.0 (x0.4), academics 93.8 (x0.25), projects 0.0 (x0.2), readiness 82.57 (x0.15).",No overlapping skills on record,"Missing: C++, Data Structures, Docker, PostgreSQL, System Design",Pending
1558,10,48,33.54,10.0,72.7,0.0,75.75,Data Structures,"C++,Docker,PostgreSQL,System Design","Weighted score 33.54: skills 10.0 (x0.4), academics 72.7 (x0.25), projects 0.0 (x0.2), readiness 75.75 (x0.15).",Data Structures (proficiency 2/5),"Missing: C++, Docker, PostgreSQL, System Design",Pending
1559,10,51,24.5,0.0,62.0,0.0,60.0,,"C++,Data Structures,Docker,PostgreSQL,System Design","Weighted score 24.5: skills 0.0 (x0.4), academics 62.0 (x0.25), projects 0.0 (x0.2), readiness 60.0 (x0.15).",No overlapping skills on record,"Missing: C++, Data Structures, Docker, PostgreSQL, System Design",Pending
1560,10,54,49.77,45.0,63.4,33.33,61.7,"C++,Data Structures","Docker,PostgreSQL,System Design","Weighted score 49.77: skills 45.0 (x0.4), academics 63.4 (x0.25), projects 33.33 (x0.2), readiness 61.7 (x0.15).",C++ (proficiency 4/5); Data Structures (proficiency 1/5),"Missing: Docker, PostgreSQL, System Design",Pending
1561,10,63,53.37,35.0,85.1,33.33,76.22,PostgreSQL,"C++,Data Structures,Docker,System Design","Weighted score 53.37: skills 35.0 (x0.4), academics 85.1 (x0.25), projects 33.33 (x0.2), readiness 76.22 (x0.15).",PostgreSQL (proficiency 3/5),"Missing: C++, Data Structures, Docker, System Design",Pending
1562,10,64,41.88,20.0,61.0,50.0,57.5,"Data Structures,System Design","C++,Docker,PostgreSQL","Weighted score 41.88: skills 20.0 (x0.4), academics 61.0 (x0.25), projects 50.0 (x0.2), readiness 57.5 (x0.15).",Data Structures (proficiency 2/5); System Design (proficiency 5/5),"Missing: C++, Docker, PostgreSQL",Pending
1563,10,65,39.74,35.0,67.3,0.0,59.4,PostgreSQL,"C++,Data Structures,Docker,System Design","Weighted score 39.74: skills 35.0 (x0.4), academics 67.3 (x0.25), projects 0.0 (x0.2), readiness 59.4 (x0.15).",PostgreSQL (proficiency 1/5),"Missing: C++, Data Structures, Docker, System Design",Pending
1564,10,71,49.65,10.0,81.2,66.67,80.1,Data Structures,"C++,Docker,PostgreSQL,System Design","Weighted score 49.65: skills 10.0 (x0.4), academics 81.2 (x0.25), projects 66.67 (x0.2), readiness 80.1 (x0.15).",Data Structures (proficiency 5/5),"Missing: C++, Docker, PostgreSQL, System Design",Pending
1565,10,72,33.04,0.0,91.5,0.0,67.75,,"C++,Data Structures,Docker,PostgreSQL,System Design","Weighted score 33.04: skills 0.0 (x0.4), academics 91.5 (x0.25), projects 0.0 (x0.2), readiness 67.75 (x0.15).",No overlapping skills on record,"Missing: C++, Data Structures, Docker, PostgreSQL, System Design",Pending
1566,10,77,57.47,80.0,63.0,0.0,64.83,"C++,Docker,PostgreSQL","Data Structures,System Design","Weighted score 57.47: skills 80.0 (x0.4), academics 63.0 (x0.25), projects 0.0 (x0.2), readiness 64.83 (x0.15).",C++ (proficiency 5/5); Docker (proficiency 5/5); PostgreSQL (proficiency 2/5),"Missing: Data Structures, System Design",Pending
1567,10,79,36.99,10.0,90.8,0.0,68.6,Docker,"C++,Data Structures,PostgreSQL,System Design","Weighted score 36.99: skills 10.0 (x0.4), academics 90.8 (x0.25), projects 0.0 (x0.2), readiness 68.6 (x0.15).",Docker (proficiency 5/5),"Missing: C++, Data Structures, PostgreSQL, System Design",Pending
1568,10,86,54.08,45.0,96.7,0.0,79.35,"C++,System Design","Data Structures,Docker,PostgreSQL","Weighted score 54.08: skills 45.0 (x0.4), academics 96.7 (x0.25), projects 0.0 (x0.2), readiness 79.35 (x0.15).",C++ (proficiency 3/5); System Design (proficiency 2/5),"Missing: Data Structures, Docker, PostgreSQL",Pending
1569,10,87,26.96,0.0,63.9,0.0,73.2,,"C++,Data Structures,Docker,PostgreSQL,System Design","Weighted score 26.96: skills 0.0 (x0.4), academics 63.9 (x0.25), projects 0.0 (x0.2), readiness 73.2 (x0.15).",No overlapping skills on record,"Missing: C++, Data Structures, Docker, PostgreSQL, System Design",Pending
1570,10,94,50.54,35.0,94.2,0.0,86.6,PostgreSQL,"C++,Data Structures,Docker,System Design","Weighted score 50.54: skills 35.0 (x0.4), academics 94.2 (x0.25), projects 0.0 (x0.2), readiness 86.6 (x0.15).",PostgreSQL (proficiency 3/5),"Missing: C++, Data Structures, Docker, System Design",Pending
1571,10,95,36.24,10.0,84.9,0.0,73.45,Docker,"C++,Data Structures,PostgreSQL,System Design","Weighted score 36.24: skills 10.0 (x0.4), academics 84.9 (x0.25), projects 0.0 (x0.2), readiness 73.45 (x0.15).",Docker (proficiency 2/5),"Missing: C++, Data Structures, PostgreSQL, System Design",Pending
1572,10,96,42.64,45.0,65.1,0.0,55.75,"C++,Data Structures","Docker,PostgreSQL,System Design","Weighted score 42.64: skills 45.0 (x0.4), academics 65.1 (x0.25), projects 0.0 (x0.2), readiness 55.75 (x0.15).",C++ (proficiency 2/5); Data Structures (proficiency 1/5),"Missing: Docker, PostgreSQL, System Design",Pending
1573,10,97,46.93,45.0,72.4,0.0,72.2,"C++,Data Structures","Docker,PostgreSQL,System Design","Weighted score 46.93: skills 45.0 (x0.4), academics 72.4 (x0.25), projects 0.0 (x0.2), readiness 72.2 (x0.15).",C++ (proficiency 4/5); Data Structures (proficiency 3/5),"Missing: Docker, PostgreSQL, System Design",Pending
1574,10,98,71.14,80.0,83.3,33.33,77.65,"C++,Docker,PostgreSQL","Data Structures,System Design","Weighted score 71.14: skills 80.0 (x0.4), academics 83.3 (x0.25), projects 33.33 (x0.2), readiness 77.65 (x0.15).",C++ (proficiency 3/5); Docker (proficiency 4/5); PostgreSQL (proficiency 2/5),"Missing: Data Structures, System Design",Approved
1575,10,99,36.1,0.0,66.0,50.0,64.0,,"C++,Data Structures,Docker,PostgreSQL,System Design","Weighted score 36.1: skills 0.0 (x0.4), academics 66.0 (x0.25), projects 50.0 (x0.2), readiness 64.0 (x0.15).",No overlapping skills on record,"Missing: C++, Data Structures, Docker, PostgreSQL, System Design",Pending
1576,10,100,47.14,35.0,60.8,33.33,75.15,C++,"Data Structures,Docker,PostgreSQL,System Design","Weighted score 47.14: skills 35.0 (x0.4), academics 60.8 (x0.25), projects 33.33 (x0.2), readiness 75.15 (x0.15).",C++ (proficiency 5/5),"Missing: Data Structures, Docker, PostgreSQL, System Design",Pending
1577,10,103,36.08,10.0,89.0,0.0,65.5,System Design,"C++,Data Structures,Docker,PostgreSQL","Weighted score 36.08: skills 10.0 (x0.4), academics 89.0 (x0.25), projects 0.0 (x0.2), readiness 65.5 (x0.15).",System Design (proficiency 2/5),"Missing: C++, Data Structures, Docker, PostgreSQL",Pending
1578,10,104,39.75,10.0,95.8,0.0,78.65,System Design,"C++,Data Structures,Docker,PostgreSQL","Weighted score 39.75: skills 10.0 (x0.4), academics 95.8 (x0.25), projects 0.0 (x0.2), readiness 78.65 (x0.15).",System Design (proficiency 1/5),"Missing: C++, Data Structures, Docker, PostgreSQL",Pending
1579,10,105,45.82,45.0,71.3,0.0,66.65,"Docker,PostgreSQL","C++,Data Structures,System Design","Weighted score 45.82: skills 45.0 (x0.4), academics 71.3 (x0.25), projects 0.0 (x0.2), readiness 66.65 (x0.15).",Docker (proficiency 5/5); PostgreSQL (proficiency 5/5),"Missing: C++, Data Structures, System Design",Pending
1580,10,108,31.45,0.0,61.8,33.33,62.23,,"C++,Data Structures,Docker,PostgreSQL,System Design","Weighted score 31.45: skills 0.0 (x0.4), academics 61.8 (x0.25), projects 33.33 (x0.2), readiness 62.23 (x0.15).",No overlapping skills on record,"Missing: C++, Data Structures, Docker, PostgreSQL, System Design",Pending
1581,10,113,42.99,10.0,79.6,33.33,82.8,Docker,"C++,Data Structures,PostgreSQL,System Design","Weighted score 42.99: skills 10.0 (x0.4), academics 79.6 (x0.25), projects 33.33 (x0.2), readiness 82.8 (x0.15).",Docker (proficiency 5/5),"Missing: C++, Data Structures, PostgreSQL, System Design",Pending
1582,10,120,42.38,10.0,72.2,50.0,68.85,Data Structures,"C++,Docker,PostgreSQL,System Design","Weighted score 42.38: skills 10.0 (x0.4), academics 72.2 (x0.25), projects 50.0 (x0.2), readiness 68.85 (x0.15).",Data Structures (proficiency 2/5),"Missing: C++, Docker, PostgreSQL, System Design",Pending
1583,10,122,42.96,45.0,64.0,0.0,59.75,"C++,Data Structures","Docker,PostgreSQL,System Design","Weighted score 42.96: skills 45.0 (x0.4), academics 64.0 (x0.25), projects 0.0 (x0.2), readiness 59.75 (x0.15).",C++ (proficiency 3/5); Data Structures (proficiency 1/5),"Missing: Docker, PostgreSQL, System Design",Pending
1584,10,123,54.01,55.0,85.1,0.0,71.55,"C++,Docker,System Design","Data Structures,PostgreSQL","Weighted score 54.01: skills 55.0 (x0.4), academics 85.1 (x0.25), projects 0.0 (x0.2), readiness 71.55 (x0.15).",C++ (proficiency 3/5); Docker (proficiency 2/5); System Design (proficiency 5/5),"Missing: Data Structures, PostgreSQL",Pending
1585,10,132,41.42,35.0,70.6,0.0,65.13,PostgreSQL,"C++,Data Structures,Docker,System Design","Weighted score 41.42: skills 35.0 (x0.4), academics 70.6 (x0.25), projects 0.0 (x0.2), readiness 65.13 (x0.15).",PostgreSQL (proficiency 3/5),"Missing: C++, Data Structures, Docker, System Design",Pending
1586,10,134,30.45,0.0,81.7,0.0,66.85,,"C++,Data Structures,Docker,PostgreSQL,System Design","Weighted score 30.45: skills 0.0 (x0.4), academics 81.7 (x0.25), projects 0.0 (x0.2), readiness 66.85 (x0.15).",No overlapping skills on record,"Missing: C++, Data Structures, Docker, PostgreSQL, System Design",Pending
1587,10,138,45.54,0.0,67.4,100.0,57.95,,"C++,Data Structures,Docker,PostgreSQL,System Design","Weighted score 45.54: skills 0.0 (x0.4), academics 67.4 (x0.25), projects 100.0 (x0.2), readiness 57.95 (x0.15).",No overlapping skills on record,"Missing: C++, Data Structures, Docker, PostgreSQL, System Design",Pending
1588,10,139,31.65,10.0,73.3,0.0,62.15,Docker,"C++,Data Structures,PostgreSQL,System Design","Weighted score 31.65: skills 10.0 (x0.4), academics 73.3 (x0.25), projects 0.0 (x0.2), readiness 62.15 (x0.15).",Docker (proficiency 2/5),"Missing: C++, Data Structures, PostgreSQL, System Design",Pending
1589,10,140,44.52,10.0,87.0,33.33,80.67,Docker,"C++,Data Structures,PostgreSQL,System Design","Weighted score 44.52: skills 10.0 (x0.4), academics 87.0 (x0.25), projects 33.33 (x0.2), readiness 80.67 (x0.15).",Docker (proficiency 4/5),"Missing: C++, Data Structures, PostgreSQL, System Design",Pending
1590,10,141,27.74,0.0,73.2,0.0,62.93,,"C++,Data Structures,Docker,PostgreSQL,System Design","Weighted score 27.74: skills 0.0 (x0.4), academics 73.2 (x0.25), projects 0.0 (x0.2), readiness 62.93 (x0.15).",No overlapping skills on record,"Missing: C++, Data Structures, Docker, PostgreSQL, System Design",Pending
1591,10,142,32.42,0.0,79.9,0.0,82.95,,"C++,Data Structures,Docker,PostgreSQL,System Design","Weighted score 32.42: skills 0.0 (x0.4), academics 79.9 (x0.25), projects 0.0 (x0.2), readiness 82.95 (x0.15).",No overlapping skills on record,"Missing: C++, Data Structures, Docker, PostgreSQL, System Design",Pending
1592,10,145,38.75,35.0,64.7,0.0,57.18,C++,"Data Structures,Docker,PostgreSQL,System Design","Weighted score 38.75: skills 35.0 (x0.4), academics 64.7 (x0.25), projects 0.0 (x0.2), readiness 57.18 (x0.15).",C++ (proficiency 4/5),"Missing: Data Structures, Docker, PostgreSQL, System Design",Pending
1593,10,146,49.73,45.0,78.6,0.0,80.55,"Docker,PostgreSQL","C++,Data Structures,System Design","Weighted score 49.73: skills 45.0 (x0.4), academics 78.6 (x0.25), projects 0.0 (x0.2), readiness 80.55 (x0.15).",Docker (proficiency 3/5); PostgreSQL (proficiency 2/5),"Missing: C++, Data Structures, System Design",Pending
1594,10,147,29.26,0.0,71.2,0.0,76.4,,"C++,Data Structures,Docker,PostgreSQL,System Design","Weighted score 29.26: skills 0.0 (x0.4), academics 71.2 (x0.25), projects 0.0 (x0.2), readiness 76.4 (x0.15).",No overlapping skills on record,"Missing: C++, Data Structures, Docker, PostgreSQL, System Design",Pending
1595,10,149,33.41,10.0,79.7,0.0,63.22,System Design,"C++,Data Structures,Docker,PostgreSQL","Weighted score 33.41: skills 10.0 (x0.4), academics 79.7 (x0.25), projects 0.0 (x0.2), readiness 63.22 (x0.15).",System Design (proficiency 3/5),"Missing: C++, Data Structures, Docker, PostgreSQL",Pending
1596,10,150,29.29,0.0,76.1,0.0,68.42,,"C++,Data Structures,Docker,PostgreSQL,System Design","Weighted score 29.29: skills 0.0 (x0.4), academics 76.1 (x0.25), projects 0.0 (x0.2), readiness 68.42 (x0.15).",No overlapping skills on record,"Missing: C++, Data Structures, Docker, PostgreSQL, System Design",Pending
1597,10,151,54.72,10.0,93.8,66.67,92.9,Docker,"C++,Data Structures,PostgreSQL,System Design","Weighted score 54.72: skills 10.0 (x0.4), academics 93.8 (x0.25), projects 66.67 (x0.2), readiness 92.9 (x0.15).",Docker (proficiency 5/5),"Missing: C++, Data Structures, PostgreSQL, System Design",Pending
1598,10,152,68.11,55.0,81.0,66.67,83.5,"Data Structures,Docker,PostgreSQL","C++,System Design","Weighted score 68.11: skills 55.0 (x0.4), academics 81.0 (x0.25), projects 66.67 (x0.2), readiness 83.5 (x0.15).",Data Structures (proficiency 5/5); Docker (proficiency 5/5); PostgreSQL (proficiency 2/5),"Missing: C++, System Design",Approved
1599,10,153,44.4,20.0,97.7,0.0,79.85,"Data Structures,System Design","C++,Docker,PostgreSQL","Weighted score 44.4: skills 20.0 (x0.4), academics 97.7 (x0.25), projects 0.0 (x0.2), readiness 79.85 (x0.15).",Data Structures (proficiency 5/5); System Design (proficiency 2/5),"Missing: C++, Docker, PostgreSQL",Pending
1600,10,158,58.98,35.0,65.8,100.0,56.9,PostgreSQL,"C++,Data Structures,Docker,System Design","Weighted score 58.98: skills 35.0 (x0.4), academics 65.8 (x0.25), projects 100.0 (x0.2), readiness 56.9 (x0.15).",PostgreSQL (proficiency 1/5),"Missing: C++, Data Structures, Docker, System Design",Pending
1601,10,159,31.85,0.0,86.0,0.0,69.0,,"C++,Data Structures,Docker,PostgreSQL,System Design","Weighted score 31.85: skills 0.0 (x0.4), academics 86.0 (x0.25), projects 0.0 (x0.2), readiness 69.0 (x0.15).",No overlapping skills on record,"Missing: C++, Data Structures, Docker, PostgreSQL, System Design",Pending
1602,10,160,24.9,0.0,63.7,0.0,59.85,,"C++,Data Structures,Docker,PostgreSQL,System Design","Weighted score 24.9: skills 0.0 (x0.4), academics 63.7 (x0.25), projects 0.0 (x0.2), readiness 59.85 (x0.15).",No overlapping skills on record,"Missing: C++, Data Structures, Docker, PostgreSQL, System Design",Pending
1603,10,162,64.48,80.0,63.9,33.33,65.62,"C++,Docker,PostgreSQL","Data Structures,System Design","Weighted score 64.48: skills 80.0 (x0.4), academics 63.9 (x0.25), projects 33.33 (x0.2), readiness 65.62 (x0.15).",C++ (proficiency 3/5); Docker (proficiency 3/5); PostgreSQL (proficiency 2/5),"Missing: Data Structures, System Design",Approved
1604,10,163,59.82,35.0,67.0,100.0,60.5,PostgreSQL,"C++,Data Structures,Docker,System Design","Weighted score 59.82: skills 35.0 (x0.4), academics 67.0 (x0.25), projects 100.0 (x0.2), readiness 60.5 (x0.15).",PostgreSQL (proficiency 5/5),"Missing: C++, Data Structures, Docker, System Design",Pending
1605,10,167,60.56,70.0,66.3,33.33,62.15,"C++,PostgreSQL","Data Structures,Docker,System Design","Weighted score 60.56: skills 70.0 (x0.4), academics 66.3 (x0.25), projects 33.33 (x0.2), readiness 62.15 (x0.15).",C++ (proficiency 1/5); PostgreSQL (proficiency 1/5),"Missing: Data Structures, Docker, System Design",Approved
1606,10,169,36.12,10.0,89.0,0.0,65.83,System Design,"C++,Data Structures,Docker,PostgreSQL","Weighted score 36.12: skills 10.0 (x0.4), academics 89.0 (x0.25), projects 0.0 (x0.2), readiness 65.83 (x0.15).",System Design (proficiency 1/5),"Missing: C++, Data Structures, Docker, PostgreSQL",Pending
1607,10,170,57.45,55.0,63.2,50.0,64.35,"C++,Data Structures,System Design","Docker,PostgreSQL","Weighted score 57.45: skills 55.0 (x0.4), academics 63.2 (x0.25), projects 50.0 (x0.2), readiness 64.35 (x0.15).",C++ (proficiency 4/5); Data Structures (proficiency 4/5); System Design (proficiency 2/5),"Missing: Docker, PostgreSQL",Pending
1608,10,178,32.51,0.0,86.4,0.0,72.7,,"C++,Data Structures,Docker,PostgreSQL,System Design","Weighted score 32.51: skills 0.0 (x0.4), academics 86.4 (x0.25), projects 0.0 (x0.2), readiness 72.7 (x0.15).",No overlapping skills on record,"Missing: C++, Data Structures, Docker, PostgreSQL, System Design",Pending
1609,10,179,65.29,80.0,86.9,0.0,77.12,"C++,PostgreSQL,System Design","Data Structures,Docker","Weighted score 65.29: skills 80.0 (x0.4), academics 86.9 (x0.25), projects 0.0 (x0.2), readiness 77.12 (x0.15).",C++ (proficiency 1/5); PostgreSQL (proficiency 3/5); System Design (proficiency 3/5),"Missing: Data Structures, Docker",Approved
1610,10,180,43.78,45.0,61.1,0.0,70.05,"C++,Docker","Data Structures,PostgreSQL,System Design","Weighted score 43.78: skills 45.0 (x0.4), academics 61.1 (x0.25), projects 0.0 (x0.2), readiness 70.05 (x0.15).",C++ (proficiency 1/5); Docker (proficiency 2/5),"Missing: Data Structures, PostgreSQL, System Design",Pending
1611,10,181,36.16,10.0,84.1,0.0,74.22,Data Structures,"C++,Docker,PostgreSQL,System Design","Weighted score 36.16: skills 10.0 (x0.4), academics 84.1 (x0.25), projects 0.0 (x0.2), readiness 74.22 (x0.15).",Data Structures (proficiency 4/5),"Missing: C++, Docker, PostgreSQL, System Design",Pending
1612,10,188,41.19,0.0,69.5,66.67,69.88,,"C++,Data Structures,Docker,PostgreSQL,System Design","Weighted score 41.19: skills 0.0 (x0.4), academics 69.5 (x0.25), projects 66.67 (x0.2), readiness 69.88 (x0.15).",No overlapping skills on record,"Missing: C++, Data Structures, Docker, PostgreSQL, System Design",Pending
1613,10,189,28.64,10.0,61.5,0.0,61.75,Docker,"C++,Data Structures,PostgreSQL,System Design","Weighted score 28.64: skills 10.0 (x0.4), academics 61.5 (x0.25), projects 0.0 (x0.2), readiness 61.75 (x0.15).",Docker (proficiency 4/5),"Missing: C++, Data Structures, PostgreSQL, System Design",Pending
1614,10,191,60.5,45.0,84.3,50.0,76.15,"C++,Docker","Data Structures,PostgreSQL,System Design","Weighted score 60.5: skills 45.0 (x0.4), academics 84.3 (x0.25), projects 50.0 (x0.2), readiness 76.15 (x0.15).",C++ (proficiency 2/5); Docker (proficiency 5/5),"Missing: Data Structures, PostgreSQL, System Design",Approved
1615,10,196,41.96,35.0,72.1,0.0,66.25,PostgreSQL,"C++,Data Structures,Docker,System Design","Weighted score 41.96: skills 35.0 (x0.4), academics 72.1 (x0.25), projects 0.0 (x0.2), readiness 66.25 (x0.15).",PostgreSQL (proficiency 3/5),"Missing: C++, Data Structures, Docker, System Design",Pending
1616,10,199,50.83,45.0,86.7,0.0,74.35,"C++,System Design","Data Structures,Docker,PostgreSQL","Weighted score 50.83: skills 45.0 (x0.4), academics 86.7 (x0.25), projects 0.0 (x0.2), readiness 74.35 (x0.15).",C++ (proficiency 5/5); System Design (proficiency 3/5),"Missing: Data Structures, Docker, PostgreSQL",Pending
1617,10,204,42.03,35.0,66.4,0.0,76.2,PostgreSQL,"C++,Data Structures,Docker,System Design","Weighted score 42.03: skills 35.0 (x0.4), academics 66.4 (x0.25), projects 0.0 (x0.2), readiness 76.2 (x0.15).",PostgreSQL (proficiency 5/5),"Missing: C++, Data Structures, Docker, System Design",Pending
1618,10,209,44.23,0.0,92.4,50.0,74.2,,"C++,Data Structures,Docker,PostgreSQL,System Design","Weighted score 44.23: skills 0.0 (x0.4), academics 92.4 (x0.25), projects 50.0 (x0.2), readiness 74.2 (x0.15).",No overlapping skills on record,"Missing: C++, Data Structures, Docker, PostgreSQL, System Design",Pending
1619,10,211,59.63,10.0,95.7,100.0,78.05,System Design,"C++,Data Structures,Docker,PostgreSQL","Weighted score 59.63: skills 10.0 (x0.4), academics 95.7 (x0.25), projects 100.0 (x0.2), readiness 78.05 (x0.15).",System Design (proficiency 4/5),"Missing: C++, Data Structures, Docker, PostgreSQL",Pending
1620,10,218,46.01,55.0,64.3,0.0,52.9,"Data Structures,Docker,PostgreSQL","C++,System Design","Weighted score 46.01: skills 55.0 (x0.4), academics 64.3 (x0.25), projects 0.0 (x0.2), readiness 52.9 (x0.15).",Data Structures (proficiency 1/5); Docker (proficiency 4/5); PostgreSQL (proficiency 3/5),"Missing: C++, System Design",Pending
1621,10,221,64.31,90.0,72.8,0.0,67.4,"C++,Docker,PostgreSQL,System Design",Data Structures,"Weighted score 64.31: skills 90.0 (x0.4), academics 72.8 (x0.25), projects 0.0 (x0.2), readiness 67.4 (x0.15).",C++ (proficiency 3/5); Docker (proficiency 3/5); PostgreSQL (proficiency 5/5); System Design (proficiency 3/5),Missing: Data Structures,Approved
1622,10,234,45.3,35.0,83.9,0.0,68.82,C++,"Data Structures,Docker,PostgreSQL,System Design","Weighted score 45.3: skills 35.0 (x0.4), academics 83.9 (x0.25), projects 0.0 (x0.2), readiness 68.82 (x0.15).",C++ (proficiency 4/5),"Missing: Data Structures, Docker, PostgreSQL, System Design",Pending
1623,10,236,37.18,10.0,89.4,0.0,72.2,Docker,"C++,Data Structures,PostgreSQL,System Design","Weighted score 37.18: skills 10.0 (x0.4), academics 89.4 (x0.25), projects 0.0 (x0.2), readiness 72.2 (x0.15).",Docker (proficiency 2/5),"Missing: C++, Data Structures, PostgreSQL, System Design",Pending
1624,10,248,50.5,55.0,77.7,0.0,60.48,"Data Structures,Docker,PostgreSQL","C++,System Design","Weighted score 50.5: skills 55.0 (x0.4), academics 77.7 (x0.25), projects 0.0 (x0.2), readiness 60.48 (x0.15).",Data Structures (proficiency 1/5); Docker (proficiency 4/5); PostgreSQL (proficiency 3/5),"Missing: C++, System Design",Pending
1625,10,249,28.95,0.0,80.3,0.0,59.15,,"C++,Data Structures,Docker,PostgreSQL,System Design","Weighted score 28.95: skills 0.0 (x0.4), academics 80.3 (x0.25), projects 0.0 (x0.2), readiness 59.15 (x0.15).",No overlapping skills on record,"Missing: C++, Data Structures, Docker, PostgreSQL, System Design",Pending
1626,10,257,40.49,0.0,81.0,33.33,90.5,,"C++,Data Structures,Docker,PostgreSQL,System Design","Weighted score 40.49: skills 0.0 (x0.4), academics 81.0 (x0.25), projects 33.33 (x0.2), readiness 90.5 (x0.15).",No overlapping skills on record,"Missing: C++, Data Structures, Docker, PostgreSQL, System Design",Pending
1627,10,260,33.19,0.0,83.9,0.0,81.45,,"C++,Data Structures,Docker,PostgreSQL,System Design","Weighted score 33.19: skills 0.0 (x0.4), academics 83.9 (x0.25), projects 0.0 (x0.2), readiness 81.45 (x0.15).",No overlapping skills on record,"Missing: C++, Data Structures, Docker, PostgreSQL, System Design",Pending
1628,10,264,70.32,55.0,71.9,100.0,68.95,"C++,Data Structures,Docker","PostgreSQL,System Design","Weighted score 70.32: skills 55.0 (x0.4), academics 71.9 (x0.25), projects 100.0 (x0.2), readiness 68.95 (x0.15).",C++ (proficiency 3/5); Data Structures (proficiency 5/5); Docker (proficiency 1/5),"Missing: PostgreSQL, System Design",Approved
1629,10,274,37.96,10.0,93.8,0.0,70.1,Docker,"C++,Data Structures,PostgreSQL,System Design","Weighted score 37.96: skills 10.0 (x0.4), academics 93.8 (x0.25), projects 0.0 (x0.2), readiness 70.1 (x0.15).",Docker (proficiency 3/5),"Missing: C++, Data Structures, PostgreSQL, System Design",Pending
1630,10,276,52.31,10.0,73.8,100.0,65.7,Docker,"C++,Data Structures,PostgreSQL,System Design","Weighted score 52.31: skills 10.0 (x0.4), academics 73.8 (x0.25), projects 100.0 (x0.2), readiness 65.7 (x0.15).",Docker (proficiency 5/5),"Missing: C++, Data Structures, PostgreSQL, System Design",Pending
1631,10,280,50.04,10.0,62.6,100.0,69.3,System Design,"C++,Data Structures,Docker,PostgreSQL","Weighted score 50.04: skills 10.0 (x0.4), academics 62.6 (x0.25), projects 100.0 (x0.2), readiness 69.3 (x0.15).",System Design (proficiency 5/5),"Missing: C++, Data Structures, Docker, PostgreSQL",Pending
1632,10,281,35.03,0.0,95.8,0.0,73.9,,"C++,Data Structures,Docker,PostgreSQL,System Design","Weighted score 35.03: skills 0.0 (x0.4), academics 95.8 (x0.25), projects 0.0 (x0.2), readiness 73.9 (x0.15).",No overlapping skills on record,"Missing: C++, Data Structures, Docker, PostgreSQL, System Design",Pending
1633,10,282,29.37,10.0,65.6,0.0,59.8,Docker,"C++,Data Structures,PostgreSQL,System Design","Weighted score 29.37: skills 10.0 (x0.4), academics 65.6 (x0.25), projects 0.0 (x0.2), readiness 59.8 (x0.15).",Docker (proficiency 1/5),"Missing: C++, Data Structures, PostgreSQL, System Design",Pending
1634,10,283,32.24,0.0,89.2,0.0,66.27,,"C++,Data Structures,Docker,PostgreSQL,System Design","Weighted score 32.24: skills 0.0 (x0.4), academics 89.2 (x0.25), projects 0.0 (x0.2), readiness 66.27 (x0.15).",No overlapping skills on record,"Missing: C++, Data Structures, Docker, PostgreSQL, System Design",Pending
1635,10,286,49.69,45.0,83.2,0.0,72.6,"Docker,PostgreSQL","C++,Data Structures,System Design","Weighted score 49.69: skills 45.0 (x0.4), academics 83.2 (x0.25), projects 0.0 (x0.2), readiness 72.6 (x0.15).",Docker (proficiency 2/5); PostgreSQL (proficiency 1/5),"Missing: C++, Data Structures, System Design",Pending
1636,10,287,34.4,20.0,68.6,0.0,61.7,"Data Structures,Docker","C++,PostgreSQL,System Design","Weighted score 34.4: skills 20.0 (x0.4), academics 68.6 (x0.25), projects 0.0 (x0.2), readiness 61.7 (x0.15).",Data Structures (proficiency 1/5); Docker (proficiency 5/5),"Missing: C++, PostgreSQL, System Design",Pending
1637,10,288,41.95,35.0,69.0,0.0,71.33,C++,"Data Structures,Docker,PostgreSQL,System Design","Weighted score 41.95: skills 35.0 (x0.4), academics 69.0 (x0.25), projects 0.0 (x0.2), readiness 71.33 (x0.15).",C++ (proficiency 2/5),"Missing: Data Structures, Docker, PostgreSQL, System Design",Pending
1638,10,290,27.4,0.0,72.3,0.0,62.15,,"C++,Data Structures,Docker,PostgreSQL,System Design","Weighted score 27.4: skills 0.0 (x0.4), academics 72.3 (x0.25), projects 0.0 (x0.2), readiness 62.15 (x0.15).",No overlapping skills on record,"Missing: C++, Data Structures, Docker, PostgreSQL, System Design",Pending
1639,10,292,28.78,10.0,61.8,0.0,62.23,Data Structures,"C++,Docker,PostgreSQL,System Design","Weighted score 28.78: skills 10.0 (x0.4), academics 61.8 (x0.25), projects 0.0 (x0.2), readiness 62.23 (x0.15).",Data Structures (proficiency 2/5),"Missing: C++, Docker, PostgreSQL, System Design",Pending
1640,10,297,50.44,45.0,85.5,0.0,73.75,"C++,Data Structures","Docker,PostgreSQL,System Design","Weighted score 50.44: skills 45.0 (x0.4), academics 85.5 (x0.25), projects 0.0 (x0.2), readiness 73.75 (x0.15).",C++ (proficiency 5/5); Data Structures (proficiency 1/5),"Missing: Docker, PostgreSQL, System Design",Pending
1641,10,298,32.92,0.0,82.1,0.0,82.65,,"C++,Data Structures,Docker,PostgreSQL,System Design","Weighted score 32.92: skills 0.0 (x0.4), academics 82.1 (x0.25), projects 0.0 (x0.2), readiness 82.65 (x0.15).",No overlapping skills on record,"Missing: C++, Data Structures, Docker, PostgreSQL, System Design",Pending
1642,10,299,65.13,45.0,96.3,50.0,87.02,"C++,System Design","Data Structures,Docker,PostgreSQL","Weighted score 65.13: skills 45.0 (x0.4), academics 96.3 (x0.25), projects 50.0 (x0.2), readiness 87.02 (x0.15).",C++ (proficiency 5/5); System Design (proficiency 3/5),"Missing: Data Structures, Docker, PostgreSQL",Approved
1643,10,300,26.06,10.0,56.8,0.0,52.4,System Design,"C++,Data Structures,Docker,PostgreSQL","Weighted score 26.06: skills 10.0 (x0.4), academics 56.8 (x0.25), projects 0.0 (x0.2), readiness 52.4 (x0.15).",System Design (proficiency 5/5),"Missing: C++, Data Structures, Docker, PostgreSQL",Pending
1644,10,301,32.35,0.0,84.0,0.0,75.67,,"C++,Data Structures,Docker,PostgreSQL,System Design","Weighted score 32.35: skills 0.0 (x0.4), academics 84.0 (x0.25), projects 0.0 (x0.2), readiness 75.67 (x0.15).",No overlapping skills on record,"Missing: C++, Data Structures, Docker, PostgreSQL, System Design",Pending
1645,10,305,24.49,0.0,61.2,0.0,61.27,,"C++,Data Structures,Docker,PostgreSQL,System Design","Weighted score 24.49: skills 0.0 (x0.4), academics 61.2 (x0.25), projects 0.0 (x0.2), readiness 61.27 (x0.15).",No overlapping skills on record,"Missing: C++, Data Structures, Docker, PostgreSQL, System Design",Pending
1646,10,308,37.94,10.0,88.4,0.0,78.95,Docker,"C++,Data Structures,PostgreSQL,System Design","Weighted score 37.94: skills 10.0 (x0.4), academics 88.4 (x0.25), projects 0.0 (x0.2), readiness 78.95 (x0.15).",Docker (proficiency 5/5),"Missing: C++, Data Structures, PostgreSQL, System Design",Pending
1647,10,309,46.36,20.0,73.5,50.0,66.58,"Data Structures,System Design","C++,Docker,PostgreSQL","Weighted score 46.36: skills 20.0 (x0.4), academics 73.5 (x0.25), projects 50.0 (x0.2), readiness 66.58 (x0.15).",Data Structures (proficiency 4/5); System Design (proficiency 4/5),"Missing: C++, Docker, PostgreSQL",Pending
1648,10,310,36.64,10.0,84.9,0.0,76.12,Data Structures,"C++,Docker,PostgreSQL,System Design","Weighted score 36.64: skills 10.0 (x0.4), academics 84.9 (x0.25), projects 0.0 (x0.2), readiness 76.12 (x0.15).",Data Structures (proficiency 3/5),"Missing: C++, Docker, PostgreSQL, System Design",Pending
1649,10,311,34.61,0.0,94.5,0.0,73.25,,"C++,Data Structures,Docker,PostgreSQL,System Design","Weighted score 34.61: skills 0.0 (x0.4), academics 94.5 (x0.25), projects 0.0 (x0.2), readiness 73.25 (x0.15).",No overlapping skills on record,"Missing: C++, Data Structures, Docker, PostgreSQL, System Design",Pending
1650,10,313,70.24,55.0,73.8,100.0,65.28,"C++,Data Structures,System Design","Docker,PostgreSQL","Weighted score 70.24: skills 55.0 (x0.4), academics 73.8 (x0.25), projects 100.0 (x0.2), readiness 65.28 (x0.15).",C++ (proficiency 5/5); Data Structures (proficiency 3/5); System Design (proficiency 1/5),"Missing: Docker, PostgreSQL",Approved
1651,10,320,38.26,20.0,80.2,0.0,68.1,"Docker,System Design","C++,Data Structures,PostgreSQL","Weighted score 38.26: skills 20.0 (x0.4), academics 80.2 (x0.25), projects 0.0 (x0.2), readiness 68.1 (x0.15).",Docker (proficiency 1/5); System Design (proficiency 3/5),"Missing: C++, Data Structures, PostgreSQL",Pending
1652,10,321,42.07,20.0,92.3,0.0,73.32,"Data Structures,System Design","C++,Docker,PostgreSQL","Weighted score 42.07: skills 20.0 (x0.4), academics 92.3 (x0.25), projects 0.0 (x0.2), readiness 73.32 (x0.15).",Data Structures (proficiency 1/5); System Design (proficiency 1/5),"Missing: C++, Docker, PostgreSQL",Pending
1653,10,324,33.25,0.0,89.9,0.0,71.82,,"C++,Data Structures,Docker,PostgreSQL,System Design","Weighted score 33.25: skills 0.0 (x0.4), academics 89.9 (x0.25), projects 0.0 (x0.2), readiness 71.82 (x0.15).",No overlapping skills on record,"Missing: C++, Data Structures, Docker, PostgreSQL, System Design",Pending
1654,10,325,45.54,35.0,83.8,0.0,70.57,C++,"Data Structures,Docker,PostgreSQL,System Design","Weighted score 45.54: skills 35.0 (x0.4), academics 83.8 (x0.25), projects 0.0 (x0.2), readiness 70.57 (x0.15).",C++ (proficiency 2/5),"Missing: Data Structures, Docker, PostgreSQL, System Design",Pending
1655,10,326,41.99,30.0,77.5,0.0,70.75,"Data Structures,Docker,System Design","C++,PostgreSQL","Weighted score 41.99: skills 30.0 (x0.4), academics 77.5 (x0.25), projects 0.0 (x0.2), readiness 70.75 (x0.15).",Data Structures (proficiency 3/5); Docker (proficiency 3/5); System Design (proficiency 5/5),"Missing: C++, PostgreSQL",Pending
1656,10,327,44.72,30.0,87.3,0.0,72.65,"Data Structures,Docker,System Design","C++,PostgreSQL","Weighted score 44.72: skills 30.0 (x0.4), academics 87.3 (x0.25), projects 0.0 (x0.2), readiness 72.65 (x0.15).",Data Structures (proficiency 3/5); Docker (proficiency 1/5); System Design (proficiency 5/5),"Missing: C++, PostgreSQL",Pending
1657,10,328,31.72,0.0,80.7,0.0,76.95,,"C++,Data Structures,Docker,PostgreSQL,System Design","Weighted score 31.72: skills 0.0 (x0.4), academics 80.7 (x0.25), projects 0.0 (x0.2), readiness 76.95 (x0.15).",No overlapping skills on record,"Missing: C++, Data Structures, Docker, PostgreSQL, System Design",Pending
1658,10,331,39.01,0.0,99.1,0.0,94.88,,"C++,Data Structures,Docker,PostgreSQL,System Design","Weighted score 39.01: skills 0.0 (x0.4), academics 99.1 (x0.25), projects 0.0 (x0.2), readiness 94.88 (x0.15).",No overlapping skills on record,"Missing: C++, Data Structures, Docker, PostgreSQL, System Design",Pending
1659,10,332,44.41,45.0,66.5,0.0,65.25,"Docker,PostgreSQL","C++,Data Structures,System Design","Weighted score 44.41: skills 45.0 (x0.4), academics 66.5 (x0.25), projects 0.0 (x0.2), readiness 65.25 (x0.15).",Docker (proficiency 5/5); PostgreSQL (proficiency 5/5),"Missing: C++, Data Structures, System Design",Pending
1660,10,333,48.21,35.0,88.1,0.0,81.22,PostgreSQL,"C++,Data Structures,Docker,System Design","Weighted score 48.21: skills 35.0 (x0.4), academics 88.1 (x0.25), projects 0.0 (x0.2), readiness 81.22 (x0.15).",PostgreSQL (proficiency 4/5),"Missing: C++, Data Structures, Docker, System Design",Pending
1661,10,334,48.06,35.0,91.6,0.0,74.42,C++,"Data Structures,Docker,PostgreSQL,System Design","Weighted score 48.06: skills 35.0 (x0.4), academics 91.6 (x0.25), projects 0.0 (x0.2), readiness 74.42 (x0.15).",C++ (proficiency 5/5),"Missing: Data Structures, Docker, PostgreSQL, System Design",Pending
1662,10,335,61.68,80.0,76.5,0.0,70.38,"C++,Data Structures,PostgreSQL","Docker,System Design","Weighted score 61.68: skills 80.0 (x0.4), academics 76.5 (x0.25), projects 0.0 (x0.2), readiness 70.38 (x0.15).",C++ (proficiency 4/5); Data Structures (proficiency 4/5); PostgreSQL (proficiency 4/5),"Missing: Docker, System Design",Approved
1663,10,336,43.85,20.0,97.5,0.0,76.5,"Data Structures,System Design","C++,Docker,PostgreSQL","Weighted score 43.85: skills 20.0 (x0.4), academics 97.5 (x0.25), projects 0.0 (x0.2), readiness 76.5 (x0.15).",Data Structures (proficiency 4/5); System Design (proficiency 1/5),"Missing: C++, Docker, PostgreSQL",Pending
1664,10,338,37.7,10.0,91.7,0.0,71.85,System Design,"C++,Data Structures,Docker,PostgreSQL","Weighted score 37.7: skills 10.0 (x0.4), academics 91.7 (x0.25), projects 0.0 (x0.2), readiness 71.85 (x0.15).",System Design (proficiency 2/5),"Missing: C++, Data Structures, Docker, PostgreSQL",Pending
1665,10,339,26.2,0.0,67.1,0.0,62.8,,"C++,Data Structures,Docker,PostgreSQL,System Design","Weighted score 26.2: skills 0.0 (x0.4), academics 67.1 (x0.25), projects 0.0 (x0.2), readiness 62.8 (x0.15).",No overlapping skills on record,"Missing: C++, Data Structures, Docker, PostgreSQL, System Design",Pending
1666,10,341,46.04,20.0,98.0,0.0,90.25,"Data Structures,Docker","C++,PostgreSQL,System Design","Weighted score 46.04: skills 20.0 (x0.4), academics 98.0 (x0.25), projects 0.0 (x0.2), readiness 90.25 (x0.15).",Data Structures (proficiency 4/5); Docker (proficiency 5/5),"Missing: C++, PostgreSQL, System Design",Pending
1667,10,348,54.26,45.0,67.3,50.0,62.9,"C++,Docker","Data Structures,PostgreSQL,System Design","Weighted score 54.26: skills 45.0 (x0.4), academics 67.3 (x0.25), projects 50.0 (x0.2), readiness 62.9 (x0.15).",C++ (proficiency 4/5); Docker (proficiency 3/5),"Missing: Data Structures, PostgreSQL, System Design",Pending
1668,10,353,74.16,80.0,84.2,50.0,74.1,"C++,Docker,PostgreSQL","Data Structures,System Design","Weighted score 74.16: skills 80.0 (x0.4), academics 84.2 (x0.25), projects 50.0 (x0.2), readiness 74.1 (x0.15).",C++ (proficiency 5/5); Docker (proficiency 1/5); PostgreSQL (proficiency 5/5),"Missing: Data Structures, System Design",Approved
1669,10,356,50.37,35.0,99.9,0.0,75.95,C++,"Data Structures,Docker,PostgreSQL,System Design","Weighted score 50.37: skills 35.0 (x0.4), academics 99.9 (x0.25), projects 0.0 (x0.2), readiness 75.95 (x0.15).",C++ (proficiency 2/5),"Missing: Data Structures, Docker, PostgreSQL, System Design",Pending
1670,10,357,55.8,45.0,95.4,0.0,93.03,"Data Structures,PostgreSQL","C++,Docker,System Design","Weighted score 55.8: skills 45.0 (x0.4), academics 95.4 (x0.25), projects 0.0 (x0.2), readiness 93.03 (x0.15).",Data Structures (proficiency 4/5); PostgreSQL (proficiency 4/5),"Missing: C++, Docker, System Design",Pending
1671,10,358,35.16,0.0,99.4,0.0,68.7,,"C++,Data Structures,Docker,PostgreSQL,System Design","Weighted score 35.16: skills 0.0 (x0.4), academics 99.4 (x0.25), projects 0.0 (x0.2), readiness 68.7 (x0.15).",No overlapping skills on record,"Missing: C++, Data Structures, Docker, PostgreSQL, System Design",Pending
1672,10,359,27.31,0.0,68.1,0.0,68.55,,"C++,Data Structures,Docker,PostgreSQL,System Design","Weighted score 27.31: skills 0.0 (x0.4), academics 68.1 (x0.25), projects 0.0 (x0.2), readiness 68.55 (x0.15).",No overlapping skills on record,"Missing: C++, Data Structures, Docker, PostgreSQL, System Design",Pending
1673,10,368,61.8,80.0,78.3,0.0,68.15,"C++,Data Structures,PostgreSQL","Docker,System Design","Weighted score 61.8: skills 80.0 (x0.4), academics 78.3 (x0.25), projects 0.0 (x0.2), readiness 68.15 (x0.15).",C++ (proficiency 2/5); Data Structures (proficiency 1/5); PostgreSQL (proficiency 3/5),"Missing: Docker, System Design",Approved
1674,10,372,34.96,0.0,97.4,0.0,70.7,,"C++,Data Structures,Docker,PostgreSQL,System Design","Weighted score 34.96: skills 0.0 (x0.4), academics 97.4 (x0.25), projects 0.0 (x0.2), readiness 70.7 (x0.15).",No overlapping skills on record,"Missing: C++, Data Structures, Docker, PostgreSQL, System Design",Pending
1675,10,376,44.8,20.0,95.0,0.0,87.0,"Data Structures,System Design","C++,Docker,PostgreSQL","Weighted score 44.8: skills 20.0 (x0.4), academics 95.0 (x0.25), projects 0.0 (x0.2), readiness 87.0 (x0.15).",Data Structures (proficiency 2/5); System Design (proficiency 5/5),"Missing: C++, Docker, PostgreSQL",Pending
1676,10,379,42.29,10.0,82.3,33.33,73.65,Docker,"C++,Data Structures,PostgreSQL,System Design","Weighted score 42.29: skills 10.0 (x0.4), academics 82.3 (x0.25), projects 33.33 (x0.2), readiness 73.65 (x0.15).",Docker (proficiency 1/5),"Missing: C++, Data Structures, PostgreSQL, System Design",Pending
1677,10,386,25.28,0.0,65.8,0.0,58.9,,"C++,Data Structures,Docker,PostgreSQL,System Design","Weighted score 25.28: skills 0.0 (x0.4), academics 65.8 (x0.25), projects 0.0 (x0.2), readiness 58.9 (x0.15).",No overlapping skills on record,"Missing: C++, Data Structures, Docker, PostgreSQL, System Design",Pending
1678,10,387,48.12,45.0,77.9,0.0,70.95,"Data Structures,PostgreSQL","C++,Docker,System Design","Weighted score 48.12: skills 45.0 (x0.4), academics 77.9 (x0.25), projects 0.0 (x0.2), readiness 70.95 (x0.15).",Data Structures (proficiency 1/5); PostgreSQL (proficiency 2/5),"Missing: C++, Docker, System Design",Pending
1679,10,390,24.64,0.0,63.8,0.0,57.9,,"C++,Data Structures,Docker,PostgreSQL,System Design","Weighted score 24.64: skills 0.0 (x0.4), academics 63.8 (x0.25), projects 0.0 (x0.2), readiness 57.9 (x0.15).",No overlapping skills on record,"Missing: C++, Data Structures, Docker, PostgreSQL, System Design",Pending
1680,10,398,58.0,70.0,80.3,0.0,66.15,"C++,PostgreSQL","Data Structures,Docker,System Design","Weighted score 58.0: skills 70.0 (x0.4), academics 80.3 (x0.25), projects 0.0 (x0.2), readiness 66.15 (x0.15).",C++ (proficiency 5/5); PostgreSQL (proficiency 4/5),"Missing: Data Structures, Docker, System Design",Pending
1681,10,401,37.51,10.0,89.9,0.0,73.58,Data Structures,"C++,Docker,PostgreSQL,System Design","Weighted score 37.51: skills 10.0 (x0.4), academics 89.9 (x0.25), projects 0.0 (x0.2), readiness 73.58 (x0.15).",Data Structures (proficiency 2/5),"Missing: C++, Docker, PostgreSQL, System Design",Pending
1682,10,403,55.61,55.0,85.6,0.0,81.42,"Data Structures,Docker,PostgreSQL","C++,System Design","Weighted score 55.61: skills 55.0 (x0.4), academics 85.6 (x0.25), projects 0.0 (x0.2), readiness 81.42 (x0.15).",Data Structures (proficiency 5/5); Docker (proficiency 4/5); PostgreSQL (proficiency 4/5),"Missing: C++, System Design",Pending
1683,10,407,42.9,0.0,76.5,66.67,69.58,,"C++,Data Structures,Docker,PostgreSQL,System Design","Weighted score 42.9: skills 0.0 (x0.4), academics 76.5 (x0.25), projects 66.67 (x0.2), readiness 69.58 (x0.15).",No overlapping skills on record,"Missing: C++, Data Structures, Docker, PostgreSQL, System Design",Pending
1684,10,408,26.83,0.0,70.4,0.0,61.53,,"C++,Data Structures,Docker,PostgreSQL,System Design","Weighted score 26.83: skills 0.0 (x0.4), academics 70.4 (x0.25), projects 0.0 (x0.2), readiness 61.53 (x0.15).",No overlapping skills on record,"Missing: C++, Data Structures, Docker, PostgreSQL, System Design",Pending
1685,10,409,46.88,35.0,86.2,0.0,75.5,C++,"Data Structures,Docker,PostgreSQL,System Design","Weighted score 46.88: skills 35.0 (x0.4), academics 86.2 (x0.25), projects 0.0 (x0.2), readiness 75.5 (x0.15).",C++ (proficiency 2/5),"Missing: Data Structures, Docker, PostgreSQL, System Design",Pending
1686,10,415,47.98,35.0,96.6,0.0,65.55,C++,"Data Structures,Docker,PostgreSQL,System Design","Weighted score 47.98: skills 35.0 (x0.4), academics 96.6 (x0.25), projects 0.0 (x0.2), readiness 65.55 (x0.15).",C++ (proficiency 1/5),"Missing: Data Structures, Docker, PostgreSQL, System Design",Pending
1687,10,421,36.38,0.0,94.5,0.0,85.0,,"C++,Data Structures,Docker,PostgreSQL,System Design","Weighted score 36.38: skills 0.0 (x0.4), academics 94.5 (x0.25), projects 0.0 (x0.2), readiness 85.0 (x0.15).",No overlapping skills on record,"Missing: C++, Data Structures, Docker, PostgreSQL, System Design",Pending
1688,10,423,39.76,0.0,75.1,50.0,73.22,,"C++,Data Structures,Docker,PostgreSQL,System Design","Weighted score 39.76: skills 0.0 (x0.4), academics 75.1 (x0.25), projects 50.0 (x0.2), readiness 73.22 (x0.15).",No overlapping skills on record,"Missing: C++, Data Structures, Docker, PostgreSQL, System Design",Pending
1689,10,427,32.48,0.0,83.9,0.0,76.7,,"C++,Data Structures,Docker,PostgreSQL,System Design","Weighted score 32.48: skills 0.0 (x0.4), academics 83.9 (x0.25), projects 0.0 (x0.2), readiness 76.7 (x0.15).",No overlapping skills on record,"Missing: C++, Data Structures, Docker, PostgreSQL, System Design",Pending
1690,10,428,46.6,20.0,63.7,66.67,62.25,"Docker,System Design","C++,Data Structures,PostgreSQL","Weighted score 46.6: skills 20.0 (x0.4), academics 63.7 (x0.25), projects 66.67 (x0.2), readiness 62.25 (x0.15).",Docker (proficiency 1/5); System Design (proficiency 4/5),"Missing: C++, Data Structures, PostgreSQL",Pending
1691,10,429,24.82,0.0,66.6,0.0,54.5,,"C++,Data Structures,Docker,PostgreSQL,System Design","Weighted score 24.82: skills 0.0 (x0.4), academics 66.6 (x0.25), projects 0.0 (x0.2), readiness 54.5 (x0.15).",No overlapping skills on record,"Missing: C++, Data Structures, Docker, PostgreSQL, System Design",Pending
1692,10,430,38.33,20.0,76.6,0.0,74.55,"Docker,System Design","C++,Data Structures,PostgreSQL","Weighted score 38.33: skills 20.0 (x0.4), academics 76.6 (x0.25), projects 0.0 (x0.2), readiness 74.55 (x0.15).",Docker (proficiency 2/5); System Design (proficiency 3/5),"Missing: C++, Data Structures, PostgreSQL",Pending
1693,10,432,45.56,35.0,85.1,0.0,68.55,PostgreSQL,"C++,Data Structures,Docker,System Design","Weighted score 45.56: skills 35.0 (x0.4), academics 85.1 (x0.25), projects 0.0 (x0.2), readiness 68.55 (x0.15).",PostgreSQL (proficiency 1/5),"Missing: C++, Data Structures, Docker, System Design",Pending
1694,10,433,49.07,10.0,66.2,100.0,56.77,Docker,"C++,Data Structures,PostgreSQL,System Design","Weighted score 49.07: skills 10.0 (x0.4), academics 66.2 (x0.25), projects 100.0 (x0.2), readiness 56.77 (x0.15).",Docker (proficiency 1/5),"Missing: C++, Data Structures, PostgreSQL, System Design",Pending
1695,10,438,65.55,80.0,64.9,33.33,71.08,"C++,Data Structures,PostgreSQL","Docker,System Design","Weighted score 65.55: skills 80.0 (x0.4), academics 64.9 (x0.25), projects 33.33 (x0.2), readiness 71.08 (x0.15).",C++ (proficiency 1/5); Data Structures (proficiency 4/5); PostgreSQL (proficiency 3/5),"Missing: Docker, System Design",Approved
1696,10,440,60.08,20.0,87.1,100.0,68.68,"Data Structures,System Design","C++,Docker,PostgreSQL","Weighted score 60.08: skills 20.0 (x0.4), academics 87.1 (x0.25), projects 100.0 (x0.2), readiness 68.68 (x0.15).",Data Structures (proficiency 3/5); System Design (proficiency 2/5),"Missing: C++, Docker, PostgreSQL",Pending
1697,10,443,42.91,45.0,64.1,0.0,59.22,"PostgreSQL,System Design","C++,Data Structures,Docker","Weighted score 42.91: skills 45.0 (x0.4), academics 64.1 (x0.25), projects 0.0 (x0.2), readiness 59.22 (x0.15).",PostgreSQL (proficiency 4/5); System Design (proficiency 5/5),"Missing: C++, Data Structures, Docker",Pending
1698,10,444,43.48,35.0,74.9,0.0,71.7,PostgreSQL,"C++,Data Structures,Docker,System Design","Weighted score 43.48: skills 35.0 (x0.4), academics 74.9 (x0.25), projects 0.0 (x0.2), readiness 71.7 (x0.15).",PostgreSQL (proficiency 2/5),"Missing: C++, Data Structures, Docker, System Design",Pending
1699,10,445,49.11,35.0,95.5,0.0,74.92,C++,"Data Structures,Docker,PostgreSQL,System Design","Weighted score 49.11: skills 35.0 (x0.4), academics 95.5 (x0.25), projects 0.0 (x0.2), readiness 74.92 (x0.15).",C++ (proficiency 2/5),"Missing: Data Structures, Docker, PostgreSQL, System Design",Pending
1700,10,450,31.16,10.0,69.4,0.0,65.37,System Design,"C++,Data Structures,Docker,PostgreSQL","Weighted score 31.16: skills 10.0 (x0.4), academics 69.4 (x0.25), projects 0.0 (x0.2), readiness 65.37 (x0.15).",System Design (proficiency 3/5),"Missing: C++, Data Structures, Docker, PostgreSQL",Pending
1701,10,452,59.58,35.0,95.8,50.0,77.5,PostgreSQL,"C++,Data Structures,Docker,System Design","Weighted score 59.58: skills 35.0 (x0.4), academics 95.8 (x0.25), projects 50.0 (x0.2), readiness 77.5 (x0.15).",PostgreSQL (proficiency 2/5),"Missing: C++, Data Structures, Docker, System Design",Pending
1702,10,453,30.42,20.0,57.0,0.0,54.5,"Data Structures,System Design","C++,Docker,PostgreSQL","Weighted score 30.42: skills 20.0 (x0.4), academics 57.0 (x0.25), projects 0.0 (x0.2), readiness 54.5 (x0.15).",Data Structures (proficiency 3/5); System Design (proficiency 4/5),"Missing: C++, Docker, PostgreSQL",Pending
1703,10,454,45.62,45.0,72.7,0.0,62.98,"Docker,PostgreSQL","C++,Data Structures,System Design","Weighted score 45.62: skills 45.0 (x0.4), academics 72.7 (x0.25), projects 0.0 (x0.2), readiness 62.98 (x0.15).",Docker (proficiency 2/5); PostgreSQL (proficiency 1/5),"Missing: C++, Data Structures, System Design",Pending
1704,10,455,35.29,0.0,99.0,0.0,70.25,,"C++,Data Structures,Docker,PostgreSQL,System Design","Weighted score 35.29: skills 0.0 (x0.4), academics 99.0 (x0.25), projects 0.0 (x0.2), readiness 70.25 (x0.15).",No overlapping skills on record,"Missing: C++, Data Structures, Docker, PostgreSQL, System Design",Pending
1705,10,457,44.88,35.0,59.5,33.33,62.25,PostgreSQL,"C++,Data Structures,Docker,System Design","Weighted score 44.88: skills 35.0 (x0.4), academics 59.5 (x0.25), projects 33.33 (x0.2), readiness 62.25 (x0.15).",PostgreSQL (proficiency 1/5),"Missing: C++, Data Structures, Docker, System Design",Pending
1706,10,458,27.89,0.0,69.9,0.0,69.45,,"C++,Data Structures,Docker,PostgreSQL,System Design","Weighted score 27.89: skills 0.0 (x0.4), academics 69.9 (x0.25), projects 0.0 (x0.2), readiness 69.45 (x0.15).",No overlapping skills on record,"Missing: C++, Data Structures, Docker, PostgreSQL, System Design",Pending
1707,10,461,53.96,55.0,60.8,33.33,67.28,"C++,Docker,System Design","Data Structures,PostgreSQL","Weighted score 53.96: skills 55.0 (x0.4), academics 60.8 (x0.25), projects 33.33 (x0.2), readiness 67.28 (x0.15).",C++ (proficiency 4/5); Docker (proficiency 5/5); System Design (proficiency 1/5),"Missing: Data Structures, PostgreSQL",Pending
1708,10,462,29.45,10.0,64.0,0.0,63.0,Data Structures,"C++,Docker,PostgreSQL,System Design","Weighted score 29.45: skills 10.0 (x0.4), academics 64.0 (x0.25), projects 0.0 (x0.2), readiness 63.0 (x0.15).",Data Structures (proficiency 3/5),"Missing: C++, Docker, PostgreSQL, System Design",Pending
1709,10,464,41.99,45.0,61.4,0.0,57.58,"C++,Docker","Data Structures,PostgreSQL,System Design","Weighted score 41.99: skills 45.0 (x0.4), academics 61.4 (x0.25), projects 0.0 (x0.2), readiness 57.58 (x0.15).",C++ (proficiency 4/5); Docker (proficiency 5/5),"Missing: Data Structures, PostgreSQL, System Design",Pending
1710,10,470,35.68,0.0,98.6,0.0,73.55,,"C++,Data Structures,Docker,PostgreSQL,System Design","Weighted score 35.68: skills 0.0 (x0.4), academics 98.6 (x0.25), projects 0.0 (x0.2), readiness 73.55 (x0.15).",No overlapping skills on record,"Missing: C++, Data Structures, Docker, PostgreSQL, System Design",Pending
1711,10,473,50.85,35.0,78.1,33.33,71.05,C++,"Data Structures,Docker,PostgreSQL,System Design","Weighted score 50.85: skills 35.0 (x0.4), academics 78.1 (x0.25), projects 33.33 (x0.2), readiness 71.05 (x0.15).",C++ (proficiency 1/5),"Missing: Data Structures, Docker, PostgreSQL, System Design",Pending
1712,10,479,44.33,35.0,77.4,0.0,73.2,C++,"Data Structures,Docker,PostgreSQL,System Design","Weighted score 44.33: skills 35.0 (x0.4), academics 77.4 (x0.25), projects 0.0 (x0.2), readiness 73.2 (x0.15).",C++ (proficiency 4/5),"Missing: Data Structures, Docker, PostgreSQL, System Design",Pending
1713,10,481,46.82,10.0,89.9,50.0,68.95,Data Structures,"C++,Docker,PostgreSQL,System Design","Weighted score 46.82: skills 10.0 (x0.4), academics 89.9 (x0.25), projects 50.0 (x0.2), readiness 68.95 (x0.15).",Data Structures (proficiency 1/5),"Missing: C++, Docker, PostgreSQL, System Design",Pending
1714,10,483,43.94,45.0,65.4,0.0,63.95,"C++,Docker","Data Structures,PostgreSQL,System Design","Weighted score 43.94: skills 45.0 (x0.4), academics 65.4 (x0.25), projects 0.0 (x0.2), readiness 63.95 (x0.15).",C++ (proficiency 3/5); Docker (proficiency 4/5),"Missing: Data Structures, PostgreSQL, System Design",Pending
1715,10,493,33.93,10.0,81.3,0.0,64.03,System Design,"C++,Data Structures,Docker,PostgreSQL","Weighted score 33.93: skills 10.0 (x0.4), academics 81.3 (x0.25), projects 0.0 (x0.2), readiness 64.03 (x0.15).",System Design (proficiency 4/5),"Missing: C++, Data Structures, Docker, PostgreSQL",Pending
1716,10,495,51.28,45.0,66.9,33.33,65.95,"C++,Data Structures","Docker,PostgreSQL,System Design","Weighted score 51.28: skills 45.0 (x0.4), academics 66.9 (x0.25), projects 33.33 (x0.2), readiness 65.95 (x0.15).",C++ (proficiency 2/5); Data Structures (proficiency 4/5),"Missing: Docker, PostgreSQL, System Design",Pending
1717,10,496,47.07,10.0,75.7,66.67,72.1,System Design,"C++,Data Structures,Docker,PostgreSQL","Weighted score 47.07: skills 10.0 (x0.4), academics 75.7 (x0.25), projects 66.67 (x0.2), readiness 72.1 (x0.15).",System Design (proficiency 4/5),"Missing: C++, Data Structures, Docker, PostgreSQL",Pending
1718,10,500,28.46,0.0,76.5,0.0,62.25,,"C++,Data Structures,Docker,PostgreSQL,System Design","Weighted score 28.46: skills 0.0 (x0.4), academics 76.5 (x0.25), projects 0.0 (x0.2), readiness 62.25 (x0.15).",No overlapping skills on record,"Missing: C++, Data Structures, Docker, PostgreSQL, System Design",Pending
