id,student_id,drive_id,readiness_score,skill_gaps,plan,created_at
1,2,1,81.05,"Data Structures,Git,HTML/CSS,JavaScript,PostgreSQL,REST APIs","Focus on: Data Structures first — complete a project or certification, then revisit remaining gaps: Data Structures,Git,HTML/CSS,JavaScript,PostgreSQL,REST APIs.",2026-08-19T07:58:27.433185
2,5,1,67.72,"Data Structures,HTML/CSS,JavaScript","Focus on: Data Structures first — complete a project or certification, then revisit remaining gaps: Data Structures,HTML/CSS,JavaScript.",2026-08-16T21:58:27.433197
3,8,1,61.15,"Data Structures,HTML/CSS,JavaScript,REST APIs","Focus on: Data Structures first — complete a project or certification, then revisit remaining gaps: Data Structures,HTML/CSS,JavaScript,REST APIs.",2026-08-14T04:58:27.433243
4,11,1,78.6,"Git,HTML/CSS,JavaScript,PostgreSQL","Focus on: Git first — complete a project or certification, then revisit remaining gaps: Git,HTML/CSS,JavaScript,PostgreSQL.",2026-08-04T07:58:27.433278
5,16,1,77.47,"HTML/CSS,JavaScript,PostgreSQL","Focus on: HTML/CSS first — complete a project or certification, then revisit remaining gaps: HTML/CSS,JavaScript,PostgreSQL.",2026-08-18T02:58:27.433293
6,17,1,66.92,"Data Structures,Git,HTML/CSS,JavaScript,REST APIs","Focus on: Data Structures first — complete a project or certification, then revisit remaining gaps: Data Structures,Git,HTML/CSS,JavaScript,REST APIs.",2026-08-17T12:58:27.433303
7,18,1,83.65,"Data Structures,Git,HTML/CSS,PostgreSQL,REST APIs","Focus on: Data Structures first — complete a project or certification, then revisit remaining gaps: Data Structures,Git,HTML/CSS,PostgreSQL,REST APIs.",2026-08-13T15:58:27.433312
8,20,1,71.9,"Data Structures,HTML/CSS,JavaScript,PostgreSQL,REST APIs","Focus on: Data Structures first — complete a project or certification, then revisit remaining gaps: Data Structures,HTML/CSS,JavaScript,PostgreSQL,REST APIs.",2026-08-06T17:58:27.433321
9,21,1,61.5,"Git,HTML/CSS,JavaScript,PostgreSQL","Focus on: Git first — complete a project or certification, then revisit remaining gaps: Git,HTML/CSS,JavaScript,PostgreSQL.",2026-08-07T10:58:27.433330
10,22,1,72.92,"HTML/CSS,JavaScript,PostgreSQL","Focus on: HTML/CSS first — complete a project or certification, then revisit remaining gaps: HTML/CSS,JavaScript,PostgreSQL.",2026-08-20T22:58:27.433338
11,23,1,62.05,"Data Structures,Git,JavaScript,PostgreSQL,REST APIs","Focus on: Data Structures first — complete a project or certification, then revisit remaining gaps: Data Structures,Git,JavaScript,PostgreSQL,REST APIs.",2026-08-20T05:58:27.433347
12,29,1,71.0,"Data Structures,Git,HTML/CSS,JavaScript","Focus on: Data Structures first — complete a project or certification, then revisit remaining gaps: Data Structures,Git,HTML/CSS,JavaScript.",2026-08-12T19:58:27.433361
13,30,1,80.0,"Data Structures,HTML/CSS,JavaScript,PostgreSQL,REST APIs","Focus on: Data Structures first — complete a project or certification, then revisit remaining gaps: Data Structures,HTML/CSS,JavaScript,PostgreSQL,REST APIs.",2026-08-09T04:58:27.433380
14,31,1,78.8,"Data Structures,PostgreSQL","Focus on: Data Structures first — complete a project or certification, then revisit remaining gaps: Data Structures,PostgreSQL.",2026-08-19T12:58:27.433397
15,37,1,71.82,"Data Structures,HTML/CSS,JavaScript,PostgreSQL","Focus on: Data Structures first — complete a project or certification, then revisit remaining gaps: Data Structures,HTML/CSS,JavaScript,PostgreSQL.",2026-08-12T18:58:27.433404
16,40,1,77.8,"Data Structures,HTML/CSS,PostgreSQL,REST APIs","Focus on: Data Structures first — complete a project or certification, then revisit remaining gaps: Data Structures,HTML/CSS,PostgreSQL,REST APIs.",2026-08-08T22:58:27.433411
17,41,1,67.45,"Data Structures,Git,HTML/CSS,PostgreSQL,REST APIs","Focus on: Data Structures first — complete a project or certification, then revisit remaining gaps: Data Structures,Git,HTML/CSS,PostgreSQL,REST APIs.",2026-08-21T01:58:27.433417
18,43,1,70.98,"Data Structures,Git,JavaScript,PostgreSQL,REST APIs","Focus on: Data Structures first — complete a project or certification, then revisit remaining gaps: Data Structures,Git,JavaScript,PostgreSQL,REST APIs.",2026-08-08T23:58:27.433450
19,44,1,81.73,"Data Structures,Git,HTML/CSS,JavaScript,PostgreSQL,REST APIs","Focus on: Data Structures first — complete a project or certification, then revisit remaining gaps: Data Structures,Git,HTML/CSS,JavaScript,PostgreSQL,REST APIs.",2026-08-20T06:58:27.433472
20,45,1,72.12,"Data Structures,HTML/CSS,JavaScript,PostgreSQL,REST APIs","Focus on: Data Structures first — complete a project or certification, then revisit remaining gaps: Data Structures,HTML/CSS,JavaScript,PostgreSQL,REST APIs.",2026-08-15T01:58:27.433481
21,46,1,82.57,"Data Structures,Git,HTML/CSS,JavaScript,PostgreSQL,REST APIs","Focus on: Data Structures first — complete a project or certification, then revisit remaining gaps: Data Structures,Git,HTML/CSS,JavaScript,PostgreSQL,REST APIs.",2026-08-15T16:58:27.433487
22,48,1,75.75,"Git,JavaScript,PostgreSQL,REST APIs","Focus on: Git first — complete a project or certification, then revisit remaining gaps: Git,JavaScript,PostgreSQL,REST APIs.",2026-08-07T20:58:27.433495
23,49,1,72.85,"Data Structures,Git,HTML/CSS,PostgreSQL","Focus on: Data Structures first — complete a project or certification, then revisit remaining gaps: Data Structures,Git,HTML/CSS,PostgreSQL.",2026-08-19T16:58:27.433501
24,59,1,72.22,"Data Structures,Git,HTML/CSS,JavaScript,PostgreSQL,REST APIs","Focus on: Data Structures first — complete a project or certification, then revisit remaining gaps: Data Structures,Git,HTML/CSS,JavaScript,PostgreSQL,REST APIs.",2026-08-12T12:58:27.433507
25,62,1,78.25,"Data Structures,Git,HTML/CSS,JavaScript,PostgreSQL,REST APIs","Focus on: Data Structures first — complete a project or certification, then revisit remaining gaps: Data Structures,Git,HTML/CSS,JavaScript,PostgreSQL,REST APIs.",2026-08-04T02:58:27.433528
26,66,1,68.38,"Git,HTML/CSS,JavaScript,PostgreSQL","Focus on: Git first — complete a project or certification, then revisit remaining gaps: Git,HTML/CSS,JavaScript,PostgreSQL.",2026-08-20T18:58:27.433539
27,71,1,80.1,"Git,HTML/CSS,JavaScript,PostgreSQL,REST APIs","Focus on: Git first — complete a project or certification, then revisit remaining gaps: Git,HTML/CSS,JavaScript,PostgreSQL,REST APIs.",2026-08-11T05:58:27.433548
28,72,1,67.75,"Data Structures,HTML/CSS,JavaScript,PostgreSQL,REST APIs","Focus on: Data Structures first — complete a project or certification, then revisit remaining gaps: Data Structures,HTML/CSS,JavaScript,PostgreSQL,REST APIs.",2026-08-03T07:58:27.433556
29,78,1,87.13,"Data Structures,Git,JavaScript,PostgreSQL,REST APIs","Focus on: Data Structures first — complete a project or certification, then revisit remaining gaps: Data Structures,Git,JavaScript,PostgreSQL,REST APIs.",2026-08-21T03:58:27.433564
30,79,1,68.6,"Data Structures,Git,HTML/CSS,JavaScript,PostgreSQL,REST APIs","Focus on: Data Structures first — complete a project or certification, then revisit remaining gaps: Data Structures,Git,HTML/CSS,JavaScript,PostgreSQL,REST APIs.",2026-08-02T00:58:27.433572
31,91,1,77.02,"Data Structures,JavaScript,PostgreSQL","Focus on: Data Structures first — complete a project or certification, then revisit remaining gaps: Data Structures,JavaScript,PostgreSQL.",2026-08-07T14:58:27.433580
32,93,1,64.95,"Data Structures,Git,HTML/CSS,JavaScript","Focus on: Data Structures first — complete a project or certification, then revisit remaining gaps: Data Structures,Git,HTML/CSS,JavaScript.",2026-08-20T10:58:27.433587
33,95,1,73.45,"Data Structures,Git,HTML/CSS,JavaScript,PostgreSQL,REST APIs","Focus on: Data Structures first — complete a project or certification, then revisit remaining gaps: Data Structures,Git,HTML/CSS,JavaScript,PostgreSQL,REST APIs.",2026-08-04T01:58:27.433595
34,97,1,72.2,"Git,HTML/CSS,PostgreSQL,REST APIs","Focus on: Git first — complete a project or certification, then revisit remaining gaps: Git,HTML/CSS,PostgreSQL,REST APIs.",2026-08-11T20:58:27.433604
35,102,1,75.95,"Git,HTML/CSS,JavaScript,PostgreSQL","Focus on: Git first — complete a project or certification, then revisit remaining gaps: Git,HTML/CSS,JavaScript,PostgreSQL.",2026-08-07T00:58:27.433612
36,104,1,78.65,"Data Structures,Git,HTML/CSS,PostgreSQL,REST APIs","Focus on: Data Structures first — complete a project or certification, then revisit remaining gaps: Data Structures,Git,HTML/CSS,PostgreSQL,REST APIs.",2026-08-02T14:58:27.433621
37,111,1,80.05,"Git,JavaScript,PostgreSQL","Focus on: Git first — complete a project or certification, then revisit remaining gaps: Git,JavaScript,PostgreSQL.",2026-08-02T21:58:27.433631
38,113,1,82.8,"Data Structures,Git,HTML/CSS,PostgreSQL","Focus on: Data Structures first — complete a project or certification, then revisit remaining gaps: Data Structures,Git,HTML/CSS,PostgreSQL.",2026-08-13T08:58:27.433639
39,115,1,61.6,"Data Structures,Git,PostgreSQL,REST APIs","Focus on: Data Structures first — complete a project or certification, then revisit remaining gaps: Data Structures,Git,PostgreSQL,REST APIs.",2026-08-08T23:58:27.433647
40,119,1,62.85,"Git,PostgreSQL,REST APIs","Focus on: Git first — complete a project or certification, then revisit remaining gaps: Git,PostgreSQL,REST APIs.",2026-08-14T09:58:27.433655
41,120,1,68.85,"Git,HTML/CSS,JavaScript,PostgreSQL","Focus on: Git first — complete a project or certification, then revisit remaining gaps: Git,HTML/CSS,JavaScript,PostgreSQL.",2026-08-21T05:58:27.433663
42,123,1,71.55,"Data Structures,Git,HTML/CSS,JavaScript,PostgreSQL","Focus on: Data Structures first — complete a project or certification, then revisit remaining gaps: Data Structures,Git,HTML/CSS,JavaScript,PostgreSQL.",2026-08-13T11:58:27.433672
43,124,1,66.55,"Data Structures,HTML/CSS,JavaScript,PostgreSQL,REST APIs","Focus on: Data Structures first — complete a project or certification, then revisit remaining gaps: Data Structures,HTML/CSS,JavaScript,PostgreSQL,REST APIs.",2026-08-13T20:58:27.433687
44,126,1,86.4,"Data Structures,Git,HTML/CSS,JavaScript,PostgreSQL,REST APIs","Focus on: Data Structures first — complete a project or certification, then revisit remaining gaps: Data Structures,Git,HTML/CSS,JavaScript,PostgreSQL,REST APIs.",2026-08-12T03:58:27.433705
45,128,1,78.02,"Git,JavaScript,PostgreSQL,REST APIs","Focus on: Git first — complete a project or certification, then revisit remaining gaps: Git,JavaScript,PostgreSQL,REST APIs.",2026-08-03T01:58:27.433718
46,129,1,68.92,"Data Structures,Git,JavaScript,PostgreSQL,REST APIs","Focus on: Data Structures first — complete a project or certification, then revisit remaining gaps: Data Structures,Git,JavaScript,PostgreSQL,REST APIs.",2026-08-19T18:58:27.433727
47,133,1,74.2,"Data Structures,Git,JavaScript,PostgreSQL,REST APIs","Focus on: Data Structures first — complete a project or certification, then revisit remaining gaps: Data Structures,Git,JavaScript,PostgreSQL,REST APIs.",2026-08-13T02:58:27.433737
48,134,1,66.85,"Data Structures,Git,JavaScript,PostgreSQL,REST APIs","Focus on: Data Structures first — complete a project or certification, then revisit remaining gaps: Data Structures,Git,JavaScript,PostgreSQL,REST APIs.",2026-08-12T16:58:27.433745
49,135,1,57.65,"Data Structures,Git,JavaScript,PostgreSQL","Focus on: Data Structures first — complete a project or certification, then revisit remaining gaps: Data Structures,Git,JavaScript,PostgreSQL.",2026-08-12T17:58:27.433755
50,139,1,62.15,"Data Structures,HTML/CSS,JavaScript,PostgreSQL","Focus on: Data Structures first — complete a project or certification, then revisit remaining gaps: Data Structures,HTML/CSS,JavaScript,PostgreSQL.",2026-08-02T13:58:27.433764
51,140,1,80.67,"Data Structures,HTML/CSS,JavaScript,PostgreSQL","Focus on: Data Structures first — complete a project or certification, then revisit remaining gaps: Data Structures,HTML/CSS,JavaScript,PostgreSQL.",2026-08-18T04:58:27.433774
52,146,1,80.55,"Data Structures,Git,REST APIs","Focus on: Data Structures first — complete a project or certification, then revisit remaining gaps: Data Structures,Git,REST APIs.",2026-08-02T16:58:27.433783
53,149,1,63.22,"Data Structures,Git,HTML/CSS,JavaScript,PostgreSQL,REST APIs","Focus on: Data Structures first — complete a project or certification, then revisit remaining gaps: Data Structures,Git,HTML/CSS,JavaScript,PostgreSQL,REST APIs.",2026-08-11T05:58:27.433792
54,150,1,68.42,"Data Structures,PostgreSQL,REST APIs","Focus on: Data Structures first — complete a project or certification, then revisit remaining gaps: Data Structures,PostgreSQL,REST APIs.",2026-08-15T23:58:27.433801
55,151,1,92.9,"Data Structures,Git,JavaScript,PostgreSQL,REST APIs","Focus on: Data Structures first — complete a project or certification, then revisit remaining gaps: Data Structures,Git,JavaScript,PostgreSQL,REST APIs.",2026-08-07T13:58:27.433809
56,152,1,83.5,"HTML/CSS,JavaScript,REST APIs","Focus on: HTML/CSS first — complete a project or certification, then revisit remaining gaps: HTML/CSS,JavaScript,REST APIs.",2026-08-07T13:58:27.433818
57,153,1,79.85,"Git,JavaScript,PostgreSQL,REST APIs","Focus on: Git first — complete a project or certification, then revisit remaining gaps: Git,JavaScript,PostgreSQL,REST APIs.",2026-08-07T12:58:27.433827
58,154,1,78.85,"Data Structures,Git","Focus on: Data Structures first — complete a project or certification, then revisit remaining gaps: Data Structures,Git.",2026-08-09T22:58:27.433836
59,159,1,69.0,"Data Structures,Git,HTML/CSS,JavaScript,PostgreSQL,REST APIs","Focus on: Data Structures first — complete a project or certification, then revisit remaining gaps: Data Structures,Git,HTML/CSS,JavaScript,PostgreSQL,REST APIs.",2026-07-31T20:58:27.433845
60,166,1,59.02,"Data Structures,Git,HTML/CSS,JavaScript,REST APIs","Focus on: Data Structures first — complete a project or certification, then revisit remaining gaps: Data Structures,Git,HTML/CSS,JavaScript,REST APIs.",2026-08-15T00:58:27.433854
61,176,1,74.82,"HTML/CSS,JavaScript,PostgreSQL,REST APIs","Focus on: HTML/CSS first — complete a project or certification, then revisit remaining gaps: HTML/CSS,JavaScript,PostgreSQL,REST APIs.",2026-08-19T19:58:27.433866
62,179,1,77.12,"Data Structures,Git,HTML/CSS,REST APIs","Focus on: Data Structures first — complete a project or certification, then revisit remaining gaps: Data Structures,Git,HTML/CSS,REST APIs.",2026-08-19T05:58:27.433875
63,187,1,73.4,"Data Structures,Git,HTML/CSS,PostgreSQL,REST APIs","Focus on: Data Structures first — complete a project or certification, then revisit remaining gaps: Data Structures,Git,HTML/CSS,PostgreSQL,REST APIs.",2026-08-01T20:58:27.433884
64,190,1,78.35,"Data Structures,Git,HTML/CSS,JavaScript,PostgreSQL","Focus on: Data Structures first — complete a project or certification, then revisit remaining gaps: Data Structures,Git,HTML/CSS,JavaScript,PostgreSQL.",2026-08-11T11:58:27.433893
65,191,1,76.15,"Data Structures,Git,HTML/CSS,JavaScript,PostgreSQL,REST APIs","Focus on: Data Structures first — complete a project or certification, then revisit remaining gaps: Data Structures,Git,HTML/CSS,JavaScript,PostgreSQL,REST APIs.",2026-08-07T08:58:27.433903
66,192,1,63.05,"Data Structures,Git,HTML/CSS,JavaScript","Focus on: Data Structures first — complete a project or certification, then revisit remaining gaps: Data Structures,Git,HTML/CSS,JavaScript.",2026-08-13T05:58:27.433916
67,193,1,70.3,"Data Structures,Git,JavaScript,REST APIs","Focus on: Data Structures first — complete a project or certification, then revisit remaining gaps: Data Structures,Git,JavaScript,REST APIs.",2026-08-12T22:58:27.433936
68,198,1,81.32,"Data Structures,HTML/CSS,JavaScript,PostgreSQL,REST APIs","Focus on: Data Structures first — complete a project or certification, then revisit remaining gaps: Data Structures,HTML/CSS,JavaScript,PostgreSQL,REST APIs.",2026-08-17T06:58:27.433951
69,199,1,74.35,"Data Structures,Git,HTML/CSS,JavaScript,PostgreSQL,REST APIs","Focus on: Data Structures first — complete a project or certification, then revisit remaining gaps: Data Structures,Git,HTML/CSS,JavaScript,PostgreSQL,REST APIs.",2026-08-01T08:58:27.433962
70,201,1,58.2,"Data Structures,Git,HTML/CSS,JavaScript,PostgreSQL,REST APIs","Focus on: Data Structures first — complete a project or certification, then revisit remaining gaps: Data Structures,Git,HTML/CSS,JavaScript,PostgreSQL,REST APIs.",2026-08-16T18:58:27.433971
71,205,1,68.5,"Data Structures,HTML/CSS,JavaScript,PostgreSQL,REST APIs","Focus on: Data Structures first — complete a project or certification, then revisit remaining gaps: Data Structures,HTML/CSS,JavaScript,PostgreSQL,REST APIs.",2026-08-01T12:58:27.433997
72,209,1,74.2,"Data Structures,Git,HTML/CSS,PostgreSQL","Focus on: Data Structures first — complete a project or certification, then revisit remaining gaps: Data Structures,Git,HTML/CSS,PostgreSQL.",2026-08-14T10:58:27.434008
73,211,1,78.05,"Data Structures,Git,HTML/CSS,JavaScript,PostgreSQL","Focus on: Data Structures first — complete a project or certification, then revisit remaining gaps: Data Structures,Git,HTML/CSS,JavaScript,PostgreSQL.",2026-08-01T12:58:27.434016
74,214,1,69.93,"Data Structures,Git,HTML/CSS,JavaScript,PostgreSQL,REST APIs","Focus on: Data Structures first — complete a project or certification, then revisit remaining gaps: Data Structures,Git,HTML/CSS,JavaScript,PostgreSQL,REST APIs.",2026-08-15T16:58:27.434026
75,221,1,67.4,"Data Structures,Git,HTML/CSS,REST APIs","Focus on: Data Structures first — complete a project or certification, then revisit remaining gaps: Data Structures,Git,HTML/CSS,REST APIs.",2026-08-04T23:58:27.434035
76,222,1,67.47,"Data Structures,HTML/CSS,JavaScript,PostgreSQL,REST APIs","Focus on: Data Structures first — complete a project or certification, then revisit remaining gaps: Data Structures,HTML/CSS,JavaScript,PostgreSQL,REST APIs.",2026-08-03T03:58:27.434050
77,228,1,82.18,"Git,JavaScript","Focus on: Git first — complete a project or certification, then revisit remaining gaps: Git,JavaScript.",2026-08-19T20:58:27.434064
78,234,1,68.82,"Data Structures,JavaScript,PostgreSQL","Focus on: Data Structures first — complete a project or certification, then revisit remaining gaps: Data Structures,JavaScript,PostgreSQL.",2026-08-14T12:58:27.434080
79,236,1,72.2,"Data Structures,Git,HTML/CSS,JavaScript,PostgreSQL,REST APIs","Focus on: Data Structures first — complete a project or certification, then revisit remaining gaps: Data Structures,Git,HTML/CSS,JavaScript,PostgreSQL,REST APIs.",2026-08-13T05:58:27.434089
80,247,1,70.67,"Data Structures,Git,HTML/CSS,PostgreSQL,REST APIs","Focus on: Data Structures first — complete a project or certification, then revisit remaining gaps: Data Structures,Git,HTML/CSS,PostgreSQL,REST APIs.",2026-08-20T16:58:27.434098
81,250,1,77.5,"Data Structures,Git,HTML/CSS,PostgreSQL","Focus on: Data Structures first — complete a project or certification, then revisit remaining gaps: Data Structures,Git,HTML/CSS,PostgreSQL.",2026-08-09T20:58:27.434107
82,254,1,76.25,"Data Structures,JavaScript,PostgreSQL,REST APIs","Focus on: Data Structures first — complete a project or certification, then revisit remaining gaps: Data Structures,JavaScript,PostgreSQL,REST APIs.",2026-08-19T18:58:27.434116
83,259,1,72.07,"Data Structures,Git,HTML/CSS,JavaScript,PostgreSQL,REST APIs","Focus on: Data Structures first — complete a project or certification, then revisit remaining gaps: Data Structures,Git,HTML/CSS,JavaScript,PostgreSQL,REST APIs.",2026-08-14T02:58:27.434126
84,264,1,68.95,"Git,HTML/CSS,JavaScript,PostgreSQL,REST APIs","Focus on: Git first — complete a project or certification, then revisit remaining gaps: Git,HTML/CSS,JavaScript,PostgreSQL,REST APIs.",2026-08-18T11:58:27.434135
85,267,1,69.32,"Data Structures,Git,HTML/CSS,PostgreSQL,REST APIs","Focus on: Data Structures first — complete a project or certification, then revisit remaining gaps: Data Structures,Git,HTML/CSS,PostgreSQL,REST APIs.",2026-08-04T23:58:27.434145
86,269,1,71.75,"JavaScript,PostgreSQL,REST APIs","Focus on: JavaScript first — complete a project or certification, then revisit remaining gaps: JavaScript,PostgreSQL,REST APIs.",2026-08-17T21:58:27.434154
87,274,1,70.1,"Data Structures,Git,HTML/CSS,JavaScript,PostgreSQL","Focus on: Data Structures first — complete a project or certification, then revisit remaining gaps: Data Structures,Git,HTML/CSS,JavaScript,PostgreSQL.",2026-08-19T06:58:27.434164
88,275,1,74.65,"Data Structures,Git,HTML/CSS,PostgreSQL,REST APIs","Focus on: Data Structures first — complete a project or certification, then revisit remaining gaps: Data Structures,Git,HTML/CSS,PostgreSQL,REST APIs.",2026-08-15T03:58:27.434172
89,276,1,65.7,"Data Structures,Git,HTML/CSS,JavaScript,PostgreSQL,REST APIs","Focus on: Data Structures first — complete a project or certification, then revisit remaining gaps: Data Structures,Git,HTML/CSS,JavaScript,PostgreSQL,REST APIs.",2026-08-03T02:58:27.434180
90,278,1,74.5,"Git,HTML/CSS,JavaScript,PostgreSQL,REST APIs","Focus on: Git first — complete a project or certification, then revisit remaining gaps: Git,HTML/CSS,JavaScript,PostgreSQL,REST APIs.",2026-08-08T11:58:27.434189
91,283,1,66.27,"Data Structures,Git,HTML/CSS,JavaScript,PostgreSQL,REST APIs","Focus on: Data Structures first — complete a project or certification, then revisit remaining gaps: Data Structures,Git,HTML/CSS,JavaScript,PostgreSQL,REST APIs.",2026-08-01T00:58:27.434198
92,284,1,75.25,"Data Structures,JavaScript,PostgreSQL","Focus on: Data Structures first — complete a project or certification, then revisit remaining gaps: Data Structures,JavaScript,PostgreSQL.",2026-08-12T09:58:27.434206
93,285,1,80.87,"Data Structures,Git,HTML/CSS,JavaScript,PostgreSQL,REST APIs","Focus on: Data Structures first — complete a project or certification, then revisit remaining gaps: Data Structures,Git,HTML/CSS,JavaScript,PostgreSQL,REST APIs.",2026-08-21T03:58:27.434215
94,286,1,72.6,"Data Structures,HTML/CSS,JavaScript,REST APIs","Focus on: Data Structures first — complete a project or certification, then revisit remaining gaps: Data Structures,HTML/CSS,JavaScript,REST APIs.",2026-08-02T02:58:27.434225
95,294,1,75.8,"Data Structures,Git,JavaScript,REST APIs","Focus on: Data Structures first — complete a project or certification, then revisit remaining gaps: Data Structures,Git,JavaScript,REST APIs.",2026-08-11T00:58:27.434234
96,298,1,82.65,"Data Structures,Git,JavaScript,PostgreSQL","Focus on: Data Structures first — complete a project or certification, then revisit remaining gaps: Data Structures,Git,JavaScript,PostgreSQL.",2026-08-01T02:58:27.434244
97,301,1,75.67,"Data Structures,HTML/CSS,PostgreSQL,REST APIs","Focus on: Data Structures first — complete a project or certification, then revisit remaining gaps: Data Structures,HTML/CSS,PostgreSQL,REST APIs.",2026-08-06T04:58:27.434253
98,307,1,76.08,"Data Structures,Git,HTML/CSS,JavaScript,PostgreSQL,REST APIs","Focus on: Data Structures first — complete a project or certification, then revisit remaining gaps: Data Structures,Git,HTML/CSS,JavaScript,PostgreSQL,REST APIs.",2026-08-02T13:58:27.434263
99,308,1,78.95,"Data Structures,Git,HTML/CSS,JavaScript,PostgreSQL,REST APIs","Focus on: Data Structures first — complete a project or certification, then revisit remaining gaps: Data Structures,Git,HTML/CSS,JavaScript,PostgreSQL,REST APIs.",2026-08-16T02:58:27.434271
100,309,1,66.58,"Git,HTML/CSS,JavaScript,PostgreSQL,REST APIs","Focus on: Git first — complete a project or certification, then revisit remaining gaps: Git,HTML/CSS,JavaScript,PostgreSQL,REST APIs.",2026-08-20T04:58:27.434279
101,310,1,76.12,"Git,HTML/CSS,JavaScript,PostgreSQL,REST APIs","Focus on: Git first — complete a project or certification, then revisit remaining gaps: Git,HTML/CSS,JavaScript,PostgreSQL,REST APIs.",2026-08-16T19:58:27.434288
102,311,1,73.25,"Data Structures,Git,HTML/CSS,JavaScript,PostgreSQL","Focus on: Data Structures first — complete a project or certification, then revisit remaining gaps: Data Structures,Git,HTML/CSS,JavaScript,PostgreSQL.",2026-08-21T10:58:27.434296
103,313,1,65.28,"HTML/CSS,JavaScript,PostgreSQL,REST APIs","Focus on: HTML/CSS first — complete a project or certification, then revisit remaining gaps: HTML/CSS,JavaScript,PostgreSQL,REST APIs.",2026-08-02T07:58:27.434305
104,320,1,68.1,"Data Structures,HTML/CSS,JavaScript,PostgreSQL,REST APIs","Focus on: Data Structures first — complete a project or certification, then revisit remaining gaps: Data Structures,HTML/CSS,JavaScript,PostgreSQL,REST APIs.",2026-08-10T21:58:27.434313
105,321,1,73.32,"Git,HTML/CSS,JavaScript,PostgreSQL,REST APIs","Focus on: Git first — complete a project or certification, then revisit remaining gaps: Git,HTML/CSS,JavaScript,PostgreSQL,REST APIs.",2026-08-04T19:58:27.434321
106,324,1,71.82,"Data Structures,PostgreSQL","Focus on: Data Structures first — complete a project or certification, then revisit remaining gaps: Data Structures,PostgreSQL.",2026-08-10T07:58:27.434330
107,325,1,70.57,"Data Structures,Git,HTML/CSS,PostgreSQL","Focus on: Data Structures first — complete a project or certification, then revisit remaining gaps: Data Structures,Git,HTML/CSS,PostgreSQL.",2026-08-08T19:58:27.434338
108,327,1,72.65,"Git,HTML/CSS,JavaScript,PostgreSQL,REST APIs","Focus on: Git first — complete a project or certification, then revisit remaining gaps: Git,HTML/CSS,JavaScript,PostgreSQL,REST APIs.",2026-08-19T16:58:27.434348
109,330,1,62.1,"Data Structures,Git,HTML/CSS,PostgreSQL,REST APIs","Focus on: Data Structures first — complete a project or certification, then revisit remaining gaps: Data Structures,Git,HTML/CSS,PostgreSQL,REST APIs.",2026-08-17T01:58:27.434358
110,331,1,94.88,"Data Structures,Git,HTML/CSS,PostgreSQL,REST APIs","Focus on: Data Structures first — complete a project or certification, then revisit remaining gaps: Data Structures,Git,HTML/CSS,PostgreSQL,REST APIs.",2026-08-01T11:58:27.434370
111,333,1,81.22,"Data Structures,Git,HTML/CSS,JavaScript,REST APIs","Focus on: Data Structures first — complete a project or certification, then revisit remaining gaps: Data Structures,Git,HTML/CSS,JavaScript,REST APIs.",2026-08-19T06:58:27.434379
112,335,1,70.38,"Git,JavaScript,REST APIs","Focus on: Git first — complete a project or certification, then revisit remaining gaps: Git,JavaScript,REST APIs.",2026-08-02T21:58:27.434443
113,336,1,76.5,"Git,HTML/CSS,PostgreSQL,REST APIs","Focus on: Git first — complete a project or certification, then revisit remaining gaps: Git,HTML/CSS,PostgreSQL,REST APIs.",2026-08-02T17:58:27.434457
114,338,1,71.85,"Data Structures,Git,HTML/CSS,JavaScript,PostgreSQL,REST APIs","Focus on: Data Structures first — complete a project or certification, then revisit remaining gaps: Data Structures,Git,HTML/CSS,JavaScript,PostgreSQL,REST APIs.",2026-08-03T14:58:27.434467
115,340,1,71.83,"Data Structures,HTML/CSS,PostgreSQL,REST APIs","Focus on: Data Structures first — complete a project or certification, then revisit remaining gaps: Data Structures,HTML/CSS,PostgreSQL,REST APIs.",2026-08-07T20:58:27.434477
116,341,1,90.25,"HTML/CSS,JavaScript,PostgreSQL","Focus on: HTML/CSS first — complete a project or certification, then revisit remaining gaps: HTML/CSS,JavaScript,PostgreSQL.",2026-08-17T21:58:27.434486
117,345,1,61.25,"Git,HTML/CSS,JavaScript,PostgreSQL,REST APIs","Focus on: Git first — complete a project or certification, then revisit remaining gaps: Git,HTML/CSS,JavaScript,PostgreSQL,REST APIs.",2026-08-19T18:58:27.434495
118,352,1,75.65,"Data Structures,Git,PostgreSQL,REST APIs","Focus on: Data Structures first — complete a project or certification, then revisit remaining gaps: Data Structures,Git,PostgreSQL,REST APIs.",2026-08-05T16:58:27.434504
119,353,1,74.1,"Data Structures,Git,JavaScript","Focus on: Data Structures first — complete a project or certification, then revisit remaining gaps: Data Structures,Git,JavaScript.",2026-08-04T21:58:27.434512
120,354,1,66.95,"Git,HTML/CSS,JavaScript,PostgreSQL,REST APIs","Focus on: Git first — complete a project or certification, then revisit remaining gaps: Git,HTML/CSS,JavaScript,PostgreSQL,REST APIs.",2026-08-07T03:58:27.434520
121,356,1,75.95,"Data Structures,HTML/CSS,PostgreSQL,REST APIs","Focus on: Data Structures first — complete a project or certification, then revisit remaining gaps: Data Structures,HTML/CSS,PostgreSQL,REST APIs.",2026-08-13T07:58:27.434529
122,357,1,93.03,"Git,HTML/CSS,REST APIs","Focus on: Git first — complete a project or certification, then revisit remaining gaps: Git,HTML/CSS,REST APIs.",2026-08-03T04:58:27.434537
123,362,1,73.62,"Data Structures,Git,HTML/CSS,JavaScript,PostgreSQL","Focus on: Data Structures first — complete a project or certification, then revisit remaining gaps: Data Structures,Git,HTML/CSS,JavaScript,PostgreSQL.",2026-08-14T03:58:27.434544
124,364,1,62.75,"Data Structures,Git,JavaScript,PostgreSQL,REST APIs","Focus on: Data Structures first — complete a project or certification, then revisit remaining gaps: Data Structures,Git,JavaScript,PostgreSQL,REST APIs.",2026-08-14T02:58:27.434552
125,367,1,76.68,"Data Structures,JavaScript,PostgreSQL","Focus on: Data Structures first — complete a project or certification, then revisit remaining gaps: Data Structures,JavaScript,PostgreSQL.",2026-08-13T23:58:27.434560
126,368,1,68.15,"Git,HTML/CSS,REST APIs","Focus on: Git first — complete a project or certification, then revisit remaining gaps: Git,HTML/CSS,REST APIs.",2026-08-10T14:58:27.434567
127,373,1,67.77,"Data Structures,Git,HTML/CSS,JavaScript,PostgreSQL","Focus on: Data Structures first — complete a project or certification, then revisit remaining gaps: Data Structures,Git,HTML/CSS,JavaScript,PostgreSQL.",2026-08-17T15:58:27.434574
128,389,1,66.32,"Git,HTML/CSS,JavaScript","Focus on: Git first — complete a project or certification, then revisit remaining gaps: Git,HTML/CSS,JavaScript.",2026-08-13T23:58:27.434582
129,391,1,74.2,"Git,JavaScript,PostgreSQL,REST APIs","Focus on: Git first — complete a project or certification, then revisit remaining gaps: Git,JavaScript,PostgreSQL,REST APIs.",2026-08-08T02:58:27.434589
130,393,1,58.95,"Data Structures,HTML/CSS,JavaScript,PostgreSQL,REST APIs","Focus on: Data Structures first — complete a project or certification, then revisit remaining gaps: Data Structures,HTML/CSS,JavaScript,PostgreSQL,REST APIs.",2026-08-19T02:58:27.434599
131,395,1,81.03,"Data Structures,HTML/CSS,JavaScript,REST APIs","Focus on: Data Structures first — complete a project or certification, then revisit remaining gaps: Data Structures,HTML/CSS,JavaScript,REST APIs.",2026-08-03T21:58:27.434607
132,396,1,68.18,"Data Structures,HTML/CSS,JavaScript,PostgreSQL","Focus on: Data Structures first — complete a project or certification, then revisit remaining gaps: Data Structures,HTML/CSS,JavaScript,PostgreSQL.",2026-08-19T02:58:27.434640
133,397,1,69.65,"Data Structures,Git,HTML/CSS,PostgreSQL,REST APIs","Focus on: Data Structures first — complete a project or certification, then revisit remaining gaps: Data Structures,Git,HTML/CSS,PostgreSQL,REST APIs.",2026-07-31T22:58:27.434652
134,398,1,66.15,"Data Structures,HTML/CSS,JavaScript,REST APIs","Focus on: Data Structures first — complete a project or certification, then revisit remaining gaps: Data Structures,HTML/CSS,JavaScript,REST APIs.",2026-08-02T06:58:27.434659
135,404,1,61.07,"Data Structures,Git,HTML/CSS,JavaScript,PostgreSQL,REST APIs","Focus on: Data Structures first — complete a project or certification, then revisit remaining gaps: Data Structures,Git,HTML/CSS,JavaScript,PostgreSQL,REST APIs.",2026-08-07T00:58:27.434667
136,405,1,80.05,"Git,HTML/CSS,JavaScript,PostgreSQL","Focus on: Git first — complete a project or certification, then revisit remaining gaps: Git,HTML/CSS,JavaScript,PostgreSQL.",2026-08-13T19:58:27.434674
137,406,1,72.9,"Data Structures,Git,HTML/CSS,PostgreSQL","Focus on: Data Structures first — complete a project or certification, then revisit remaining gaps: Data Structures,Git,HTML/CSS,PostgreSQL.",2026-08-16T20:58:27.434682
138,407,1,69.58,"Data Structures,HTML/CSS,JavaScript,PostgreSQL,REST APIs","Focus on: Data Structures first — complete a project or certification, then revisit remaining gaps: Data Structures,HTML/CSS,JavaScript,PostgreSQL,REST APIs.",2026-08-14T00:58:27.434690
139,409,1,75.5,"Data Structures,Git,HTML/CSS,PostgreSQL,REST APIs","Focus on: Data Structures first — complete a project or certification, then revisit remaining gaps: Data Structures,Git,HTML/CSS,PostgreSQL,REST APIs.",2026-08-02T16:58:27.434698
140,411,1,83.72,"Git,HTML/CSS,JavaScript,PostgreSQL,REST APIs","Focus on: Git first — complete a project or certification, then revisit remaining gaps: Git,HTML/CSS,JavaScript,PostgreSQL,REST APIs.",2026-08-16T18:58:27.434706
141,416,1,73.98,"Data Structures,Git,HTML/CSS,JavaScript,PostgreSQL,REST APIs","Focus on: Data Structures first — complete a project or certification, then revisit remaining gaps: Data Structures,Git,HTML/CSS,JavaScript,PostgreSQL,REST APIs.",2026-08-13T04:58:27.434714
142,421,1,85.0,"Data Structures,HTML/CSS,JavaScript,PostgreSQL,REST APIs","Focus on: Data Structures first — complete a project or certification, then revisit remaining gaps: Data Structures,HTML/CSS,JavaScript,PostgreSQL,REST APIs.",2026-08-11T03:58:27.434722
143,423,1,73.22,"Data Structures,Git,HTML/CSS,JavaScript,PostgreSQL","Focus on: Data Structures first — complete a project or certification, then revisit remaining gaps: Data Structures,Git,HTML/CSS,JavaScript,PostgreSQL.",2026-08-18T11:58:27.434729
144,427,1,76.7,"Data Structures,Git,HTML/CSS,JavaScript,PostgreSQL","Focus on: Data Structures first — complete a project or certification, then revisit remaining gaps: Data Structures,Git,HTML/CSS,JavaScript,PostgreSQL.",2026-08-08T00:58:27.434737
145,430,1,74.55,"Data Structures,Git,HTML/CSS,JavaScript,PostgreSQL,REST APIs","Focus on: Data Structures first — complete a project or certification, then revisit remaining gaps: Data Structures,Git,HTML/CSS,JavaScript,PostgreSQL,REST APIs.",2026-08-05T09:58:27.434745
146,432,1,68.55,"Data Structures,Git,HTML/CSS,JavaScript","Focus on: Data Structures first — complete a project or certification, then revisit remaining gaps: Data Structures,Git,HTML/CSS,JavaScript.",2026-08-02T22:58:27.434753
147,439,1,78.03,"Data Structures,Git,PostgreSQL","Focus on: Data Structures first — complete a project or certification, then revisit remaining gaps: Data Structures,Git,PostgreSQL.",2026-08-01T07:58:27.434760
148,440,1,68.68,"Git,HTML/CSS,JavaScript,PostgreSQL","Focus on: Git first — complete a project or certification, then revisit remaining gaps: Git,HTML/CSS,JavaScript,PostgreSQL.",2026-08-15T23:58:27.434770
149,441,1,81.65,"Data Structures,Git,HTML/CSS,PostgreSQL,REST APIs","Focus on: Data Structures first — complete a project or certification, then revisit remaining gaps: Data Structures,Git,HTML/CSS,PostgreSQL,REST APIs.",2026-08-21T08:58:27.434778
150,445,1,74.92,"Data Structures,Git,HTML/CSS,PostgreSQL,REST APIs","Focus on: Data Structures first — complete a project or certification, then revisit remaining gaps: Data Structures,Git,HTML/CSS,PostgreSQL,REST APIs.",2026-08-18T00:58:27.434790
151,446,1,69.6,"Data Structures,Git,HTML/CSS,JavaScript,PostgreSQL,REST APIs","Focus on: Data Structures first — complete a project or certification, then revisit remaining gaps: Data Structures,Git,HTML/CSS,JavaScript,PostgreSQL,REST APIs.",2026-08-12T20:58:27.434798
152,454,1,62.98,"Data Structures,JavaScript,REST APIs","Focus on: Data Structures first — complete a project or certification, then revisit remaining gaps: Data Structures,JavaScript,REST APIs.",2026-08-05T14:58:27.434807
153,456,1,70.55,"Data Structures,Git,JavaScript,PostgreSQL,REST APIs","Focus on: Data Structures first — complete a project or certification, then revisit remaining gaps: Data Structures,Git,JavaScript,PostgreSQL,REST APIs.",2026-08-18T09:58:27.434816
154,458,1,69.45,"Data Structures,Git,PostgreSQL,REST APIs","Focus on: Data Structures first — complete a project or certification, then revisit remaining gaps: Data Structures,Git,PostgreSQL,REST APIs.",2026-08-20T00:58:27.434824
155,467,1,69.45,"Data Structures,HTML/CSS,JavaScript,PostgreSQL","Focus on: Data Structures first — complete a project or certification, then revisit remaining gaps: Data Structures,HTML/CSS,JavaScript,PostgreSQL.",2026-08-20T15:58:27.434832
156,468,1,67.28,"Data Structures,Git,HTML/CSS,JavaScript,PostgreSQL,REST APIs","Focus on: Data Structures first — complete a project or certification, then revisit remaining gaps: Data Structures,Git,HTML/CSS,JavaScript,PostgreSQL,REST APIs.",2026-08-16T11:58:27.434841
157,470,1,73.55,"Data Structures,Git,HTML/CSS,JavaScript,PostgreSQL","Focus on: Data Structures first — complete a project or certification, then revisit remaining gaps: Data Structures,Git,HTML/CSS,JavaScript,PostgreSQL.",2026-08-16T21:58:27.434849
158,473,1,71.05,"Data Structures,Git,HTML/CSS,JavaScript,PostgreSQL,REST APIs","Focus on: Data Structures first — complete a project or certification, then revisit remaining gaps: Data Structures,Git,HTML/CSS,JavaScript,PostgreSQL,REST APIs.",2026-08-05T01:58:27.434857
159,481,1,68.95,"Git,HTML/CSS,JavaScript,PostgreSQL,REST APIs","Focus on: Git first — complete a project or certification, then revisit remaining gaps: Git,HTML/CSS,JavaScript,PostgreSQL,REST APIs.",2026-08-08T02:58:27.434866
160,484,1,76.5,"Data Structures,Git,HTML/CSS,JavaScript,PostgreSQL,REST APIs","Focus on: Data Structures first — complete a project or certification, then revisit remaining gaps: Data Structures,Git,HTML/CSS,JavaScript,PostgreSQL,REST APIs.",2026-08-17T01:58:27.434874
161,486,1,61.0,"Git,JavaScript,PostgreSQL,REST APIs","Focus on: Git first — complete a project or certification, then revisit remaining gaps: Git,JavaScript,PostgreSQL,REST APIs.",2026-08-04T06:58:27.434883
162,493,1,64.03,"Data Structures,JavaScript,PostgreSQL","Focus on: Data Structures first — complete a project or certification, then revisit remaining gaps: Data Structures,JavaScript,PostgreSQL.",2026-08-12T10:58:27.434892
163,494,1,69.3,"Data Structures,HTML/CSS,JavaScript,PostgreSQL,REST APIs","Focus on: Data Structures first — complete a project or certification, then revisit remaining gaps: Data Structures,HTML/CSS,JavaScript,PostgreSQL,REST APIs.",2026-08-11T03:58:27.434901
164,495,1,65.95,"Git,JavaScript,PostgreSQL,REST APIs","Focus on: Git first — complete a project or certification, then revisit remaining gaps: Git,JavaScript,PostgreSQL,REST APIs.",2026-08-02T18:58:27.434910
165,500,1,62.25,"Data Structures,Git,HTML/CSS,JavaScript,PostgreSQL,REST APIs","Focus on: Data Structures first — complete a project or certification, then revisit remaining gaps: Data Structures,Git,HTML/CSS,JavaScript,PostgreSQL,REST APIs.",2026-08-02T10:58:27.434920
166,1,2,60.9,"Docker,Machine Learning,Node.js,SQL,Spring Boot","Focus on: Docker first — complete a project or certification, then revisit remaining gaps: Docker,Machine Learning,Node.js,SQL,Spring Boot.",2026-08-20T11:58:27.434929
167,2,2,81.05,"Docker,HTML/CSS,Machine Learning,SQL,Spring Boot","Focus on: Docker first — complete a project or certification, then revisit remaining gaps: Docker,HTML/CSS,Machine Learning,SQL,Spring Boot.",2026-08-09T23:58:27.434938
168,9,2,74.35,"Django,HTML/CSS,Machine Learning,Node.js,SQL,Spring Boot","Focus on: Django first — complete a project or certification, then revisit remaining gaps: Django,HTML/CSS,Machine Learning,Node.js,SQL,Spring Boot.",2026-08-07T17:58:27.434946
169,16,2,77.47,"Docker,HTML/CSS,Machine Learning,Node.js,SQL,Spring Boot","Focus on: Docker first — complete a project or certification, then revisit remaining gaps: Docker,HTML/CSS,Machine Learning,Node.js,SQL,Spring Boot.",2026-08-06T14:58:27.434956
170,18,2,83.65,"Django,Docker,HTML/CSS,Machine Learning,SQL,Spring Boot","Focus on: Django first — complete a project or certification, then revisit remaining gaps: Django,Docker,HTML/CSS,Machine Learning,SQL,Spring Boot.",2026-08-08T04:58:27.434965
171,20,2,71.9,"Django,HTML/CSS,Machine Learning,Node.js,SQL,Spring Boot","Focus on: Django first — complete a project or certification, then revisit remaining gaps: Django,HTML/CSS,Machine Learning,Node.js,SQL,Spring Boot.",2026-08-05T15:58:27.434973
172,29,2,71.0,"Django,HTML/CSS,Machine Learning,SQL,Spring Boot","Focus on: Django first — complete a project or certification, then revisit remaining gaps: Django,HTML/CSS,Machine Learning,SQL,Spring Boot.",2026-08-16T14:58:27.434982
173,30,2,80.0,"Django,Docker,HTML/CSS,Machine Learning,Node.js,SQL,Spring Boot","Focus on: Django first — complete a project or certification, then revisit remaining gaps: Django,Docker,HTML/CSS,Machine Learning,Node.js,SQL,Spring Boot.",2026-08-15T14:58:27.434991
174,41,2,67.45,"Django,Docker,HTML/CSS,Node.js,SQL,Spring Boot","Focus on: Django first — complete a project or certification, then revisit remaining gaps: Django,Docker,HTML/CSS,Node.js,SQL,Spring Boot.",2026-08-02T21:58:27.435014
175,44,2,81.73,"Django,HTML/CSS,Machine Learning,Node.js","Focus on: Django first — complete a project or certification, then revisit remaining gaps: Django,HTML/CSS,Machine Learning,Node.js.",2026-08-19T09:58:27.435025
176,46,2,82.57,"Django,Docker,HTML/CSS,Machine Learning,Node.js,Spring Boot","Focus on: Django first — complete a project or certification, then revisit remaining gaps: Django,Docker,HTML/CSS,Machine Learning,Node.js,Spring Boot.",2026-08-20T19:58:27.435033
177,53,2,91.2,"Docker,HTML/CSS,Machine Learning,Node.js,SQL,Spring Boot","Focus on: Docker first — complete a project or certification, then revisit remaining gaps: Docker,HTML/CSS,Machine Learning,Node.js,SQL,Spring Boot.",2026-08-03T02:58:27.435042
178,55,2,81.7,"Django,Docker,HTML/CSS,Machine Learning,Spring Boot","Focus on: Django first — complete a project or certification, then revisit remaining gaps: Django,Docker,HTML/CSS,Machine Learning,Spring Boot.",2026-07-31T23:58:27.435051
179,59,2,72.22,"Django,Docker,HTML/CSS,Machine Learning,Node.js,SQL","Focus on: Django first — complete a project or certification, then revisit remaining gaps: Django,Docker,HTML/CSS,Machine Learning,Node.js,SQL.",2026-08-09T03:58:27.435060
180,71,2,80.1,"Django,Docker,HTML/CSS,SQL,Spring Boot","Focus on: Django first — complete a project or certification, then revisit remaining gaps: Django,Docker,HTML/CSS,SQL,Spring Boot.",2026-08-07T08:58:27.435069
181,79,2,68.6,"Django,HTML/CSS,Node.js,SQL,Spring Boot","Focus on: Django first — complete a project or certification, then revisit remaining gaps: Django,HTML/CSS,Node.js,SQL,Spring Boot.",2026-08-04T14:58:27.435080
182,88,2,72.85,"Django,HTML/CSS,Machine Learning,SQL,Spring Boot","Focus on: Django first — complete a project or certification, then revisit remaining gaps: Django,HTML/CSS,Machine Learning,SQL,Spring Boot.",2026-08-03T05:58:27.435089
183,91,2,77.02,"Django,Machine Learning,SQL,Spring Boot","Focus on: Django first — complete a project or certification, then revisit remaining gaps: Django,Machine Learning,SQL,Spring Boot.",2026-08-18T06:58:27.435098
184,95,2,73.45,"Django,HTML/CSS,Machine Learning,Node.js,Spring Boot","Focus on: Django first — complete a project or certification, then revisit remaining gaps: Django,HTML/CSS,Machine Learning,Node.js,Spring Boot.",2026-08-11T22:58:27.435106
185,104,2,78.65,"Django,Docker,HTML/CSS,Node.js,SQL,Spring Boot","Focus on: Django first — complete a project or certification, then revisit remaining gaps: Django,Docker,HTML/CSS,Node.js,SQL,Spring Boot.",2026-08-11T12:58:27.435116
186,110,2,79.45,"Django,Docker,HTML/CSS,Node.js,SQL","Focus on: Django first — complete a project or certification, then revisit remaining gaps: Django,Docker,HTML/CSS,Node.js,SQL.",2026-08-02T21:58:27.435125
187,123,2,71.55,"HTML/CSS,Machine Learning,Node.js,Spring Boot","Focus on: HTML/CSS first — complete a project or certification, then revisit remaining gaps: HTML/CSS,Machine Learning,Node.js,Spring Boot.",2026-08-04T19:58:27.435134
188,124,2,66.55,"Django,Docker,HTML/CSS,Machine Learning,Node.js,SQL,Spring Boot","Focus on: Django first — complete a project or certification, then revisit remaining gaps: Django,Docker,HTML/CSS,Machine Learning,Node.js,SQL,Spring Boot.",2026-08-05T00:58:27.435144
189,125,2,76.0,"Django,Docker,HTML/CSS,Node.js,SQL,Spring Boot","Focus on: Django first — complete a project or certification, then revisit remaining gaps: Django,Docker,HTML/CSS,Node.js,SQL,Spring Boot.",2026-08-12T03:58:27.435153
190,134,2,66.85,"Docker,Machine Learning,Node.js,SQL,Spring Boot","Focus on: Docker first — complete a project or certification, then revisit remaining gaps: Docker,Machine Learning,Node.js,SQL,Spring Boot.",2026-08-09T03:58:27.435163
191,140,2,80.67,"Django,HTML/CSS,Machine Learning,SQL","Focus on: Django first — complete a project or certification, then revisit remaining gaps: Django,HTML/CSS,Machine Learning,SQL.",2026-08-16T09:58:27.435306
192,143,2,68.42,"Django,Docker,Machine Learning,Node.js,Spring Boot","Focus on: Django first — complete a project or certification, then revisit remaining gaps: Django,Docker,Machine Learning,Node.js,Spring Boot.",2026-08-19T14:58:27.435366
193,151,2,92.9,"Django,Machine Learning","Focus on: Django first — complete a project or certification, then revisit remaining gaps: Django,Machine Learning.",2026-08-15T00:58:27.435378
194,153,2,79.85,"Docker,Machine Learning,Node.js,SQL,Spring Boot","Focus on: Docker first — complete a project or certification, then revisit remaining gaps: Docker,Machine Learning,Node.js,SQL,Spring Boot.",2026-08-05T05:58:27.435388
195,157,2,74.77,"Django,HTML/CSS,Machine Learning,Node.js,SQL,Spring Boot","Focus on: Django first — complete a project or certification, then revisit remaining gaps: Django,HTML/CSS,Machine Learning,Node.js,SQL,Spring Boot.",2026-08-02T18:58:27.435397
196,159,2,69.0,"Django,Docker,HTML/CSS,Machine Learning","Focus on: Django first — complete a project or certification, then revisit remaining gaps: Django,Docker,HTML/CSS,Machine Learning.",2026-08-11T10:58:27.435405
197,165,2,74.0,"Docker,HTML/CSS,Machine Learning,Node.js,SQL,Spring Boot","Focus on: Docker first — complete a project or certification, then revisit remaining gaps: Docker,HTML/CSS,Machine Learning,Node.js,SQL,Spring Boot.",2026-08-10T04:58:27.435413
198,179,2,77.12,"Django,Docker,HTML/CSS,Machine Learning,Spring Boot","Focus on: Django first — complete a project or certification, then revisit remaining gaps: Django,Docker,HTML/CSS,Machine Learning,Spring Boot.",2026-08-16T10:58:27.435423
199,191,2,76.15,"Django,HTML/CSS,Machine Learning,Node.js,Spring Boot","Focus on: Django first — complete a project or certification, then revisit remaining gaps: Django,HTML/CSS,Machine Learning,Node.js,Spring Boot.",2026-08-12T05:58:27.435430
200,199,2,74.35,"Django,Docker,HTML/CSS,Node.js,SQL,Spring Boot","Focus on: Django first — complete a project or certification, then revisit remaining gaps: Django,Docker,HTML/CSS,Node.js,SQL,Spring Boot.",2026-08-05T23:58:27.435437
201,209,2,74.2,"Docker,HTML/CSS,SQL,Spring Boot","Focus on: Docker first — complete a project or certification, then revisit remaining gaps: Docker,HTML/CSS,SQL,Spring Boot.",2026-08-14T08:58:27.435446
202,211,2,78.05,"Django,Docker,HTML/CSS,Node.js,SQL,Spring Boot","Focus on: Django first — complete a project or certification, then revisit remaining gaps: Django,Docker,HTML/CSS,Node.js,SQL,Spring Boot.",2026-08-12T05:58:27.435456
203,213,2,79.75,"Django,HTML/CSS,Machine Learning,Spring Boot","Focus on: Django first — complete a project or certification, then revisit remaining gaps: Django,HTML/CSS,Machine Learning,Spring Boot.",2026-08-02T10:58:27.435465
204,215,2,75.0,"Django,Docker,HTML/CSS,Node.js,SQL,Spring Boot","Focus on: Django first — complete a project or certification, then revisit remaining gaps: Django,Docker,HTML/CSS,Node.js,SQL,Spring Boot.",2026-08-13T16:58:27.435473
205,228,2,82.18,"Django,Docker,Machine Learning,Node.js,SQL,Spring Boot","Focus on: Django first — complete a project or certification, then revisit remaining gaps: Django,Docker,Machine Learning,Node.js,SQL,Spring Boot.",2026-08-13T09:58:27.435482
206,234,2,68.82,"Docker,Machine Learning,Node.js,SQL,Spring Boot","Focus on: Docker first — complete a project or certification, then revisit remaining gaps: Docker,Machine Learning,Node.js,SQL,Spring Boot.",2026-08-18T07:58:27.435490
207,236,2,72.2,"HTML/CSS,Spring Boot","Focus on: HTML/CSS first — complete a project or certification, then revisit remaining gaps: HTML/CSS,Spring Boot.",2026-08-03T21:58:27.435500
208,239,2,73.0,"Docker,HTML/CSS,Machine Learning,Node.js,Spring Boot","Focus on: Docker first — complete a project or certification, then revisit remaining gaps: Docker,HTML/CSS,Machine Learning,Node.js,Spring Boot.",2026-08-16T13:58:27.435508
209,243,2,83.95,"Django,Docker,Machine Learning,Node.js","Focus on: Django first — complete a project or certification, then revisit remaining gaps: Django,Docker,Machine Learning,Node.js.",2026-08-02T12:58:27.435516
210,247,2,70.67,"Django,HTML/CSS,Machine Learning,SQL","Focus on: Django first — complete a project or certification, then revisit remaining gaps: Django,HTML/CSS,Machine Learning,SQL.",2026-08-03T20:58:27.435524
211,269,2,71.75,"Django,Docker,Machine Learning,Node.js,Spring Boot","Focus on: Django first — complete a project or certification, then revisit remaining gaps: Django,Docker,Machine Learning,Node.js,Spring Boot.",2026-08-15T13:58:27.435533
212,274,2,70.1,"Django,HTML/CSS,Machine Learning,SQL","Focus on: Django first — complete a project or certification, then revisit remaining gaps: Django,HTML/CSS,Machine Learning,SQL.",2026-08-06T13:58:27.435562
213,275,2,74.65,"Django,Docker,HTML/CSS,Node.js,SQL,Spring Boot","Focus on: Django first — complete a project or certification, then revisit remaining gaps: Django,Docker,HTML/CSS,Node.js,SQL,Spring Boot.",2026-08-10T07:58:27.435579
214,278,2,74.5,"Docker,HTML/CSS,Machine Learning,Node.js,SQL","Focus on: Docker first — complete a project or certification, then revisit remaining gaps: Docker,HTML/CSS,Machine Learning,Node.js,SQL.",2026-08-11T19:58:27.435589
215,283,2,66.27,"Django,Docker,HTML/CSS,Node.js,SQL,Spring Boot","Focus on: Django first — complete a project or certification, then revisit remaining gaps: Django,Docker,HTML/CSS,Node.js,SQL,Spring Boot.",2026-08-07T14:58:27.435597
216,286,2,72.6,"Django,HTML/CSS,Machine Learning,Node.js,SQL,Spring Boot","Focus on: Django first — complete a project or certification, then revisit remaining gaps: Django,HTML/CSS,Machine Learning,Node.js,SQL,Spring Boot.",2026-08-06T21:58:27.435606
217,291,2,77.32,"Django,HTML/CSS,Machine Learning,SQL","Focus on: Django first — complete a project or certification, then revisit remaining gaps: Django,HTML/CSS,Machine Learning,SQL.",2026-08-16T23:58:27.435615
218,294,2,75.8,"Django,Docker,Machine Learning,Node.js,SQL,Spring Boot","Focus on: Django first — complete a project or certification, then revisit remaining gaps: Django,Docker,Machine Learning,Node.js,SQL,Spring Boot.",2026-08-12T10:58:27.435625
219,295,2,77.65,"Django,Docker,HTML/CSS,Machine Learning,Node.js,SQL,Spring Boot","Focus on: Django first — complete a project or certification, then revisit remaining gaps: Django,Docker,HTML/CSS,Machine Learning,Node.js,SQL,Spring Boot.",2026-08-17T23:58:27.435633
220,296,2,78.25,"Django,Docker,HTML/CSS,Machine Learning,Spring Boot","Focus on: Django first — complete a project or certification, then revisit remaining gaps: Django,Docker,HTML/CSS,Machine Learning,Spring Boot.",2026-08-07T22:58:27.435642
221,298,2,82.65,"Django,Docker,Node.js,Spring Boot","Focus on: Django first — complete a project or certification, then revisit remaining gaps: Django,Docker,Node.js,Spring Boot.",2026-08-13T11:58:27.435650
222,301,2,75.67,"Django,Docker,HTML/CSS,Machine Learning,Node.js,SQL,Spring Boot","Focus on: Django first — complete a project or certification, then revisit remaining gaps: Django,Docker,HTML/CSS,Machine Learning,Node.js,SQL,Spring Boot.",2026-08-17T05:58:27.435658
223,315,2,72.17,"Django,Docker,HTML/CSS,Machine Learning,Node.js,SQL,Spring Boot","Focus on: Django first — complete a project or certification, then revisit remaining gaps: Django,Docker,HTML/CSS,Machine Learning,Node.js,SQL,Spring Boot.",2026-08-18T02:58:27.435668
224,321,2,73.32,"Django,Docker,HTML/CSS,Machine Learning,SQL,Spring Boot","Focus on: Django first — complete a project or certification, then revisit remaining gaps: Django,Docker,HTML/CSS,Machine Learning,SQL,Spring Boot.",2026-08-18T14:58:27.435676
225,324,2,71.82,"Django,Docker,Machine Learning,Node.js","Focus on: Django first — complete a project or certification, then revisit remaining gaps: Django,Docker,Machine Learning,Node.js.",2026-08-13T14:58:27.435685
226,325,2,70.57,"Docker,HTML/CSS,Machine Learning,Node.js,SQL,Spring Boot","Focus on: Docker first — complete a project or certification, then revisit remaining gaps: Docker,HTML/CSS,Machine Learning,Node.js,SQL,Spring Boot.",2026-08-19T03:58:27.435694
227,327,2,72.65,"Django,HTML/CSS,Machine Learning,Node.js,SQL,Spring Boot","Focus on: Django first — complete a project or certification, then revisit remaining gaps: Django,HTML/CSS,Machine Learning,Node.js,SQL,Spring Boot.",2026-08-15T21:58:27.435704
228,331,2,94.88,"Django,Docker,HTML/CSS,Machine Learning,Node.js,SQL,Spring Boot","Focus on: Django first — complete a project or certification, then revisit remaining gaps: Django,Docker,HTML/CSS,Machine Learning,Node.js,SQL,Spring Boot.",2026-08-11T05:58:27.435713
229,333,2,81.22,"Django,Docker,HTML/CSS,Node.js,SQL","Focus on: Django first — complete a project or certification, then revisit remaining gaps: Django,Docker,HTML/CSS,Node.js,SQL.",2026-08-06T17:58:27.435722
230,336,2,76.5,"Django,Docker,HTML/CSS,Machine Learning,SQL,Spring Boot","Focus on: Django first — complete a project or certification, then revisit remaining gaps: Django,Docker,HTML/CSS,Machine Learning,SQL,Spring Boot.",2026-08-04T16:58:27.435730
231,337,2,82.58,"Django,Docker,HTML/CSS,Machine Learning,Node.js,SQL","Focus on: Django first — complete a project or certification, then revisit remaining gaps: Django,Docker,HTML/CSS,Machine Learning,Node.js,SQL.",2026-08-18T15:58:27.435739
232,338,2,71.85,"Django,Docker,HTML/CSS,Machine Learning,Node.js","Focus on: Django first — complete a project or certification, then revisit remaining gaps: Django,Docker,HTML/CSS,Machine Learning,Node.js.",2026-08-11T12:58:27.435747
233,341,2,90.25,"Django,HTML/CSS,Machine Learning,Node.js,SQL,Spring Boot","Focus on: Django first — complete a project or certification, then revisit remaining gaps: Django,HTML/CSS,Machine Learning,Node.js,SQL,Spring Boot.",2026-08-08T10:58:27.435757
234,352,2,75.65,"Django,Machine Learning,Node.js,SQL,Spring Boot","Focus on: Django first — complete a project or certification, then revisit remaining gaps: Django,Machine Learning,Node.js,SQL,Spring Boot.",2026-08-05T03:58:27.435768
235,353,2,74.1,"Django,Machine Learning,Node.js,SQL","Focus on: Django first — complete a project or certification, then revisit remaining gaps: Django,Machine Learning,Node.js,SQL.",2026-08-14T20:58:27.435778
236,356,2,75.95,"Docker,HTML/CSS,Machine Learning,Node.js,SQL,Spring Boot","Focus on: Docker first — complete a project or certification, then revisit remaining gaps: Docker,HTML/CSS,Machine Learning,Node.js,SQL,Spring Boot.",2026-08-01T12:58:27.435788
237,357,2,93.03,"Django,Docker,HTML/CSS,Machine Learning,Node.js,SQL,Spring Boot","Focus on: Django first — complete a project or certification, then revisit remaining gaps: Django,Docker,HTML/CSS,Machine Learning,Node.js,SQL,Spring Boot.",2026-07-31T17:58:27.435797
238,360,2,79.25,"Django,Docker,HTML/CSS,Machine Learning,Node.js,SQL","Focus on: Django first — complete a project or certification, then revisit remaining gaps: Django,Docker,HTML/CSS,Machine Learning,Node.js,SQL.",2026-08-21T06:58:27.435808
239,367,2,76.68,"Docker,Node.js,SQL,Spring Boot","Focus on: Docker first — complete a project or certification, then revisit remaining gaps: Docker,Node.js,SQL,Spring Boot.",2026-08-16T19:58:27.435818
240,377,2,74.6,"Docker,HTML/CSS,Machine Learning,Node.js,SQL,Spring Boot","Focus on: Docker first — complete a project or certification, then revisit remaining gaps: Docker,HTML/CSS,Machine Learning,Node.js,SQL,Spring Boot.",2026-08-09T06:58:27.435838
241,391,2,74.2,"Django,Docker,Machine Learning,Node.js,SQL","Focus on: Django first — complete a project or certification, then revisit remaining gaps: Django,Docker,Machine Learning,Node.js,SQL.",2026-08-15T05:58:27.435853
242,396,2,68.18,"Django,Docker,HTML/CSS,Machine Learning,Node.js","Focus on: Django first — complete a project or certification, then revisit remaining gaps: Django,Docker,HTML/CSS,Machine Learning,Node.js.",2026-08-06T09:58:27.435865
243,397,2,69.65,"Django,Docker,HTML/CSS,Machine Learning,Node.js,SQL,Spring Boot","Focus on: Django first — complete a project or certification, then revisit remaining gaps: Django,Docker,HTML/CSS,Machine Learning,Node.js,SQL,Spring Boot.",2026-08-06T08:58:27.435876
244,400,2,75.32,"Django,Docker,HTML/CSS,Machine Learning,Node.js,SQL,Spring Boot","Focus on: Django first — complete a project or certification, then revisit remaining gaps: Django,Docker,HTML/CSS,Machine Learning,Node.js,SQL,Spring Boot.",2026-08-06T04:58:27.435887
245,406,2,72.9,"Django,Docker,HTML/CSS,Node.js,Spring Boot","Focus on: Django first — complete a project or certification, then revisit remaining gaps: Django,Docker,HTML/CSS,Node.js,Spring Boot.",2026-08-17T07:58:27.435896
246,409,2,75.5,"Docker,HTML/CSS,Machine Learning,SQL,Spring Boot","Focus on: Docker first — complete a project or certification, then revisit remaining gaps: Docker,HTML/CSS,Machine Learning,SQL,Spring Boot.",2026-08-01T11:58:27.435906
247,414,2,64.6,"Django,Docker,HTML/CSS,Machine Learning,SQL,Spring Boot","Focus on: Django first — complete a project or certification, then revisit remaining gaps: Django,Docker,HTML/CSS,Machine Learning,SQL,Spring Boot.",2026-08-04T14:58:27.435915
248,416,2,73.98,"Docker,HTML/CSS,Machine Learning,Node.js","Focus on: Docker first — complete a project or certification, then revisit remaining gaps: Docker,HTML/CSS,Machine Learning,Node.js.",2026-08-15T13:58:27.435924
249,418,2,83.52,"Django,Docker,HTML/CSS,Node.js,SQL","Focus on: Django first — complete a project or certification, then revisit remaining gaps: Django,Docker,HTML/CSS,Node.js,SQL.",2026-08-08T11:58:27.435933
250,421,2,85.0,"Django,Docker,HTML/CSS,Machine Learning,Spring Boot","Focus on: Django first — complete a project or certification, then revisit remaining gaps: Django,Docker,HTML/CSS,Machine Learning,Spring Boot.",2026-08-05T20:58:27.435942
251,427,2,76.7,"Django,Docker,HTML/CSS,Node.js,SQL","Focus on: Django first — complete a project or certification, then revisit remaining gaps: Django,Docker,HTML/CSS,Node.js,SQL.",2026-08-02T07:58:27.435951
252,432,2,68.55,"Django,Docker,HTML/CSS,Node.js,SQL,Spring Boot","Focus on: Django first — complete a project or certification, then revisit remaining gaps: Django,Docker,HTML/CSS,Node.js,SQL,Spring Boot.",2026-08-16T12:58:27.435960
253,435,2,88.7,"Django,HTML/CSS,Node.js,SQL,Spring Boot","Focus on: Django first — complete a project or certification, then revisit remaining gaps: Django,HTML/CSS,Node.js,SQL,Spring Boot.",2026-08-07T15:58:27.435970
254,437,2,76.25,"Django,Docker,HTML/CSS,Machine Learning,Node.js,SQL,Spring Boot","Focus on: Django first — complete a project or certification, then revisit remaining gaps: Django,Docker,HTML/CSS,Machine Learning,Node.js,SQL,Spring Boot.",2026-08-12T18:58:27.435980
255,439,2,78.03,"Django,Machine Learning,Node.js,SQL,Spring Boot","Focus on: Django first — complete a project or certification, then revisit remaining gaps: Django,Machine Learning,Node.js,SQL,Spring Boot.",2026-08-08T17:58:27.435987
256,445,2,74.92,"Docker,HTML/CSS,Node.js,SQL,Spring Boot","Focus on: Docker first — complete a project or certification, then revisit remaining gaps: Docker,HTML/CSS,Node.js,SQL,Spring Boot.",2026-08-03T06:58:27.435996
257,463,2,75.45,"Django,Docker,HTML/CSS,SQL,Spring Boot","Focus on: Django first — complete a project or certification, then revisit remaining gaps: Django,Docker,HTML/CSS,SQL,Spring Boot.",2026-08-01T02:58:27.436005
258,470,2,73.55,"Django,Docker,HTML/CSS,SQL,Spring Boot","Focus on: Django first — complete a project or certification, then revisit remaining gaps: Django,Docker,HTML/CSS,SQL,Spring Boot.",2026-08-05T21:58:27.436015
259,472,2,85.05,"Django,Docker,HTML/CSS,Machine Learning,SQL","Focus on: Django first — complete a project or certification, then revisit remaining gaps: Django,Docker,HTML/CSS,Machine Learning,SQL.",2026-08-16T04:58:27.436023
260,1,3,60.9,"Git,Kubernetes,Spring Boot","Focus on: Git first — complete a project or certification, then revisit remaining gaps: Git,Kubernetes,Spring Boot.",2026-08-14T04:58:27.436032
261,2,3,81.05,"Git,Kubernetes,REST APIs,Spring Boot","Focus on: Git first — complete a project or certification, then revisit remaining gaps: Git,Kubernetes,REST APIs,Spring Boot.",2026-08-05T22:58:27.436047
262,4,3,74.15,"Django,Git,REST APIs","Focus on: Django first — complete a project or certification, then revisit remaining gaps: Django,Git,REST APIs.",2026-08-01T01:58:27.436061
263,5,3,67.72,"Django,Spring Boot","Focus on: Django first — complete a project or certification, then revisit remaining gaps: Django,Spring Boot.",2026-08-02T02:58:27.436071
264,8,3,61.15,"Django,REST APIs,Spring Boot","Focus on: Django first — complete a project or certification, then revisit remaining gaps: Django,REST APIs,Spring Boot.",2026-08-03T22:58:27.436085
265,9,3,74.35,"Django,Git,Kubernetes,REST APIs,Spring Boot","Focus on: Django first — complete a project or certification, then revisit remaining gaps: Django,Git,Kubernetes,REST APIs,Spring Boot.",2026-08-12T10:58:27.436097
266,11,3,78.6,"Django,Git,Spring Boot","Focus on: Django first — complete a project or certification, then revisit remaining gaps: Django,Git,Spring Boot.",2026-08-14T10:58:27.436106
267,13,3,76.23,"Django,REST APIs","Focus on: Django first — complete a project or certification, then revisit remaining gaps: Django,REST APIs.",2026-08-12T00:58:27.436114
268,14,3,67.5,"Django,Git,Kubernetes,REST APIs","Focus on: Django first — complete a project or certification, then revisit remaining gaps: Django,Git,Kubernetes,REST APIs.",2026-08-07T03:58:27.436122
269,15,3,73.12,"Git,Kubernetes,REST APIs,Spring Boot","Focus on: Git first — complete a project or certification, then revisit remaining gaps: Git,Kubernetes,REST APIs,Spring Boot.",2026-08-13T16:58:27.436130
270,16,3,77.47,Spring Boot,"Focus on: Spring Boot first — complete a project or certification, then revisit remaining gaps: Spring Boot.",2026-08-08T10:58:27.436150
271,17,3,66.92,"Django,Git,REST APIs,Spring Boot","Focus on: Django first — complete a project or certification, then revisit remaining gaps: Django,Git,REST APIs,Spring Boot.",2026-08-15T23:58:27.436162
272,18,3,83.65,"Django,Git,Kubernetes,REST APIs,Spring Boot","Focus on: Django first — complete a project or certification, then revisit remaining gaps: Django,Git,Kubernetes,REST APIs,Spring Boot.",2026-08-10T16:58:27.436171
273,19,3,94.25,"Django,Git,REST APIs,Spring Boot","Focus on: Django first — complete a project or certification, then revisit remaining gaps: Django,Git,REST APIs,Spring Boot.",2026-08-18T02:58:27.436180
274,20,3,71.9,"Django,Kubernetes,REST APIs,Spring Boot","Focus on: Django first — complete a project or certification, then revisit remaining gaps: Django,Kubernetes,REST APIs,Spring Boot.",2026-08-08T15:58:27.436188
275,21,3,61.5,"Django,Git,Kubernetes,Spring Boot","Focus on: Django first — complete a project or certification, then revisit remaining gaps: Django,Git,Kubernetes,Spring Boot.",2026-08-16T22:58:27.436196
276,22,3,72.92,"Kubernetes,Spring Boot","Focus on: Kubernetes first — complete a project or certification, then revisit remaining gaps: Kubernetes,Spring Boot.",2026-08-05T18:58:27.436212
277,23,3,62.05,"Django,Git,Kubernetes,REST APIs,Spring Boot","Focus on: Django first — complete a project or certification, then revisit remaining gaps: Django,Git,Kubernetes,REST APIs,Spring Boot.",2026-08-07T16:58:27.436223
278,25,3,58.35,"REST APIs,Spring Boot","Focus on: REST APIs first — complete a project or certification, then revisit remaining gaps: REST APIs,Spring Boot.",2026-08-14T13:58:27.436232
279,26,3,77.85,"Kubernetes,REST APIs,Spring Boot","Focus on: Kubernetes first — complete a project or certification, then revisit remaining gaps: Kubernetes,REST APIs,Spring Boot.",2026-08-12T05:58:27.436241
280,27,3,82.1,"Django,Kubernetes,REST APIs,Spring Boot","Focus on: Django first — complete a project or certification, then revisit remaining gaps: Django,Kubernetes,REST APIs,Spring Boot.",2026-08-05T07:58:27.436249
281,29,3,71.0,"Django,Git,Spring Boot","Focus on: Django first — complete a project or certification, then revisit remaining gaps: Django,Git,Spring Boot.",2026-08-08T12:58:27.436257
282,30,3,80.0,"Django,Kubernetes,REST APIs,Spring Boot","Focus on: Django first — complete a project or certification, then revisit remaining gaps: Django,Kubernetes,REST APIs,Spring Boot.",2026-08-04T03:58:27.436266
283,31,3,78.8,Django,"Focus on: Django first — complete a project or certification, then revisit remaining gaps: Django.",2026-08-12T16:58:27.436275
284,32,3,77.5,"Django,Kubernetes,REST APIs,Spring Boot","Focus on: Django first — complete a project or certification, then revisit remaining gaps: Django,Kubernetes,REST APIs,Spring Boot.",2026-08-11T00:58:27.436283
285,34,3,85.9,"Django,Kubernetes,REST APIs,Spring Boot","Focus on: Django first — complete a project or certification, then revisit remaining gaps: Django,Kubernetes,REST APIs,Spring Boot.",2026-08-08T23:58:27.436292
286,35,3,75.5,"Git,Kubernetes,REST APIs,Spring Boot","Focus on: Git first — complete a project or certification, then revisit remaining gaps: Git,Kubernetes,REST APIs,Spring Boot.",2026-08-08T01:58:27.436300
287,37,3,71.82,Django,"Focus on: Django first — complete a project or certification, then revisit remaining gaps: Django.",2026-08-13T12:58:27.436309
288,39,3,70.85,"Git,Kubernetes,Spring Boot","Focus on: Git first — complete a project or certification, then revisit remaining gaps: Git,Kubernetes,Spring Boot.",2026-08-12T22:58:27.436317
289,40,3,77.8,"Django,Kubernetes,REST APIs","Focus on: Django first — complete a project or certification, then revisit remaining gaps: Django,Kubernetes,REST APIs.",2026-08-14T03:58:27.436325
290,41,3,67.45,"Django,Git,Kubernetes,REST APIs,Spring Boot","Focus on: Django first — complete a project or certification, then revisit remaining gaps: Django,Git,Kubernetes,REST APIs,Spring Boot.",2026-08-01T12:58:27.436333
291,42,3,64.22,"Git,Kubernetes,Spring Boot","Focus on: Git first — complete a project or certification, then revisit remaining gaps: Git,Kubernetes,Spring Boot.",2026-08-11T23:58:27.436341
292,43,3,70.98,"Django,Git,Kubernetes,REST APIs,Spring Boot","Focus on: Django first — complete a project or certification, then revisit remaining gaps: Django,Git,Kubernetes,REST APIs,Spring Boot.",2026-08-08T06:58:27.436355
293,44,3,81.73,"Django,Git,Kubernetes,REST APIs","Focus on: Django first — complete a project or certification, then revisit remaining gaps: Django,Git,Kubernetes,REST APIs.",2026-08-03T08:58:27.436366
294,45,3,72.12,"Django,Kubernetes,REST APIs,Spring Boot","Focus on: Django first — complete a project or certification, then revisit remaining gaps: Django,Kubernetes,REST APIs,Spring Boot.",2026-08-04T07:58:27.436375
295,46,3,82.57,"Django,Git,Kubernetes,REST APIs,Spring Boot","Focus on: Django first — complete a project or certification, then revisit remaining gaps: Django,Git,Kubernetes,REST APIs,Spring Boot.",2026-08-01T10:58:27.436390
296,48,3,75.75,"Git,Kubernetes,REST APIs,Spring Boot","Focus on: Git first — complete a project or certification, then revisit remaining gaps: Git,Kubernetes,REST APIs,Spring Boot.",2026-08-01T18:58:27.436407
297,49,3,72.85,"Django,Git,Kubernetes,Spring Boot","Focus on: Django first — complete a project or certification, then revisit remaining gaps: Django,Git,Kubernetes,Spring Boot.",2026-08-11T09:58:27.436418
298,57,3,67.15,"Django,Git,Kubernetes,REST APIs,Spring Boot","Focus on: Django first — complete a project or certification, then revisit remaining gaps: Django,Git,Kubernetes,REST APIs,Spring Boot.",2026-08-01T20:58:27.436427
299,59,3,72.22,"Django,Git,Kubernetes,REST APIs","Focus on: Django first — complete a project or certification, then revisit remaining gaps: Django,Git,Kubernetes,REST APIs.",2026-08-20T14:58:27.439187
300,61,3,68.97,"Django,Git,REST APIs,Spring Boot","Focus on: Django first — complete a project or certification, then revisit remaining gaps: Django,Git,REST APIs,Spring Boot.",2026-08-21T01:58:27.439240
301,62,3,78.25,"Django,Git,Kubernetes,REST APIs,Spring Boot","Focus on: Django first — complete a project or certification, then revisit remaining gaps: Django,Git,Kubernetes,REST APIs,Spring Boot.",2026-08-18T15:58:27.439254
302,63,3,76.22,"Django,Kubernetes,REST APIs,Spring Boot","Focus on: Django first — complete a project or certification, then revisit remaining gaps: Django,Kubernetes,REST APIs,Spring Boot.",2026-08-11T02:58:27.439268
303,65,3,59.4,"Django,Git,Kubernetes,REST APIs,Spring Boot","Focus on: Django first — complete a project or certification, then revisit remaining gaps: Django,Git,Kubernetes,REST APIs,Spring Boot.",2026-08-04T11:58:27.439279
304,66,3,68.38,Git,"Focus on: Git first — complete a project or certification, then revisit remaining gaps: Git.",2026-08-01T12:58:27.439307
305,68,3,64.0,"Django,Kubernetes,REST APIs","Focus on: Django first — complete a project or certification, then revisit remaining gaps: Django,Kubernetes,REST APIs.",2026-08-05T07:58:27.439316
306,70,3,63.52,"Django,Git,Kubernetes,REST APIs,Spring Boot","Focus on: Django first — complete a project or certification, then revisit remaining gaps: Django,Git,Kubernetes,REST APIs,Spring Boot.",2026-08-09T20:58:27.439323
307,71,3,80.1,"Django,Git,Kubernetes,REST APIs,Spring Boot","Focus on: Django first — complete a project or certification, then revisit remaining gaps: Django,Git,Kubernetes,REST APIs,Spring Boot.",2026-08-15T08:58:27.439331
308,72,3,67.75,"Django,Kubernetes,REST APIs,Spring Boot","Focus on: Django first — complete a project or certification, then revisit remaining gaps: Django,Kubernetes,REST APIs,Spring Boot.",2026-08-04T01:58:27.439338
309,73,3,67.6,"Git,Kubernetes,REST APIs,Spring Boot","Focus on: Git first — complete a project or certification, then revisit remaining gaps: Git,Kubernetes,REST APIs,Spring Boot.",2026-08-14T04:58:27.439346
310,74,3,61.68,"Git,Kubernetes,REST APIs,Spring Boot","Focus on: Git first — complete a project or certification, then revisit remaining gaps: Git,Kubernetes,REST APIs,Spring Boot.",2026-08-16T02:58:27.439361
311,75,3,80.55,"Django,Kubernetes,REST APIs,Spring Boot","Focus on: Django first — complete a project or certification, then revisit remaining gaps: Django,Kubernetes,REST APIs,Spring Boot.",2026-08-11T00:58:27.439369
312,76,3,59.58,"REST APIs,Spring Boot","Focus on: REST APIs first — complete a project or certification, then revisit remaining gaps: REST APIs,Spring Boot.",2026-08-14T20:58:27.439377
313,77,3,64.83,"Django,Git,Kubernetes,Spring Boot","Focus on: Django first — complete a project or certification, then revisit remaining gaps: Django,Git,Kubernetes,Spring Boot.",2026-08-14T13:58:27.439384
314,78,3,87.13,"Django,Git,Kubernetes,REST APIs,Spring Boot","Focus on: Django first — complete a project or certification, then revisit remaining gaps: Django,Git,Kubernetes,REST APIs,Spring Boot.",2026-08-20T13:58:27.439392
315,79,3,68.6,"Django,Git,Kubernetes,REST APIs,Spring Boot","Focus on: Django first — complete a project or certification, then revisit remaining gaps: Django,Git,Kubernetes,REST APIs,Spring Boot.",2026-08-05T10:58:27.439405
316,80,3,78.23,"Django,Git,Kubernetes,Spring Boot","Focus on: Django first — complete a project or certification, then revisit remaining gaps: Django,Git,Kubernetes,Spring Boot.",2026-08-05T01:58:27.439415
317,83,3,56.82,"Git,Kubernetes,REST APIs","Focus on: Git first — complete a project or certification, then revisit remaining gaps: Git,Kubernetes,REST APIs.",2026-08-06T12:58:27.439424
318,84,3,72.3,"Django,Git,Kubernetes,REST APIs,Spring Boot","Focus on: Django first — complete a project or certification, then revisit remaining gaps: Django,Git,Kubernetes,REST APIs,Spring Boot.",2026-08-16T04:58:27.439431
319,86,3,79.35,"Django,Git,Kubernetes,REST APIs,Spring Boot","Focus on: Django first — complete a project or certification, then revisit remaining gaps: Django,Git,Kubernetes,REST APIs,Spring Boot.",2026-08-12T13:58:27.439439
320,87,3,73.2,"Django,Git","Focus on: Django first — complete a project or certification, then revisit remaining gaps: Django,Git.",2026-08-13T17:58:27.439455
321,88,3,72.85,"Django,Git,Kubernetes,REST APIs,Spring Boot","Focus on: Django first — complete a project or certification, then revisit remaining gaps: Django,Git,Kubernetes,REST APIs,Spring Boot.",2026-08-14T12:58:27.439465
322,89,3,59.2,"Django,Git,Kubernetes,REST APIs","Focus on: Django first — complete a project or certification, then revisit remaining gaps: Django,Git,Kubernetes,REST APIs.",2026-08-12T14:58:27.439473
323,90,3,55.2,"Django,Kubernetes,REST APIs,Spring Boot","Focus on: Django first — complete a project or certification, then revisit remaining gaps: Django,Kubernetes,REST APIs,Spring Boot.",2026-08-18T01:58:27.439480
324,91,3,77.02,"Django,Spring Boot","Focus on: Django first — complete a project or certification, then revisit remaining gaps: Django,Spring Boot.",2026-08-01T01:58:27.439494
325,92,3,61.88,"Django,Kubernetes,REST APIs,Spring Boot","Focus on: Django first — complete a project or certification, then revisit remaining gaps: Django,Kubernetes,REST APIs,Spring Boot.",2026-08-16T14:58:27.439503
326,93,3,64.95,"Django,Git","Focus on: Django first — complete a project or certification, then revisit remaining gaps: Django,Git.",2026-08-13T11:58:27.439511
327,94,3,86.6,"Django,Git,REST APIs","Focus on: Django first — complete a project or certification, then revisit remaining gaps: Django,Git,REST APIs.",2026-08-19T11:58:27.439519
328,95,3,73.45,"Django,Git,Kubernetes,REST APIs,Spring Boot","Focus on: Django first — complete a project or certification, then revisit remaining gaps: Django,Git,Kubernetes,REST APIs,Spring Boot.",2026-08-04T14:58:27.439533
329,96,3,55.75,"Django,Git,REST APIs,Spring Boot","Focus on: Django first — complete a project or certification, then revisit remaining gaps: Django,Git,REST APIs,Spring Boot.",2026-08-08T13:58:27.439543
330,97,3,72.2,"Django,Git,Kubernetes,REST APIs,Spring Boot","Focus on: Django first — complete a project or certification, then revisit remaining gaps: Django,Git,Kubernetes,REST APIs,Spring Boot.",2026-08-20T14:58:27.439551
331,98,3,77.65,"Django,Git,Kubernetes,Spring Boot","Focus on: Django first — complete a project or certification, then revisit remaining gaps: Django,Git,Kubernetes,Spring Boot.",2026-08-03T18:58:27.439563
332,99,3,64.0,"Django,Kubernetes,REST APIs,Spring Boot","Focus on: Django first — complete a project or certification, then revisit remaining gaps: Django,Kubernetes,REST APIs,Spring Boot.",2026-08-17T10:58:27.439574
333,100,3,75.15,"Django,Git,Kubernetes,REST APIs,Spring Boot","Focus on: Django first — complete a project or certification, then revisit remaining gaps: Django,Git,Kubernetes,REST APIs,Spring Boot.",2026-08-03T01:58:27.439582
334,101,3,82.55,"Django,Git,Kubernetes,REST APIs,Spring Boot","Focus on: Django first — complete a project or certification, then revisit remaining gaps: Django,Git,Kubernetes,REST APIs,Spring Boot.",2026-08-14T18:58:27.439597
335,102,3,75.95,"Django,Git,Kubernetes,Spring Boot","Focus on: Django first — complete a project or certification, then revisit remaining gaps: Django,Git,Kubernetes,Spring Boot.",2026-08-12T03:58:27.439608
336,103,3,65.5,"Django,Kubernetes,REST APIs,Spring Boot","Focus on: Django first — complete a project or certification, then revisit remaining gaps: Django,Kubernetes,REST APIs,Spring Boot.",2026-08-07T21:58:27.439617
337,104,3,78.65,"Django,Git,Kubernetes,REST APIs,Spring Boot","Focus on: Django first — complete a project or certification, then revisit remaining gaps: Django,Git,Kubernetes,REST APIs,Spring Boot.",2026-08-21T04:58:27.439626
338,105,3,66.65,"Django,Kubernetes,REST APIs,Spring Boot","Focus on: Django first — complete a project or certification, then revisit remaining gaps: Django,Kubernetes,REST APIs,Spring Boot.",2026-08-12T23:58:27.439634
339,111,3,80.05,"Django,Git,Kubernetes,Spring Boot","Focus on: Django first — complete a project or certification, then revisit remaining gaps: Django,Git,Kubernetes,Spring Boot.",2026-08-15T10:58:27.439642
340,112,3,70.2,"Django,Kubernetes,REST APIs,Spring Boot","Focus on: Django first — complete a project or certification, then revisit remaining gaps: Django,Kubernetes,REST APIs,Spring Boot.",2026-08-12T17:58:27.439649
341,113,3,82.8,"Django,Git,Kubernetes,Spring Boot","Focus on: Django first — complete a project or certification, then revisit remaining gaps: Django,Git,Kubernetes,Spring Boot.",2026-08-02T22:58:27.439658
342,114,3,62.7,"Django,Git,Kubernetes,REST APIs","Focus on: Django first — complete a project or certification, then revisit remaining gaps: Django,Git,Kubernetes,REST APIs.",2026-08-09T04:58:27.439665
343,115,3,61.6,"Git,REST APIs","Focus on: Git first — complete a project or certification, then revisit remaining gaps: Git,REST APIs.",2026-08-08T11:58:27.439673
344,116,3,73.83,"Django,Git,Kubernetes,REST APIs,Spring Boot","Focus on: Django first — complete a project or certification, then revisit remaining gaps: Django,Git,Kubernetes,REST APIs,Spring Boot.",2026-08-14T00:58:27.439680
345,118,3,59.05,"Django,Git,Kubernetes,REST APIs,Spring Boot","Focus on: Django first — complete a project or certification, then revisit remaining gaps: Django,Git,Kubernetes,REST APIs,Spring Boot.",2026-08-04T05:58:27.439688
346,119,3,62.85,"Git,Kubernetes,REST APIs,Spring Boot","Focus on: Git first — complete a project or certification, then revisit remaining gaps: Git,Kubernetes,REST APIs,Spring Boot.",2026-08-06T04:58:27.439696
347,120,3,68.85,"Django,Git,Spring Boot","Focus on: Django first — complete a project or certification, then revisit remaining gaps: Django,Git,Spring Boot.",2026-08-03T21:58:27.439704
348,122,3,59.75,"Django,Git,REST APIs,Spring Boot","Focus on: Django first — complete a project or certification, then revisit remaining gaps: Django,Git,REST APIs,Spring Boot.",2026-08-14T01:58:27.439713
349,123,3,71.55,"Git,Kubernetes,Spring Boot","Focus on: Git first — complete a project or certification, then revisit remaining gaps: Git,Kubernetes,Spring Boot.",2026-08-20T22:58:27.439721
350,124,3,66.55,"Django,REST APIs,Spring Boot","Focus on: Django first — complete a project or certification, then revisit remaining gaps: Django,REST APIs,Spring Boot.",2026-08-09T02:58:27.439733
351,125,3,76.0,"Django,Kubernetes,REST APIs,Spring Boot","Focus on: Django first — complete a project or certification, then revisit remaining gaps: Django,Kubernetes,REST APIs,Spring Boot.",2026-08-03T15:58:27.439746
352,126,3,86.4,"Django,Git,REST APIs,Spring Boot","Focus on: Django first — complete a project or certification, then revisit remaining gaps: Django,Git,REST APIs,Spring Boot.",2026-08-17T23:58:27.439754
353,128,3,78.02,"Django,Git,Kubernetes,REST APIs","Focus on: Django first — complete a project or certification, then revisit remaining gaps: Django,Git,Kubernetes,REST APIs.",2026-08-13T19:58:27.439763
354,129,3,68.92,"Django,Git,REST APIs","Focus on: Django first — complete a project or certification, then revisit remaining gaps: Django,Git,REST APIs.",2026-08-21T01:58:27.439785
355,132,3,65.13,"Git,Kubernetes,Spring Boot","Focus on: Git first — complete a project or certification, then revisit remaining gaps: Git,Kubernetes,Spring Boot.",2026-08-13T23:58:27.439797
356,133,3,74.2,"Django,Git,REST APIs","Focus on: Django first — complete a project or certification, then revisit remaining gaps: Django,Git,REST APIs.",2026-08-09T22:58:27.439807
357,134,3,66.85,"Git,REST APIs,Spring Boot","Focus on: Git first — complete a project or certification, then revisit remaining gaps: Git,REST APIs,Spring Boot.",2026-08-03T10:58:27.439815
358,135,3,57.65,"Django,Git,Kubernetes,Spring Boot","Focus on: Django first — complete a project or certification, then revisit remaining gaps: Django,Git,Kubernetes,Spring Boot.",2026-08-01T04:58:27.439825
359,136,3,65.05,"Django,Git,Kubernetes,Spring Boot","Focus on: Django first — complete a project or certification, then revisit remaining gaps: Django,Git,Kubernetes,Spring Boot.",2026-08-11T09:58:27.439837
360,137,3,63.83,"Django,Git,Kubernetes,REST APIs,Spring Boot","Focus on: Django first — complete a project or certification, then revisit remaining gaps: Django,Git,Kubernetes,REST APIs,Spring Boot.",2026-08-01T11:58:27.439850
361,138,3,57.95,"Django,Git,Kubernetes,REST APIs","Focus on: Django first — complete a project or certification, then revisit remaining gaps: Django,Git,Kubernetes,REST APIs.",2026-08-17T20:58:27.439864
362,139,3,62.15,Django,"Focus on: Django first — complete a project or certification, then revisit remaining gaps: Django.",2026-08-16T07:58:27.439877
363,140,3,80.67,"Django,Kubernetes","Focus on: Django first — complete a project or certification, then revisit remaining gaps: Django,Kubernetes.",2026-08-05T19:58:27.439886
364,141,3,62.93,"Django,REST APIs,Spring Boot","Focus on: Django first — complete a project or certification, then revisit remaining gaps: Django,REST APIs,Spring Boot.",2026-08-14T11:58:27.439894
365,142,3,82.95,"Django,Git,Kubernetes,REST APIs,Spring Boot","Focus on: Django first — complete a project or certification, then revisit remaining gaps: Django,Git,Kubernetes,REST APIs,Spring Boot.",2026-08-17T01:58:27.439904
366,143,3,68.42,"Django,Git,Spring Boot","Focus on: Django first — complete a project or certification, then revisit remaining gaps: Django,Git,Spring Boot.",2026-08-01T22:58:27.439918
367,145,3,57.18,"Django,Kubernetes,REST APIs,Spring Boot","Focus on: Django first — complete a project or certification, then revisit remaining gaps: Django,Kubernetes,REST APIs,Spring Boot.",2026-08-04T14:58:27.439936
368,146,3,80.55,"Django,Git,REST APIs,Spring Boot","Focus on: Django first — complete a project or certification, then revisit remaining gaps: Django,Git,REST APIs,Spring Boot.",2026-08-03T06:58:27.439947
369,147,3,76.4,"Django,Kubernetes,REST APIs,Spring Boot","Focus on: Django first — complete a project or certification, then revisit remaining gaps: Django,Kubernetes,REST APIs,Spring Boot.",2026-08-19T22:58:27.439959
370,149,3,63.22,"Git,REST APIs","Focus on: Git first — complete a project or certification, then revisit remaining gaps: Git,REST APIs.",2026-08-13T00:58:27.439968
371,150,3,68.42,"Django,Kubernetes,REST APIs,Spring Boot","Focus on: Django first — complete a project or certification, then revisit remaining gaps: Django,Kubernetes,REST APIs,Spring Boot.",2026-08-11T14:58:27.439977
372,151,3,92.9,"Django,Git,Kubernetes,REST APIs","Focus on: Django first — complete a project or certification, then revisit remaining gaps: Django,Git,Kubernetes,REST APIs.",2026-08-11T09:58:27.439985
373,152,3,83.5,"Django,Kubernetes,REST APIs,Spring Boot","Focus on: Django first — complete a project or certification, then revisit remaining gaps: Django,Kubernetes,REST APIs,Spring Boot.",2026-08-20T03:58:27.440010
374,153,3,79.85,"Git,Kubernetes,REST APIs,Spring Boot","Focus on: Git first — complete a project or certification, then revisit remaining gaps: Git,Kubernetes,REST APIs,Spring Boot.",2026-08-02T18:58:27.440022
375,154,3,78.85,"Django,Git,Kubernetes,Spring Boot","Focus on: Django first — complete a project or certification, then revisit remaining gaps: Django,Git,Kubernetes,Spring Boot.",2026-08-08T13:58:27.440030
376,155,3,59.05,"Git,Kubernetes,REST APIs,Spring Boot","Focus on: Git first — complete a project or certification, then revisit remaining gaps: Git,Kubernetes,REST APIs,Spring Boot.",2026-08-12T15:58:27.440039
377,158,3,56.9,"Django,Kubernetes,REST APIs,Spring Boot","Focus on: Django first — complete a project or certification, then revisit remaining gaps: Django,Kubernetes,REST APIs,Spring Boot.",2026-08-14T20:58:27.440049
378,159,3,69.0,"Django,Git,Kubernetes,REST APIs","Focus on: Django first — complete a project or certification, then revisit remaining gaps: Django,Git,Kubernetes,REST APIs.",2026-08-05T20:58:27.440060
379,160,3,59.85,"Django,Git,Kubernetes,REST APIs","Focus on: Django first — complete a project or certification, then revisit remaining gaps: Django,Git,Kubernetes,REST APIs.",2026-08-06T03:58:27.440069
380,161,3,63.32,"Django,Git,Kubernetes,Spring Boot","Focus on: Django first — complete a project or certification, then revisit remaining gaps: Django,Git,Kubernetes,Spring Boot.",2026-08-01T06:58:27.440080
381,162,3,65.62,"Django,Git,Kubernetes,REST APIs","Focus on: Django first — complete a project or certification, then revisit remaining gaps: Django,Git,Kubernetes,REST APIs.",2026-08-10T23:58:27.440088
382,163,3,60.5,"Django,Git,Kubernetes,Spring Boot","Focus on: Django first — complete a project or certification, then revisit remaining gaps: Django,Git,Kubernetes,Spring Boot.",2026-08-05T21:58:27.440096
383,164,3,74.23,"Django,Git,Kubernetes,REST APIs,Spring Boot","Focus on: Django first — complete a project or certification, then revisit remaining gaps: Django,Git,Kubernetes,REST APIs,Spring Boot.",2026-08-03T14:58:27.440105
384,165,3,74.0,"Git,Kubernetes,REST APIs,Spring Boot","Focus on: Git first — complete a project or certification, then revisit remaining gaps: Git,Kubernetes,REST APIs,Spring Boot.",2026-08-19T10:58:27.440119
385,166,3,59.02,"Django,Git,Kubernetes,REST APIs,Spring Boot","Focus on: Django first — complete a project or certification, then revisit remaining gaps: Django,Git,Kubernetes,REST APIs,Spring Boot.",2026-08-07T15:58:27.440131
386,167,3,62.15,"Git,REST APIs","Focus on: Git first — complete a project or certification, then revisit remaining gaps: Git,REST APIs.",2026-08-19T01:58:27.440446
387,169,3,65.83,"Django,Git,Kubernetes,REST APIs","Focus on: Django first — complete a project or certification, then revisit remaining gaps: Django,Git,Kubernetes,REST APIs.",2026-08-17T13:58:27.440480
388,174,3,69.2,"Django,Kubernetes,REST APIs,Spring Boot","Focus on: Django first — complete a project or certification, then revisit remaining gaps: Django,Kubernetes,REST APIs,Spring Boot.",2026-08-15T21:58:27.440487
389,176,3,74.82,"Django,Kubernetes,REST APIs,Spring Boot","Focus on: Django first — complete a project or certification, then revisit remaining gaps: Django,Kubernetes,REST APIs,Spring Boot.",2026-08-18T08:58:27.440492
390,178,3,72.7,"Django,Git,Kubernetes","Focus on: Django first — complete a project or certification, then revisit remaining gaps: Django,Git,Kubernetes.",2026-08-14T23:58:27.440497
391,179,3,77.12,"Django,Git,Kubernetes,REST APIs,Spring Boot","Focus on: Django first — complete a project or certification, then revisit remaining gaps: Django,Git,Kubernetes,REST APIs,Spring Boot.",2026-08-18T12:58:27.440502
392,180,3,70.05,"Git,Kubernetes,REST APIs,Spring Boot","Focus on: Git first — complete a project or certification, then revisit remaining gaps: Git,Kubernetes,REST APIs,Spring Boot.",2026-08-07T22:58:27.440507
393,181,3,74.22,"Django,Kubernetes,REST APIs,Spring Boot","Focus on: Django first — complete a project or certification, then revisit remaining gaps: Django,Kubernetes,REST APIs,Spring Boot.",2026-08-15T17:58:27.440516
394,182,3,57.65,"Django,Kubernetes,REST APIs,Spring Boot","Focus on: Django first — complete a project or certification, then revisit remaining gaps: Django,Kubernetes,REST APIs,Spring Boot.",2026-08-04T22:58:27.440521
395,185,3,77.28,"Django,Git,Kubernetes,REST APIs,Spring Boot","Focus on: Django first — complete a project or certification, then revisit remaining gaps: Django,Git,Kubernetes,REST APIs,Spring Boot.",2026-08-16T14:58:27.440528
396,187,3,73.4,"Git,Kubernetes,REST APIs,Spring Boot","Focus on: Git first — complete a project or certification, then revisit remaining gaps: Git,Kubernetes,REST APIs,Spring Boot.",2026-08-04T00:58:27.440532
397,188,3,69.88,Git,"Focus on: Git first — complete a project or certification, then revisit remaining gaps: Git.",2026-08-09T13:58:27.440537
398,189,3,61.75,"Django,Git,Kubernetes,REST APIs,Spring Boot","Focus on: Django first — complete a project or certification, then revisit remaining gaps: Django,Git,Kubernetes,REST APIs,Spring Boot.",2026-08-12T10:58:27.440543
399,190,3,78.35,"Django,Git","Focus on: Django first — complete a project or certification, then revisit remaining gaps: Django,Git.",2026-08-08T04:58:27.440547
400,191,3,76.15,"Django,Git,Kubernetes,REST APIs,Spring Boot","Focus on: Django first — complete a project or certification, then revisit remaining gaps: Django,Git,Kubernetes,REST APIs,Spring Boot.",2026-08-12T21:58:27.440552
401,192,3,63.05,"Django,Git,Kubernetes,Spring Boot","Focus on: Django first — complete a project or certification, then revisit remaining gaps: Django,Git,Kubernetes,Spring Boot.",2026-08-10T18:58:27.440560
402,193,3,70.3,"Django,Git,REST APIs,Spring Boot","Focus on: Django first — complete a project or certification, then revisit remaining gaps: Django,Git,REST APIs,Spring Boot.",2026-08-09T19:58:27.440568
403,195,3,67.45,"Django,Git,Kubernetes,REST APIs","Focus on: Django first — complete a project or certification, then revisit remaining gaps: Django,Git,Kubernetes,REST APIs.",2026-08-01T08:58:27.440572
404,196,3,66.25,"Django,Git,REST APIs,Spring Boot","Focus on: Django first — complete a project or certification, then revisit remaining gaps: Django,Git,REST APIs,Spring Boot.",2026-08-17T04:58:27.440575
405,198,3,81.32,"Kubernetes,REST APIs,Spring Boot","Focus on: Kubernetes first — complete a project or certification, then revisit remaining gaps: Kubernetes,REST APIs,Spring Boot.",2026-08-04T16:58:27.440579
406,199,3,74.35,"Django,Git,REST APIs,Spring Boot","Focus on: Django first — complete a project or certification, then revisit remaining gaps: Django,Git,REST APIs,Spring Boot.",2026-08-14T18:58:27.440582
407,201,3,58.2,"Django,Git,Kubernetes,REST APIs","Focus on: Django first — complete a project or certification, then revisit remaining gaps: Django,Git,Kubernetes,REST APIs.",2026-08-09T21:58:27.440585
408,203,3,62.9,"Kubernetes,REST APIs,Spring Boot","Focus on: Kubernetes first — complete a project or certification, then revisit remaining gaps: Kubernetes,REST APIs,Spring Boot.",2026-08-02T05:58:27.440589
409,204,3,76.2,"Django,Git,Kubernetes,REST APIs,Spring Boot","Focus on: Django first — complete a project or certification, then revisit remaining gaps: Django,Git,Kubernetes,REST APIs,Spring Boot.",2026-08-05T23:58:27.440592
410,205,3,68.5,"Django,Kubernetes,REST APIs,Spring Boot","Focus on: Django first — complete a project or certification, then revisit remaining gaps: Django,Kubernetes,REST APIs,Spring Boot.",2026-08-15T03:58:27.440596
411,209,3,74.2,"Git,Kubernetes,Spring Boot","Focus on: Git first — complete a project or certification, then revisit remaining gaps: Git,Kubernetes,Spring Boot.",2026-08-17T08:58:27.440600
412,211,3,78.05,"Django,Git,Kubernetes,Spring Boot","Focus on: Django first — complete a project or certification, then revisit remaining gaps: Django,Git,Kubernetes,Spring Boot.",2026-08-04T15:58:27.440605
413,212,3,66.95,"Django,Git,Kubernetes,REST APIs,Spring Boot","Focus on: Django first — complete a project or certification, then revisit remaining gaps: Django,Git,Kubernetes,REST APIs,Spring Boot.",2026-08-06T13:58:27.440608
414,214,3,69.93,"Django,Git,Kubernetes,REST APIs,Spring Boot","Focus on: Django first — complete a project or certification, then revisit remaining gaps: Django,Git,Kubernetes,REST APIs,Spring Boot.",2026-08-11T00:58:27.440611
415,215,3,75.0,"Django,Git,Kubernetes,Spring Boot","Focus on: Django first — complete a project or certification, then revisit remaining gaps: Django,Git,Kubernetes,Spring Boot.",2026-08-16T09:58:27.440614
416,217,3,79.68,"Git,REST APIs,Spring Boot","Focus on: Git first — complete a project or certification, then revisit remaining gaps: Git,REST APIs,Spring Boot.",2026-08-06T11:58:27.440617
417,218,3,52.9,"Django,Git,Kubernetes,Spring Boot","Focus on: Django first — complete a project or certification, then revisit remaining gaps: Django,Git,Kubernetes,Spring Boot.",2026-08-21T04:58:27.440620
418,221,3,67.4,"Django,Git,REST APIs,Spring Boot","Focus on: Django first — complete a project or certification, then revisit remaining gaps: Django,Git,REST APIs,Spring Boot.",2026-08-15T07:58:27.440624
419,222,3,67.47,"Django,REST APIs,Spring Boot","Focus on: Django first — complete a project or certification, then revisit remaining gaps: Django,REST APIs,Spring Boot.",2026-08-17T20:58:27.440628
420,225,3,73.05,"Django,Kubernetes,Spring Boot","Focus on: Django first — complete a project or certification, then revisit remaining gaps: Django,Kubernetes,Spring Boot.",2026-08-07T03:58:27.440631
421,227,3,65.3,"Django,Git,REST APIs","Focus on: Django first — complete a project or certification, then revisit remaining gaps: Django,Git,REST APIs.",2026-08-18T12:58:27.440634
422,228,3,82.18,"Django,Git,Kubernetes,Spring Boot","Focus on: Django first — complete a project or certification, then revisit remaining gaps: Django,Git,Kubernetes,Spring Boot.",2026-08-01T23:58:27.440637
423,229,3,65.85,"Git,REST APIs,Spring Boot","Focus on: Git first — complete a project or certification, then revisit remaining gaps: Git,REST APIs,Spring Boot.",2026-08-02T08:58:27.440642
424,230,3,77.68,"Django,Git,REST APIs,Spring Boot","Focus on: Django first — complete a project or certification, then revisit remaining gaps: Django,Git,REST APIs,Spring Boot.",2026-08-19T02:58:27.440646
425,234,3,68.82,"Kubernetes,Spring Boot","Focus on: Kubernetes first — complete a project or certification, then revisit remaining gaps: Kubernetes,Spring Boot.",2026-07-31T20:58:27.440651
426,236,3,72.2,"Git,Kubernetes,REST APIs,Spring Boot","Focus on: Git first — complete a project or certification, then revisit remaining gaps: Git,Kubernetes,REST APIs,Spring Boot.",2026-08-14T02:58:27.440656
427,239,3,73.0,"Git,Kubernetes,REST APIs,Spring Boot","Focus on: Git first — complete a project or certification, then revisit remaining gaps: Git,Kubernetes,REST APIs,Spring Boot.",2026-08-01T13:58:27.440662
428,243,3,83.95,"Django,Git,Kubernetes","Focus on: Django first — complete a project or certification, then revisit remaining gaps: Django,Git,Kubernetes.",2026-08-15T05:58:27.440666
429,245,3,79.3,"Django,Git,Kubernetes,REST APIs","Focus on: Django first — complete a project or certification, then revisit remaining gaps: Django,Git,Kubernetes,REST APIs.",2026-08-12T00:58:27.440669
430,247,3,70.67,"Django,Git,Kubernetes,REST APIs","Focus on: Django first — complete a project or certification, then revisit remaining gaps: Django,Git,Kubernetes,REST APIs.",2026-08-02T14:58:27.440674
431,248,3,60.48,"Git,Kubernetes","Focus on: Git first — complete a project or certification, then revisit remaining gaps: Git,Kubernetes.",2026-08-12T02:58:27.440677
432,249,3,59.15,"Git,Kubernetes,REST APIs,Spring Boot","Focus on: Git first — complete a project or certification, then revisit remaining gaps: Git,Kubernetes,REST APIs,Spring Boot.",2026-08-02T01:58:27.440683
433,250,3,77.5,"Django,Git,Kubernetes,Spring Boot","Focus on: Django first — complete a project or certification, then revisit remaining gaps: Django,Git,Kubernetes,Spring Boot.",2026-08-12T20:58:27.440686
434,254,3,76.25,"Django,REST APIs,Spring Boot","Focus on: Django first — complete a project or certification, then revisit remaining gaps: Django,REST APIs,Spring Boot.",2026-08-03T17:58:27.440690
435,257,3,90.5,"Django,Git,Kubernetes,REST APIs,Spring Boot","Focus on: Django first — complete a project or certification, then revisit remaining gaps: Django,Git,Kubernetes,REST APIs,Spring Boot.",2026-08-15T11:58:27.440693
436,259,3,72.07,"Git,Kubernetes,REST APIs,Spring Boot","Focus on: Git first — complete a project or certification, then revisit remaining gaps: Git,Kubernetes,REST APIs,Spring Boot.",2026-08-03T09:58:27.440696
437,260,3,81.45,"Django,Git,Kubernetes,Spring Boot","Focus on: Django first — complete a project or certification, then revisit remaining gaps: Django,Git,Kubernetes,Spring Boot.",2026-08-17T14:58:27.440699
438,264,3,68.95,"Django,Git,REST APIs,Spring Boot","Focus on: Django first — complete a project or certification, then revisit remaining gaps: Django,Git,REST APIs,Spring Boot.",2026-08-15T05:58:27.440704
439,265,3,56.8,"Django,Git,REST APIs,Spring Boot","Focus on: Django first — complete a project or certification, then revisit remaining gaps: Django,Git,REST APIs,Spring Boot.",2026-08-16T05:58:27.440707
440,267,3,69.32,"Git,REST APIs","Focus on: Git first — complete a project or certification, then revisit remaining gaps: Git,REST APIs.",2026-08-03T10:58:27.440710
441,269,3,71.75,"Django,Kubernetes,REST APIs,Spring Boot","Focus on: Django first — complete a project or certification, then revisit remaining gaps: Django,Kubernetes,REST APIs,Spring Boot.",2026-08-16T21:58:27.440713
442,271,3,69.95,"Git,Kubernetes,REST APIs,Spring Boot","Focus on: Git first — complete a project or certification, then revisit remaining gaps: Git,Kubernetes,REST APIs,Spring Boot.",2026-08-02T17:58:27.440716
443,274,3,70.1,"Django,Git,Kubernetes","Focus on: Django first — complete a project or certification, then revisit remaining gaps: Django,Git,Kubernetes.",2026-08-09T03:58:27.440719
444,275,3,74.65,"Django,Git,Kubernetes,REST APIs,Spring Boot","Focus on: Django first — complete a project or certification, then revisit remaining gaps: Django,Git,Kubernetes,REST APIs,Spring Boot.",2026-08-02T19:58:27.440722
445,276,3,65.7,"Django,Git,Kubernetes,REST APIs,Spring Boot","Focus on: Django first — complete a project or certification, then revisit remaining gaps: Django,Git,Kubernetes,REST APIs,Spring Boot.",2026-08-02T05:58:27.440725
446,278,3,74.5,"Git,REST APIs","Focus on: Git first — complete a project or certification, then revisit remaining gaps: Git,REST APIs.",2026-08-01T16:58:27.440728
447,279,3,58.02,"Django,Git,REST APIs,Spring Boot","Focus on: Django first — complete a project or certification, then revisit remaining gaps: Django,Git,REST APIs,Spring Boot.",2026-08-06T07:58:27.440732
448,281,3,73.9,"Django,Git,Kubernetes,REST APIs,Spring Boot","Focus on: Django first — complete a project or certification, then revisit remaining gaps: Django,Git,Kubernetes,REST APIs,Spring Boot.",2026-08-16T13:58:27.440735
449,282,3,59.8,"Django,Git,Kubernetes","Focus on: Django first — complete a project or certification, then revisit remaining gaps: Django,Git,Kubernetes.",2026-08-14T07:58:27.440738
450,283,3,66.27,"Django,Git,REST APIs,Spring Boot","Focus on: Django first — complete a project or certification, then revisit remaining gaps: Django,Git,REST APIs,Spring Boot.",2026-08-18T18:58:27.440744
451,284,3,75.25,"Django,Kubernetes,Spring Boot","Focus on: Django first — complete a project or certification, then revisit remaining gaps: Django,Kubernetes,Spring Boot.",2026-08-17T09:58:27.440751
452,285,3,80.87,"Django,Git,Kubernetes,REST APIs,Spring Boot","Focus on: Django first — complete a project or certification, then revisit remaining gaps: Django,Git,Kubernetes,REST APIs,Spring Boot.",2026-08-15T22:58:27.440759
453,286,3,72.6,"Django,Kubernetes,REST APIs,Spring Boot","Focus on: Django first — complete a project or certification, then revisit remaining gaps: Django,Kubernetes,REST APIs,Spring Boot.",2026-08-21T03:58:27.440762
454,287,3,61.7,"Django,REST APIs,Spring Boot","Focus on: Django first — complete a project or certification, then revisit remaining gaps: Django,REST APIs,Spring Boot.",2026-08-19T12:58:27.440765
455,288,3,71.33,"Django,Kubernetes,REST APIs,Spring Boot","Focus on: Django first — complete a project or certification, then revisit remaining gaps: Django,Kubernetes,REST APIs,Spring Boot.",2026-08-16T21:58:27.440769
456,290,3,62.15,"Django,Kubernetes,REST APIs,Spring Boot","Focus on: Django first — complete a project or certification, then revisit remaining gaps: Django,Kubernetes,REST APIs,Spring Boot.",2026-08-07T00:58:27.440772
457,291,3,77.32,"Django,Git,Kubernetes,REST APIs","Focus on: Django first — complete a project or certification, then revisit remaining gaps: Django,Git,Kubernetes,REST APIs.",2026-08-06T03:58:27.440775
458,294,3,75.8,"Django,Git,Kubernetes,REST APIs,Spring Boot","Focus on: Django first — complete a project or certification, then revisit remaining gaps: Django,Git,Kubernetes,REST APIs,Spring Boot.",2026-08-11T21:58:27.440779
459,295,3,77.65,"Django,Git,Kubernetes,REST APIs,Spring Boot","Focus on: Django first — complete a project or certification, then revisit remaining gaps: Django,Git,Kubernetes,REST APIs,Spring Boot.",2026-08-18T06:58:27.440784
460,297,3,73.75,"Django,Kubernetes,REST APIs,Spring Boot","Focus on: Django first — complete a project or certification, then revisit remaining gaps: Django,Kubernetes,REST APIs,Spring Boot.",2026-08-04T01:58:27.440787
461,298,3,82.65,"Django,Git,Kubernetes,Spring Boot","Focus on: Django first — complete a project or certification, then revisit remaining gaps: Django,Git,Kubernetes,Spring Boot.",2026-08-09T01:58:27.440790
462,299,3,87.02,"Git,Kubernetes,Spring Boot","Focus on: Git first — complete a project or certification, then revisit remaining gaps: Git,Kubernetes,Spring Boot.",2026-08-06T02:58:27.440793
463,301,3,75.67,"Django,Kubernetes,REST APIs,Spring Boot","Focus on: Django first — complete a project or certification, then revisit remaining gaps: Django,Kubernetes,REST APIs,Spring Boot.",2026-08-11T21:58:27.440796
464,303,3,70.05,"Django,Git,Kubernetes,REST APIs,Spring Boot","Focus on: Django first — complete a project or certification, then revisit remaining gaps: Django,Git,Kubernetes,REST APIs,Spring Boot.",2026-08-10T21:58:27.440799
465,304,3,68.97,"Git,Kubernetes,REST APIs,Spring Boot","Focus on: Git first — complete a project or certification, then revisit remaining gaps: Git,Kubernetes,REST APIs,Spring Boot.",2026-08-18T18:58:27.440802
466,306,3,81.7,"Django,REST APIs","Focus on: Django first — complete a project or certification, then revisit remaining gaps: Django,REST APIs.",2026-08-15T08:58:27.440805
467,307,3,76.08,"Git,Kubernetes,REST APIs,Spring Boot","Focus on: Git first — complete a project or certification, then revisit remaining gaps: Git,Kubernetes,REST APIs,Spring Boot.",2026-08-01T05:58:27.440810
468,308,3,78.95,"Django,Git,Kubernetes,REST APIs,Spring Boot","Focus on: Django first — complete a project or certification, then revisit remaining gaps: Django,Git,Kubernetes,REST APIs,Spring Boot.",2026-08-17T00:58:27.440814
469,309,3,66.58,"Django,Git,Kubernetes,REST APIs,Spring Boot","Focus on: Django first — complete a project or certification, then revisit remaining gaps: Django,Git,Kubernetes,REST APIs,Spring Boot.",2026-08-03T23:58:27.440817
470,310,3,76.12,"Git,Kubernetes,REST APIs","Focus on: Git first — complete a project or certification, then revisit remaining gaps: Git,Kubernetes,REST APIs.",2026-08-05T15:58:27.440820
471,311,3,73.25,"Django,Git,Kubernetes,Spring Boot","Focus on: Django first — complete a project or certification, then revisit remaining gaps: Django,Git,Kubernetes,Spring Boot.",2026-08-12T16:58:27.440824
472,312,3,72.85,"Git,Kubernetes,REST APIs","Focus on: Git first — complete a project or certification, then revisit remaining gaps: Git,Kubernetes,REST APIs.",2026-08-17T20:58:27.440828
473,313,3,65.28,"Django,Kubernetes,REST APIs,Spring Boot","Focus on: Django first — complete a project or certification, then revisit remaining gaps: Django,Kubernetes,REST APIs,Spring Boot.",2026-08-07T17:58:27.440831
474,314,3,53.55,"Django,Kubernetes,REST APIs,Spring Boot","Focus on: Django first — complete a project or certification, then revisit remaining gaps: Django,Kubernetes,REST APIs,Spring Boot.",2026-08-10T08:58:27.440834
475,318,3,70.18,"Django,Git,REST APIs,Spring Boot","Focus on: Django first — complete a project or certification, then revisit remaining gaps: Django,Git,REST APIs,Spring Boot.",2026-08-21T02:58:27.440837
476,320,3,68.1,"Django,Kubernetes,REST APIs,Spring Boot","Focus on: Django first — complete a project or certification, then revisit remaining gaps: Django,Kubernetes,REST APIs,Spring Boot.",2026-08-06T16:58:27.440840
477,321,3,73.32,"Django,Git,Kubernetes,REST APIs,Spring Boot","Focus on: Django first — complete a project or certification, then revisit remaining gaps: Django,Git,Kubernetes,REST APIs,Spring Boot.",2026-08-09T14:58:27.440843
478,322,3,70.1,"Django,REST APIs,Spring Boot","Focus on: Django first — complete a project or certification, then revisit remaining gaps: Django,REST APIs,Spring Boot.",2026-08-08T07:58:27.440846
479,324,3,71.82,"Django,Kubernetes","Focus on: Django first — complete a project or certification, then revisit remaining gaps: Django,Kubernetes.",2026-08-01T20:58:27.440849
480,325,3,70.57,"Git,Kubernetes,Spring Boot","Focus on: Git first — complete a project or certification, then revisit remaining gaps: Git,Kubernetes,Spring Boot.",2026-08-15T01:58:27.440853
481,326,3,70.75,"Kubernetes,REST APIs,Spring Boot","Focus on: Kubernetes first — complete a project or certification, then revisit remaining gaps: Kubernetes,REST APIs,Spring Boot.",2026-08-10T08:58:27.440857
482,327,3,72.65,"Django,Git,Kubernetes,REST APIs,Spring Boot","Focus on: Django first — complete a project or certification, then revisit remaining gaps: Django,Git,Kubernetes,REST APIs,Spring Boot.",2026-08-21T07:58:27.440860
483,328,3,76.95,"Django,Git,REST APIs,Spring Boot","Focus on: Django first — complete a project or certification, then revisit remaining gaps: Django,Git,REST APIs,Spring Boot.",2026-08-07T02:58:27.440863
484,329,3,59.93,"Git,Kubernetes,Spring Boot","Focus on: Git first — complete a project or certification, then revisit remaining gaps: Git,Kubernetes,Spring Boot.",2026-08-05T07:58:27.440866
485,330,3,62.1,"Django,Git,Kubernetes,REST APIs,Spring Boot","Focus on: Django first — complete a project or certification, then revisit remaining gaps: Django,Git,Kubernetes,REST APIs,Spring Boot.",2026-08-20T19:58:27.440870
486,331,3,94.88,"Django,Git,REST APIs,Spring Boot","Focus on: Django first — complete a project or certification, then revisit remaining gaps: Django,Git,REST APIs,Spring Boot.",2026-08-12T03:58:27.440875
487,332,3,65.25,"Django,REST APIs,Spring Boot","Focus on: Django first — complete a project or certification, then revisit remaining gaps: Django,REST APIs,Spring Boot.",2026-08-18T02:58:27.440880
488,333,3,81.22,"Django,Git,REST APIs","Focus on: Django first — complete a project or certification, then revisit remaining gaps: Django,Git,REST APIs.",2026-08-12T21:58:27.440883
489,334,3,74.42,"Django,Git,Kubernetes,Spring Boot","Focus on: Django first — complete a project or certification, then revisit remaining gaps: Django,Git,Kubernetes,Spring Boot.",2026-08-20T18:58:27.440887
490,335,3,70.38,"Django,Git,Kubernetes,REST APIs","Focus on: Django first — complete a project or certification, then revisit remaining gaps: Django,Git,Kubernetes,REST APIs.",2026-08-13T12:58:27.440891
491,336,3,76.5,"Django,Git,REST APIs,Spring Boot","Focus on: Django first — complete a project or certification, then revisit remaining gaps: Django,Git,REST APIs,Spring Boot.",2026-08-01T05:58:27.440894
492,337,3,82.58,"Django,Git,Kubernetes","Focus on: Django first — complete a project or certification, then revisit remaining gaps: Django,Git,Kubernetes.",2026-07-31T22:58:27.440897
493,338,3,71.85,"Django,Git,Kubernetes,REST APIs","Focus on: Django first — complete a project or certification, then revisit remaining gaps: Django,Git,Kubernetes,REST APIs.",2026-08-09T12:58:27.440900
494,339,3,62.8,"Django,Kubernetes,Spring Boot","Focus on: Django first — complete a project or certification, then revisit remaining gaps: Django,Kubernetes,Spring Boot.",2026-08-13T05:58:27.440904
495,340,3,71.83,"Kubernetes,REST APIs,Spring Boot","Focus on: Kubernetes first — complete a project or certification, then revisit remaining gaps: Kubernetes,REST APIs,Spring Boot.",2026-08-01T12:58:27.440908
496,341,3,90.25,"Django,Kubernetes,Spring Boot","Focus on: Django first — complete a project or certification, then revisit remaining gaps: Django,Kubernetes,Spring Boot.",2026-08-03T13:58:27.440912
497,342,3,66.5,"Django,Git,Spring Boot","Focus on: Django first — complete a project or certification, then revisit remaining gaps: Django,Git,Spring Boot.",2026-08-05T18:58:27.440916
498,345,3,61.25,"Git,Kubernetes,REST APIs","Focus on: Git first — complete a project or certification, then revisit remaining gaps: Git,Kubernetes,REST APIs.",2026-07-31T23:58:27.440919
499,346,3,65.85,"Git,Kubernetes,REST APIs","Focus on: Git first — complete a project or certification, then revisit remaining gaps: Git,Kubernetes,REST APIs.",2026-08-06T08:58:27.440923
500,347,3,74.35,"Django,Kubernetes,REST APIs,Spring Boot","Focus on: Django first — complete a project or certification, then revisit remaining gaps: Django,Kubernetes,REST APIs,Spring Boot.",2026-08-05T14:58:27.440927
501,348,3,62.9,"Django,Git,Kubernetes,REST APIs,Spring Boot","Focus on: Django first — complete a project or certification, then revisit remaining gaps: Django,Git,Kubernetes,REST APIs,Spring Boot.",2026-07-31T20:58:27.440930
502,350,3,53.55,"Git,REST APIs,Spring Boot","Focus on: Git first — complete a project or certification, then revisit remaining gaps: Git,REST APIs,Spring Boot.",2026-08-18T12:58:27.440933
503,352,3,75.65,"Django,Git,Kubernetes,REST APIs,Spring Boot","Focus on: Django first — complete a project or certification, then revisit remaining gaps: Django,Git,Kubernetes,REST APIs,Spring Boot.",2026-08-10T13:58:27.440936
504,353,3,74.1,"Django,Git","Focus on: Django first — complete a project or certification, then revisit remaining gaps: Django,Git.",2026-08-01T15:58:27.440941
505,354,3,66.95,"Django,Git,Kubernetes,REST APIs,Spring Boot","Focus on: Django first — complete a project or certification, then revisit remaining gaps: Django,Git,Kubernetes,REST APIs,Spring Boot.",2026-08-16T15:58:27.440945
506,355,3,68.18,"Git,Kubernetes,REST APIs,Spring Boot","Focus on: Git first — complete a project or certification, then revisit remaining gaps: Git,Kubernetes,REST APIs,Spring Boot.",2026-08-16T09:58:27.440948
507,356,3,75.95,"Kubernetes,REST APIs,Spring Boot","Focus on: Kubernetes first — complete a project or certification, then revisit remaining gaps: Kubernetes,REST APIs,Spring Boot.",2026-08-19T00:58:27.440951
508,357,3,93.03,"Django,Git,Kubernetes,REST APIs,Spring Boot","Focus on: Django first — complete a project or certification, then revisit remaining gaps: Django,Git,Kubernetes,REST APIs,Spring Boot.",2026-08-18T12:58:27.440954
509,358,3,68.7,"Django,Git,Kubernetes,REST APIs","Focus on: Django first — complete a project or certification, then revisit remaining gaps: Django,Git,Kubernetes,REST APIs.",2026-08-06T17:58:27.440958
510,359,3,68.55,"Django,Kubernetes,REST APIs,Spring Boot","Focus on: Django first — complete a project or certification, then revisit remaining gaps: Django,Kubernetes,REST APIs,Spring Boot.",2026-08-20T03:58:27.440962
511,360,3,79.25,"Django,Git,Kubernetes,REST APIs","Focus on: Django first — complete a project or certification, then revisit remaining gaps: Django,Git,Kubernetes,REST APIs.",2026-08-17T20:58:27.440965
512,362,3,73.62,"Django,Git,Kubernetes,Spring Boot","Focus on: Django first — complete a project or certification, then revisit remaining gaps: Django,Git,Kubernetes,Spring Boot.",2026-08-13T07:58:27.440968
513,364,3,62.75,"Git,Kubernetes,REST APIs,Spring Boot","Focus on: Git first — complete a project or certification, then revisit remaining gaps: Git,Kubernetes,REST APIs,Spring Boot.",2026-07-31T18:58:27.440973
514,365,3,67.65,"Django,Kubernetes,REST APIs,Spring Boot","Focus on: Django first — complete a project or certification, then revisit remaining gaps: Django,Kubernetes,REST APIs,Spring Boot.",2026-08-21T03:58:27.440979
515,367,3,76.68,"Kubernetes,Spring Boot","Focus on: Kubernetes first — complete a project or certification, then revisit remaining gaps: Kubernetes,Spring Boot.",2026-08-10T15:58:27.440983
516,368,3,68.15,"Django,Git,REST APIs,Spring Boot","Focus on: Django first — complete a project or certification, then revisit remaining gaps: Django,Git,REST APIs,Spring Boot.",2026-08-15T19:58:27.440986
517,369,3,55.55,"Kubernetes,REST APIs,Spring Boot","Focus on: Kubernetes first — complete a project or certification, then revisit remaining gaps: Kubernetes,REST APIs,Spring Boot.",2026-08-09T21:58:27.440990
518,370,3,67.4,"Git,REST APIs","Focus on: Git first — complete a project or certification, then revisit remaining gaps: Git,REST APIs.",2026-08-20T16:58:27.440993
519,371,3,65.3,"Django,Git,Kubernetes,Spring Boot","Focus on: Django first — complete a project or certification, then revisit remaining gaps: Django,Git,Kubernetes,Spring Boot.",2026-08-09T00:58:27.440996
520,372,3,70.7,"Git,REST APIs","Focus on: Git first — complete a project or certification, then revisit remaining gaps: Git,REST APIs.",2026-08-20T11:58:27.440999
521,373,3,67.77,"Django,Git,Kubernetes,Spring Boot","Focus on: Django first — complete a project or certification, then revisit remaining gaps: Django,Git,Kubernetes,Spring Boot.",2026-08-14T21:58:27.441002
522,376,3,87.0,"Django,Git,Kubernetes,REST APIs,Spring Boot","Focus on: Django first — complete a project or certification, then revisit remaining gaps: Django,Git,Kubernetes,REST APIs,Spring Boot.",2026-08-16T14:58:27.441007
523,379,3,73.65,"Django,Kubernetes,Spring Boot","Focus on: Django first — complete a project or certification, then revisit remaining gaps: Django,Kubernetes,Spring Boot.",2026-08-13T11:58:27.441011
524,383,3,77.65,"Git,REST APIs,Spring Boot","Focus on: Git first — complete a project or certification, then revisit remaining gaps: Git,REST APIs,Spring Boot.",2026-08-15T23:58:27.441014
525,385,3,60.45,"Django,Git,Kubernetes,Spring Boot","Focus on: Django first — complete a project or certification, then revisit remaining gaps: Django,Git,Kubernetes,Spring Boot.",2026-08-20T05:58:27.441017
526,386,3,58.9,"Django,Git,REST APIs,Spring Boot","Focus on: Django first — complete a project or certification, then revisit remaining gaps: Django,Git,REST APIs,Spring Boot.",2026-08-02T07:58:27.441020
527,387,3,70.95,"Django,Kubernetes,Spring Boot","Focus on: Django first — complete a project or certification, then revisit remaining gaps: Django,Kubernetes,Spring Boot.",2026-08-05T00:58:27.441024
528,389,3,66.32,"Django,Git,Spring Boot","Focus on: Django first — complete a project or certification, then revisit remaining gaps: Django,Git,Spring Boot.",2026-08-15T17:58:27.441027
529,390,3,57.9,Django,"Focus on: Django first — complete a project or certification, then revisit remaining gaps: Django.",2026-08-21T04:58:27.441031
530,391,3,74.2,"Django,Git,Kubernetes,REST APIs","Focus on: Django first — complete a project or certification, then revisit remaining gaps: Django,Git,Kubernetes,REST APIs.",2026-08-12T20:58:27.441035
531,393,3,58.95,"Django,Kubernetes,REST APIs,Spring Boot","Focus on: Django first — complete a project or certification, then revisit remaining gaps: Django,Kubernetes,REST APIs,Spring Boot.",2026-08-10T10:58:27.441039
532,395,3,81.03,"Django,Kubernetes,REST APIs","Focus on: Django first — complete a project or certification, then revisit remaining gaps: Django,Kubernetes,REST APIs.",2026-08-10T23:58:27.441042
533,396,3,68.18,"Django,Kubernetes","Focus on: Django first — complete a project or certification, then revisit remaining gaps: Django,Kubernetes.",2026-08-02T15:58:27.441045
534,397,3,69.65,"Django,Git,Kubernetes,REST APIs,Spring Boot","Focus on: Django first — complete a project or certification, then revisit remaining gaps: Django,Git,Kubernetes,REST APIs,Spring Boot.",2026-08-18T19:58:27.441050
535,398,3,66.15,"Django,Kubernetes,REST APIs,Spring Boot","Focus on: Django first — complete a project or certification, then revisit remaining gaps: Django,Kubernetes,REST APIs,Spring Boot.",2026-08-07T11:58:27.441053
536,400,3,75.32,"Django,Kubernetes,REST APIs,Spring Boot","Focus on: Django first — complete a project or certification, then revisit remaining gaps: Django,Kubernetes,REST APIs,Spring Boot.",2026-08-18T11:58:27.441056
537,401,3,73.58,"Django,REST APIs","Focus on: Django first — complete a project or certification, then revisit remaining gaps: Django,REST APIs.",2026-08-15T14:58:27.441059
538,403,3,81.42,"Git,Kubernetes,Spring Boot","Focus on: Git first — complete a project or certification, then revisit remaining gaps: Git,Kubernetes,Spring Boot.",2026-08-19T08:58:27.441062
539,404,3,61.07,"Django,Git,Kubernetes,REST APIs,Spring Boot","Focus on: Django first — complete a project or certification, then revisit remaining gaps: Django,Git,Kubernetes,REST APIs,Spring Boot.",2026-08-10T19:58:27.441065
540,405,3,80.05,"Django,Git,Spring Boot","Focus on: Django first — complete a project or certification, then revisit remaining gaps: Django,Git,Spring Boot.",2026-08-01T13:58:27.441069
541,406,3,72.9,"Django,Git,Kubernetes,Spring Boot","Focus on: Django first — complete a project or certification, then revisit remaining gaps: Django,Git,Kubernetes,Spring Boot.",2026-08-16T13:58:27.441074
542,407,3,69.58,"Django,Kubernetes,REST APIs,Spring Boot","Focus on: Django first — complete a project or certification, then revisit remaining gaps: Django,Kubernetes,REST APIs,Spring Boot.",2026-08-14T17:58:27.441079
543,408,3,61.53,"Django,Git,REST APIs,Spring Boot","Focus on: Django first — complete a project or certification, then revisit remaining gaps: Django,Git,REST APIs,Spring Boot.",2026-08-09T23:58:27.441082
544,409,3,75.5,"Git,Kubernetes,REST APIs,Spring Boot","Focus on: Git first — complete a project or certification, then revisit remaining gaps: Git,Kubernetes,REST APIs,Spring Boot.",2026-08-18T14:58:27.441085
545,410,3,57.6,"Django,Git,Kubernetes,REST APIs,Spring Boot","Focus on: Django first — complete a project or certification, then revisit remaining gaps: Django,Git,Kubernetes,REST APIs,Spring Boot.",2026-08-14T04:58:27.441088
546,411,3,83.72,"Django,Git,Kubernetes,REST APIs,Spring Boot","Focus on: Django first — complete a project or certification, then revisit remaining gaps: Django,Git,Kubernetes,REST APIs,Spring Boot.",2026-08-01T07:58:27.441092
547,412,3,88.15,"Git,Kubernetes,REST APIs,Spring Boot","Focus on: Git first — complete a project or certification, then revisit remaining gaps: Git,Kubernetes,REST APIs,Spring Boot.",2026-08-17T04:58:27.441095
548,413,3,68.7,"Django,REST APIs,Spring Boot","Focus on: Django first — complete a project or certification, then revisit remaining gaps: Django,REST APIs,Spring Boot.",2026-08-20T01:58:27.441098
549,415,3,65.55,"Git,REST APIs,Spring Boot","Focus on: Git first — complete a project or certification, then revisit remaining gaps: Git,REST APIs,Spring Boot.",2026-08-12T08:58:27.441104
550,416,3,73.98,"Git,Kubernetes,REST APIs","Focus on: Git first — complete a project or certification, then revisit remaining gaps: Git,Kubernetes,REST APIs.",2026-08-13T09:58:27.441107
551,420,3,71.9,"Git,Kubernetes,REST APIs,Spring Boot","Focus on: Git first — complete a project or certification, then revisit remaining gaps: Git,Kubernetes,REST APIs,Spring Boot.",2026-08-03T03:58:27.441110
552,421,3,85.0,"Django,Kubernetes,REST APIs,Spring Boot","Focus on: Django first — complete a project or certification, then revisit remaining gaps: Django,Kubernetes,REST APIs,Spring Boot.",2026-08-08T06:58:27.441113
553,422,3,66.05,"Django,REST APIs,Spring Boot","Focus on: Django first — complete a project or certification, then revisit remaining gaps: Django,REST APIs,Spring Boot.",2026-08-15T05:58:27.441116
554,423,3,73.22,"Django,Git,Kubernetes,Spring Boot","Focus on: Django first — complete a project or certification, then revisit remaining gaps: Django,Git,Kubernetes,Spring Boot.",2026-08-15T08:58:27.441120
555,424,3,76.35,"Django,REST APIs","Focus on: Django first — complete a project or certification, then revisit remaining gaps: Django,REST APIs.",2026-08-12T05:58:27.441123
556,426,3,73.68,"Django,Git,Kubernetes,REST APIs","Focus on: Django first — complete a project or certification, then revisit remaining gaps: Django,Git,Kubernetes,REST APIs.",2026-08-07T05:58:27.441126
557,427,3,76.7,"Django,Git","Focus on: Django first — complete a project or certification, then revisit remaining gaps: Django,Git.",2026-08-18T22:58:27.441129
558,429,3,54.5,"Django,Git,Kubernetes,Spring Boot","Focus on: Django first — complete a project or certification, then revisit remaining gaps: Django,Git,Kubernetes,Spring Boot.",2026-08-09T19:58:27.441134
559,430,3,74.55,"Django,Git,Kubernetes,REST APIs,Spring Boot","Focus on: Django first — complete a project or certification, then revisit remaining gaps: Django,Git,Kubernetes,REST APIs,Spring Boot.",2026-08-10T02:58:27.441137
560,432,3,68.55,"Django,Git,Kubernetes,Spring Boot","Focus on: Django first — complete a project or certification, then revisit remaining gaps: Django,Git,Kubernetes,Spring Boot.",2026-07-31T21:58:27.441140
561,433,3,56.77,"Django,Kubernetes,REST APIs,Spring Boot","Focus on: Django first — complete a project or certification, then revisit remaining gaps: Django,Kubernetes,REST APIs,Spring Boot.",2026-08-06T17:58:27.441145
562,436,3,65.4,"Django,Git,Kubernetes,REST APIs,Spring Boot","Focus on: Django first — complete a project or certification, then revisit remaining gaps: Django,Git,Kubernetes,REST APIs,Spring Boot.",2026-08-16T12:58:27.441148
563,437,3,76.25,"Django,Git,REST APIs,Spring Boot","Focus on: Django first — complete a project or certification, then revisit remaining gaps: Django,Git,REST APIs,Spring Boot.",2026-08-03T01:58:27.441151
564,438,3,71.08,"Django,Git,Kubernetes,REST APIs,Spring Boot","Focus on: Django first — complete a project or certification, then revisit remaining gaps: Django,Git,Kubernetes,REST APIs,Spring Boot.",2026-08-16T20:58:27.441156
565,439,3,78.03,"Django,Git,Kubernetes,Spring Boot","Focus on: Django first — complete a project or certification, then revisit remaining gaps: Django,Git,Kubernetes,Spring Boot.",2026-08-03T07:58:27.441159
566,440,3,68.68,"Git,Spring Boot","Focus on: Git first — complete a project or certification, then revisit remaining gaps: Git,Spring Boot.",2026-08-08T02:58:27.441164
567,441,3,81.65,"Django,Git,Kubernetes,REST APIs,Spring Boot","Focus on: Django first — complete a project or certification, then revisit remaining gaps: Django,Git,Kubernetes,REST APIs,Spring Boot.",2026-07-31T16:58:27.441168
568,443,3,59.22,"Django,Kubernetes,REST APIs,Spring Boot","Focus on: Django first — complete a project or certification, then revisit remaining gaps: Django,Kubernetes,REST APIs,Spring Boot.",2026-08-12T07:58:27.441175
569,444,3,71.7,"Django,REST APIs","Focus on: Django first — complete a project or certification, then revisit remaining gaps: Django,REST APIs.",2026-08-10T15:58:27.441179
570,445,3,74.92,"Git,REST APIs,Spring Boot","Focus on: Git first — complete a project or certification, then revisit remaining gaps: Git,REST APIs,Spring Boot.",2026-08-04T20:58:27.441184
571,446,3,69.6,"Git,Kubernetes,REST APIs,Spring Boot","Focus on: Git first — complete a project or certification, then revisit remaining gaps: Git,Kubernetes,REST APIs,Spring Boot.",2026-08-13T11:58:27.441188
572,447,3,56.45,"Git,REST APIs","Focus on: Git first — complete a project or certification, then revisit remaining gaps: Git,REST APIs.",2026-08-05T07:58:27.441194
573,450,3,65.37,"Django,Git,Kubernetes,REST APIs,Spring Boot","Focus on: Django first — complete a project or certification, then revisit remaining gaps: Django,Git,Kubernetes,REST APIs,Spring Boot.",2026-08-13T07:58:27.441198
574,452,3,77.5,"Django,Git,REST APIs,Spring Boot","Focus on: Django first — complete a project or certification, then revisit remaining gaps: Django,Git,REST APIs,Spring Boot.",2026-08-07T05:58:27.441203
575,454,3,62.98,"Django,Kubernetes,REST APIs,Spring Boot","Focus on: Django first — complete a project or certification, then revisit remaining gaps: Django,Kubernetes,REST APIs,Spring Boot.",2026-08-20T10:58:27.441208
576,455,3,70.25,"Django,REST APIs,Spring Boot","Focus on: Django first — complete a project or certification, then revisit remaining gaps: Django,REST APIs,Spring Boot.",2026-08-04T16:58:27.441213
577,456,3,70.55,"Django,Git,REST APIs","Focus on: Django first — complete a project or certification, then revisit remaining gaps: Django,Git,REST APIs.",2026-08-01T08:58:27.441217
578,458,3,69.45,"Django,Git,Kubernetes,REST APIs,Spring Boot","Focus on: Django first — complete a project or certification, then revisit remaining gaps: Django,Git,Kubernetes,REST APIs,Spring Boot.",2026-08-06T09:58:27.441251
579,461,3,67.28,"Django,Git,REST APIs,Spring Boot","Focus on: Django first — complete a project or certification, then revisit remaining gaps: Django,Git,REST APIs,Spring Boot.",2026-08-06T19:58:27.441305
580,462,3,63.0,"Git,Kubernetes","Focus on: Git first — complete a project or certification, then revisit remaining gaps: Git,Kubernetes.",2026-08-11T02:58:27.441352
581,463,3,75.45,"Django,Git,REST APIs,Spring Boot","Focus on: Django first — complete a project or certification, then revisit remaining gaps: Django,Git,REST APIs,Spring Boot.",2026-08-03T01:58:27.441365
582,466,3,68.97,"Django,Git,Kubernetes,REST APIs,Spring Boot","Focus on: Django first — complete a project or certification, then revisit remaining gaps: Django,Git,Kubernetes,REST APIs,Spring Boot.",2026-08-03T12:58:27.441375
583,467,3,69.45,"Django,Kubernetes,Spring Boot","Focus on: Django first — complete a project or certification, then revisit remaining gaps: Django,Kubernetes,Spring Boot.",2026-08-10T15:58:27.441383
584,468,3,67.28,"Django,Git,Kubernetes,REST APIs","Focus on: Django first — complete a project or certification, then revisit remaining gaps: Django,Git,Kubernetes,REST APIs.",2026-08-17T17:58:27.441391
585,469,3,59.25,"Django,Git,Spring Boot","Focus on: Django first — complete a project or certification, then revisit remaining gaps: Django,Git,Spring Boot.",2026-08-10T13:58:27.441399
586,470,3,73.55,"Django,Git,Kubernetes,Spring Boot","Focus on: Django first — complete a project or certification, then revisit remaining gaps: Django,Git,Kubernetes,Spring Boot.",2026-08-16T00:58:27.441407
587,472,3,85.05,"Django,Git,Kubernetes,REST APIs","Focus on: Django first — complete a project or certification, then revisit remaining gaps: Django,Git,Kubernetes,REST APIs.",2026-08-06T03:58:27.441415
588,473,3,71.05,"Django,Git,REST APIs,Spring Boot","Focus on: Django first — complete a project or certification, then revisit remaining gaps: Django,Git,REST APIs,Spring Boot.",2026-08-10T17:58:27.441430
589,474,3,77.45,"Django,Git,Kubernetes,REST APIs,Spring Boot","Focus on: Django first — complete a project or certification, then revisit remaining gaps: Django,Git,Kubernetes,REST APIs,Spring Boot.",2026-08-18T08:58:27.441439
590,476,3,62.95,"Django,Git,Kubernetes,REST APIs","Focus on: Django first — complete a project or certification, then revisit remaining gaps: Django,Git,Kubernetes,REST APIs.",2026-08-10T04:58:27.441447
591,477,3,75.2,"Django,Git,Kubernetes,Spring Boot","Focus on: Django first — complete a project or certification, then revisit remaining gaps: Django,Git,Kubernetes,Spring Boot.",2026-08-15T23:58:27.441456
592,478,3,75.75,"Kubernetes,Spring Boot","Focus on: Kubernetes first — complete a project or certification, then revisit remaining gaps: Kubernetes,Spring Boot.",2026-08-04T08:58:27.441464
593,479,3,73.2,"Django,Git,REST APIs,Spring Boot","Focus on: Django first — complete a project or certification, then revisit remaining gaps: Django,Git,REST APIs,Spring Boot.",2026-08-20T23:58:27.441471
594,481,3,68.95,"Django,Git,REST APIs,Spring Boot","Focus on: Django first — complete a project or certification, then revisit remaining gaps: Django,Git,REST APIs,Spring Boot.",2026-08-01T23:58:27.441490
595,482,3,62.65,"Django,REST APIs","Focus on: Django first — complete a project or certification, then revisit remaining gaps: Django,REST APIs.",2026-08-02T19:58:27.441501
596,483,3,63.95,"Django,REST APIs","Focus on: Django first — complete a project or certification, then revisit remaining gaps: Django,REST APIs.",2026-08-07T14:58:27.441508
597,484,3,76.5,"Git,Kubernetes,REST APIs","Focus on: Git first — complete a project or certification, then revisit remaining gaps: Git,Kubernetes,REST APIs.",2026-08-08T22:58:27.441516
598,485,3,78.55,"Django,Git,Kubernetes","Focus on: Django first — complete a project or certification, then revisit remaining gaps: Django,Git,Kubernetes.",2026-08-14T05:58:27.441571
599,486,3,61.0,"Django,Git,Kubernetes,REST APIs,Spring Boot","Focus on: Django first — complete a project or certification, then revisit remaining gaps: Django,Git,Kubernetes,REST APIs,Spring Boot.",2026-08-09T18:58:27.441594
600,490,3,73.18,"Django,Git,REST APIs,Spring Boot","Focus on: Django first — complete a project or certification, then revisit remaining gaps: Django,Git,REST APIs,Spring Boot.",2026-08-10T22:58:27.441606
601,493,3,64.03,Django,"Focus on: Django first — complete a project or certification, then revisit remaining gaps: Django.",2026-08-09T04:58:27.441620
602,494,3,69.3,"Django,Kubernetes,REST APIs,Spring Boot","Focus on: Django first — complete a project or certification, then revisit remaining gaps: Django,Kubernetes,REST APIs,Spring Boot.",2026-08-20T06:58:27.441632
603,495,3,65.95,"Django,Git,Kubernetes,REST APIs","Focus on: Django first — complete a project or certification, then revisit remaining gaps: Django,Git,Kubernetes,REST APIs.",2026-08-05T10:58:27.441645
604,496,3,72.1,"Django,Git,Spring Boot","Focus on: Django first — complete a project or certification, then revisit remaining gaps: Django,Git,Spring Boot.",2026-08-08T00:58:27.441657
605,500,3,62.25,"Django,Git,Kubernetes,REST APIs,Spring Boot","Focus on: Django first — complete a project or certification, then revisit remaining gaps: Django,Git,Kubernetes,REST APIs,Spring Boot.",2026-08-12T19:58:27.441670
606,1,4,60.9,"Algorithms,Docker,Kubernetes,SQL,System Design","Focus on: Algorithms first — complete a project or certification, then revisit remaining gaps: Algorithms,Docker,Kubernetes,SQL,System Design.",2026-08-08T19:58:27.441683
607,2,4,81.05,"Docker,HTML/CSS,Kubernetes,SQL,System Design","Focus on: Docker first — complete a project or certification, then revisit remaining gaps: Docker,HTML/CSS,Kubernetes,SQL,System Design.",2026-08-21T08:58:27.441697
608,9,4,74.35,"HTML/CSS,Kubernetes,SQL","Focus on: HTML/CSS first — complete a project or certification, then revisit remaining gaps: HTML/CSS,Kubernetes,SQL.",2026-08-05T08:58:27.441708
609,14,4,67.5,"HTML/CSS,Kubernetes,SQL,System Design","Focus on: HTML/CSS first — complete a project or certification, then revisit remaining gaps: HTML/CSS,Kubernetes,SQL,System Design.",2026-08-11T18:58:27.441717
610,17,4,66.92,"Algorithms,HTML/CSS,SQL,System Design","Focus on: Algorithms first — complete a project or certification, then revisit remaining gaps: Algorithms,HTML/CSS,SQL,System Design.",2026-08-05T07:58:27.441725
611,18,4,83.65,"Algorithms,Docker,HTML/CSS,Kubernetes,SQL,System Design","Focus on: Algorithms first — complete a project or certification, then revisit remaining gaps: Algorithms,Docker,HTML/CSS,Kubernetes,SQL,System Design.",2026-08-03T09:58:27.441734
612,20,4,71.9,"Algorithms,HTML/CSS,Kubernetes,SQL,System Design","Focus on: Algorithms first — complete a project or certification, then revisit remaining gaps: Algorithms,HTML/CSS,Kubernetes,SQL,System Design.",2026-08-16T16:58:27.441742
613,21,4,61.5,"Algorithms,Docker,HTML/CSS,Kubernetes,System Design","Focus on: Algorithms first — complete a project or certification, then revisit remaining gaps: Algorithms,Docker,HTML/CSS,Kubernetes,System Design.",2026-08-11T12:58:27.441750
614,23,4,62.05,"Algorithms,Docker,Kubernetes,System Design","Focus on: Algorithms first — complete a project or certification, then revisit remaining gaps: Algorithms,Docker,Kubernetes,System Design.",2026-08-19T04:58:27.441758
615,26,4,77.85,"Algorithms,Docker,HTML/CSS,Kubernetes,System Design","Focus on: Algorithms first — complete a project or certification, then revisit remaining gaps: Algorithms,Docker,HTML/CSS,Kubernetes,System Design.",2026-08-17T02:58:27.441766
616,35,4,75.5,"Algorithms,Docker,Kubernetes,SQL,System Design","Focus on: Algorithms first — complete a project or certification, then revisit remaining gaps: Algorithms,Docker,Kubernetes,SQL,System Design.",2026-08-07T01:58:27.441774
617,44,4,81.73,"Algorithms,HTML/CSS,Kubernetes","Focus on: Algorithms first — complete a project or certification, then revisit remaining gaps: Algorithms,HTML/CSS,Kubernetes.",2026-08-15T23:58:27.441782
618,45,4,72.12,"Algorithms,Docker,HTML/CSS,Kubernetes,SQL,System Design","Focus on: Algorithms first — complete a project or certification, then revisit remaining gaps: Algorithms,Docker,HTML/CSS,Kubernetes,SQL,System Design.",2026-08-20T16:58:27.441790
619,57,4,67.15,"Algorithms,Docker,Kubernetes,SQL,System Design","Focus on: Algorithms first — complete a project or certification, then revisit remaining gaps: Algorithms,Docker,Kubernetes,SQL,System Design.",2026-08-17T07:58:27.441798
620,59,4,72.22,"Algorithms,Docker,HTML/CSS,Kubernetes,SQL,System Design","Focus on: Algorithms first — complete a project or certification, then revisit remaining gaps: Algorithms,Docker,HTML/CSS,Kubernetes,SQL,System Design.",2026-08-16T04:58:27.441812
621,61,4,68.97,"Algorithms,Docker,HTML/CSS,SQL,System Design","Focus on: Algorithms first — complete a project or certification, then revisit remaining gaps: Algorithms,Docker,HTML/CSS,SQL,System Design.",2026-08-12T11:58:27.441823
622,62,4,78.25,"Algorithms,Docker,HTML/CSS,Kubernetes,System Design","Focus on: Algorithms first — complete a project or certification, then revisit remaining gaps: Algorithms,Docker,HTML/CSS,Kubernetes,System Design.",2026-08-16T06:58:27.441831
623,68,4,64.0,"Kubernetes,SQL,System Design","Focus on: Kubernetes first — complete a project or certification, then revisit remaining gaps: Kubernetes,SQL,System Design.",2026-08-15T00:58:27.441839
624,71,4,80.1,"Algorithms,Docker,HTML/CSS,Kubernetes,SQL,System Design","Focus on: Algorithms first — complete a project or certification, then revisit remaining gaps: Algorithms,Docker,HTML/CSS,Kubernetes,SQL,System Design.",2026-08-18T14:58:27.441847
625,73,4,67.6,"Algorithms,HTML/CSS,Kubernetes,SQL,System Design","Focus on: Algorithms first — complete a project or certification, then revisit remaining gaps: Algorithms,HTML/CSS,Kubernetes,SQL,System Design.",2026-08-14T09:58:27.441855
626,80,4,78.23,"Algorithms,Docker,HTML/CSS,Kubernetes,SQL,System Design","Focus on: Algorithms first — complete a project or certification, then revisit remaining gaps: Algorithms,Docker,HTML/CSS,Kubernetes,SQL,System Design.",2026-08-04T02:58:27.441863
627,84,4,72.3,"Algorithms,Docker,HTML/CSS,Kubernetes,SQL","Focus on: Algorithms first — complete a project or certification, then revisit remaining gaps: Algorithms,Docker,HTML/CSS,Kubernetes,SQL.",2026-08-20T22:58:27.441878
628,88,4,72.85,"Algorithms,HTML/CSS,Kubernetes,SQL,System Design","Focus on: Algorithms first — complete a project or certification, then revisit remaining gaps: Algorithms,HTML/CSS,Kubernetes,SQL,System Design.",2026-08-16T02:58:27.441889
629,89,4,59.2,"HTML/CSS,Kubernetes,System Design","Focus on: HTML/CSS first — complete a project or certification, then revisit remaining gaps: HTML/CSS,Kubernetes,System Design.",2026-08-17T22:58:27.441898
630,91,4,77.02,"Algorithms,SQL,System Design","Focus on: Algorithms first — complete a project or certification, then revisit remaining gaps: Algorithms,SQL,System Design.",2026-08-03T16:58:27.441906
631,93,4,64.95,"Docker,HTML/CSS,SQL","Focus on: Docker first — complete a project or certification, then revisit remaining gaps: Docker,HTML/CSS,SQL.",2026-08-08T15:58:27.441914
632,102,4,75.95,"Algorithms,HTML/CSS,Kubernetes,SQL,System Design","Focus on: Algorithms first — complete a project or certification, then revisit remaining gaps: Algorithms,HTML/CSS,Kubernetes,SQL,System Design.",2026-08-14T22:58:27.441923
633,104,4,78.65,"Algorithms,Docker,HTML/CSS,Kubernetes,SQL","Focus on: Algorithms first — complete a project or certification, then revisit remaining gaps: Algorithms,Docker,HTML/CSS,Kubernetes,SQL.",2026-08-08T23:58:27.441932
634,113,4,82.8,"Algorithms,HTML/CSS,Kubernetes,System Design","Focus on: Algorithms first — complete a project or certification, then revisit remaining gaps: Algorithms,HTML/CSS,Kubernetes,System Design.",2026-08-14T10:58:27.441941
635,114,4,62.7,"Algorithms,Docker,Kubernetes,SQL,System Design","Focus on: Algorithms first — complete a project or certification, then revisit remaining gaps: Algorithms,Docker,Kubernetes,SQL,System Design.",2026-08-09T09:58:27.441950
636,118,4,59.05,"Algorithms,Docker,HTML/CSS,Kubernetes,SQL","Focus on: Algorithms first — complete a project or certification, then revisit remaining gaps: Algorithms,Docker,HTML/CSS,Kubernetes,SQL.",2026-08-11T09:58:27.441958
637,123,4,71.55,"Algorithms,HTML/CSS,Kubernetes","Focus on: Algorithms first — complete a project or certification, then revisit remaining gaps: Algorithms,HTML/CSS,Kubernetes.",2026-08-09T03:58:27.441966
638,124,4,66.55,"Docker,HTML/CSS,SQL,System Design","Focus on: Docker first — complete a project or certification, then revisit remaining gaps: Docker,HTML/CSS,SQL,System Design.",2026-08-11T16:58:27.441975
639,125,4,76.0,"Algorithms,Docker,HTML/CSS,Kubernetes,SQL,System Design","Focus on: Algorithms first — complete a project or certification, then revisit remaining gaps: Algorithms,Docker,HTML/CSS,Kubernetes,SQL,System Design.",2026-08-07T18:58:27.441984
640,128,4,78.02,"Algorithms,Kubernetes,System Design","Focus on: Algorithms first — complete a project or certification, then revisit remaining gaps: Algorithms,Kubernetes,System Design.",2026-08-08T20:58:27.441993
641,129,4,68.92,"Docker,SQL","Focus on: Docker first — complete a project or certification, then revisit remaining gaps: Docker,SQL.",2026-08-19T02:58:27.442009
642,134,4,66.85,"Algorithms,Docker,SQL,System Design","Focus on: Algorithms first — complete a project or certification, then revisit remaining gaps: Algorithms,Docker,SQL,System Design.",2026-08-05T16:58:27.442022
643,135,4,57.65,"Docker,Kubernetes,SQL,System Design","Focus on: Docker first — complete a project or certification, then revisit remaining gaps: Docker,Kubernetes,SQL,System Design.",2026-08-03T13:58:27.442036
644,136,4,65.05,"Algorithms,Docker,HTML/CSS,Kubernetes,System Design","Focus on: Algorithms first — complete a project or certification, then revisit remaining gaps: Algorithms,Docker,HTML/CSS,Kubernetes,System Design.",2026-08-13T18:58:27.442049
645,137,4,63.83,"Algorithms,Docker,HTML/CSS,Kubernetes,SQL,System Design","Focus on: Algorithms first — complete a project or certification, then revisit remaining gaps: Algorithms,Docker,HTML/CSS,Kubernetes,SQL,System Design.",2026-08-16T06:58:27.442057
646,138,4,57.95,"Docker,HTML/CSS,Kubernetes,System Design","Focus on: Docker first — complete a project or certification, then revisit remaining gaps: Docker,HTML/CSS,Kubernetes,System Design.",2026-08-10T02:58:27.442073
647,139,4,62.15,"Algorithms,HTML/CSS,SQL,System Design","Focus on: Algorithms first — complete a project or certification, then revisit remaining gaps: Algorithms,HTML/CSS,SQL,System Design.",2026-08-10T21:58:27.442084
648,143,4,68.42,Docker,"Focus on: Docker first — complete a project or certification, then revisit remaining gaps: Docker.",2026-08-20T18:58:27.442092
649,150,4,68.42,"Algorithms,Docker,Kubernetes,System Design","Focus on: Algorithms first — complete a project or certification, then revisit remaining gaps: Algorithms,Docker,Kubernetes,System Design.",2026-08-02T01:58:27.442102
650,152,4,83.5,"HTML/CSS,Kubernetes,SQL,System Design","Focus on: HTML/CSS first — complete a project or certification, then revisit remaining gaps: HTML/CSS,Kubernetes,SQL,System Design.",2026-08-18T17:58:27.442111
651,153,4,79.85,"Algorithms,Docker,Kubernetes,SQL","Focus on: Algorithms first — complete a project or certification, then revisit remaining gaps: Algorithms,Docker,Kubernetes,SQL.",2026-08-14T09:58:27.442120
652,154,4,78.85,"Docker,Kubernetes,System Design","Focus on: Docker first — complete a project or certification, then revisit remaining gaps: Docker,Kubernetes,System Design.",2026-08-06T07:58:27.442128
653,161,4,63.32,"Algorithms,Docker,HTML/CSS,Kubernetes,SQL","Focus on: Algorithms first — complete a project or certification, then revisit remaining gaps: Algorithms,Docker,HTML/CSS,Kubernetes,SQL.",2026-08-20T07:58:27.442138
654,164,4,74.23,"Algorithms,HTML/CSS,Kubernetes,System Design","Focus on: Algorithms first — complete a project or certification, then revisit remaining gaps: Algorithms,HTML/CSS,Kubernetes,System Design.",2026-08-12T00:58:27.442147
655,165,4,74.0,"Algorithms,Docker,HTML/CSS,Kubernetes,SQL,System Design","Focus on: Algorithms first — complete a project or certification, then revisit remaining gaps: Algorithms,Docker,HTML/CSS,Kubernetes,SQL,System Design.",2026-08-19T03:58:27.442157
656,185,4,77.28,"Algorithms,Kubernetes,SQL,System Design","Focus on: Algorithms first — complete a project or certification, then revisit remaining gaps: Algorithms,Kubernetes,SQL,System Design.",2026-08-08T17:58:27.442176
657,187,4,73.4,"Algorithms,Docker,HTML/CSS,Kubernetes,SQL","Focus on: Algorithms first — complete a project or certification, then revisit remaining gaps: Algorithms,Docker,HTML/CSS,Kubernetes,SQL.",2026-08-16T00:58:27.442190
658,195,4,67.45,"Algorithms,Kubernetes,System Design","Focus on: Algorithms first — complete a project or certification, then revisit remaining gaps: Algorithms,Kubernetes,System Design.",2026-08-17T04:58:27.442198
659,199,4,74.35,"Algorithms,Docker,HTML/CSS,SQL","Focus on: Algorithms first — complete a project or certification, then revisit remaining gaps: Algorithms,Docker,HTML/CSS,SQL.",2026-08-12T01:58:27.442207
660,211,4,78.05,"Docker,HTML/CSS,Kubernetes,SQL","Focus on: Docker first — complete a project or certification, then revisit remaining gaps: Docker,HTML/CSS,Kubernetes,SQL.",2026-08-06T12:58:27.442217
661,215,4,75.0,"Docker,HTML/CSS,Kubernetes,SQL","Focus on: Docker first — complete a project or certification, then revisit remaining gaps: Docker,HTML/CSS,Kubernetes,SQL.",2026-08-13T00:58:27.442225
662,217,4,79.68,"Algorithms,HTML/CSS,SQL,System Design","Focus on: Algorithms first — complete a project or certification, then revisit remaining gaps: Algorithms,HTML/CSS,SQL,System Design.",2026-08-16T08:58:27.442235
663,228,4,82.18,"Algorithms,Docker,Kubernetes,SQL,System Design","Focus on: Algorithms first — complete a project or certification, then revisit remaining gaps: Algorithms,Docker,Kubernetes,SQL,System Design.",2026-08-08T16:58:27.442244
664,236,4,72.2,"Algorithms,HTML/CSS,Kubernetes,System Design","Focus on: Algorithms first — complete a project or certification, then revisit remaining gaps: Algorithms,HTML/CSS,Kubernetes,System Design.",2026-08-05T10:58:27.442253
665,239,4,73.0,"Algorithms,Docker,HTML/CSS,Kubernetes,System Design","Focus on: Algorithms first — complete a project or certification, then revisit remaining gaps: Algorithms,Docker,HTML/CSS,Kubernetes,System Design.",2026-08-07T11:58:27.442263
666,243,4,83.95,"Docker,Kubernetes,System Design","Focus on: Docker first — complete a project or certification, then revisit remaining gaps: Docker,Kubernetes,System Design.",2026-08-09T16:58:27.442280
667,247,4,70.67,"Algorithms,HTML/CSS,Kubernetes,SQL,System Design","Focus on: Algorithms first — complete a project or certification, then revisit remaining gaps: Algorithms,HTML/CSS,Kubernetes,SQL,System Design.",2026-08-17T17:58:27.442298
668,254,4,76.25,"Algorithms,System Design","Focus on: Algorithms first — complete a project or certification, then revisit remaining gaps: Algorithms,System Design.",2026-08-09T13:58:27.442310
669,259,4,72.07,"Algorithms,HTML/CSS,Kubernetes,SQL,System Design","Focus on: Algorithms first — complete a project or certification, then revisit remaining gaps: Algorithms,HTML/CSS,Kubernetes,SQL,System Design.",2026-08-16T03:58:27.442319
670,264,4,68.95,"Algorithms,HTML/CSS,SQL,System Design","Focus on: Algorithms first — complete a project or certification, then revisit remaining gaps: Algorithms,HTML/CSS,SQL,System Design.",2026-08-16T19:58:27.442329
671,267,4,69.32,"Algorithms,Docker,HTML/CSS,System Design","Focus on: Algorithms first — complete a project or certification, then revisit remaining gaps: Algorithms,Docker,HTML/CSS,System Design.",2026-08-05T01:58:27.442338
672,269,4,71.75,"Docker,Kubernetes,System Design","Focus on: Docker first — complete a project or certification, then revisit remaining gaps: Docker,Kubernetes,System Design.",2026-08-07T13:58:27.442348
673,271,4,69.95,"Algorithms,Docker,Kubernetes,SQL","Focus on: Algorithms first — complete a project or certification, then revisit remaining gaps: Algorithms,Docker,Kubernetes,SQL.",2026-08-05T17:58:27.442358
674,275,4,74.65,"Algorithms,Docker,HTML/CSS,Kubernetes,SQL,System Design","Focus on: Algorithms first — complete a project or certification, then revisit remaining gaps: Algorithms,Docker,HTML/CSS,Kubernetes,SQL,System Design.",2026-08-09T00:58:27.442379
675,278,4,74.5,"Algorithms,Docker,HTML/CSS,SQL,System Design","Focus on: Algorithms first — complete a project or certification, then revisit remaining gaps: Algorithms,Docker,HTML/CSS,SQL,System Design.",2026-08-20T04:58:27.442391
676,279,4,58.02,"Docker,HTML/CSS,System Design","Focus on: Docker first — complete a project or certification, then revisit remaining gaps: Docker,HTML/CSS,System Design.",2026-08-08T05:58:27.442400
677,283,4,66.27,"Algorithms,Docker,HTML/CSS,SQL,System Design","Focus on: Algorithms first — complete a project or certification, then revisit remaining gaps: Algorithms,Docker,HTML/CSS,SQL,System Design.",2026-08-01T10:58:27.442408
678,285,4,80.87,"HTML/CSS,Kubernetes,SQL","Focus on: HTML/CSS first — complete a project or certification, then revisit remaining gaps: HTML/CSS,Kubernetes,SQL.",2026-08-01T23:58:27.442416
679,291,4,77.32,"Algorithms,HTML/CSS,Kubernetes,SQL","Focus on: Algorithms first — complete a project or certification, then revisit remaining gaps: Algorithms,HTML/CSS,Kubernetes,SQL.",2026-08-05T02:58:27.442425
680,294,4,75.8,"Algorithms,Docker,Kubernetes,SQL","Focus on: Algorithms first — complete a project or certification, then revisit remaining gaps: Algorithms,Docker,Kubernetes,SQL.",2026-08-05T15:58:27.442434
681,295,4,77.65,"Algorithms,Docker,HTML/CSS,Kubernetes,SQL,System Design","Focus on: Algorithms first — complete a project or certification, then revisit remaining gaps: Algorithms,Docker,HTML/CSS,Kubernetes,SQL,System Design.",2026-08-10T20:58:27.442443
682,301,4,75.67,"Algorithms,Docker,HTML/CSS,Kubernetes,SQL,System Design","Focus on: Algorithms first — complete a project or certification, then revisit remaining gaps: Algorithms,Docker,HTML/CSS,Kubernetes,SQL,System Design.",2026-08-10T10:58:27.442454
683,303,4,70.05,"Docker,HTML/CSS,Kubernetes,System Design","Focus on: Docker first — complete a project or certification, then revisit remaining gaps: Docker,HTML/CSS,Kubernetes,System Design.",2026-08-16T00:58:27.442463
684,308,4,78.95,"HTML/CSS,Kubernetes,SQL,System Design","Focus on: HTML/CSS first — complete a project or certification, then revisit remaining gaps: HTML/CSS,Kubernetes,SQL,System Design.",2026-08-04T01:58:27.442471
685,309,4,66.58,"Docker,HTML/CSS,Kubernetes","Focus on: Docker first — complete a project or certification, then revisit remaining gaps: Docker,HTML/CSS,Kubernetes.",2026-08-19T09:58:27.442487
686,310,4,76.12,"Algorithms,Docker,HTML/CSS,Kubernetes,System Design","Focus on: Algorithms first — complete a project or certification, then revisit remaining gaps: Algorithms,Docker,HTML/CSS,Kubernetes,System Design.",2026-08-21T03:58:27.442506
687,311,4,73.25,"Algorithms,Docker,HTML/CSS,Kubernetes,SQL,System Design","Focus on: Algorithms first — complete a project or certification, then revisit remaining gaps: Algorithms,Docker,HTML/CSS,Kubernetes,SQL,System Design.",2026-08-03T05:58:27.442519
688,312,4,72.85,"Docker,HTML/CSS,Kubernetes,System Design","Focus on: Docker first — complete a project or certification, then revisit remaining gaps: Docker,HTML/CSS,Kubernetes,System Design.",2026-08-14T21:58:27.442529
689,313,4,65.28,"Docker,HTML/CSS,Kubernetes","Focus on: Docker first — complete a project or certification, then revisit remaining gaps: Docker,HTML/CSS,Kubernetes.",2026-08-01T14:58:27.442538
690,314,4,53.55,"Docker,HTML/CSS,Kubernetes,System Design","Focus on: Docker first — complete a project or certification, then revisit remaining gaps: Docker,HTML/CSS,Kubernetes,System Design.",2026-08-07T00:58:27.442547
691,318,4,70.18,"Algorithms,HTML/CSS,SQL,System Design","Focus on: Algorithms first — complete a project or certification, then revisit remaining gaps: Algorithms,HTML/CSS,SQL,System Design.",2026-08-19T23:58:27.442556
692,320,4,68.1,"HTML/CSS,Kubernetes,SQL","Focus on: HTML/CSS first — complete a project or certification, then revisit remaining gaps: HTML/CSS,Kubernetes,SQL.",2026-08-12T12:58:27.442565
693,321,4,73.32,"Algorithms,Docker,HTML/CSS,Kubernetes,SQL","Focus on: Algorithms first — complete a project or certification, then revisit remaining gaps: Algorithms,Docker,HTML/CSS,Kubernetes,SQL.",2026-08-17T22:58:27.442574
694,335,4,70.38,"Algorithms,Docker,Kubernetes,SQL,System Design","Focus on: Algorithms first — complete a project or certification, then revisit remaining gaps: Algorithms,Docker,Kubernetes,SQL,System Design.",2026-08-07T02:58:27.442583
695,336,4,76.5,"Docker,HTML/CSS,SQL","Focus on: Docker first — complete a project or certification, then revisit remaining gaps: Docker,HTML/CSS,SQL.",2026-08-19T18:58:27.442591
696,337,4,82.58,"Algorithms,Docker,HTML/CSS,Kubernetes,SQL","Focus on: Algorithms first — complete a project or certification, then revisit remaining gaps: Algorithms,Docker,HTML/CSS,Kubernetes,SQL.",2026-08-10T05:58:27.442600
697,341,4,90.25,"Algorithms,HTML/CSS,Kubernetes,SQL,System Design","Focus on: Algorithms first — complete a project or certification, then revisit remaining gaps: Algorithms,HTML/CSS,Kubernetes,SQL,System Design.",2026-08-08T03:58:27.442610
698,342,4,66.5,"Algorithms,SQL,System Design","Focus on: Algorithms first — complete a project or certification, then revisit remaining gaps: Algorithms,SQL,System Design.",2026-08-12T13:58:27.442619
699,352,4,75.65,"Algorithms,Kubernetes,SQL,System Design","Focus on: Algorithms first — complete a project or certification, then revisit remaining gaps: Algorithms,Kubernetes,SQL,System Design.",2026-08-04T05:58:27.442628
700,354,4,66.95,"HTML/CSS,Kubernetes,SQL,System Design","Focus on: HTML/CSS first — complete a project or certification, then revisit remaining gaps: HTML/CSS,Kubernetes,SQL,System Design.",2026-08-16T04:58:27.442636
701,355,4,68.18,"Algorithms,Docker,HTML/CSS,Kubernetes,SQL,System Design","Focus on: Algorithms first — complete a project or certification, then revisit remaining gaps: Algorithms,Docker,HTML/CSS,Kubernetes,SQL,System Design.",2026-08-10T00:58:27.442645
702,356,4,75.95,"Algorithms,Docker,HTML/CSS,Kubernetes,SQL,System Design","Focus on: Algorithms first — complete a project or certification, then revisit remaining gaps: Algorithms,Docker,HTML/CSS,Kubernetes,SQL,System Design.",2026-08-20T23:58:27.442654
703,359,4,68.55,"Algorithms,Docker,HTML/CSS,Kubernetes,SQL,System Design","Focus on: Algorithms first — complete a project or certification, then revisit remaining gaps: Algorithms,Docker,HTML/CSS,Kubernetes,SQL,System Design.",2026-08-11T04:58:27.442664
704,360,4,79.25,"Algorithms,Docker,HTML/CSS,Kubernetes,SQL,System Design","Focus on: Algorithms first — complete a project or certification, then revisit remaining gaps: Algorithms,Docker,HTML/CSS,Kubernetes,SQL,System Design.",2026-08-01T12:58:27.442674
705,362,4,73.62,"Algorithms,Docker,HTML/CSS,Kubernetes","Focus on: Algorithms first — complete a project or certification, then revisit remaining gaps: Algorithms,Docker,HTML/CSS,Kubernetes.",2026-08-02T10:58:27.442701
706,364,4,62.75,"Docker,Kubernetes,SQL,System Design","Focus on: Docker first — complete a project or certification, then revisit remaining gaps: Docker,Kubernetes,SQL,System Design.",2026-08-09T14:58:27.442723
707,367,4,76.68,"Algorithms,Docker,Kubernetes,SQL,System Design","Focus on: Algorithms first — complete a project or certification, then revisit remaining gaps: Algorithms,Docker,Kubernetes,SQL,System Design.",2026-08-19T20:58:27.442733
708,368,4,68.15,"Algorithms,Docker,HTML/CSS,SQL,System Design","Focus on: Algorithms first — complete a project or certification, then revisit remaining gaps: Algorithms,Docker,HTML/CSS,SQL,System Design.",2026-08-09T06:58:27.442747
709,370,4,67.4,"Algorithms,Docker,HTML/CSS,SQL,System Design","Focus on: Algorithms first — complete a project or certification, then revisit remaining gaps: Algorithms,Docker,HTML/CSS,SQL,System Design.",2026-08-16T11:58:27.442761
710,371,4,65.3,"Algorithms,Docker,HTML/CSS,Kubernetes,System Design","Focus on: Algorithms first — complete a project or certification, then revisit remaining gaps: Algorithms,Docker,HTML/CSS,Kubernetes,System Design.",2026-08-04T10:58:27.442771
711,373,4,67.77,"Algorithms,Docker,HTML/CSS,Kubernetes,SQL,System Design","Focus on: Algorithms first — complete a project or certification, then revisit remaining gaps: Algorithms,Docker,HTML/CSS,Kubernetes,SQL,System Design.",2026-08-16T14:58:27.442780
712,391,4,74.2,"Algorithms,Docker,Kubernetes,SQL,System Design","Focus on: Algorithms first — complete a project or certification, then revisit remaining gaps: Algorithms,Docker,Kubernetes,SQL,System Design.",2026-08-16T17:58:27.442795
713,393,4,58.95,"Algorithms,Docker,HTML/CSS,Kubernetes,SQL,System Design","Focus on: Algorithms first — complete a project or certification, then revisit remaining gaps: Algorithms,Docker,HTML/CSS,Kubernetes,SQL,System Design.",2026-08-06T00:58:27.442813
714,395,4,81.03,"Docker,HTML/CSS,Kubernetes,SQL,System Design","Focus on: Docker first — complete a project or certification, then revisit remaining gaps: Docker,HTML/CSS,Kubernetes,SQL,System Design.",2026-08-13T02:58:27.442824
715,396,4,68.18,"Docker,HTML/CSS,Kubernetes,System Design","Focus on: Docker first — complete a project or certification, then revisit remaining gaps: Docker,HTML/CSS,Kubernetes,System Design.",2026-08-06T15:58:27.442833
716,397,4,69.65,"Docker,HTML/CSS,Kubernetes,SQL","Focus on: Docker first — complete a project or certification, then revisit remaining gaps: Docker,HTML/CSS,Kubernetes,SQL.",2026-08-02T06:58:27.442848
717,400,4,75.32,"Algorithms,Docker,HTML/CSS,Kubernetes,SQL,System Design","Focus on: Algorithms first — complete a project or certification, then revisit remaining gaps: Algorithms,Docker,HTML/CSS,Kubernetes,SQL,System Design.",2026-08-04T19:58:27.442859
718,406,4,72.9,"Algorithms,Docker,HTML/CSS,Kubernetes,System Design","Focus on: Algorithms first — complete a project or certification, then revisit remaining gaps: Algorithms,Docker,HTML/CSS,Kubernetes,System Design.",2026-08-07T12:58:27.442869
719,407,4,69.58,"Docker,HTML/CSS,Kubernetes,SQL,System Design","Focus on: Docker first — complete a project or certification, then revisit remaining gaps: Docker,HTML/CSS,Kubernetes,SQL,System Design.",2026-08-19T03:58:27.442877
720,409,4,75.5,"Algorithms,Docker,HTML/CSS,Kubernetes,SQL,System Design","Focus on: Algorithms first — complete a project or certification, then revisit remaining gaps: Algorithms,Docker,HTML/CSS,Kubernetes,SQL,System Design.",2026-08-10T12:58:27.442885
721,412,4,88.15,"Algorithms,Docker,HTML/CSS,Kubernetes,System Design","Focus on: Algorithms first — complete a project or certification, then revisit remaining gaps: Algorithms,Docker,HTML/CSS,Kubernetes,System Design.",2026-08-16T18:58:27.442893
722,416,4,73.98,"Algorithms,Docker,HTML/CSS,Kubernetes,System Design","Focus on: Algorithms first — complete a project or certification, then revisit remaining gaps: Algorithms,Docker,HTML/CSS,Kubernetes,System Design.",2026-08-01T10:58:27.442902
723,421,4,85.0,"Algorithms,Docker,HTML/CSS,Kubernetes,System Design","Focus on: Algorithms first — complete a project or certification, then revisit remaining gaps: Algorithms,Docker,HTML/CSS,Kubernetes,System Design.",2026-08-08T21:58:27.442910
724,426,4,73.68,"Algorithms,HTML/CSS,Kubernetes","Focus on: Algorithms first — complete a project or certification, then revisit remaining gaps: Algorithms,HTML/CSS,Kubernetes.",2026-08-19T03:58:27.442926
725,427,4,76.7,"Algorithms,Docker,HTML/CSS,SQL,System Design","Focus on: Algorithms first — complete a project or certification, then revisit remaining gaps: Algorithms,Docker,HTML/CSS,SQL,System Design.",2026-07-31T14:58:27.442937
726,430,4,74.55,"HTML/CSS,Kubernetes,SQL","Focus on: HTML/CSS first — complete a project or certification, then revisit remaining gaps: HTML/CSS,Kubernetes,SQL.",2026-08-12T00:58:27.442946
727,432,4,68.55,"Algorithms,Docker,HTML/CSS,Kubernetes,SQL,System Design","Focus on: Algorithms first — complete a project or certification, then revisit remaining gaps: Algorithms,Docker,HTML/CSS,Kubernetes,SQL,System Design.",2026-08-09T13:58:27.442954
728,433,4,56.77,"Kubernetes,System Design","Focus on: Kubernetes first — complete a project or certification, then revisit remaining gaps: Kubernetes,System Design.",2026-08-15T14:58:27.442983
729,436,4,65.4,"Docker,HTML/CSS,Kubernetes,SQL,System Design","Focus on: Docker first — complete a project or certification, then revisit remaining gaps: Docker,HTML/CSS,Kubernetes,SQL,System Design.",2026-08-12T14:58:27.442993
730,437,4,76.25,"Algorithms,Docker,HTML/CSS,SQL,System Design","Focus on: Algorithms first — complete a project or certification, then revisit remaining gaps: Algorithms,Docker,HTML/CSS,SQL,System Design.",2026-07-31T14:58:27.443001
731,439,4,78.03,"Kubernetes,SQL","Focus on: Kubernetes first — complete a project or certification, then revisit remaining gaps: Kubernetes,SQL.",2026-08-19T00:58:27.443014
732,440,4,68.68,"Docker,HTML/CSS,SQL","Focus on: Docker first — complete a project or certification, then revisit remaining gaps: Docker,HTML/CSS,SQL.",2026-08-18T07:58:27.443048
733,446,4,69.6,"Algorithms,Docker,HTML/CSS,Kubernetes,System Design","Focus on: Algorithms first — complete a project or certification, then revisit remaining gaps: Algorithms,Docker,HTML/CSS,Kubernetes,System Design.",2026-08-03T05:58:27.443061
734,447,4,56.45,"Algorithms,Docker,HTML/CSS,SQL,System Design","Focus on: Algorithms first — complete a project or certification, then revisit remaining gaps: Algorithms,Docker,HTML/CSS,SQL,System Design.",2026-08-11T18:58:27.443071
735,454,4,62.98,"Algorithms,Kubernetes,System Design","Focus on: Algorithms first — complete a project or certification, then revisit remaining gaps: Algorithms,Kubernetes,System Design.",2026-08-04T20:58:27.443096
736,463,4,75.45,"Algorithms,Docker,HTML/CSS,SQL,System Design","Focus on: Algorithms first — complete a project or certification, then revisit remaining gaps: Algorithms,Docker,HTML/CSS,SQL,System Design.",2026-08-13T15:58:27.443166
737,466,4,68.97,"Algorithms,Kubernetes,SQL","Focus on: Algorithms first — complete a project or certification, then revisit remaining gaps: Algorithms,Kubernetes,SQL.",2026-08-20T02:58:27.443180
738,470,4,73.55,"Algorithms,Docker,HTML/CSS,Kubernetes,SQL,System Design","Focus on: Algorithms first — complete a project or certification, then revisit remaining gaps: Algorithms,Docker,HTML/CSS,Kubernetes,SQL,System Design.",2026-08-02T22:58:27.443187
739,472,4,85.05,"Algorithms,Docker,HTML/CSS,Kubernetes,SQL,System Design","Focus on: Algorithms first — complete a project or certification, then revisit remaining gaps: Algorithms,Docker,HTML/CSS,Kubernetes,SQL,System Design.",2026-08-15T00:58:27.443193
740,473,4,71.05,"Algorithms,Docker,HTML/CSS,SQL,System Design","Focus on: Algorithms first — complete a project or certification, then revisit remaining gaps: Algorithms,Docker,HTML/CSS,SQL,System Design.",2026-08-12T14:58:27.443198
741,474,4,77.45,"Docker,HTML/CSS,Kubernetes,System Design","Focus on: Docker first — complete a project or certification, then revisit remaining gaps: Docker,HTML/CSS,Kubernetes,System Design.",2026-08-16T05:58:27.443272
742,477,4,75.2,"Algorithms,Docker,HTML/CSS,Kubernetes,System Design","Focus on: Algorithms first — complete a project or certification, then revisit remaining gaps: Algorithms,Docker,HTML/CSS,Kubernetes,System Design.",2026-08-04T16:58:27.443280
743,478,4,75.75,"Algorithms,HTML/CSS,Kubernetes","Focus on: Algorithms first — complete a project or certification, then revisit remaining gaps: Algorithms,HTML/CSS,Kubernetes.",2026-08-19T18:58:27.443285
744,482,4,62.65,"Algorithms,Docker,HTML/CSS,System Design","Focus on: Algorithms first — complete a project or certification, then revisit remaining gaps: Algorithms,Docker,HTML/CSS,System Design.",2026-08-09T08:58:27.443295
745,485,4,78.55,"Algorithms,Kubernetes,System Design","Focus on: Algorithms first — complete a project or certification, then revisit remaining gaps: Algorithms,Kubernetes,System Design.",2026-08-12T05:58:27.443301
746,486,4,61.0,"Algorithms,Kubernetes,SQL,System Design","Focus on: Algorithms first — complete a project or certification, then revisit remaining gaps: Algorithms,Kubernetes,SQL,System Design.",2026-08-21T00:58:27.443307
747,493,4,64.03,"Algorithms,Docker","Focus on: Algorithms first — complete a project or certification, then revisit remaining gaps: Algorithms,Docker.",2026-08-15T13:58:27.443314
748,494,4,69.3,"Docker,HTML/CSS,Kubernetes,SQL","Focus on: Docker first — complete a project or certification, then revisit remaining gaps: Docker,HTML/CSS,Kubernetes,SQL.",2026-08-07T16:58:27.443320
749,1,5,60.9,"AWS,C++,Git,Java,JavaScript,Node.js","Focus on: AWS first — complete a project or certification, then revisit remaining gaps: AWS,C++,Git,Java,JavaScript,Node.js.",2026-08-17T05:58:27.443332
750,2,5,81.05,"AWS,C++,Git,JavaScript","Focus on: AWS first — complete a project or certification, then revisit remaining gaps: AWS,C++,Git,JavaScript.",2026-08-12T23:58:27.443374
751,4,5,74.15,"Git,JavaScript,Node.js","Focus on: Git first — complete a project or certification, then revisit remaining gaps: Git,JavaScript,Node.js.",2026-08-01T17:58:27.443384
752,8,5,61.15,"AWS,C++,Java,JavaScript,Node.js","Focus on: AWS first — complete a project or certification, then revisit remaining gaps: AWS,C++,Java,JavaScript,Node.js.",2026-08-11T10:58:27.443391
753,9,5,74.35,"AWS,Git,Java,JavaScript,Node.js","Focus on: AWS first — complete a project or certification, then revisit remaining gaps: AWS,Git,Java,JavaScript,Node.js.",2026-08-14T06:58:27.443397
754,11,5,78.6,"Git,Java,JavaScript,Node.js","Focus on: Git first — complete a project or certification, then revisit remaining gaps: Git,Java,JavaScript,Node.js.",2026-08-20T15:58:27.443403
755,13,5,76.23,"AWS,C++,Java,JavaScript,Node.js","Focus on: AWS first — complete a project or certification, then revisit remaining gaps: AWS,C++,Java,JavaScript,Node.js.",2026-08-11T06:58:27.443409
756,16,5,77.47,"AWS,Java,JavaScript,Node.js","Focus on: AWS first — complete a project or certification, then revisit remaining gaps: AWS,Java,JavaScript,Node.js.",2026-08-18T18:58:27.443415
757,17,5,66.92,"AWS,C++,Git,Java,JavaScript,Node.js","Focus on: AWS first — complete a project or certification, then revisit remaining gaps: AWS,C++,Git,Java,JavaScript,Node.js.",2026-08-11T14:58:27.443421
758,18,5,83.65,"C++,Git,Java","Focus on: C++ first — complete a project or certification, then revisit remaining gaps: C++,Git,Java.",2026-08-01T23:58:27.443427
759,19,5,94.25,"AWS,C++,Git,Java,JavaScript,Node.js","Focus on: AWS first — complete a project or certification, then revisit remaining gaps: AWS,C++,Git,Java,JavaScript,Node.js.",2026-08-03T00:58:27.443432
760,20,5,71.9,"C++,Java,JavaScript,Node.js","Focus on: C++ first — complete a project or certification, then revisit remaining gaps: C++,Java,JavaScript,Node.js.",2026-07-31T18:58:27.443445
761,21,5,61.5,"AWS,C++,Git,Java,JavaScript,Node.js","Focus on: AWS first — complete a project or certification, then revisit remaining gaps: AWS,C++,Git,Java,JavaScript,Node.js.",2026-08-10T20:58:27.444536
762,22,5,72.92,"C++,Java,JavaScript,Node.js","Focus on: C++ first — complete a project or certification, then revisit remaining gaps: C++,Java,JavaScript,Node.js.",2026-08-08T22:58:27.444608
763,23,5,62.05,"AWS,C++,Git,Java,JavaScript,Node.js","Focus on: AWS first — complete a project or certification, then revisit remaining gaps: AWS,C++,Git,Java,JavaScript,Node.js.",2026-08-04T13:58:27.444621
764,27,5,82.1,"C++,Java","Focus on: C++ first — complete a project or certification, then revisit remaining gaps: C++,Java.",2026-08-11T03:58:27.444628
765,29,5,71.0,"AWS,C++,Git,Java,JavaScript","Focus on: AWS first — complete a project or certification, then revisit remaining gaps: AWS,C++,Git,Java,JavaScript.",2026-08-11T02:58:27.444633
766,30,5,80.0,"C++,JavaScript,Node.js","Focus on: C++ first — complete a project or certification, then revisit remaining gaps: C++,JavaScript,Node.js.",2026-08-07T09:58:27.444639
767,31,5,78.8,"AWS,C++,Java,Node.js","Focus on: AWS first — complete a project or certification, then revisit remaining gaps: AWS,C++,Java,Node.js.",2026-08-06T14:58:27.444646
768,32,5,77.5,"AWS,C++,Java,JavaScript","Focus on: AWS first — complete a project or certification, then revisit remaining gaps: AWS,C++,Java,JavaScript.",2026-08-06T07:58:27.444652
769,34,5,85.9,"Java,JavaScript,Node.js","Focus on: Java first — complete a project or certification, then revisit remaining gaps: Java,JavaScript,Node.js.",2026-08-03T15:58:27.444687
770,37,5,71.82,"AWS,C++,Java,JavaScript,Node.js","Focus on: AWS first — complete a project or certification, then revisit remaining gaps: AWS,C++,Java,JavaScript,Node.js.",2026-08-15T16:58:27.444726
771,40,5,77.8,"AWS,C++","Focus on: AWS first — complete a project or certification, then revisit remaining gaps: AWS,C++.",2026-08-09T05:58:27.444740
772,41,5,67.45,"Git,Java,Node.js","Focus on: Git first — complete a project or certification, then revisit remaining gaps: Git,Java,Node.js.",2026-08-09T12:58:27.444745
773,43,5,70.98,"AWS,C++,Git,Java,JavaScript,Node.js","Focus on: AWS first — complete a project or certification, then revisit remaining gaps: AWS,C++,Git,Java,JavaScript,Node.js.",2026-08-03T11:58:27.444750
774,44,5,81.73,"AWS,Git,Java,JavaScript,Node.js","Focus on: AWS first — complete a project or certification, then revisit remaining gaps: AWS,Git,Java,JavaScript,Node.js.",2026-07-31T22:58:27.444755
775,46,5,82.57,"AWS,C++,Git,Java,JavaScript,Node.js","Focus on: AWS first — complete a project or certification, then revisit remaining gaps: AWS,C++,Git,Java,JavaScript,Node.js.",2026-08-04T02:58:27.444759
776,48,5,75.75,"AWS,C++,Git,Java,JavaScript,Node.js","Focus on: AWS first — complete a project or certification, then revisit remaining gaps: AWS,C++,Git,Java,JavaScript,Node.js.",2026-08-19T07:58:27.444764
777,49,5,72.85,"AWS,C++,Git,Node.js","Focus on: AWS first — complete a project or certification, then revisit remaining gaps: AWS,C++,Git,Node.js.",2026-08-05T02:58:27.444768
778,53,5,91.2,"AWS,C++,Git,Java,JavaScript,Node.js","Focus on: AWS first — complete a project or certification, then revisit remaining gaps: AWS,C++,Git,Java,JavaScript,Node.js.",2026-08-12T04:58:27.444772
779,55,5,81.7,"AWS,C++,Git,JavaScript","Focus on: AWS first — complete a project or certification, then revisit remaining gaps: AWS,C++,Git,JavaScript.",2026-08-10T23:58:27.444777
780,59,5,72.22,"AWS,C++,Git,Java,JavaScript,Node.js","Focus on: AWS first — complete a project or certification, then revisit remaining gaps: AWS,C++,Git,Java,JavaScript,Node.js.",2026-08-07T13:58:27.444782
781,61,5,68.97,"AWS,C++,Git,JavaScript","Focus on: AWS first — complete a project or certification, then revisit remaining gaps: AWS,C++,Git,JavaScript.",2026-08-16T18:58:27.444786
782,62,5,78.25,"C++,Git,JavaScript","Focus on: C++ first — complete a project or certification, then revisit remaining gaps: C++,Git,JavaScript.",2026-08-03T08:58:27.444790
783,63,5,76.22,"AWS,C++,Java,JavaScript,Node.js","Focus on: AWS first — complete a project or certification, then revisit remaining gaps: AWS,C++,Java,JavaScript,Node.js.",2026-08-02T02:58:27.444802
784,66,5,68.38,"AWS,C++,Git,Java,JavaScript,Node.js","Focus on: AWS first — complete a project or certification, then revisit remaining gaps: AWS,C++,Git,Java,JavaScript,Node.js.",2026-08-03T00:58:27.444813
785,67,5,76.68,"Java,JavaScript,Node.js","Focus on: Java first — complete a project or certification, then revisit remaining gaps: Java,JavaScript,Node.js.",2026-08-08T13:58:27.444820
786,69,5,76.9,"AWS,C++,Java,JavaScript","Focus on: AWS first — complete a project or certification, then revisit remaining gaps: AWS,C++,Java,JavaScript.",2026-08-11T20:58:27.444825
787,71,5,80.1,"AWS,C++,Git,JavaScript","Focus on: AWS first — complete a project or certification, then revisit remaining gaps: AWS,C++,Git,JavaScript.",2026-08-06T06:58:27.444833
788,72,5,67.75,"AWS,C++,Java,JavaScript,Node.js","Focus on: AWS first — complete a project or certification, then revisit remaining gaps: AWS,C++,Java,JavaScript,Node.js.",2026-08-08T20:58:27.444839
789,78,5,87.13,"C++,Git,Java,JavaScript,Node.js","Focus on: C++ first — complete a project or certification, then revisit remaining gaps: C++,Git,Java,JavaScript,Node.js.",2026-08-17T01:58:27.444845
790,79,5,68.6,"AWS,C++,Git,Java,JavaScript,Node.js","Focus on: AWS first — complete a project or certification, then revisit remaining gaps: AWS,C++,Git,Java,JavaScript,Node.js.",2026-08-02T10:58:27.444849
791,85,5,67.7,"AWS,C++,Git,Java,JavaScript","Focus on: AWS first — complete a project or certification, then revisit remaining gaps: AWS,C++,Git,Java,JavaScript.",2026-08-18T01:58:27.444854
792,86,5,79.35,"Git,Java,JavaScript,Node.js","Focus on: Git first — complete a project or certification, then revisit remaining gaps: Git,Java,JavaScript,Node.js.",2026-08-15T07:58:27.444860
793,88,5,72.85,"AWS,C++,Git,Java,JavaScript","Focus on: AWS first — complete a project or certification, then revisit remaining gaps: AWS,C++,Git,Java,JavaScript.",2026-08-17T19:58:27.444865
794,91,5,77.02,"AWS,C++,Java,JavaScript","Focus on: AWS first — complete a project or certification, then revisit remaining gaps: AWS,C++,Java,JavaScript.",2026-08-12T08:58:27.444871
795,94,5,86.6,"AWS,C++,Git,Java,JavaScript,Node.js","Focus on: AWS first — complete a project or certification, then revisit remaining gaps: AWS,C++,Git,Java,JavaScript,Node.js.",2026-08-15T14:58:27.444877
796,95,5,73.45,"AWS,C++,Git,JavaScript,Node.js","Focus on: AWS first — complete a project or certification, then revisit remaining gaps: AWS,C++,Git,JavaScript,Node.js.",2026-08-08T20:58:27.444883
797,97,5,72.2,"AWS,Git,Java","Focus on: AWS first — complete a project or certification, then revisit remaining gaps: AWS,Git,Java.",2026-08-08T02:58:27.444887
798,98,5,77.65,"AWS,Git,Java,JavaScript,Node.js","Focus on: AWS first — complete a project or certification, then revisit remaining gaps: AWS,Git,Java,JavaScript,Node.js.",2026-08-15T00:58:27.444946
799,102,5,75.95,"AWS,Git,Java,JavaScript,Node.js","Focus on: AWS first — complete a project or certification, then revisit remaining gaps: AWS,Git,Java,JavaScript,Node.js.",2026-08-02T05:58:27.445020
800,103,5,65.5,"AWS,C++,Java,JavaScript","Focus on: AWS first — complete a project or certification, then revisit remaining gaps: AWS,C++,Java,JavaScript.",2026-08-11T02:58:27.445027
801,104,5,78.65,"AWS,C++,Git,Java,Node.js","Focus on: AWS first — complete a project or certification, then revisit remaining gaps: AWS,C++,Git,Java,Node.js.",2026-08-01T10:58:27.445032
802,106,5,78.75,"AWS,C++,Git,Java,JavaScript,Node.js","Focus on: AWS first — complete a project or certification, then revisit remaining gaps: AWS,C++,Git,Java,JavaScript,Node.js.",2026-07-31T17:58:27.445103
803,110,5,79.45,"AWS,C++,Git,Java,Node.js","Focus on: AWS first — complete a project or certification, then revisit remaining gaps: AWS,C++,Git,Java,Node.js.",2026-08-10T21:58:27.445114
804,111,5,80.05,"Git,JavaScript","Focus on: Git first — complete a project or certification, then revisit remaining gaps: Git,JavaScript.",2026-08-03T20:58:27.445119
805,113,5,82.8,"C++,Git,Java,Node.js","Focus on: C++ first — complete a project or certification, then revisit remaining gaps: C++,Git,Java,Node.js.",2026-08-09T06:58:27.445124
806,120,5,68.85,"AWS,C++,Git,Java,JavaScript,Node.js","Focus on: AWS first — complete a project or certification, then revisit remaining gaps: AWS,C++,Git,Java,JavaScript,Node.js.",2026-08-08T22:58:27.445144
807,123,5,71.55,"AWS,Git,Java,JavaScript,Node.js","Focus on: AWS first — complete a project or certification, then revisit remaining gaps: AWS,Git,Java,JavaScript,Node.js.",2026-08-07T04:58:27.445151
808,124,5,66.55,"AWS,C++,Java,JavaScript,Node.js","Focus on: AWS first — complete a project or certification, then revisit remaining gaps: AWS,C++,Java,JavaScript,Node.js.",2026-08-07T08:58:27.445156
809,125,5,76.0,"AWS,C++,Node.js","Focus on: AWS first — complete a project or certification, then revisit remaining gaps: AWS,C++,Node.js.",2026-08-16T01:58:27.445174
810,126,5,86.4,"AWS,C++,Git,Java,JavaScript,Node.js","Focus on: AWS first — complete a project or certification, then revisit remaining gaps: AWS,C++,Git,Java,JavaScript,Node.js.",2026-08-12T13:58:27.445180
811,128,5,78.02,"C++,Git,Java,JavaScript,Node.js","Focus on: C++ first — complete a project or certification, then revisit remaining gaps: C++,Git,Java,JavaScript,Node.js.",2026-08-04T03:58:27.445186
812,129,5,68.92,"AWS,C++,Git,Java,JavaScript,Node.js","Focus on: AWS first — complete a project or certification, then revisit remaining gaps: AWS,C++,Git,Java,JavaScript,Node.js.",2026-08-06T17:58:27.445226
813,133,5,74.2,"AWS,C++,Git,Java,JavaScript,Node.js","Focus on: AWS first — complete a project or certification, then revisit remaining gaps: AWS,C++,Git,Java,JavaScript,Node.js.",2026-08-15T16:58:27.445235
814,134,5,66.85,"C++,Git,Java,JavaScript,Node.js","Focus on: C++ first — complete a project or certification, then revisit remaining gaps: C++,Git,Java,JavaScript,Node.js.",2026-08-18T01:58:27.445294
815,140,5,80.67,"AWS,C++,Java,JavaScript","Focus on: AWS first — complete a project or certification, then revisit remaining gaps: AWS,C++,Java,JavaScript.",2026-08-02T17:58:27.445306
816,142,5,82.95,"AWS,C++,Git,Java,JavaScript,Node.js","Focus on: AWS first — complete a project or certification, then revisit remaining gaps: AWS,C++,Git,Java,JavaScript,Node.js.",2026-08-08T00:58:27.445502
817,143,5,68.42,"AWS,C++,Git,Java,JavaScript,Node.js","Focus on: AWS first — complete a project or certification, then revisit remaining gaps: AWS,C++,Git,Java,JavaScript,Node.js.",2026-08-08T07:58:27.445649
818,146,5,80.55,"AWS,C++,Git,Node.js","Focus on: AWS first — complete a project or certification, then revisit remaining gaps: AWS,C++,Git,Node.js.",2026-08-01T13:58:27.445677
819,149,5,63.22,"AWS,C++,Git,Java,JavaScript,Node.js","Focus on: AWS first — complete a project or certification, then revisit remaining gaps: AWS,C++,Git,Java,JavaScript,Node.js.",2026-08-02T06:58:27.445689
820,150,5,68.42,"AWS,C++,Java,Node.js","Focus on: AWS first — complete a project or certification, then revisit remaining gaps: AWS,C++,Java,Node.js.",2026-08-16T18:58:27.445722
821,151,5,92.9,"AWS,C++,Git,Java,JavaScript","Focus on: AWS first — complete a project or certification, then revisit remaining gaps: AWS,C++,Git,Java,JavaScript.",2026-08-01T21:58:27.445745
822,152,5,83.5,"AWS,C++,Java,JavaScript,Node.js","Focus on: AWS first — complete a project or certification, then revisit remaining gaps: AWS,C++,Java,JavaScript,Node.js.",2026-08-18T18:58:27.445801
823,153,5,79.85,"AWS,C++,Git,Java,JavaScript,Node.js","Focus on: AWS first — complete a project or certification, then revisit remaining gaps: AWS,C++,Git,Java,JavaScript,Node.js.",2026-08-02T14:58:27.445818
824,157,5,74.77,"AWS,C++,Git,Node.js","Focus on: AWS first — complete a project or certification, then revisit remaining gaps: AWS,C++,Git,Node.js.",2026-08-08T13:58:27.445829
825,159,5,69.0,"AWS,C++,Git,Java,JavaScript","Focus on: AWS first — complete a project or certification, then revisit remaining gaps: AWS,C++,Git,Java,JavaScript.",2026-08-10T18:58:27.445838
826,164,5,74.23,"AWS,C++,Git,Java,JavaScript,Node.js","Focus on: AWS first — complete a project or certification, then revisit remaining gaps: AWS,C++,Git,Java,JavaScript,Node.js.",2026-08-14T08:58:27.445847
827,165,5,74.0,"AWS,C++,Git,Java,Node.js","Focus on: AWS first — complete a project or certification, then revisit remaining gaps: AWS,C++,Git,Java,Node.js.",2026-08-02T17:58:27.445876
828,169,5,65.83,"AWS,C++,Git,Java,Node.js","Focus on: AWS first — complete a project or certification, then revisit remaining gaps: AWS,C++,Git,Java,Node.js.",2026-08-05T16:58:27.445891
829,171,5,58.85,"AWS,C++,Git,Java,JavaScript,Node.js","Focus on: AWS first — complete a project or certification, then revisit remaining gaps: AWS,C++,Git,Java,JavaScript,Node.js.",2026-08-19T02:58:27.445906
830,176,5,74.82,"AWS,C++,Java,JavaScript,Node.js","Focus on: AWS first — complete a project or certification, then revisit remaining gaps: AWS,C++,Java,JavaScript,Node.js.",2026-08-20T14:58:27.445917
831,178,5,72.7,"AWS,C++,Git,Java,JavaScript,Node.js","Focus on: AWS first — complete a project or certification, then revisit remaining gaps: AWS,C++,Git,Java,JavaScript,Node.js.",2026-08-01T17:58:27.445926
832,179,5,77.12,"AWS,Git,Java","Focus on: AWS first — complete a project or certification, then revisit remaining gaps: AWS,Git,Java.",2026-08-08T20:58:27.445934
833,181,5,74.22,"AWS,C++,Java,JavaScript,Node.js","Focus on: AWS first — complete a project or certification, then revisit remaining gaps: AWS,C++,Java,JavaScript,Node.js.",2026-08-05T07:58:27.445942
834,185,5,77.28,"C++,Git,Java","Focus on: C++ first — complete a project or certification, then revisit remaining gaps: C++,Git,Java.",2026-08-15T23:58:27.445957
835,187,5,73.4,"C++,Git,Java","Focus on: C++ first — complete a project or certification, then revisit remaining gaps: C++,Git,Java.",2026-08-09T14:58:27.445966
836,190,5,78.35,"AWS,C++,Git,Java,JavaScript","Focus on: AWS first — complete a project or certification, then revisit remaining gaps: AWS,C++,Git,Java,JavaScript.",2026-08-14T08:58:27.445974
837,191,5,76.15,"AWS,Git,Java,JavaScript,Node.js","Focus on: AWS first — complete a project or certification, then revisit remaining gaps: AWS,Git,Java,JavaScript,Node.js.",2026-08-05T15:58:27.445982
838,192,5,63.05,"AWS,C++,Git,JavaScript,Node.js","Focus on: AWS first — complete a project or certification, then revisit remaining gaps: AWS,C++,Git,JavaScript,Node.js.",2026-08-15T03:58:27.445990
839,198,5,81.32,"AWS,C++,Java,JavaScript","Focus on: AWS first — complete a project or certification, then revisit remaining gaps: AWS,C++,Java,JavaScript.",2026-08-17T04:58:27.445998
840,199,5,74.35,"AWS,Git,Java,JavaScript,Node.js","Focus on: AWS first — complete a project or certification, then revisit remaining gaps: AWS,Git,Java,JavaScript,Node.js.",2026-08-19T13:58:27.446006
841,205,5,68.5,"AWS,C++,Java,JavaScript,Node.js","Focus on: AWS first — complete a project or certification, then revisit remaining gaps: AWS,C++,Java,JavaScript,Node.js.",2026-08-14T19:58:27.446020
842,208,5,69.02,"AWS,C++,Git,Java,JavaScript","Focus on: AWS first — complete a project or certification, then revisit remaining gaps: AWS,C++,Git,Java,JavaScript.",2026-08-06T23:58:27.446030
843,209,5,74.2,"AWS,C++,Git,Java","Focus on: AWS first — complete a project or certification, then revisit remaining gaps: AWS,C++,Git,Java.",2026-08-13T16:58:27.446037
844,211,5,78.05,"AWS,C++,Git,Java,JavaScript,Node.js","Focus on: AWS first — complete a project or certification, then revisit remaining gaps: AWS,C++,Git,Java,JavaScript,Node.js.",2026-08-01T23:58:27.446045
845,213,5,79.75,"C++,Java,JavaScript","Focus on: C++ first — complete a project or certification, then revisit remaining gaps: C++,Java,JavaScript.",2026-08-14T08:58:27.446052
846,214,5,69.93,"C++,Git,Java,JavaScript,Node.js","Focus on: C++ first — complete a project or certification, then revisit remaining gaps: C++,Git,Java,JavaScript,Node.js.",2026-08-06T21:58:27.446060
847,215,5,75.0,"AWS,C++,Git,Java,JavaScript,Node.js","Focus on: AWS first — complete a project or certification, then revisit remaining gaps: AWS,C++,Git,Java,JavaScript,Node.js.",2026-08-01T10:58:27.446068
848,217,5,79.68,"AWS,C++,Git,Java,JavaScript,Node.js","Focus on: AWS first — complete a project or certification, then revisit remaining gaps: AWS,C++,Git,Java,JavaScript,Node.js.",2026-08-02T03:58:27.446075
849,222,5,67.47,"C++,Java,JavaScript,Node.js","Focus on: C++ first — complete a project or certification, then revisit remaining gaps: C++,Java,JavaScript,Node.js.",2026-08-16T06:58:27.446090
850,228,5,82.18,"AWS,C++,Git,Java,JavaScript,Node.js","Focus on: AWS first — complete a project or certification, then revisit remaining gaps: AWS,C++,Git,Java,JavaScript,Node.js.",2026-08-06T14:58:27.446101
851,232,5,80.95,"AWS,C++,Java,Node.js","Focus on: AWS first — complete a project or certification, then revisit remaining gaps: AWS,C++,Java,Node.js.",2026-08-19T13:58:27.446114
852,234,5,68.82,"AWS,Java,JavaScript,Node.js","Focus on: AWS first — complete a project or certification, then revisit remaining gaps: AWS,Java,JavaScript,Node.js.",2026-08-19T16:58:27.446125
853,236,5,72.2,"AWS,C++,Git,Java,JavaScript","Focus on: AWS first — complete a project or certification, then revisit remaining gaps: AWS,C++,Git,Java,JavaScript.",2026-08-07T21:58:27.446134
854,239,5,73.0,"AWS,C++,Git,Java,JavaScript,Node.js","Focus on: AWS first — complete a project or certification, then revisit remaining gaps: AWS,C++,Git,Java,JavaScript,Node.js.",2026-08-06T01:58:27.446142
855,243,5,83.95,"AWS,C++,Git,Java,JavaScript,Node.js","Focus on: AWS first — complete a project or certification, then revisit remaining gaps: AWS,C++,Git,Java,JavaScript,Node.js.",2026-08-19T00:58:27.446151
856,247,5,70.67,"AWS,C++,Git,Java","Focus on: AWS first — complete a project or certification, then revisit remaining gaps: AWS,C++,Git,Java.",2026-08-12T15:58:27.446160
857,248,5,60.48,"AWS,C++,Git,Java,JavaScript,Node.js","Focus on: AWS first — complete a project or certification, then revisit remaining gaps: AWS,C++,Git,Java,JavaScript,Node.js.",2026-08-04T10:58:27.446168
858,249,5,59.15,"AWS,C++,Git,JavaScript","Focus on: AWS first — complete a project or certification, then revisit remaining gaps: AWS,C++,Git,JavaScript.",2026-08-01T17:58:27.446176
859,250,5,77.5,"AWS,C++,Git,Java,Node.js","Focus on: AWS first — complete a project or certification, then revisit remaining gaps: AWS,C++,Git,Java,Node.js.",2026-08-03T15:58:27.446185
860,254,5,76.25,"AWS,C++,Java,JavaScript","Focus on: AWS first — complete a project or certification, then revisit remaining gaps: AWS,C++,Java,JavaScript.",2026-08-20T23:58:27.446198
861,257,5,90.5,"AWS,C++,Git,Java,JavaScript,Node.js","Focus on: AWS first — complete a project or certification, then revisit remaining gaps: AWS,C++,Git,Java,JavaScript,Node.js.",2026-08-05T14:58:27.446218
862,259,5,72.07,"AWS,C++,Git,Java,JavaScript,Node.js","Focus on: AWS first — complete a project or certification, then revisit remaining gaps: AWS,C++,Git,Java,JavaScript,Node.js.",2026-08-20T04:58:27.446237
863,260,5,81.45,"AWS,C++,Git,Java,JavaScript,Node.js","Focus on: AWS first — complete a project or certification, then revisit remaining gaps: AWS,C++,Git,Java,JavaScript,Node.js.",2026-08-08T14:58:27.446248
864,269,5,71.75,"AWS,C++,Java,JavaScript,Node.js","Focus on: AWS first — complete a project or certification, then revisit remaining gaps: AWS,C++,Java,JavaScript,Node.js.",2026-08-20T02:58:27.446259
865,271,5,69.95,"AWS,C++,Git,JavaScript,Node.js","Focus on: AWS first — complete a project or certification, then revisit remaining gaps: AWS,C++,Git,JavaScript,Node.js.",2026-08-08T15:58:27.446268
866,273,5,64.1,"AWS,C++,Java,JavaScript,Node.js","Focus on: AWS first — complete a project or certification, then revisit remaining gaps: AWS,C++,Java,JavaScript,Node.js.",2026-08-04T17:58:27.446277
867,274,5,70.1,"AWS,C++,Git,Java,JavaScript","Focus on: AWS first — complete a project or certification, then revisit remaining gaps: AWS,C++,Git,Java,JavaScript.",2026-07-31T23:58:27.446285
868,275,5,74.65,"AWS,C++,Git,Node.js","Focus on: AWS first — complete a project or certification, then revisit remaining gaps: AWS,C++,Git,Node.js.",2026-08-08T10:58:27.446295
869,277,5,78.3,"AWS,C++,Git,Java,JavaScript,Node.js","Focus on: AWS first — complete a project or certification, then revisit remaining gaps: AWS,C++,Git,Java,JavaScript,Node.js.",2026-08-18T09:58:27.446310
870,278,5,74.5,"AWS,C++,Git,Java,JavaScript,Node.js","Focus on: AWS first — complete a project or certification, then revisit remaining gaps: AWS,C++,Git,Java,JavaScript,Node.js.",2026-08-12T19:58:27.446322
871,281,5,73.9,"C++,Git,Java,JavaScript,Node.js","Focus on: C++ first — complete a project or certification, then revisit remaining gaps: C++,Git,Java,JavaScript,Node.js.",2026-08-17T14:58:27.446331
872,283,5,66.27,"AWS,C++,Git,Java,JavaScript,Node.js","Focus on: AWS first — complete a project or certification, then revisit remaining gaps: AWS,C++,Git,Java,JavaScript,Node.js.",2026-08-16T02:58:27.446339
873,284,5,75.25,"AWS,C++,Java,JavaScript,Node.js","Focus on: AWS first — complete a project or certification, then revisit remaining gaps: AWS,C++,Java,JavaScript,Node.js.",2026-08-07T16:58:27.446348
874,285,5,80.87,"AWS,C++,Git,JavaScript,Node.js","Focus on: AWS first — complete a project or certification, then revisit remaining gaps: AWS,C++,Git,JavaScript,Node.js.",2026-08-11T09:58:27.446356
875,286,5,72.6,"AWS,C++,JavaScript,Node.js","Focus on: AWS first — complete a project or certification, then revisit remaining gaps: AWS,C++,JavaScript,Node.js.",2026-08-13T22:58:27.446365
876,291,5,77.32,"AWS,C++,Git,JavaScript","Focus on: AWS first — complete a project or certification, then revisit remaining gaps: AWS,C++,Git,JavaScript.",2026-08-15T05:58:27.446373
877,294,5,75.8,"AWS,Git,Java,JavaScript,Node.js","Focus on: AWS first — complete a project or certification, then revisit remaining gaps: AWS,Git,Java,JavaScript,Node.js.",2026-08-18T03:58:27.446381
878,295,5,77.65,"C++,Git,Node.js","Focus on: C++ first — complete a project or certification, then revisit remaining gaps: C++,Git,Node.js.",2026-07-31T15:58:27.446400
879,296,5,78.25,"AWS,Git,JavaScript","Focus on: AWS first — complete a project or certification, then revisit remaining gaps: AWS,Git,JavaScript.",2026-08-18T23:58:27.446409
880,297,5,73.75,JavaScript,"Focus on: JavaScript first — complete a project or certification, then revisit remaining gaps: JavaScript.",2026-08-06T06:58:27.446427
881,298,5,82.65,"AWS,C++,Git,Java,JavaScript,Node.js","Focus on: AWS first — complete a project or certification, then revisit remaining gaps: AWS,C++,Git,Java,JavaScript,Node.js.",2026-08-13T03:58:27.446439
882,299,5,87.02,"AWS,Git,JavaScript,Node.js","Focus on: AWS first — complete a project or certification, then revisit remaining gaps: AWS,Git,JavaScript,Node.js.",2026-08-11T15:58:27.446449
883,301,5,75.67,"AWS,C++,Java,Node.js","Focus on: AWS first — complete a project or certification, then revisit remaining gaps: AWS,C++,Java,Node.js.",2026-08-07T03:58:27.446458
884,307,5,76.08,"AWS,C++,Git,Java,JavaScript,Node.js","Focus on: AWS first — complete a project or certification, then revisit remaining gaps: AWS,C++,Git,Java,JavaScript,Node.js.",2026-08-06T15:58:27.446467
885,308,5,78.95,"AWS,C++,Git,Java,JavaScript,Node.js","Focus on: AWS first — complete a project or certification, then revisit remaining gaps: AWS,C++,Git,Java,JavaScript,Node.js.",2026-08-12T19:58:27.446477
886,310,5,76.12,"AWS,C++,Git,Java,JavaScript","Focus on: AWS first — complete a project or certification, then revisit remaining gaps: AWS,C++,Git,Java,JavaScript.",2026-08-12T18:58:27.446485
887,311,5,73.25,"AWS,C++,Git,Java,JavaScript,Node.js","Focus on: AWS first — complete a project or certification, then revisit remaining gaps: AWS,C++,Git,Java,JavaScript,Node.js.",2026-08-20T09:58:27.446494
888,312,5,72.85,"AWS,C++,Git,Java,Node.js","Focus on: AWS first — complete a project or certification, then revisit remaining gaps: AWS,C++,Git,Java,Node.js.",2026-08-16T21:58:27.446502
889,315,5,72.17,"AWS,C++,Git,Java,JavaScript,Node.js","Focus on: AWS first — complete a project or certification, then revisit remaining gaps: AWS,C++,Git,Java,JavaScript,Node.js.",2026-08-12T13:58:27.446511
890,320,5,68.1,"C++,Java,JavaScript","Focus on: C++ first — complete a project or certification, then revisit remaining gaps: C++,Java,JavaScript.",2026-08-14T02:58:27.446520
891,321,5,73.32,"C++,Git,Java,JavaScript","Focus on: C++ first — complete a project or certification, then revisit remaining gaps: C++,Git,Java,JavaScript.",2026-08-03T02:58:27.446528
892,324,5,71.82,"AWS,C++,Java,Node.js","Focus on: AWS first — complete a project or certification, then revisit remaining gaps: AWS,C++,Java,Node.js.",2026-08-12T04:58:27.446536
893,325,5,70.57,"AWS,Git,Node.js","Focus on: AWS first — complete a project or certification, then revisit remaining gaps: AWS,Git,Node.js.",2026-08-15T19:58:27.446545
894,326,5,70.75,"AWS,C++,Java,Node.js","Focus on: AWS first — complete a project or certification, then revisit remaining gaps: AWS,C++,Java,Node.js.",2026-08-01T04:58:27.446554
895,327,5,72.65,"AWS,C++,Git,JavaScript,Node.js","Focus on: AWS first — complete a project or certification, then revisit remaining gaps: AWS,C++,Git,JavaScript,Node.js.",2026-08-05T15:58:27.446561
896,328,5,76.95,"AWS,C++,Git,Java,JavaScript,Node.js","Focus on: AWS first — complete a project or certification, then revisit remaining gaps: AWS,C++,Git,Java,JavaScript,Node.js.",2026-08-06T16:58:27.446569
897,330,5,62.1,"AWS,Git,Java,Node.js","Focus on: AWS first — complete a project or certification, then revisit remaining gaps: AWS,Git,Java,Node.js.",2026-08-12T09:58:27.446585
898,331,5,94.88,"AWS,C++,Git,Java,Node.js","Focus on: AWS first — complete a project or certification, then revisit remaining gaps: AWS,C++,Git,Java,Node.js.",2026-08-17T09:58:27.446600
899,333,5,81.22,"AWS,C++,Git,Java,JavaScript,Node.js","Focus on: AWS first — complete a project or certification, then revisit remaining gaps: AWS,C++,Git,Java,JavaScript,Node.js.",2026-08-02T04:58:27.446609
900,334,5,74.42,"Git,Java,JavaScript,Node.js","Focus on: Git first — complete a project or certification, then revisit remaining gaps: Git,Java,JavaScript,Node.js.",2026-08-09T05:58:27.446627
901,335,5,70.38,"AWS,Git,JavaScript,Node.js","Focus on: AWS first — complete a project or certification, then revisit remaining gaps: AWS,Git,JavaScript,Node.js.",2026-08-01T06:58:27.446640
902,336,5,76.5,"C++,Git","Focus on: C++ first — complete a project or certification, then revisit remaining gaps: C++,Git.",2026-08-21T07:58:27.446649
903,337,5,82.58,"AWS,Git,Java,JavaScript,Node.js","Focus on: AWS first — complete a project or certification, then revisit remaining gaps: AWS,Git,Java,JavaScript,Node.js.",2026-08-03T04:58:27.446657
904,338,5,71.85,"AWS,C++,Git,Java,JavaScript,Node.js","Focus on: AWS first — complete a project or certification, then revisit remaining gaps: AWS,C++,Git,Java,JavaScript,Node.js.",2026-08-16T19:58:27.446688
905,340,5,71.83,"AWS,C++,Java","Focus on: AWS first — complete a project or certification, then revisit remaining gaps: AWS,C++,Java.",2026-08-21T05:58:27.446710
906,341,5,90.25,"AWS,C++,Java,JavaScript,Node.js","Focus on: AWS first — complete a project or certification, then revisit remaining gaps: AWS,C++,Java,JavaScript,Node.js.",2026-08-09T14:58:27.446723
907,345,5,61.25,"AWS,C++,Git,Java,JavaScript,Node.js","Focus on: AWS first — complete a project or certification, then revisit remaining gaps: AWS,C++,Git,Java,JavaScript,Node.js.",2026-08-04T14:58:27.446733
908,352,5,75.65,"AWS,C++,Git,Node.js","Focus on: AWS first — complete a project or certification, then revisit remaining gaps: AWS,C++,Git,Node.js.",2026-08-05T01:58:27.446744
909,353,5,74.1,"AWS,Git,Java,JavaScript,Node.js","Focus on: AWS first — complete a project or certification, then revisit remaining gaps: AWS,Git,Java,JavaScript,Node.js.",2026-08-05T18:58:27.446754
910,354,5,66.95,"AWS,C++,Git,JavaScript,Node.js","Focus on: AWS first — complete a project or certification, then revisit remaining gaps: AWS,C++,Git,JavaScript,Node.js.",2026-08-16T02:58:27.446763
911,356,5,75.95,"AWS,Node.js","Focus on: AWS first — complete a project or certification, then revisit remaining gaps: AWS,Node.js.",2026-08-01T09:58:27.446772
912,357,5,93.03,"AWS,C++,Git,Java,Node.js","Focus on: AWS first — complete a project or certification, then revisit remaining gaps: AWS,C++,Git,Java,Node.js.",2026-08-02T21:58:27.446789
913,358,5,68.7,"AWS,C++,Git,JavaScript,Node.js","Focus on: AWS first — complete a project or certification, then revisit remaining gaps: AWS,C++,Git,JavaScript,Node.js.",2026-08-10T21:58:27.446804
914,360,5,79.25,"AWS,C++,Git,JavaScript,Node.js","Focus on: AWS first — complete a project or certification, then revisit remaining gaps: AWS,C++,Git,JavaScript,Node.js.",2026-08-10T01:58:27.446813
915,361,5,78.65,"AWS,C++,Git","Focus on: AWS first — complete a project or certification, then revisit remaining gaps: AWS,C++,Git.",2026-08-05T17:58:27.446821
916,362,5,73.62,"AWS,C++,Git,Java,JavaScript,Node.js","Focus on: AWS first — complete a project or certification, then revisit remaining gaps: AWS,C++,Git,Java,JavaScript,Node.js.",2026-08-15T21:58:27.446829
917,367,5,76.68,"AWS,C++,Java,JavaScript,Node.js","Focus on: AWS first — complete a project or certification, then revisit remaining gaps: AWS,C++,Java,JavaScript,Node.js.",2026-08-06T08:58:27.446838
918,368,5,68.15,"Git,Java,Node.js","Focus on: Git first — complete a project or certification, then revisit remaining gaps: Git,Java,Node.js.",2026-08-06T01:58:27.446846
919,372,5,70.7,"AWS,C++,Git,Java,Node.js","Focus on: AWS first — complete a project or certification, then revisit remaining gaps: AWS,C++,Git,Java,Node.js.",2026-08-20T16:58:27.446862
920,373,5,67.77,"AWS,C++,Git,JavaScript,Node.js","Focus on: AWS first — complete a project or certification, then revisit remaining gaps: AWS,C++,Git,JavaScript,Node.js.",2026-08-19T03:58:27.446874
921,376,5,87.0,"AWS,C++,Git,Java,JavaScript,Node.js","Focus on: AWS first — complete a project or certification, then revisit remaining gaps: AWS,C++,Git,Java,JavaScript,Node.js.",2026-08-14T04:58:27.446887
922,377,5,74.6,"AWS,Git,Java,JavaScript,Node.js","Focus on: AWS first — complete a project or certification, then revisit remaining gaps: AWS,Git,Java,JavaScript,Node.js.",2026-08-15T06:58:27.446898
923,379,5,73.65,"AWS,C++,Java,JavaScript,Node.js","Focus on: AWS first — complete a project or certification, then revisit remaining gaps: AWS,C++,Java,JavaScript,Node.js.",2026-08-17T05:58:27.446906
924,387,5,70.95,"AWS,C++,Java,Node.js","Focus on: AWS first — complete a project or certification, then revisit remaining gaps: AWS,C++,Java,Node.js.",2026-08-01T14:58:27.446914
925,389,5,66.32,"C++,Git,Java,JavaScript,Node.js","Focus on: C++ first — complete a project or certification, then revisit remaining gaps: C++,Git,Java,JavaScript,Node.js.",2026-08-17T17:58:27.446923
926,391,5,74.2,"C++,Git,JavaScript,Node.js","Focus on: C++ first — complete a project or certification, then revisit remaining gaps: C++,Git,JavaScript,Node.js.",2026-08-15T02:58:27.446931
927,395,5,81.03,"AWS,C++,Java,JavaScript,Node.js","Focus on: AWS first — complete a project or certification, then revisit remaining gaps: AWS,C++,Java,JavaScript,Node.js.",2026-08-05T23:58:27.446939
928,396,5,68.18,"AWS,C++,JavaScript,Node.js","Focus on: AWS first — complete a project or certification, then revisit remaining gaps: AWS,C++,JavaScript,Node.js.",2026-08-02T17:58:27.446946
929,397,5,69.65,"AWS,Git,Node.js","Focus on: AWS first — complete a project or certification, then revisit remaining gaps: AWS,Git,Node.js.",2026-08-20T14:58:27.446955
930,398,5,66.15,"AWS,Java,JavaScript,Node.js","Focus on: AWS first — complete a project or certification, then revisit remaining gaps: AWS,Java,JavaScript,Node.js.",2026-08-05T06:58:27.446968
931,400,5,75.32,"C++,Java,JavaScript,Node.js","Focus on: C++ first — complete a project or certification, then revisit remaining gaps: C++,Java,JavaScript,Node.js.",2026-08-15T02:58:27.446981
932,401,5,73.58,"AWS,C++,Java,JavaScript","Focus on: AWS first — complete a project or certification, then revisit remaining gaps: AWS,C++,Java,JavaScript.",2026-08-20T01:58:27.446989
933,403,5,81.42,"AWS,C++,Git,Java,JavaScript","Focus on: AWS first — complete a project or certification, then revisit remaining gaps: AWS,C++,Git,Java,JavaScript.",2026-08-01T10:58:27.446998
934,405,5,80.05,"AWS,C++,Git,Java,JavaScript","Focus on: AWS first — complete a project or certification, then revisit remaining gaps: AWS,C++,Git,Java,JavaScript.",2026-08-10T21:58:27.447006
935,406,5,72.9,"C++,Git,Java,Node.js","Focus on: C++ first — complete a project or certification, then revisit remaining gaps: C++,Git,Java,Node.js.",2026-08-19T05:58:27.447015
936,407,5,69.58,"AWS,C++,Java,JavaScript,Node.js","Focus on: AWS first — complete a project or certification, then revisit remaining gaps: AWS,C++,Java,JavaScript,Node.js.",2026-08-03T20:58:27.447023
937,409,5,75.5,"AWS,Git,Java","Focus on: AWS first — complete a project or certification, then revisit remaining gaps: AWS,Git,Java.",2026-08-04T11:58:27.447031
938,411,5,83.72,"AWS,C++,Git,Java,JavaScript,Node.js","Focus on: AWS first — complete a project or certification, then revisit remaining gaps: AWS,C++,Git,Java,JavaScript,Node.js.",2026-08-19T23:58:27.447039
939,412,5,88.15,"AWS,C++,Git,Java,JavaScript","Focus on: AWS first — complete a project or certification, then revisit remaining gaps: AWS,C++,Git,Java,JavaScript.",2026-08-02T21:58:27.447055
940,414,5,64.6,"AWS,C++,Git,Java,JavaScript","Focus on: AWS first — complete a project or certification, then revisit remaining gaps: AWS,C++,Git,Java,JavaScript.",2026-08-14T06:58:27.447066
941,415,5,65.55,"AWS,Git,Java,JavaScript,Node.js","Focus on: AWS first — complete a project or certification, then revisit remaining gaps: AWS,Git,Java,JavaScript,Node.js.",2026-08-12T14:58:27.447074
942,416,5,73.98,"AWS,C++,Git,JavaScript,Node.js","Focus on: AWS first — complete a project or certification, then revisit remaining gaps: AWS,C++,Git,JavaScript,Node.js.",2026-08-15T15:58:27.447091
943,418,5,83.52,"AWS,C++,Git,Java,JavaScript,Node.js","Focus on: AWS first — complete a project or certification, then revisit remaining gaps: AWS,C++,Git,Java,JavaScript,Node.js.",2026-08-01T06:58:27.447101
944,421,5,85.0,"AWS,C++,Java,JavaScript","Focus on: AWS first — complete a project or certification, then revisit remaining gaps: AWS,C++,Java,JavaScript.",2026-08-13T15:58:27.447110
945,423,5,73.22,"AWS,C++,Git,Java,JavaScript,Node.js","Focus on: AWS first — complete a project or certification, then revisit remaining gaps: AWS,C++,Git,Java,JavaScript,Node.js.",2026-08-07T08:58:27.447117
946,426,5,73.68,"AWS,Git,Java,JavaScript","Focus on: AWS first — complete a project or certification, then revisit remaining gaps: AWS,Git,Java,JavaScript.",2026-08-19T18:58:27.447126
947,427,5,76.7,"AWS,C++,Git,Java,JavaScript,Node.js","Focus on: AWS first — complete a project or certification, then revisit remaining gaps: AWS,C++,Git,Java,JavaScript,Node.js.",2026-08-12T20:58:27.447134
948,430,5,74.55,"AWS,C++,Git,Java,JavaScript,Node.js","Focus on: AWS first — complete a project or certification, then revisit remaining gaps: AWS,C++,Git,Java,JavaScript,Node.js.",2026-08-13T11:58:27.447142
949,431,5,79.03,"AWS,Git,Java,JavaScript,Node.js","Focus on: AWS first — complete a project or certification, then revisit remaining gaps: AWS,Git,Java,JavaScript,Node.js.",2026-08-14T14:58:27.447149
950,432,5,68.55,"AWS,C++,Git,Java,JavaScript,Node.js","Focus on: AWS first — complete a project or certification, then revisit remaining gaps: AWS,C++,Git,Java,JavaScript,Node.js.",2026-08-19T09:58:27.447158
951,434,5,86.32,"AWS,C++,Git,Java,JavaScript","Focus on: AWS first — complete a project or certification, then revisit remaining gaps: AWS,C++,Git,Java,JavaScript.",2026-08-05T04:58:27.447166
952,435,5,88.7,"AWS,C++,Git,JavaScript,Node.js","Focus on: AWS first — complete a project or certification, then revisit remaining gaps: AWS,C++,Git,JavaScript,Node.js.",2026-08-20T07:58:27.447173
953,437,5,76.25,"C++,Git,JavaScript,Node.js","Focus on: C++ first — complete a project or certification, then revisit remaining gaps: C++,Git,JavaScript,Node.js.",2026-08-14T06:58:27.447227
954,439,5,78.03,"AWS,C++,Git,Java,Node.js","Focus on: AWS first — complete a project or certification, then revisit remaining gaps: AWS,C++,Git,Java,Node.js.",2026-08-02T19:58:27.447287
955,440,5,68.68,"C++,Git,Java,JavaScript","Focus on: C++ first — complete a project or certification, then revisit remaining gaps: C++,Git,Java,JavaScript.",2026-08-05T23:58:27.447307
956,441,5,81.65,"AWS,Git,Java,Node.js","Focus on: AWS first — complete a project or certification, then revisit remaining gaps: AWS,Git,Java,Node.js.",2026-08-17T20:58:27.447318
957,445,5,74.92,"AWS,Git,Java,Node.js","Focus on: AWS first — complete a project or certification, then revisit remaining gaps: AWS,Git,Java,Node.js.",2026-08-20T03:58:27.447326
958,448,5,70.62,"AWS,Git,Node.js","Focus on: AWS first — complete a project or certification, then revisit remaining gaps: AWS,Git,Node.js.",2026-08-01T11:58:27.447341
959,452,5,77.5,"AWS,C++,Git,Java,JavaScript,Node.js","Focus on: AWS first — complete a project or certification, then revisit remaining gaps: AWS,C++,Git,Java,JavaScript,Node.js.",2026-08-14T22:58:27.447352
960,455,5,70.25,"AWS,C++,Java,Node.js","Focus on: AWS first — complete a project or certification, then revisit remaining gaps: AWS,C++,Java,Node.js.",2026-08-17T23:58:27.447360
961,463,5,75.45,"AWS,C++,Git,Java,JavaScript","Focus on: AWS first — complete a project or certification, then revisit remaining gaps: AWS,C++,Git,Java,JavaScript.",2026-08-18T22:58:27.447368
962,467,5,69.45,"AWS,C++,Java,JavaScript,Node.js","Focus on: AWS first — complete a project or certification, then revisit remaining gaps: AWS,C++,Java,JavaScript,Node.js.",2026-08-15T10:58:27.447387
963,470,5,73.55,"AWS,C++,Git,JavaScript","Focus on: AWS first — complete a project or certification, then revisit remaining gaps: AWS,C++,Git,JavaScript.",2026-08-03T19:58:27.447399
964,472,5,85.05,"AWS,C++,Git,Java,JavaScript","Focus on: AWS first — complete a project or certification, then revisit remaining gaps: AWS,C++,Git,Java,JavaScript.",2026-08-14T18:58:27.447413
965,473,5,71.05,"AWS,Git,Java,JavaScript","Focus on: AWS first — complete a project or certification, then revisit remaining gaps: AWS,Git,Java,JavaScript.",2026-08-06T04:58:27.447424
966,474,5,77.45,"AWS,C++,Git,Java,JavaScript,Node.js","Focus on: AWS first — complete a project or certification, then revisit remaining gaps: AWS,C++,Git,Java,JavaScript,Node.js.",2026-08-03T13:58:27.447432
967,478,5,75.75,"C++,Java,JavaScript,Node.js","Focus on: C++ first — complete a project or certification, then revisit remaining gaps: C++,Java,JavaScript,Node.js.",2026-08-03T00:58:27.447442
968,479,5,73.2,"AWS,Git,Node.js","Focus on: AWS first — complete a project or certification, then revisit remaining gaps: AWS,Git,Node.js.",2026-08-17T14:58:27.447450
969,481,5,68.95,"AWS,C++,Git,Java,JavaScript,Node.js","Focus on: AWS first — complete a project or certification, then revisit remaining gaps: AWS,C++,Git,Java,JavaScript,Node.js.",2026-08-06T17:58:27.447458
970,482,5,62.65,"AWS,C++,Java,JavaScript,Node.js","Focus on: AWS first — complete a project or certification, then revisit remaining gaps: AWS,C++,Java,JavaScript,Node.js.",2026-08-14T19:58:27.447466
971,484,5,76.5,"AWS,Git,Java,JavaScript","Focus on: AWS first — complete a project or certification, then revisit remaining gaps: AWS,Git,Java,JavaScript.",2026-07-31T18:58:27.447475
972,485,5,78.55,"AWS,C++,Git,Java,JavaScript","Focus on: AWS first — complete a project or certification, then revisit remaining gaps: AWS,C++,Git,Java,JavaScript.",2026-08-07T13:58:27.447482
973,486,5,61.0,"AWS,Git,Java,JavaScript,Node.js","Focus on: AWS first — complete a project or certification, then revisit remaining gaps: AWS,Git,Java,JavaScript,Node.js.",2026-08-13T00:58:27.447490
974,487,5,60.97,"AWS,C++,Git,Java,JavaScript,Node.js","Focus on: AWS first — complete a project or certification, then revisit remaining gaps: AWS,C++,Git,Java,JavaScript,Node.js.",2026-08-02T05:58:27.447505
975,493,5,64.03,"C++,Java,JavaScript,Node.js","Focus on: C++ first — complete a project or certification, then revisit remaining gaps: C++,Java,JavaScript,Node.js.",2026-08-05T17:58:27.447514
976,494,5,69.3,"AWS,C++,Java,JavaScript,Node.js","Focus on: AWS first — complete a project or certification, then revisit remaining gaps: AWS,C++,Java,JavaScript,Node.js.",2026-08-16T03:58:27.447522
977,496,5,72.1,"AWS,C++,Git,Java,JavaScript,Node.js","Focus on: AWS first — complete a project or certification, then revisit remaining gaps: AWS,C++,Git,Java,JavaScript,Node.js.",2026-08-04T22:58:27.447530
978,497,5,81.15,"C++,Git,JavaScript","Focus on: C++ first — complete a project or certification, then revisit remaining gaps: C++,Git,JavaScript.",2026-08-05T04:58:27.447545
979,500,5,62.25,"AWS,C++,Git,Java,JavaScript","Focus on: AWS first — complete a project or certification, then revisit remaining gaps: AWS,C++,Git,Java,JavaScript.",2026-08-01T04:58:27.447557
980,4,6,74.15,"Data Structures,Docker,JavaScript,MongoDB,Python,System Design","Focus on: Data Structures first — complete a project or certification, then revisit remaining gaps: Data Structures,Docker,JavaScript,MongoDB,Python,System Design.",2026-08-12T20:58:27.447567
981,5,6,67.72,"Data Structures,JavaScript,MongoDB,Python,System Design","Focus on: Data Structures first — complete a project or certification, then revisit remaining gaps: Data Structures,JavaScript,MongoDB,Python,System Design.",2026-08-14T03:58:27.447575
982,8,6,61.15,"AWS,Data Structures,Docker,JavaScript,Python,System Design","Focus on: AWS first — complete a project or certification, then revisit remaining gaps: AWS,Data Structures,Docker,JavaScript,Python,System Design.",2026-08-12T16:58:27.447589
983,11,6,78.6,"Docker,JavaScript,MongoDB,Python,System Design","Focus on: Docker first — complete a project or certification, then revisit remaining gaps: Docker,JavaScript,MongoDB,Python,System Design.",2026-08-03T21:58:27.447601
984,13,6,76.23,"AWS,Data Structures,Docker,JavaScript,MongoDB,Python","Focus on: AWS first — complete a project or certification, then revisit remaining gaps: AWS,Data Structures,Docker,JavaScript,MongoDB,Python.",2026-08-11T17:58:27.447610
985,16,6,77.47,"AWS,Docker,JavaScript,MongoDB,Python,System Design","Focus on: AWS first — complete a project or certification, then revisit remaining gaps: AWS,Docker,JavaScript,MongoDB,Python,System Design.",2026-08-07T10:58:27.447619
986,17,6,66.92,"AWS,Data Structures,JavaScript,Python,System Design","Focus on: AWS first — complete a project or certification, then revisit remaining gaps: AWS,Data Structures,JavaScript,Python,System Design.",2026-08-15T22:58:27.447627
987,18,6,83.65,"Data Structures,Docker,MongoDB,Python,System Design","Focus on: Data Structures first — complete a project or certification, then revisit remaining gaps: Data Structures,Docker,MongoDB,Python,System Design.",2026-08-21T03:58:27.447635
988,19,6,94.25,"AWS,Data Structures,Docker,JavaScript,MongoDB,System Design","Focus on: AWS first — complete a project or certification, then revisit remaining gaps: AWS,Data Structures,Docker,JavaScript,MongoDB,System Design.",2026-08-04T22:58:27.447644
989,20,6,71.9,"Data Structures,JavaScript,MongoDB,Python,System Design","Focus on: Data Structures first — complete a project or certification, then revisit remaining gaps: Data Structures,JavaScript,MongoDB,Python,System Design.",2026-08-06T08:58:27.447652
990,21,6,61.5,"AWS,Docker,JavaScript,MongoDB,Python,System Design","Focus on: AWS first — complete a project or certification, then revisit remaining gaps: AWS,Docker,JavaScript,MongoDB,Python,System Design.",2026-08-16T11:58:27.447660
991,22,6,72.92,"Docker,JavaScript,Python,System Design","Focus on: Docker first — complete a project or certification, then revisit remaining gaps: Docker,JavaScript,Python,System Design.",2026-08-07T16:58:27.447669
992,27,6,82.1,"Data Structures,MongoDB,Python,System Design","Focus on: Data Structures first — complete a project or certification, then revisit remaining gaps: Data Structures,MongoDB,Python,System Design.",2026-08-12T10:58:27.447677
993,29,6,71.0,"AWS,Data Structures,JavaScript,MongoDB,Python,System Design","Focus on: AWS first — complete a project or certification, then revisit remaining gaps: AWS,Data Structures,JavaScript,MongoDB,Python,System Design.",2026-08-07T03:58:27.447685
994,30,6,80.0,"Data Structures,Docker,JavaScript,MongoDB","Focus on: Data Structures first — complete a project or certification, then revisit remaining gaps: Data Structures,Docker,JavaScript,MongoDB.",2026-07-31T16:58:27.447694
995,31,6,78.8,"AWS,Data Structures,Docker,MongoDB,Python,System Design","Focus on: AWS first — complete a project or certification, then revisit remaining gaps: AWS,Data Structures,Docker,MongoDB,Python,System Design.",2026-08-04T08:58:27.447702
996,32,6,77.5,"AWS,Docker,JavaScript,MongoDB,Python,System Design","Focus on: AWS first — complete a project or certification, then revisit remaining gaps: AWS,Docker,JavaScript,MongoDB,Python,System Design.",2026-08-15T10:58:27.447710
997,34,6,85.9,"Data Structures,Docker,JavaScript,MongoDB,Python,System Design","Focus on: Data Structures first — complete a project or certification, then revisit remaining gaps: Data Structures,Docker,JavaScript,MongoDB,Python,System Design.",2026-08-14T07:58:27.447725
998,36,6,58.65,"AWS,Data Structures,Docker,JavaScript,Python,System Design","Focus on: AWS first — complete a project or certification, then revisit remaining gaps: AWS,Data Structures,Docker,JavaScript,Python,System Design.",2026-08-11T21:58:27.447736
999,37,6,71.82,"AWS,Data Structures,JavaScript,MongoDB,Python,System Design","Focus on: AWS first — complete a project or certification, then revisit remaining gaps: AWS,Data Structures,JavaScript,MongoDB,Python,System Design.",2026-08-12T03:58:27.447744
1000,40,6,77.8,"AWS,Data Structures,Docker,MongoDB,System Design","Focus on: AWS first — complete a project or certification, then revisit remaining gaps: AWS,Data Structures,Docker,MongoDB,System Design.",2026-08-04T22:58:27.447757
1001,41,6,67.45,"Data Structures,Docker,MongoDB,Python,System Design","Focus on: Data Structures first — complete a project or certification, then revisit remaining gaps: Data Structures,Docker,MongoDB,Python,System Design.",2026-08-17T16:58:27.447774
1002,42,6,64.22,"AWS,Data Structures,Docker,MongoDB,System Design","Focus on: AWS first — complete a project or certification, then revisit remaining gaps: AWS,Data Structures,Docker,MongoDB,System Design.",2026-08-11T18:58:27.447785
1003,43,6,70.98,"AWS,Data Structures,Docker,JavaScript,MongoDB,System Design","Focus on: AWS first — complete a project or certification, then revisit remaining gaps: AWS,Data Structures,Docker,JavaScript,MongoDB,System Design.",2026-08-14T19:58:27.447793
1004,44,6,81.73,"AWS,Data Structures,JavaScript,MongoDB,Python","Focus on: AWS first — complete a project or certification, then revisit remaining gaps: AWS,Data Structures,JavaScript,MongoDB,Python.",2026-08-17T03:58:27.447801
1005,45,6,72.12,"AWS,Data Structures,Docker,JavaScript,System Design","Focus on: AWS first — complete a project or certification, then revisit remaining gaps: AWS,Data Structures,Docker,JavaScript,System Design.",2026-08-16T07:58:27.447815
1006,46,6,82.57,"AWS,Data Structures,Docker,JavaScript,MongoDB,Python,System Design","Focus on: AWS first — complete a project or certification, then revisit remaining gaps: AWS,Data Structures,Docker,JavaScript,MongoDB,Python,System Design.",2026-08-09T08:58:27.447826
1007,48,6,75.75,"AWS,Docker,JavaScript,MongoDB,System Design","Focus on: AWS first — complete a project or certification, then revisit remaining gaps: AWS,Docker,JavaScript,MongoDB,System Design.",2026-08-15T18:58:27.447835
1008,49,6,72.85,"AWS,Data Structures,MongoDB,Python,System Design","Focus on: AWS first — complete a project or certification, then revisit remaining gaps: AWS,Data Structures,MongoDB,Python,System Design.",2026-08-16T03:58:27.447842
1009,53,6,91.2,"AWS,Data Structures,Docker,JavaScript,Python,System Design","Focus on: AWS first — complete a project or certification, then revisit remaining gaps: AWS,Data Structures,Docker,JavaScript,Python,System Design.",2026-08-04T22:58:27.447850
1010,63,6,76.22,"AWS,Data Structures,Docker,JavaScript,MongoDB,System Design","Focus on: AWS first — complete a project or certification, then revisit remaining gaps: AWS,Data Structures,Docker,JavaScript,MongoDB,System Design.",2026-07-31T18:58:27.447858
1011,66,6,68.38,"AWS,Docker,JavaScript,Python,System Design","Focus on: AWS first — complete a project or certification, then revisit remaining gaps: AWS,Docker,JavaScript,Python,System Design.",2026-08-07T14:58:27.447871
1012,67,6,76.68,"Data Structures,JavaScript,Python,System Design","Focus on: Data Structures first — complete a project or certification, then revisit remaining gaps: Data Structures,JavaScript,Python,System Design.",2026-08-13T06:58:27.447882
1013,69,6,76.9,"AWS,Data Structures,Docker,JavaScript,MongoDB,Python","Focus on: AWS first — complete a project or certification, then revisit remaining gaps: AWS,Data Structures,Docker,JavaScript,MongoDB,Python.",2026-08-12T22:58:27.447894
1014,71,6,80.1,"AWS,Docker,JavaScript,Python,System Design","Focus on: AWS first — complete a project or certification, then revisit remaining gaps: AWS,Docker,JavaScript,Python,System Design.",2026-08-12T02:58:27.447906
1015,72,6,67.75,"AWS,Data Structures,Docker,JavaScript,MongoDB,Python,System Design","Focus on: AWS first — complete a project or certification, then revisit remaining gaps: AWS,Data Structures,Docker,JavaScript,MongoDB,Python,System Design.",2026-08-17T04:58:27.447914
1016,74,6,61.68,"AWS,Data Structures,Docker,JavaScript,MongoDB,System Design","Focus on: AWS first — complete a project or certification, then revisit remaining gaps: AWS,Data Structures,Docker,JavaScript,MongoDB,System Design.",2026-08-10T14:58:27.447922
1017,75,6,80.55,"AWS,Data Structures,Docker,JavaScript,MongoDB,Python,System Design","Focus on: AWS first — complete a project or certification, then revisit remaining gaps: AWS,Data Structures,Docker,JavaScript,MongoDB,Python,System Design.",2026-08-09T14:58:27.447935
1018,78,6,87.13,"Data Structures,JavaScript,MongoDB,Python,System Design","Focus on: Data Structures first — complete a project or certification, then revisit remaining gaps: Data Structures,JavaScript,MongoDB,Python,System Design.",2026-08-10T23:58:27.447945
1019,79,6,68.6,"AWS,Data Structures,JavaScript,Python,System Design","Focus on: AWS first — complete a project or certification, then revisit remaining gaps: AWS,Data Structures,JavaScript,Python,System Design.",2026-08-12T00:58:27.447953
1020,85,6,67.7,"AWS,Data Structures,Docker,JavaScript,MongoDB,Python,System Design","Focus on: AWS first — complete a project or certification, then revisit remaining gaps: AWS,Data Structures,Docker,JavaScript,MongoDB,Python,System Design.",2026-08-03T01:58:27.447961
1021,86,6,79.35,"Data Structures,Docker,JavaScript,Python","Focus on: Data Structures first — complete a project or certification, then revisit remaining gaps: Data Structures,Docker,JavaScript,Python.",2026-08-08T13:58:27.447974
1022,90,6,55.2,"AWS,Data Structures,Docker,MongoDB,System Design","Focus on: AWS first — complete a project or certification, then revisit remaining gaps: AWS,Data Structures,Docker,MongoDB,System Design.",2026-08-09T12:58:27.447985
1023,94,6,86.6,"AWS,Data Structures,Docker,JavaScript,MongoDB,Python,System Design","Focus on: AWS first — complete a project or certification, then revisit remaining gaps: AWS,Data Structures,Docker,JavaScript,MongoDB,Python,System Design.",2026-08-08T02:58:27.447994
1024,95,6,73.45,"AWS,Data Structures,JavaScript,MongoDB,Python,System Design","Focus on: AWS first — complete a project or certification, then revisit remaining gaps: AWS,Data Structures,JavaScript,MongoDB,Python,System Design.",2026-08-01T09:58:27.448002
1025,97,6,72.2,"AWS,Docker,MongoDB,Python,System Design","Focus on: AWS first — complete a project or certification, then revisit remaining gaps: AWS,Docker,MongoDB,Python,System Design.",2026-08-07T05:58:27.448010
1026,98,6,77.65,"AWS,Data Structures,JavaScript,MongoDB,Python,System Design","Focus on: AWS first — complete a project or certification, then revisit remaining gaps: AWS,Data Structures,JavaScript,MongoDB,Python,System Design.",2026-08-20T15:58:27.448018
1027,101,6,82.55,"AWS,Data Structures,JavaScript,Python,System Design","Focus on: AWS first — complete a project or certification, then revisit remaining gaps: AWS,Data Structures,JavaScript,Python,System Design.",2026-08-15T07:58:27.448027
1028,103,6,65.5,"AWS,Data Structures,Docker,JavaScript,MongoDB,Python","Focus on: AWS first — complete a project or certification, then revisit remaining gaps: AWS,Data Structures,Docker,JavaScript,MongoDB,Python.",2026-08-13T04:58:27.448036
1029,104,6,78.65,"AWS,Data Structures,Docker,MongoDB,Python","Focus on: AWS first — complete a project or certification, then revisit remaining gaps: AWS,Data Structures,Docker,MongoDB,Python.",2026-08-10T13:58:27.448043
1030,105,6,66.65,"AWS,Data Structures,JavaScript,System Design","Focus on: AWS first — complete a project or certification, then revisit remaining gaps: AWS,Data Structures,JavaScript,System Design.",2026-08-11T00:58:27.448051
1031,109,6,68.65,"AWS,Docker,JavaScript,MongoDB,Python,System Design","Focus on: AWS first — complete a project or certification, then revisit remaining gaps: AWS,Docker,JavaScript,MongoDB,Python,System Design.",2026-08-09T03:58:27.448059
1032,111,6,80.05,"Docker,JavaScript,Python,System Design","Focus on: Docker first — complete a project or certification, then revisit remaining gaps: Docker,JavaScript,Python,System Design.",2026-08-03T20:58:27.448067
1033,113,6,82.8,"Data Structures,MongoDB,System Design","Focus on: Data Structures first — complete a project or certification, then revisit remaining gaps: Data Structures,MongoDB,System Design.",2026-08-15T07:58:27.448074
1034,115,6,61.6,"AWS,Data Structures,Docker,MongoDB,Python,System Design","Focus on: AWS first — complete a project or certification, then revisit remaining gaps: AWS,Data Structures,Docker,MongoDB,Python,System Design.",2026-08-01T21:58:27.448083
1035,120,6,68.85,"AWS,Docker,JavaScript,MongoDB,System Design","Focus on: AWS first — complete a project or certification, then revisit remaining gaps: AWS,Docker,JavaScript,MongoDB,System Design.",2026-08-07T05:58:27.448091
1036,123,6,71.55,"AWS,Data Structures,JavaScript,Python","Focus on: AWS first — complete a project or certification, then revisit remaining gaps: AWS,Data Structures,JavaScript,Python.",2026-08-18T11:58:27.448107
1037,126,6,86.4,"AWS,Data Structures,Docker,JavaScript,MongoDB,Python","Focus on: AWS first — complete a project or certification, then revisit remaining gaps: AWS,Data Structures,Docker,JavaScript,MongoDB,Python.",2026-08-14T08:58:27.448117
1038,132,6,65.13,"AWS,Data Structures,Docker,JavaScript,MongoDB,Python,System Design","Focus on: AWS first — complete a project or certification, then revisit remaining gaps: AWS,Data Structures,Docker,JavaScript,MongoDB,Python,System Design.",2026-08-10T14:58:27.448131
1039,133,6,74.2,"AWS,Data Structures,Docker,JavaScript,Python","Focus on: AWS first — complete a project or certification, then revisit remaining gaps: AWS,Data Structures,Docker,JavaScript,Python.",2026-08-05T14:58:27.448142
1040,134,6,66.85,"Data Structures,Docker,JavaScript,Python,System Design","Focus on: Data Structures first — complete a project or certification, then revisit remaining gaps: Data Structures,Docker,JavaScript,Python,System Design.",2026-08-02T22:58:27.448151
1041,139,6,62.15,"AWS,Data Structures,JavaScript,MongoDB,Python,System Design","Focus on: AWS first — complete a project or certification, then revisit remaining gaps: AWS,Data Structures,JavaScript,MongoDB,Python,System Design.",2026-08-19T16:58:27.448159
1042,140,6,80.67,"AWS,Data Structures,JavaScript,MongoDB,Python,System Design","Focus on: AWS first — complete a project or certification, then revisit remaining gaps: AWS,Data Structures,JavaScript,MongoDB,Python,System Design.",2026-08-08T15:58:27.448168
1043,141,6,62.93,"AWS,Data Structures,Docker,JavaScript,MongoDB,Python,System Design","Focus on: AWS first — complete a project or certification, then revisit remaining gaps: AWS,Data Structures,Docker,JavaScript,MongoDB,Python,System Design.",2026-08-06T06:58:27.448177
1044,142,6,82.95,"AWS,Data Structures,Docker,JavaScript,Python,System Design","Focus on: AWS first — complete a project or certification, then revisit remaining gaps: AWS,Data Structures,Docker,JavaScript,Python,System Design.",2026-08-12T18:58:27.448186
1045,146,6,80.55,"AWS,Data Structures,MongoDB,System Design","Focus on: AWS first — complete a project or certification, then revisit remaining gaps: AWS,Data Structures,MongoDB,System Design.",2026-08-03T01:58:27.448195
1046,149,6,63.22,"AWS,Data Structures,Docker,JavaScript,MongoDB,Python","Focus on: AWS first — complete a project or certification, then revisit remaining gaps: AWS,Data Structures,Docker,JavaScript,MongoDB,Python.",2026-08-20T10:58:27.448204
1047,150,6,68.42,"AWS,Data Structures,Docker,Python,System Design","Focus on: AWS first — complete a project or certification, then revisit remaining gaps: AWS,Data Structures,Docker,Python,System Design.",2026-08-19T17:58:27.448212
1048,151,6,92.9,"AWS,Data Structures,JavaScript,MongoDB,Python,System Design","Focus on: AWS first — complete a project or certification, then revisit remaining gaps: AWS,Data Structures,JavaScript,MongoDB,Python,System Design.",2026-08-11T05:58:27.448221
1049,152,6,83.5,"AWS,JavaScript,MongoDB,Python,System Design","Focus on: AWS first — complete a project or certification, then revisit remaining gaps: AWS,JavaScript,MongoDB,Python,System Design.",2026-08-04T02:58:27.448234
1050,153,6,79.85,"AWS,Docker,JavaScript,MongoDB,Python","Focus on: AWS first — complete a project or certification, then revisit remaining gaps: AWS,Docker,JavaScript,MongoDB,Python.",2026-08-07T04:58:27.448245
1051,159,6,69.0,"AWS,Data Structures,Docker,JavaScript,Python,System Design","Focus on: AWS first — complete a project or certification, then revisit remaining gaps: AWS,Data Structures,Docker,JavaScript,Python,System Design.",2026-08-17T22:58:27.448254
1052,166,6,59.02,"AWS,Data Structures,Docker,JavaScript,MongoDB,System Design","Focus on: AWS first — complete a project or certification, then revisit remaining gaps: AWS,Data Structures,Docker,JavaScript,MongoDB,System Design.",2026-08-16T14:58:27.448262
1053,169,6,65.83,"AWS,Data Structures,Docker,MongoDB,Python","Focus on: AWS first — complete a project or certification, then revisit remaining gaps: AWS,Data Structures,Docker,MongoDB,Python.",2026-08-19T03:58:27.448270
1054,173,6,70.5,"AWS,Data Structures,Docker,Python,System Design","Focus on: AWS first — complete a project or certification, then revisit remaining gaps: AWS,Data Structures,Docker,Python,System Design.",2026-08-08T09:58:27.448279
1055,176,6,74.82,"AWS,Docker,JavaScript,MongoDB,Python","Focus on: AWS first — complete a project or certification, then revisit remaining gaps: AWS,Docker,JavaScript,MongoDB,Python.",2026-08-16T19:58:27.448287
1056,178,6,72.7,"AWS,Data Structures,Docker,JavaScript,MongoDB,Python,System Design","Focus on: AWS first — complete a project or certification, then revisit remaining gaps: AWS,Data Structures,Docker,JavaScript,MongoDB,Python,System Design.",2026-08-11T19:58:27.448301
1057,179,6,77.12,"AWS,Data Structures,Docker,MongoDB,Python","Focus on: AWS first — complete a project or certification, then revisit remaining gaps: AWS,Data Structures,Docker,MongoDB,Python.",2026-08-14T20:58:27.448312
1058,181,6,74.22,"AWS,Docker,JavaScript,Python,System Design","Focus on: AWS first — complete a project or certification, then revisit remaining gaps: AWS,Docker,JavaScript,Python,System Design.",2026-08-18T23:58:27.448320
1059,190,6,78.35,"AWS,Data Structures,Docker,JavaScript,MongoDB,Python,System Design","Focus on: AWS first — complete a project or certification, then revisit remaining gaps: AWS,Data Structures,Docker,JavaScript,MongoDB,Python,System Design.",2026-08-14T03:58:27.448329
1060,191,6,76.15,"AWS,Data Structures,JavaScript,MongoDB,System Design","Focus on: AWS first — complete a project or certification, then revisit remaining gaps: AWS,Data Structures,JavaScript,MongoDB,System Design.",2026-08-02T20:58:27.448337
1061,192,6,63.05,"AWS,Data Structures,Docker,JavaScript,MongoDB,Python","Focus on: AWS first — complete a project or certification, then revisit remaining gaps: AWS,Data Structures,Docker,JavaScript,MongoDB,Python.",2026-08-12T20:58:27.448345
1062,193,6,70.3,"Data Structures,Docker,JavaScript","Focus on: Data Structures first — complete a project or certification, then revisit remaining gaps: Data Structures,Docker,JavaScript.",2026-08-05T04:58:27.448352
1063,198,6,81.32,"AWS,Data Structures,JavaScript,Python,System Design","Focus on: AWS first — complete a project or certification, then revisit remaining gaps: AWS,Data Structures,JavaScript,Python,System Design.",2026-08-21T09:58:27.448360
1064,199,6,74.35,"AWS,Data Structures,Docker,JavaScript,MongoDB,Python","Focus on: AWS first — complete a project or certification, then revisit remaining gaps: AWS,Data Structures,Docker,JavaScript,MongoDB,Python.",2026-08-18T15:58:27.448372
1065,201,6,58.2,"Data Structures,Docker,JavaScript,Python","Focus on: Data Structures first — complete a project or certification, then revisit remaining gaps: Data Structures,Docker,JavaScript,Python.",2026-08-11T02:58:27.448388
1066,205,6,68.5,"AWS,Data Structures,Docker,JavaScript,MongoDB,Python,System Design","Focus on: AWS first — complete a project or certification, then revisit remaining gaps: AWS,Data Structures,Docker,JavaScript,MongoDB,Python,System Design.",2026-08-06T14:58:27.448400
1067,208,6,69.02,"AWS,Data Structures,Docker,JavaScript,MongoDB,Python,System Design","Focus on: AWS first — complete a project or certification, then revisit remaining gaps: AWS,Data Structures,Docker,JavaScript,MongoDB,Python,System Design.",2026-08-15T08:58:27.448415
1068,209,6,74.2,"AWS,Data Structures,Docker,MongoDB,Python,System Design","Focus on: AWS first — complete a project or certification, then revisit remaining gaps: AWS,Data Structures,Docker,MongoDB,Python,System Design.",2026-08-10T23:58:27.448426
1069,211,6,78.05,"AWS,Data Structures,Docker,JavaScript,MongoDB,Python","Focus on: AWS first — complete a project or certification, then revisit remaining gaps: AWS,Data Structures,Docker,JavaScript,MongoDB,Python.",2026-08-13T23:58:27.448435
1070,213,6,79.75,"Data Structures,JavaScript,Python,System Design","Focus on: Data Structures first — complete a project or certification, then revisit remaining gaps: Data Structures,JavaScript,Python,System Design.",2026-08-10T03:58:27.448448
1071,214,6,69.93,"Data Structures,Docker,JavaScript,MongoDB,Python","Focus on: Data Structures first — complete a project or certification, then revisit remaining gaps: Data Structures,Docker,JavaScript,MongoDB,Python.",2026-08-14T16:58:27.448459
1072,221,6,67.4,"AWS,Data Structures,MongoDB,Python","Focus on: AWS first — complete a project or certification, then revisit remaining gaps: AWS,Data Structures,MongoDB,Python.",2026-08-13T05:58:27.448468
1073,222,6,67.47,"Data Structures,JavaScript,Python,System Design","Focus on: Data Structures first — complete a project or certification, then revisit remaining gaps: Data Structures,JavaScript,Python,System Design.",2026-08-01T14:58:27.448476
1074,224,6,64.15,"AWS,Data Structures,JavaScript,MongoDB,Python","Focus on: AWS first — complete a project or certification, then revisit remaining gaps: AWS,Data Structures,JavaScript,MongoDB,Python.",2026-08-21T09:58:27.448484
1075,229,6,65.85,"AWS,Data Structures,JavaScript,MongoDB,Python,System Design","Focus on: AWS first — complete a project or certification, then revisit remaining gaps: AWS,Data Structures,JavaScript,MongoDB,Python,System Design.",2026-08-17T17:58:27.448498
1076,232,6,80.95,"AWS,Data Structures,Docker,MongoDB,Python","Focus on: AWS first — complete a project or certification, then revisit remaining gaps: AWS,Data Structures,Docker,MongoDB,Python.",2026-08-08T00:58:27.448508
1077,234,6,68.82,"AWS,Data Structures,Docker,JavaScript,MongoDB,System Design","Focus on: AWS first — complete a project or certification, then revisit remaining gaps: AWS,Data Structures,Docker,JavaScript,MongoDB,System Design.",2026-08-08T22:58:27.448517
1078,236,6,72.2,"AWS,Data Structures,JavaScript,MongoDB,System Design","Focus on: AWS first — complete a project or certification, then revisit remaining gaps: AWS,Data Structures,JavaScript,MongoDB,System Design.",2026-08-19T21:58:27.448525
1079,245,6,79.3,"Data Structures,Docker,JavaScript,MongoDB,Python,System Design","Focus on: Data Structures first — complete a project or certification, then revisit remaining gaps: Data Structures,Docker,JavaScript,MongoDB,Python,System Design.",2026-08-19T21:58:27.448534
1080,248,6,60.48,"AWS,JavaScript,Python,System Design","Focus on: AWS first — complete a project or certification, then revisit remaining gaps: AWS,JavaScript,Python,System Design.",2026-08-10T13:58:27.448548
1081,249,6,59.15,"AWS,Data Structures,Docker,JavaScript,MongoDB,Python,System Design","Focus on: AWS first — complete a project or certification, then revisit remaining gaps: AWS,Data Structures,Docker,JavaScript,MongoDB,Python,System Design.",2026-08-03T00:58:27.448559
1082,250,6,77.5,"AWS,Data Structures,Python,System Design","Focus on: AWS first — complete a project or certification, then revisit remaining gaps: AWS,Data Structures,Python,System Design.",2026-08-19T21:58:27.448567
1083,257,6,90.5,"AWS,Data Structures,Docker,JavaScript,MongoDB,System Design","Focus on: AWS first — complete a project or certification, then revisit remaining gaps: AWS,Data Structures,Docker,JavaScript,MongoDB,System Design.",2026-08-10T20:58:27.448576
1084,260,6,81.45,"AWS,Data Structures,Docker,JavaScript,MongoDB,Python,System Design","Focus on: AWS first — complete a project or certification, then revisit remaining gaps: AWS,Data Structures,Docker,JavaScript,MongoDB,Python,System Design.",2026-08-06T04:58:27.448585
1085,273,6,64.1,"AWS,Data Structures,Docker,JavaScript,Python,System Design","Focus on: AWS first — complete a project or certification, then revisit remaining gaps: AWS,Data Structures,Docker,JavaScript,Python,System Design.",2026-08-03T03:58:27.448593
1086,274,6,70.1,"AWS,Data Structures,JavaScript,MongoDB,Python,System Design","Focus on: AWS first — complete a project or certification, then revisit remaining gaps: AWS,Data Structures,JavaScript,MongoDB,Python,System Design.",2026-08-01T11:58:27.448601
1087,276,6,65.7,"AWS,Data Structures,JavaScript,MongoDB,Python,System Design","Focus on: AWS first — complete a project or certification, then revisit remaining gaps: AWS,Data Structures,JavaScript,MongoDB,Python,System Design.",2026-08-18T19:58:27.448609
1088,277,6,78.3,"AWS,Docker,JavaScript,MongoDB,Python,System Design","Focus on: AWS first — complete a project or certification, then revisit remaining gaps: AWS,Docker,JavaScript,MongoDB,Python,System Design.",2026-08-18T20:58:27.448617
1089,281,6,73.9,"Data Structures,Docker,JavaScript,MongoDB,System Design","Focus on: Data Structures first — complete a project or certification, then revisit remaining gaps: Data Structures,Docker,JavaScript,MongoDB,System Design.",2026-08-17T20:58:27.448626
1090,283,6,66.27,"AWS,Data Structures,Docker,JavaScript,MongoDB,Python,System Design","Focus on: AWS first — complete a project or certification, then revisit remaining gaps: AWS,Data Structures,Docker,JavaScript,MongoDB,Python,System Design.",2026-08-15T21:58:27.448642
1091,284,6,75.25,"AWS,Data Structures,Docker,JavaScript,MongoDB,Python","Focus on: AWS first — complete a project or certification, then revisit remaining gaps: AWS,Data Structures,Docker,JavaScript,MongoDB,Python.",2026-08-18T19:58:27.448652
1092,286,6,72.6,"AWS,Data Structures,JavaScript,Python,System Design","Focus on: AWS first — complete a project or certification, then revisit remaining gaps: AWS,Data Structures,JavaScript,Python,System Design.",2026-08-06T18:58:27.448660
1093,296,6,78.25,"AWS,Data Structures,Docker,JavaScript,MongoDB,Python,System Design","Focus on: AWS first — complete a project or certification, then revisit remaining gaps: AWS,Data Structures,Docker,JavaScript,MongoDB,Python,System Design.",2026-08-01T07:58:27.448674
1094,297,6,73.75,"Docker,JavaScript,MongoDB,Python,System Design","Focus on: Docker first — complete a project or certification, then revisit remaining gaps: Docker,JavaScript,MongoDB,Python,System Design.",2026-08-18T16:58:27.448685
1095,298,6,82.65,"AWS,Data Structures,Docker,JavaScript,MongoDB,Python,System Design","Focus on: AWS first — complete a project or certification, then revisit remaining gaps: AWS,Data Structures,Docker,JavaScript,MongoDB,Python,System Design.",2026-08-08T05:58:27.448699
1096,299,6,87.02,"AWS,Data Structures,Docker,JavaScript,Python","Focus on: AWS first — complete a project or certification, then revisit remaining gaps: AWS,Data Structures,Docker,JavaScript,Python.",2026-08-06T23:58:27.448709
1097,301,6,75.67,"AWS,Data Structures,Docker,MongoDB,System Design","Focus on: AWS first — complete a project or certification, then revisit remaining gaps: AWS,Data Structures,Docker,MongoDB,System Design.",2026-08-16T17:58:27.448718
1098,306,6,81.7,"AWS,Data Structures,Docker,JavaScript,Python,System Design","Focus on: AWS first — complete a project or certification, then revisit remaining gaps: AWS,Data Structures,Docker,JavaScript,Python,System Design.",2026-08-11T11:58:27.448727
1099,307,6,76.08,"AWS,Data Structures,Docker,JavaScript,MongoDB,Python,System Design","Focus on: AWS first — complete a project or certification, then revisit remaining gaps: AWS,Data Structures,Docker,JavaScript,MongoDB,Python,System Design.",2026-08-15T17:58:27.448735
1100,308,6,78.95,"AWS,Data Structures,JavaScript,MongoDB,System Design","Focus on: AWS first — complete a project or certification, then revisit remaining gaps: AWS,Data Structures,JavaScript,MongoDB,System Design.",2026-08-03T03:58:27.448742
1101,309,6,66.58,"AWS,Docker,JavaScript,MongoDB,Python","Focus on: AWS first — complete a project or certification, then revisit remaining gaps: AWS,Docker,JavaScript,MongoDB,Python.",2026-08-06T21:58:27.448750
1102,310,6,76.12,"AWS,Docker,JavaScript,Python,System Design","Focus on: AWS first — complete a project or certification, then revisit remaining gaps: AWS,Docker,JavaScript,Python,System Design.",2026-08-08T13:58:27.448771
1103,311,6,73.25,"AWS,Data Structures,Docker,JavaScript,Python,System Design","Focus on: AWS first — complete a project or certification, then revisit remaining gaps: AWS,Data Structures,Docker,JavaScript,Python,System Design.",2026-08-08T19:58:27.448782
1104,313,6,65.28,"AWS,Docker,JavaScript,Python","Focus on: AWS first — complete a project or certification, then revisit remaining gaps: AWS,Docker,JavaScript,Python.",2026-08-12T13:58:27.448790
1105,315,6,72.17,"AWS,Data Structures,Docker,JavaScript,Python","Focus on: AWS first — complete a project or certification, then revisit remaining gaps: AWS,Data Structures,Docker,JavaScript,Python.",2026-08-02T01:58:27.448799
1106,320,6,68.1,"Data Structures,JavaScript,MongoDB,Python","Focus on: Data Structures first — complete a project or certification, then revisit remaining gaps: Data Structures,JavaScript,MongoDB,Python.",2026-08-21T13:58:27.448807
1107,321,6,73.32,"Docker,JavaScript,MongoDB,Python","Focus on: Docker first — complete a project or certification, then revisit remaining gaps: Docker,JavaScript,MongoDB,Python.",2026-08-14T03:58:27.448814
1108,322,6,70.1,"AWS,JavaScript,MongoDB,Python,System Design","Focus on: AWS first — complete a project or certification, then revisit remaining gaps: AWS,JavaScript,MongoDB,Python,System Design.",2026-08-08T09:58:27.448822
1109,324,6,71.82,"AWS,Data Structures,Docker,MongoDB,Python,System Design","Focus on: AWS first — complete a project or certification, then revisit remaining gaps: AWS,Data Structures,Docker,MongoDB,Python,System Design.",2026-08-13T06:58:27.448837
1110,325,6,70.57,"AWS,Data Structures,Docker,MongoDB,Python,System Design","Focus on: AWS first — complete a project or certification, then revisit remaining gaps: AWS,Data Structures,Docker,MongoDB,Python,System Design.",2026-08-02T16:58:27.448848
1111,326,6,70.75,"AWS,MongoDB,Python","Focus on: AWS first — complete a project or certification, then revisit remaining gaps: AWS,MongoDB,Python.",2026-08-10T20:58:27.448857
1112,327,6,72.65,"AWS,JavaScript","Focus on: AWS first — complete a project or certification, then revisit remaining gaps: AWS,JavaScript.",2026-08-06T17:58:27.448864
1113,328,6,76.95,"AWS,Data Structures,Docker,JavaScript,MongoDB,System Design","Focus on: AWS first — complete a project or certification, then revisit remaining gaps: AWS,Data Structures,Docker,JavaScript,MongoDB,System Design.",2026-08-14T19:58:27.448873
1114,330,6,62.1,"AWS,Data Structures,Docker,MongoDB,System Design","Focus on: AWS first — complete a project or certification, then revisit remaining gaps: AWS,Data Structures,Docker,MongoDB,System Design.",2026-08-09T15:58:27.448887
1115,331,6,94.88,"AWS,Data Structures,Docker,MongoDB,Python,System Design","Focus on: AWS first — complete a project or certification, then revisit remaining gaps: AWS,Data Structures,Docker,MongoDB,Python,System Design.",2026-08-03T09:58:27.448898
1116,333,6,81.22,"AWS,Data Structures,Docker,JavaScript,Python,System Design","Focus on: AWS first — complete a project or certification, then revisit remaining gaps: AWS,Data Structures,Docker,JavaScript,Python,System Design.",2026-08-15T09:58:27.448912
1117,334,6,74.42,"Data Structures,Docker,JavaScript,Python,System Design","Focus on: Data Structures first — complete a project or certification, then revisit remaining gaps: Data Structures,Docker,JavaScript,Python,System Design.",2026-08-15T04:58:27.448924
1118,335,6,70.38,"AWS,Docker,JavaScript,MongoDB,Python,System Design","Focus on: AWS first — complete a project or certification, then revisit remaining gaps: AWS,Docker,JavaScript,MongoDB,Python,System Design.",2026-08-16T10:58:27.448935
1119,336,6,76.5,"Docker,MongoDB,Python","Focus on: Docker first — complete a project or certification, then revisit remaining gaps: Docker,MongoDB,Python.",2026-08-20T20:58:27.448943
1120,338,6,71.85,"AWS,Data Structures,Docker,JavaScript,MongoDB,Python","Focus on: AWS first — complete a project or certification, then revisit remaining gaps: AWS,Data Structures,Docker,JavaScript,MongoDB,Python.",2026-08-02T12:58:27.448951
1121,340,6,71.83,"AWS,Data Structures,Docker,MongoDB,Python,System Design","Focus on: AWS first — complete a project or certification, then revisit remaining gaps: AWS,Data Structures,Docker,MongoDB,Python,System Design.",2026-08-16T20:58:27.448959
1122,341,6,90.25,"AWS,JavaScript,MongoDB,Python,System Design","Focus on: AWS first — complete a project or certification, then revisit remaining gaps: AWS,JavaScript,MongoDB,Python,System Design.",2026-08-10T11:58:27.448974
1123,345,6,61.25,"AWS,Docker,JavaScript,MongoDB,Python,System Design","Focus on: AWS first — complete a project or certification, then revisit remaining gaps: AWS,Docker,JavaScript,MongoDB,Python,System Design.",2026-08-11T03:58:27.448985
1124,347,6,74.35,"AWS,Docker,MongoDB,Python,System Design","Focus on: AWS first — complete a project or certification, then revisit remaining gaps: AWS,Docker,MongoDB,Python,System Design.",2026-08-13T16:58:27.448994
1125,353,6,74.1,"AWS,Data Structures,JavaScript,MongoDB,Python,System Design","Focus on: AWS first — complete a project or certification, then revisit remaining gaps: AWS,Data Structures,JavaScript,MongoDB,Python,System Design.",2026-08-15T07:58:27.449003
1126,356,6,75.95,"AWS,Data Structures,Docker,MongoDB,Python,System Design","Focus on: AWS first — complete a project or certification, then revisit remaining gaps: AWS,Data Structures,Docker,MongoDB,Python,System Design.",2026-08-12T08:58:27.449011
1127,357,6,93.03,"AWS,Docker,MongoDB,Python,System Design","Focus on: AWS first — complete a project or certification, then revisit remaining gaps: AWS,Docker,MongoDB,Python,System Design.",2026-08-08T05:58:27.449019
1128,358,6,68.7,"AWS,Data Structures,Docker,JavaScript,MongoDB,Python,System Design","Focus on: AWS first — complete a project or certification, then revisit remaining gaps: AWS,Data Structures,Docker,JavaScript,MongoDB,Python,System Design.",2026-08-14T07:58:27.449026
1129,361,6,78.65,"AWS,Data Structures,Docker,MongoDB,System Design","Focus on: AWS first — complete a project or certification, then revisit remaining gaps: AWS,Data Structures,Docker,MongoDB,System Design.",2026-08-10T13:58:27.449034
1130,368,6,68.15,"Docker,MongoDB,System Design","Focus on: Docker first — complete a project or certification, then revisit remaining gaps: Docker,MongoDB,System Design.",2026-08-16T23:58:27.449042
1131,372,6,70.7,"AWS,Data Structures,Docker,MongoDB,Python,System Design","Focus on: AWS first — complete a project or certification, then revisit remaining gaps: AWS,Data Structures,Docker,MongoDB,Python,System Design.",2026-08-18T01:58:27.449050
1132,376,6,87.0,"AWS,Docker,JavaScript,MongoDB,Python","Focus on: AWS first — complete a project or certification, then revisit remaining gaps: AWS,Docker,JavaScript,MongoDB,Python.",2026-08-20T23:58:27.449058
1133,379,6,73.65,"AWS,Data Structures,JavaScript,Python,System Design","Focus on: AWS first — complete a project or certification, then revisit remaining gaps: AWS,Data Structures,JavaScript,Python,System Design.",2026-08-15T01:58:27.449075
1134,387,6,70.95,"AWS,Docker,Python,System Design","Focus on: AWS first — complete a project or certification, then revisit remaining gaps: AWS,Docker,Python,System Design.",2026-08-19T23:58:27.449091
1135,389,6,66.32,"Docker,JavaScript,MongoDB,System Design","Focus on: Docker first — complete a project or certification, then revisit remaining gaps: Docker,JavaScript,MongoDB,System Design.",2026-08-07T01:58:27.449102
1136,398,6,66.15,"AWS,Data Structures,Docker,JavaScript,MongoDB,System Design","Focus on: AWS first — complete a project or certification, then revisit remaining gaps: AWS,Data Structures,Docker,JavaScript,MongoDB,System Design.",2026-08-15T07:58:27.449110
1137,401,6,73.58,"AWS,Docker,JavaScript,MongoDB,Python,System Design","Focus on: AWS first — complete a project or certification, then revisit remaining gaps: AWS,Docker,JavaScript,MongoDB,Python,System Design.",2026-08-08T19:58:27.449118
1138,403,6,81.42,"AWS,JavaScript,MongoDB,Python,System Design","Focus on: AWS first — complete a project or certification, then revisit remaining gaps: AWS,JavaScript,MongoDB,Python,System Design.",2026-08-18T11:58:27.449127
1139,404,6,61.07,"AWS,Data Structures,Docker,JavaScript,MongoDB,System Design","Focus on: AWS first — complete a project or certification, then revisit remaining gaps: AWS,Data Structures,Docker,JavaScript,MongoDB,System Design.",2026-08-15T21:58:27.449135
1140,405,6,80.05,"AWS,Docker,JavaScript,MongoDB,System Design","Focus on: AWS first — complete a project or certification, then revisit remaining gaps: AWS,Docker,JavaScript,MongoDB,System Design.",2026-08-02T14:58:27.449143
1141,407,6,69.58,"AWS,Data Structures,Docker,JavaScript,MongoDB,Python,System Design","Focus on: AWS first — complete a project or certification, then revisit remaining gaps: AWS,Data Structures,Docker,JavaScript,MongoDB,Python,System Design.",2026-08-05T10:58:27.449151
1142,409,6,75.5,"AWS,Data Structures,Docker,Python,System Design","Focus on: AWS first — complete a project or certification, then revisit remaining gaps: AWS,Data Structures,Docker,Python,System Design.",2026-08-16T07:58:27.449159
1143,411,6,83.72,"AWS,Docker,JavaScript,Python,System Design","Focus on: AWS first — complete a project or certification, then revisit remaining gaps: AWS,Docker,JavaScript,Python,System Design.",2026-08-17T22:58:27.449167
1144,413,6,68.7,"AWS,Data Structures,Docker,JavaScript,MongoDB,Python,System Design","Focus on: AWS first — complete a project or certification, then revisit remaining gaps: AWS,Data Structures,Docker,JavaScript,MongoDB,Python,System Design.",2026-08-02T02:58:27.449181
1145,415,6,65.55,"AWS,Data Structures,Docker,JavaScript,MongoDB,Python,System Design","Focus on: AWS first — complete a project or certification, then revisit remaining gaps: AWS,Data Structures,Docker,JavaScript,MongoDB,Python,System Design.",2026-08-11T00:58:27.449192
1146,418,6,83.52,"AWS,Data Structures,Docker,JavaScript,MongoDB,Python,System Design","Focus on: AWS first — complete a project or certification, then revisit remaining gaps: AWS,Data Structures,Docker,JavaScript,MongoDB,Python,System Design.",2026-08-15T07:58:27.449201
1147,420,6,71.9,"AWS,Docker,JavaScript,System Design","Focus on: AWS first — complete a project or certification, then revisit remaining gaps: AWS,Docker,JavaScript,System Design.",2026-08-18T21:58:27.449209
1148,421,6,85.0,"AWS,Data Structures,Docker,JavaScript,MongoDB,Python,System Design","Focus on: AWS first — complete a project or certification, then revisit remaining gaps: AWS,Data Structures,Docker,JavaScript,MongoDB,Python,System Design.",2026-08-09T22:58:27.449217
1149,422,6,66.05,"AWS,Data Structures,Docker,JavaScript,MongoDB,Python","Focus on: AWS first — complete a project or certification, then revisit remaining gaps: AWS,Data Structures,Docker,JavaScript,MongoDB,Python.",2026-08-12T21:58:27.449225
1150,423,6,73.22,"AWS,Data Structures,Docker,JavaScript,MongoDB,Python,System Design","Focus on: AWS first — complete a project or certification, then revisit remaining gaps: AWS,Data Structures,Docker,JavaScript,MongoDB,Python,System Design.",2026-08-17T23:58:27.449233
1151,424,6,76.35,"AWS,Docker,JavaScript,MongoDB,Python,System Design","Focus on: AWS first — complete a project or certification, then revisit remaining gaps: AWS,Docker,JavaScript,MongoDB,Python,System Design.",2026-08-21T13:58:27.449240
1152,427,6,76.7,"AWS,Data Structures,Docker,JavaScript,MongoDB,Python,System Design","Focus on: AWS first — complete a project or certification, then revisit remaining gaps: AWS,Data Structures,Docker,JavaScript,MongoDB,Python,System Design.",2026-08-09T00:58:27.449248
1153,430,6,74.55,"AWS,Data Structures,JavaScript,MongoDB,Python","Focus on: AWS first — complete a project or certification, then revisit remaining gaps: AWS,Data Structures,JavaScript,MongoDB,Python.",2026-08-09T10:58:27.449262
1154,432,6,68.55,"AWS,Data Structures,Docker,JavaScript,Python,System Design","Focus on: AWS first — complete a project or certification, then revisit remaining gaps: AWS,Data Structures,Docker,JavaScript,Python,System Design.",2026-08-10T02:58:27.449272
1155,434,6,86.32,"AWS,JavaScript,MongoDB,Python,System Design","Focus on: AWS first — complete a project or certification, then revisit remaining gaps: AWS,JavaScript,MongoDB,Python,System Design.",2026-08-12T11:58:27.449280
1156,435,6,88.7,"AWS,Data Structures,JavaScript,Python,System Design","Focus on: AWS first — complete a project or certification, then revisit remaining gaps: AWS,Data Structures,JavaScript,Python,System Design.",2026-08-07T17:58:27.449288
1157,440,6,68.68,"Docker,JavaScript,MongoDB,Python","Focus on: Docker first — complete a project or certification, then revisit remaining gaps: Docker,JavaScript,MongoDB,Python.",2026-08-12T06:58:27.449296
1158,441,6,81.65,"AWS,Data Structures,Docker,MongoDB,Python","Focus on: AWS first — complete a project or certification, then revisit remaining gaps: AWS,Data Structures,Docker,MongoDB,Python.",2026-08-18T17:58:27.449310
1159,444,6,71.7,"AWS,Data Structures,Docker,Python,System Design","Focus on: AWS first — complete a project or certification, then revisit remaining gaps: AWS,Data Structures,Docker,Python,System Design.",2026-08-01T01:58:27.449320
1160,445,6,74.92,"AWS,Data Structures,Docker,MongoDB,Python,System Design","Focus on: AWS first — complete a project or certification, then revisit remaining gaps: AWS,Data Structures,Docker,MongoDB,Python,System Design.",2026-08-06T13:58:27.449333
1161,449,6,83.85,"AWS,Data Structures,Docker,JavaScript,Python,System Design","Focus on: AWS first — complete a project or certification, then revisit remaining gaps: AWS,Data Structures,Docker,JavaScript,Python,System Design.",2026-08-12T14:58:27.449344
1162,450,6,65.37,"AWS,Data Structures,Docker,JavaScript,MongoDB,Python","Focus on: AWS first — complete a project or certification, then revisit remaining gaps: AWS,Data Structures,Docker,JavaScript,MongoDB,Python.",2026-08-01T03:58:27.449353
1163,452,6,77.5,"AWS,Data Structures,Docker,JavaScript,MongoDB,Python,System Design","Focus on: AWS first — complete a project or certification, then revisit remaining gaps: AWS,Data Structures,Docker,JavaScript,MongoDB,Python,System Design.",2026-08-20T09:58:27.449360
1164,454,6,62.98,"Data Structures,JavaScript,MongoDB,Python,System Design","Focus on: Data Structures first — complete a project or certification, then revisit remaining gaps: Data Structures,JavaScript,MongoDB,Python,System Design.",2026-08-14T08:58:27.449368
1165,455,6,70.25,"AWS,Data Structures,Docker,MongoDB,Python,System Design","Focus on: AWS first — complete a project or certification, then revisit remaining gaps: AWS,Data Structures,Docker,MongoDB,Python,System Design.",2026-08-03T13:58:27.449376
1166,458,6,69.45,"AWS,Data Structures,Docker,Python,System Design","Focus on: AWS first — complete a project or certification, then revisit remaining gaps: AWS,Data Structures,Docker,Python,System Design.",2026-08-16T21:58:27.449388
1167,467,6,69.45,"AWS,Data Structures,Docker,JavaScript,Python,System Design","Focus on: AWS first — complete a project or certification, then revisit remaining gaps: AWS,Data Structures,Docker,JavaScript,Python,System Design.",2026-08-17T09:58:27.449400
1168,470,6,73.55,"AWS,Data Structures,Docker,JavaScript,MongoDB,Python,System Design","Focus on: AWS first — complete a project or certification, then revisit remaining gaps: AWS,Data Structures,Docker,JavaScript,MongoDB,Python,System Design.",2026-08-06T12:58:27.449408
1169,473,6,71.05,"AWS,Data Structures,Docker,JavaScript,System Design","Focus on: AWS first — complete a project or certification, then revisit remaining gaps: AWS,Data Structures,Docker,JavaScript,System Design.",2026-08-19T18:58:27.449416
1170,476,6,62.95,"AWS,Data Structures,MongoDB,Python","Focus on: AWS first — complete a project or certification, then revisit remaining gaps: AWS,Data Structures,MongoDB,Python.",2026-08-14T14:58:27.449425
1171,479,6,73.2,"AWS,Data Structures,Docker,MongoDB,Python,System Design","Focus on: AWS first — complete a project or certification, then revisit remaining gaps: AWS,Data Structures,Docker,MongoDB,Python,System Design.",2026-08-12T02:58:27.449435
1172,481,6,68.95,"AWS,Docker,JavaScript,Python,System Design","Focus on: AWS first — complete a project or certification, then revisit remaining gaps: AWS,Docker,JavaScript,Python,System Design.",2026-08-02T00:58:27.449443
1173,484,6,76.5,"AWS,Data Structures,Docker,JavaScript,MongoDB,Python,System Design","Focus on: AWS first — complete a project or certification, then revisit remaining gaps: AWS,Data Structures,Docker,JavaScript,MongoDB,Python,System Design.",2026-08-16T00:58:27.449459
1174,487,6,60.97,"AWS,Data Structures,Docker,JavaScript,MongoDB,System Design","Focus on: AWS first — complete a project or certification, then revisit remaining gaps: AWS,Data Structures,Docker,JavaScript,MongoDB,System Design.",2026-08-16T08:58:27.449470
1175,490,6,73.18,"AWS,Data Structures,Docker,MongoDB,Python,System Design","Focus on: AWS first — complete a project or certification, then revisit remaining gaps: AWS,Data Structures,Docker,MongoDB,Python,System Design.",2026-08-05T09:58:27.449479
1176,493,6,64.03,"Data Structures,Docker,JavaScript,MongoDB,Python","Focus on: Data Structures first — complete a project or certification, then revisit remaining gaps: Data Structures,Docker,JavaScript,MongoDB,Python.",2026-08-16T02:58:27.449487
1177,496,6,72.1,"AWS,Data Structures,Docker,JavaScript,MongoDB,Python","Focus on: AWS first — complete a project or certification, then revisit remaining gaps: AWS,Data Structures,Docker,JavaScript,MongoDB,Python.",2026-08-18T08:58:27.449496
1178,497,6,81.15,"Data Structures,Docker,JavaScript,MongoDB,System Design","Focus on: Data Structures first — complete a project or certification, then revisit remaining gaps: Data Structures,Docker,JavaScript,MongoDB,System Design.",2026-08-20T22:58:27.449505
1179,500,6,62.25,"AWS,Data Structures,Docker,JavaScript,Python,System Design","Focus on: AWS first — complete a project or certification, then revisit remaining gaps: AWS,Data Structures,Docker,JavaScript,Python,System Design.",2026-08-15T04:58:27.449514
1180,1,7,60.9,"AWS,Algorithms,Flask,Kubernetes,Node.js","Focus on: AWS first — complete a project or certification, then revisit remaining gaps: AWS,Algorithms,Flask,Kubernetes,Node.js.",2026-08-08T17:58:27.449523
1181,2,7,81.05,"AWS,Flask,Kubernetes","Focus on: AWS first — complete a project or certification, then revisit remaining gaps: AWS,Flask,Kubernetes.",2026-08-10T05:58:27.449532
1182,5,7,67.72,"Algorithms,Node.js","Focus on: Algorithms first — complete a project or certification, then revisit remaining gaps: Algorithms,Node.js.",2026-08-02T03:58:27.449539
1183,8,7,61.15,"AWS,Algorithms,Flask,Node.js","Focus on: AWS first — complete a project or certification, then revisit remaining gaps: AWS,Algorithms,Flask,Node.js.",2026-08-21T13:58:27.449553
1184,9,7,74.35,"AWS,Flask,Kubernetes,Node.js","Focus on: AWS first — complete a project or certification, then revisit remaining gaps: AWS,Flask,Kubernetes,Node.js.",2026-08-11T13:58:27.449564
1185,11,7,78.6,"Algorithms,Flask,Node.js","Focus on: Algorithms first — complete a project or certification, then revisit remaining gaps: Algorithms,Flask,Node.js.",2026-08-06T12:58:27.449572
1186,13,7,76.23,"AWS,Flask,Node.js","Focus on: AWS first — complete a project or certification, then revisit remaining gaps: AWS,Flask,Node.js.",2026-08-17T00:58:27.449581
1187,14,7,67.5,"AWS,Flask,Kubernetes,Node.js","Focus on: AWS first — complete a project or certification, then revisit remaining gaps: AWS,Flask,Kubernetes,Node.js.",2026-08-19T20:58:27.449589
1188,16,7,77.47,"AWS,Algorithms,Flask,Node.js","Focus on: AWS first — complete a project or certification, then revisit remaining gaps: AWS,Algorithms,Flask,Node.js.",2026-08-08T18:58:27.449597
1189,19,7,94.25,"AWS,Algorithms,Node.js","Focus on: AWS first — complete a project or certification, then revisit remaining gaps: AWS,Algorithms,Node.js.",2026-08-05T08:58:27.449604
1190,22,7,72.92,"Flask,Kubernetes,Node.js","Focus on: Flask first — complete a project or certification, then revisit remaining gaps: Flask,Kubernetes,Node.js.",2026-08-16T10:58:27.449612
1191,23,7,62.05,"AWS,Algorithms,Flask,Kubernetes,Node.js","Focus on: AWS first — complete a project or certification, then revisit remaining gaps: AWS,Algorithms,Flask,Kubernetes,Node.js.",2026-08-21T02:58:27.449620
1192,25,7,58.35,"AWS,Algorithms,Flask,Node.js","Focus on: AWS first — complete a project or certification, then revisit remaining gaps: AWS,Algorithms,Flask,Node.js.",2026-08-14T11:58:27.449635
1193,27,7,82.1,"Algorithms,Flask,Kubernetes","Focus on: Algorithms first — complete a project or certification, then revisit remaining gaps: Algorithms,Flask,Kubernetes.",2026-08-08T11:58:27.449644
1194,29,7,71.0,"AWS,Algorithms,Flask","Focus on: AWS first — complete a project or certification, then revisit remaining gaps: AWS,Algorithms,Flask.",2026-08-17T22:58:27.449652
1195,30,7,80.0,"Algorithms,Flask,Kubernetes,Node.js","Focus on: Algorithms first — complete a project or certification, then revisit remaining gaps: Algorithms,Flask,Kubernetes,Node.js.",2026-08-07T00:58:27.449660
1196,31,7,78.8,"AWS,Algorithms,Flask,Node.js","Focus on: AWS first — complete a project or certification, then revisit remaining gaps: AWS,Algorithms,Flask,Node.js.",2026-08-03T23:58:27.449668
1197,32,7,77.5,"AWS,Algorithms,Kubernetes","Focus on: AWS first — complete a project or certification, then revisit remaining gaps: AWS,Algorithms,Kubernetes.",2026-08-16T18:58:27.449688
1198,35,7,75.5,"Algorithms,Flask,Kubernetes,Node.js","Focus on: Algorithms first — complete a project or certification, then revisit remaining gaps: Algorithms,Flask,Kubernetes,Node.js.",2026-08-01T13:58:27.449701
1199,37,7,71.82,"AWS,Algorithms,Flask,Node.js","Focus on: AWS first — complete a project or certification, then revisit remaining gaps: AWS,Algorithms,Flask,Node.js.",2026-08-11T22:58:27.449709
1200,40,7,77.8,"AWS,Algorithms,Flask,Kubernetes","Focus on: AWS first — complete a project or certification, then revisit remaining gaps: AWS,Algorithms,Flask,Kubernetes.",2026-08-06T05:58:27.449717
1201,41,7,67.45,"Algorithms,Flask,Kubernetes,Node.js","Focus on: Algorithms first — complete a project or certification, then revisit remaining gaps: Algorithms,Flask,Kubernetes,Node.js.",2026-08-17T03:58:27.449725
1202,42,7,64.22,"AWS,Algorithms,Flask,Kubernetes,Node.js","Focus on: AWS first — complete a project or certification, then revisit remaining gaps: AWS,Algorithms,Flask,Kubernetes,Node.js.",2026-08-04T02:58:27.449734
1203,43,7,70.98,"AWS,Flask,Kubernetes,Node.js","Focus on: AWS first — complete a project or certification, then revisit remaining gaps: AWS,Flask,Kubernetes,Node.js.",2026-08-01T16:58:27.449743
1204,46,7,82.57,"AWS,Algorithms,Flask,Kubernetes,Node.js","Focus on: AWS first — complete a project or certification, then revisit remaining gaps: AWS,Algorithms,Flask,Kubernetes,Node.js.",2026-08-17T22:58:27.449751
1205,49,7,72.85,"AWS,Algorithms,Kubernetes,Node.js","Focus on: AWS first — complete a project or certification, then revisit remaining gaps: AWS,Algorithms,Kubernetes,Node.js.",2026-08-05T14:58:27.449759
1206,57,7,67.15,"AWS,Algorithms,Flask,Kubernetes,Node.js","Focus on: AWS first — complete a project or certification, then revisit remaining gaps: AWS,Algorithms,Flask,Kubernetes,Node.js.",2026-08-03T07:58:27.449768
1207,59,7,72.22,"AWS,Algorithms,Flask,Kubernetes,Node.js","Focus on: AWS first — complete a project or certification, then revisit remaining gaps: AWS,Algorithms,Flask,Kubernetes,Node.js.",2026-08-17T06:58:27.449776
1208,63,7,76.22,"AWS,Algorithms,Flask,Kubernetes,Node.js","Focus on: AWS first — complete a project or certification, then revisit remaining gaps: AWS,Algorithms,Flask,Kubernetes,Node.js.",2026-08-05T09:58:27.449784
1209,65,7,59.4,"Algorithms,Flask,Kubernetes,Node.js","Focus on: Algorithms first — complete a project or certification, then revisit remaining gaps: Algorithms,Flask,Kubernetes,Node.js.",2026-08-17T06:58:27.449792
1210,66,7,68.38,"AWS,Algorithms,Node.js","Focus on: AWS first — complete a project or certification, then revisit remaining gaps: AWS,Algorithms,Node.js.",2026-08-18T14:58:27.449800
1211,68,7,64.0,"AWS,Flask,Kubernetes,Node.js","Focus on: AWS first — complete a project or certification, then revisit remaining gaps: AWS,Flask,Kubernetes,Node.js.",2026-08-17T15:58:27.449807
1212,73,7,67.6,"Algorithms,Flask,Kubernetes,Node.js","Focus on: Algorithms first — complete a project or certification, then revisit remaining gaps: Algorithms,Flask,Kubernetes,Node.js.",2026-08-09T04:58:27.449827
1213,78,7,87.13,"Algorithms,Flask,Kubernetes,Node.js","Focus on: Algorithms first — complete a project or certification, then revisit remaining gaps: Algorithms,Flask,Kubernetes,Node.js.",2026-08-02T10:58:27.449837
1214,79,7,68.6,"AWS,Flask,Kubernetes,Node.js","Focus on: AWS first — complete a project or certification, then revisit remaining gaps: AWS,Flask,Kubernetes,Node.js.",2026-08-14T06:58:27.449851
1215,83,7,56.82,"Algorithms,Flask,Kubernetes,Node.js","Focus on: Algorithms first — complete a project or certification, then revisit remaining gaps: Algorithms,Flask,Kubernetes,Node.js.",2026-08-13T08:58:27.449863
1216,84,7,72.3,"AWS,Algorithms,Kubernetes,Node.js","Focus on: AWS first — complete a project or certification, then revisit remaining gaps: AWS,Algorithms,Kubernetes,Node.js.",2026-08-12T03:58:27.449877
1217,86,7,79.35,"Algorithms,Flask,Kubernetes,Node.js","Focus on: Algorithms first — complete a project or certification, then revisit remaining gaps: Algorithms,Flask,Kubernetes,Node.js.",2026-08-06T16:58:27.449892
1218,88,7,72.85,"AWS,Algorithms,Kubernetes","Focus on: AWS first — complete a project or certification, then revisit remaining gaps: AWS,Algorithms,Kubernetes.",2026-08-02T21:58:27.449903
1219,89,7,59.2,"AWS,Kubernetes","Focus on: AWS first — complete a project or certification, then revisit remaining gaps: AWS,Kubernetes.",2026-08-04T19:58:27.449911
1220,91,7,77.02,"AWS,Algorithms,Flask","Focus on: AWS first — complete a project or certification, then revisit remaining gaps: AWS,Algorithms,Flask.",2026-08-13T09:58:27.449919
1221,93,7,64.95,"AWS,Flask,Node.js","Focus on: AWS first — complete a project or certification, then revisit remaining gaps: AWS,Flask,Node.js.",2026-08-11T00:58:27.449934
1222,95,7,73.45,"AWS,Algorithms,Flask,Kubernetes,Node.js","Focus on: AWS first — complete a project or certification, then revisit remaining gaps: AWS,Algorithms,Flask,Kubernetes,Node.js.",2026-08-09T16:58:27.449945
1223,98,7,77.65,"AWS,Algorithms,Flask,Kubernetes,Node.js","Focus on: AWS first — complete a project or certification, then revisit remaining gaps: AWS,Algorithms,Flask,Kubernetes,Node.js.",2026-08-16T19:58:27.449953
1224,99,7,64.0,"AWS,Algorithms,Kubernetes,Node.js","Focus on: AWS first — complete a project or certification, then revisit remaining gaps: AWS,Algorithms,Kubernetes,Node.js.",2026-08-19T14:58:27.449961
1225,102,7,75.95,"AWS,Algorithms,Flask,Kubernetes,Node.js","Focus on: AWS first — complete a project or certification, then revisit remaining gaps: AWS,Algorithms,Flask,Kubernetes,Node.js.",2026-08-08T17:58:27.449969
1226,103,7,65.5,"AWS,Algorithms,Flask,Kubernetes","Focus on: AWS first — complete a project or certification, then revisit remaining gaps: AWS,Algorithms,Flask,Kubernetes.",2026-08-20T07:58:27.449977
1227,111,7,80.05,"Algorithms,Flask,Kubernetes","Focus on: Algorithms first — complete a project or certification, then revisit remaining gaps: Algorithms,Flask,Kubernetes.",2026-08-16T13:58:27.449985
1228,112,7,70.2,"Algorithms,Kubernetes,Node.js","Focus on: Algorithms first — complete a project or certification, then revisit remaining gaps: Algorithms,Kubernetes,Node.js.",2026-08-16T17:58:27.449993
1229,114,7,62.7,"AWS,Algorithms,Flask,Kubernetes","Focus on: AWS first — complete a project or certification, then revisit remaining gaps: AWS,Algorithms,Flask,Kubernetes.",2026-08-20T06:58:27.450001
1230,115,7,61.6,"AWS,Algorithms,Node.js","Focus on: AWS first — complete a project or certification, then revisit remaining gaps: AWS,Algorithms,Node.js.",2026-08-16T01:58:27.450009
1231,118,7,59.05,"Algorithms,Flask,Kubernetes,Node.js","Focus on: Algorithms first — complete a project or certification, then revisit remaining gaps: Algorithms,Flask,Kubernetes,Node.js.",2026-08-11T13:58:27.450024
1232,124,7,66.55,"AWS,Flask,Node.js","Focus on: AWS first — complete a project or certification, then revisit remaining gaps: AWS,Flask,Node.js.",2026-08-02T22:58:27.450034
1233,125,7,76.0,"AWS,Algorithms,Flask,Kubernetes,Node.js","Focus on: AWS first — complete a project or certification, then revisit remaining gaps: AWS,Algorithms,Flask,Kubernetes,Node.js.",2026-08-06T02:58:27.450042
1234,126,7,86.4,"AWS,Algorithms,Flask,Node.js","Focus on: AWS first — complete a project or certification, then revisit remaining gaps: AWS,Algorithms,Flask,Node.js.",2026-08-14T17:58:27.450050
1235,129,7,68.92,"AWS,Flask,Node.js","Focus on: AWS first — complete a project or certification, then revisit remaining gaps: AWS,Flask,Node.js.",2026-08-03T01:58:27.450058
1236,136,7,65.05,"AWS,Algorithms,Flask,Kubernetes,Node.js","Focus on: AWS first — complete a project or certification, then revisit remaining gaps: AWS,Algorithms,Flask,Kubernetes,Node.js.",2026-08-07T07:58:27.450066
1237,137,7,63.83,"AWS,Algorithms,Flask,Kubernetes","Focus on: AWS first — complete a project or certification, then revisit remaining gaps: AWS,Algorithms,Flask,Kubernetes.",2026-08-06T18:58:27.450074
1238,140,7,80.67,"AWS,Algorithms,Flask,Kubernetes","Focus on: AWS first — complete a project or certification, then revisit remaining gaps: AWS,Algorithms,Flask,Kubernetes.",2026-08-12T20:58:27.450082
1239,141,7,62.93,"AWS,Algorithms,Flask,Node.js","Focus on: AWS first — complete a project or certification, then revisit remaining gaps: AWS,Algorithms,Flask,Node.js.",2026-08-07T10:58:27.450090
1240,142,7,82.95,"AWS,Algorithms,Flask,Kubernetes,Node.js","Focus on: AWS first — complete a project or certification, then revisit remaining gaps: AWS,Algorithms,Flask,Kubernetes,Node.js.",2026-08-12T17:58:27.450098
1241,143,7,68.42,"AWS,Node.js","Focus on: AWS first — complete a project or certification, then revisit remaining gaps: AWS,Node.js.",2026-08-05T03:58:27.450105
1242,146,7,80.55,"AWS,Algorithms,Flask,Node.js","Focus on: AWS first — complete a project or certification, then revisit remaining gaps: AWS,Algorithms,Flask,Node.js.",2026-08-11T08:58:27.450113
1243,147,7,76.4,"Kubernetes,Node.js","Focus on: Kubernetes first — complete a project or certification, then revisit remaining gaps: Kubernetes,Node.js.",2026-08-13T03:58:27.450121
1244,151,7,92.9,"AWS,Algorithms,Flask,Kubernetes","Focus on: AWS first — complete a project or certification, then revisit remaining gaps: AWS,Algorithms,Flask,Kubernetes.",2026-08-05T20:58:27.450129
1245,154,7,78.85,"Flask,Kubernetes,Node.js","Focus on: Flask first — complete a project or certification, then revisit remaining gaps: Flask,Kubernetes,Node.js.",2026-08-06T16:58:27.450137
1246,159,7,69.0,"AWS,Algorithms,Flask,Kubernetes","Focus on: AWS first — complete a project or certification, then revisit remaining gaps: AWS,Algorithms,Flask,Kubernetes.",2026-08-17T16:58:27.450154
1247,163,7,60.5,"Algorithms,Flask,Kubernetes,Node.js","Focus on: Algorithms first — complete a project or certification, then revisit remaining gaps: Algorithms,Flask,Kubernetes,Node.js.",2026-08-10T21:58:27.450163
1248,165,7,74.0,"AWS,Algorithms,Flask,Kubernetes,Node.js","Focus on: AWS first — complete a project or certification, then revisit remaining gaps: AWS,Algorithms,Flask,Kubernetes,Node.js.",2026-08-13T11:58:27.450176
1249,166,7,59.02,"AWS,Algorithms,Flask,Kubernetes","Focus on: AWS first — complete a project or certification, then revisit remaining gaps: AWS,Algorithms,Flask,Kubernetes.",2026-08-10T00:58:27.450192
1250,167,7,62.15,"AWS,Algorithms,Flask,Node.js","Focus on: AWS first — complete a project or certification, then revisit remaining gaps: AWS,Algorithms,Flask,Node.js.",2026-08-01T13:58:27.450202
1251,169,7,65.83,"AWS,Algorithms,Flask,Kubernetes,Node.js","Focus on: AWS first — complete a project or certification, then revisit remaining gaps: AWS,Algorithms,Flask,Kubernetes,Node.js.",2026-08-04T09:58:27.450216
1252,174,7,69.2,"AWS,Algorithms,Flask,Kubernetes,Node.js","Focus on: AWS first — complete a project or certification, then revisit remaining gaps: AWS,Algorithms,Flask,Kubernetes,Node.js.",2026-08-18T06:58:27.450226
1253,176,7,74.82,"AWS,Flask,Kubernetes,Node.js","Focus on: AWS first — complete a project or certification, then revisit remaining gaps: AWS,Flask,Kubernetes,Node.js.",2026-08-07T10:58:27.450234
1254,178,7,72.7,"AWS,Flask,Kubernetes,Node.js","Focus on: AWS first — complete a project or certification, then revisit remaining gaps: AWS,Flask,Kubernetes,Node.js.",2026-08-17T20:58:27.450242
1255,179,7,77.12,"AWS,Algorithms,Flask,Kubernetes","Focus on: AWS first — complete a project or certification, then revisit remaining gaps: AWS,Algorithms,Flask,Kubernetes.",2026-08-12T09:58:27.450250
1256,181,7,74.22,"AWS,Algorithms,Kubernetes,Node.js","Focus on: AWS first — complete a project or certification, then revisit remaining gaps: AWS,Algorithms,Kubernetes,Node.js.",2026-08-10T04:58:27.450257
1257,187,7,73.4,"Algorithms,Flask,Kubernetes","Focus on: Algorithms first — complete a project or certification, then revisit remaining gaps: Algorithms,Flask,Kubernetes.",2026-08-07T00:58:27.450265
1258,188,7,69.88,"AWS,Algorithms","Focus on: AWS first — complete a project or certification, then revisit remaining gaps: AWS,Algorithms.",2026-08-04T11:58:27.450272
1259,191,7,76.15,"AWS,Algorithms,Kubernetes,Node.js","Focus on: AWS first — complete a project or certification, then revisit remaining gaps: AWS,Algorithms,Kubernetes,Node.js.",2026-08-05T08:58:27.450280
1260,195,7,67.45,"AWS,Algorithms,Flask,Kubernetes,Node.js","Focus on: AWS first — complete a project or certification, then revisit remaining gaps: AWS,Algorithms,Flask,Kubernetes,Node.js.",2026-08-08T21:58:27.450295
1261,196,7,66.25,"Algorithms,Flask,Node.js","Focus on: Algorithms first — complete a project or certification, then revisit remaining gaps: Algorithms,Flask,Node.js.",2026-08-15T09:58:27.450306
1262,201,7,58.2,"Algorithms,Kubernetes","Focus on: Algorithms first — complete a project or certification, then revisit remaining gaps: Algorithms,Kubernetes.",2026-08-14T13:58:27.450315
1263,204,7,76.2,"AWS,Algorithms,Flask,Kubernetes,Node.js","Focus on: AWS first — complete a project or certification, then revisit remaining gaps: AWS,Algorithms,Flask,Kubernetes,Node.js.",2026-08-14T14:58:27.450323
1264,205,7,68.5,"AWS,Flask,Kubernetes,Node.js","Focus on: AWS first — complete a project or certification, then revisit remaining gaps: AWS,Flask,Kubernetes,Node.js.",2026-08-09T21:58:27.450330
1265,209,7,74.2,"AWS,Algorithms,Kubernetes","Focus on: AWS first — complete a project or certification, then revisit remaining gaps: AWS,Algorithms,Kubernetes.",2026-08-02T09:58:27.450338
1266,214,7,69.93,"Flask,Kubernetes,Node.js","Focus on: Flask first — complete a project or certification, then revisit remaining gaps: Flask,Kubernetes,Node.js.",2026-08-02T21:58:27.450347
1267,215,7,75.0,"AWS,Kubernetes,Node.js","Focus on: AWS first — complete a project or certification, then revisit remaining gaps: AWS,Kubernetes,Node.js.",2026-08-05T12:58:27.450355
1268,221,7,67.4,"AWS,Flask,Node.js","Focus on: AWS first — complete a project or certification, then revisit remaining gaps: AWS,Flask,Node.js.",2026-08-04T02:58:27.450367
1269,222,7,67.47,"Algorithms,Flask,Node.js","Focus on: Algorithms first — complete a project or certification, then revisit remaining gaps: Algorithms,Flask,Node.js.",2026-08-04T06:58:27.450379
1270,227,7,65.3,"Algorithms,Flask,Node.js","Focus on: Algorithms first — complete a project or certification, then revisit remaining gaps: Algorithms,Flask,Node.js.",2026-08-05T08:58:27.450394
1271,228,7,82.18,"AWS,Algorithms,Flask,Kubernetes,Node.js","Focus on: AWS first — complete a project or certification, then revisit remaining gaps: AWS,Algorithms,Flask,Kubernetes,Node.js.",2026-08-10T08:58:27.450404
1272,234,7,68.82,"AWS,Algorithms,Kubernetes,Node.js","Focus on: AWS first — complete a project or certification, then revisit remaining gaps: AWS,Algorithms,Kubernetes,Node.js.",2026-08-17T16:58:27.450413
1273,239,7,73.0,"AWS,Algorithms,Flask,Kubernetes,Node.js","Focus on: AWS first — complete a project or certification, then revisit remaining gaps: AWS,Algorithms,Flask,Kubernetes,Node.js.",2026-08-15T17:58:27.450421
1274,243,7,83.95,"AWS,Kubernetes,Node.js","Focus on: AWS first — complete a project or certification, then revisit remaining gaps: AWS,Kubernetes,Node.js.",2026-07-31T18:58:27.450430
1275,247,7,70.67,"AWS,Algorithms,Flask,Kubernetes","Focus on: AWS first — complete a project or certification, then revisit remaining gaps: AWS,Algorithms,Flask,Kubernetes.",2026-08-13T15:58:27.450443
1276,248,7,60.48,"AWS,Algorithms,Flask,Kubernetes,Node.js","Focus on: AWS first — complete a project or certification, then revisit remaining gaps: AWS,Algorithms,Flask,Kubernetes,Node.js.",2026-08-16T20:58:27.450455
1277,250,7,77.5,"AWS,Algorithms,Flask,Kubernetes,Node.js","Focus on: AWS first — complete a project or certification, then revisit remaining gaps: AWS,Algorithms,Flask,Kubernetes,Node.js.",2026-08-02T00:58:27.450463
1278,254,7,76.25,"AWS,Algorithms,Flask","Focus on: AWS first — complete a project or certification, then revisit remaining gaps: AWS,Algorithms,Flask.",2026-08-15T05:58:27.450471
1279,257,7,90.5,"AWS,Flask,Kubernetes,Node.js","Focus on: AWS first — complete a project or certification, then revisit remaining gaps: AWS,Flask,Kubernetes,Node.js.",2026-08-20T01:58:27.450479
1280,260,7,81.45,"AWS,Algorithms,Flask,Kubernetes,Node.js","Focus on: AWS first — complete a project or certification, then revisit remaining gaps: AWS,Algorithms,Flask,Kubernetes,Node.js.",2026-08-12T01:58:27.450487
1281,267,7,69.32,"Algorithms,Flask,Node.js","Focus on: Algorithms first — complete a project or certification, then revisit remaining gaps: Algorithms,Flask,Node.js.",2026-08-05T00:58:27.450495
1282,269,7,71.75,"AWS,Flask,Kubernetes,Node.js","Focus on: AWS first — complete a project or certification, then revisit remaining gaps: AWS,Flask,Kubernetes,Node.js.",2026-08-05T23:58:27.450503
1283,274,7,70.1,"AWS,Flask,Kubernetes","Focus on: AWS first — complete a project or certification, then revisit remaining gaps: AWS,Flask,Kubernetes.",2026-08-11T09:58:27.450511
1284,275,7,74.65,"AWS,Algorithms,Flask,Kubernetes,Node.js","Focus on: AWS first — complete a project or certification, then revisit remaining gaps: AWS,Algorithms,Flask,Kubernetes,Node.js.",2026-08-12T13:58:27.450519
1285,276,7,65.7,"AWS,Kubernetes,Node.js","Focus on: AWS first — complete a project or certification, then revisit remaining gaps: AWS,Kubernetes,Node.js.",2026-08-19T05:58:27.450527
1286,278,7,74.5,"AWS,Algorithms,Flask,Node.js","Focus on: AWS first — complete a project or certification, then revisit remaining gaps: AWS,Algorithms,Flask,Node.js.",2026-08-03T16:58:27.450536
1287,279,7,58.02,"AWS,Flask","Focus on: AWS first — complete a project or certification, then revisit remaining gaps: AWS,Flask.",2026-08-12T07:58:27.450544
1288,281,7,73.9,"Algorithms,Kubernetes,Node.js","Focus on: Algorithms first — complete a project or certification, then revisit remaining gaps: Algorithms,Kubernetes,Node.js.",2026-08-01T18:58:27.450552
1289,285,7,80.87,"AWS,Flask,Kubernetes,Node.js","Focus on: AWS first — complete a project or certification, then revisit remaining gaps: AWS,Flask,Kubernetes,Node.js.",2026-08-19T12:58:27.450560
1290,286,7,72.6,"AWS,Algorithms,Kubernetes,Node.js","Focus on: AWS first — complete a project or certification, then revisit remaining gaps: AWS,Algorithms,Kubernetes,Node.js.",2026-08-08T09:58:27.450574
1291,287,7,61.7,"AWS,Algorithms,Flask","Focus on: AWS first — complete a project or certification, then revisit remaining gaps: AWS,Algorithms,Flask.",2026-08-16T22:58:27.450590
1292,288,7,71.33,"AWS,Algorithms,Flask,Kubernetes","Focus on: AWS first — complete a project or certification, then revisit remaining gaps: AWS,Algorithms,Flask,Kubernetes.",2026-08-16T06:58:27.450600
1293,290,7,62.15,"AWS,Algorithms,Flask,Kubernetes,Node.js","Focus on: AWS first — complete a project or certification, then revisit remaining gaps: AWS,Algorithms,Flask,Kubernetes,Node.js.",2026-08-09T08:58:27.450609
1294,291,7,77.32,"AWS,Algorithms,Flask,Kubernetes","Focus on: AWS first — complete a project or certification, then revisit remaining gaps: AWS,Algorithms,Flask,Kubernetes.",2026-08-01T00:58:27.450617
1295,294,7,75.8,"AWS,Algorithms,Kubernetes,Node.js","Focus on: AWS first — complete a project or certification, then revisit remaining gaps: AWS,Algorithms,Kubernetes,Node.js.",2026-08-08T19:58:27.450624
1296,295,7,77.65,"Algorithms,Flask,Kubernetes,Node.js","Focus on: Algorithms first — complete a project or certification, then revisit remaining gaps: Algorithms,Flask,Kubernetes,Node.js.",2026-08-15T06:58:27.450638
1297,297,7,73.75,"Algorithms,Flask,Kubernetes","Focus on: Algorithms first — complete a project or certification, then revisit remaining gaps: Algorithms,Flask,Kubernetes.",2026-08-10T11:58:27.450649
1298,298,7,82.65,"AWS,Algorithms,Flask,Kubernetes,Node.js","Focus on: AWS first — complete a project or certification, then revisit remaining gaps: AWS,Algorithms,Flask,Kubernetes,Node.js.",2026-08-14T05:58:27.450656
1299,299,7,87.02,"AWS,Algorithms,Flask,Kubernetes,Node.js","Focus on: AWS first — complete a project or certification, then revisit remaining gaps: AWS,Algorithms,Flask,Kubernetes,Node.js.",2026-08-17T01:58:27.450665
1300,303,7,70.05,"AWS,Flask,Kubernetes,Node.js","Focus on: AWS first — complete a project or certification, then revisit remaining gaps: AWS,Flask,Kubernetes,Node.js.",2026-08-17T14:58:27.450673
1301,307,7,76.08,"AWS,Algorithms,Flask,Kubernetes,Node.js","Focus on: AWS first — complete a project or certification, then revisit remaining gaps: AWS,Algorithms,Flask,Kubernetes,Node.js.",2026-08-02T16:58:27.450681
1302,312,7,72.85,"AWS,Flask,Kubernetes,Node.js","Focus on: AWS first — complete a project or certification, then revisit remaining gaps: AWS,Flask,Kubernetes,Node.js.",2026-08-17T07:58:27.450689
1303,314,7,53.55,"AWS,Flask,Kubernetes,Node.js","Focus on: AWS first — complete a project or certification, then revisit remaining gaps: AWS,Flask,Kubernetes,Node.js.",2026-08-07T09:58:27.450702
1304,318,7,70.18,"AWS,Algorithms,Flask","Focus on: AWS first — complete a project or certification, then revisit remaining gaps: AWS,Algorithms,Flask.",2026-08-13T03:58:27.450714
1305,324,7,71.82,"AWS,Flask,Kubernetes,Node.js","Focus on: AWS first — complete a project or certification, then revisit remaining gaps: AWS,Flask,Kubernetes,Node.js.",2026-08-20T17:58:27.450722
1306,325,7,70.57,"AWS,Flask,Kubernetes,Node.js","Focus on: AWS first — complete a project or certification, then revisit remaining gaps: AWS,Flask,Kubernetes,Node.js.",2026-08-17T21:58:27.450731
1307,326,7,70.75,"AWS,Algorithms,Flask,Kubernetes,Node.js","Focus on: AWS first — complete a project or certification, then revisit remaining gaps: AWS,Algorithms,Flask,Kubernetes,Node.js.",2026-08-11T21:58:27.450739
1308,327,7,72.65,"AWS,Algorithms,Flask,Kubernetes,Node.js","Focus on: AWS first — complete a project or certification, then revisit remaining gaps: AWS,Algorithms,Flask,Kubernetes,Node.js.",2026-08-17T17:58:27.450747
1309,328,7,76.95,"AWS,Algorithms,Node.js","Focus on: AWS first — complete a project or certification, then revisit remaining gaps: AWS,Algorithms,Node.js.",2026-08-01T22:58:27.450761
1310,330,7,62.1,"AWS,Algorithms,Flask,Kubernetes,Node.js","Focus on: AWS first — complete a project or certification, then revisit remaining gaps: AWS,Algorithms,Flask,Kubernetes,Node.js.",2026-08-13T16:58:27.450773
1311,331,7,94.88,"AWS,Algorithms,Flask,Node.js","Focus on: AWS first — complete a project or certification, then revisit remaining gaps: AWS,Algorithms,Flask,Node.js.",2026-08-07T04:58:27.450780
1312,333,7,81.22,"AWS,Algorithms,Node.js","Focus on: AWS first — complete a project or certification, then revisit remaining gaps: AWS,Algorithms,Node.js.",2026-08-17T20:58:27.450788
1313,334,7,74.42,"Algorithms,Flask,Kubernetes,Node.js","Focus on: Algorithms first — complete a project or certification, then revisit remaining gaps: Algorithms,Flask,Kubernetes,Node.js.",2026-08-01T23:58:27.450796
1314,337,7,82.58,"AWS,Algorithms,Flask,Kubernetes,Node.js","Focus on: AWS first — complete a project or certification, then revisit remaining gaps: AWS,Algorithms,Flask,Kubernetes,Node.js.",2026-08-17T11:58:27.450805
1315,338,7,71.85,"AWS,Algorithms,Flask,Kubernetes,Node.js","Focus on: AWS first — complete a project or certification, then revisit remaining gaps: AWS,Algorithms,Flask,Kubernetes,Node.js.",2026-08-11T05:58:27.450813
1316,340,7,71.83,"AWS,Algorithms,Kubernetes","Focus on: AWS first — complete a project or certification, then revisit remaining gaps: AWS,Algorithms,Kubernetes.",2026-08-20T01:58:27.450821
1317,345,7,61.25,"AWS,Algorithms,Kubernetes,Node.js","Focus on: AWS first — complete a project or certification, then revisit remaining gaps: AWS,Algorithms,Kubernetes,Node.js.",2026-08-13T10:58:27.450830
1318,350,7,53.55,"AWS,Algorithms,Flask,Node.js","Focus on: AWS first — complete a project or certification, then revisit remaining gaps: AWS,Algorithms,Flask,Node.js.",2026-07-31T23:58:27.450838
1319,352,7,75.65,"AWS,Algorithms,Flask,Kubernetes,Node.js","Focus on: AWS first — complete a project or certification, then revisit remaining gaps: AWS,Algorithms,Flask,Kubernetes,Node.js.",2026-08-07T19:58:27.450847
1320,353,7,74.1,"AWS,Algorithms,Flask,Node.js","Focus on: AWS first — complete a project or certification, then revisit remaining gaps: AWS,Algorithms,Flask,Node.js.",2026-08-15T15:58:27.450860
1321,354,7,66.95,"AWS,Flask,Kubernetes,Node.js","Focus on: AWS first — complete a project or certification, then revisit remaining gaps: AWS,Flask,Kubernetes,Node.js.",2026-08-06T04:58:27.450872
1322,355,7,68.18,"AWS,Algorithms,Flask,Kubernetes","Focus on: AWS first — complete a project or certification, then revisit remaining gaps: AWS,Algorithms,Flask,Kubernetes.",2026-08-13T21:58:27.450881
1323,357,7,93.03,"AWS,Algorithms,Flask,Kubernetes,Node.js","Focus on: AWS first — complete a project or certification, then revisit remaining gaps: AWS,Algorithms,Flask,Kubernetes,Node.js.",2026-08-18T11:58:27.450894
1324,358,7,68.7,"AWS,Flask,Kubernetes,Node.js","Focus on: AWS first — complete a project or certification, then revisit remaining gaps: AWS,Flask,Kubernetes,Node.js.",2026-08-01T18:58:27.450905
1325,360,7,79.25,"AWS,Algorithms,Flask,Kubernetes,Node.js","Focus on: AWS first — complete a project or certification, then revisit remaining gaps: AWS,Algorithms,Flask,Kubernetes,Node.js.",2026-08-10T06:58:27.450919
1326,362,7,73.62,"AWS,Algorithms,Flask,Kubernetes,Node.js","Focus on: AWS first — complete a project or certification, then revisit remaining gaps: AWS,Algorithms,Flask,Kubernetes,Node.js.",2026-08-05T15:58:27.450930
1327,364,7,62.75,"AWS,Flask,Kubernetes","Focus on: AWS first — complete a project or certification, then revisit remaining gaps: AWS,Flask,Kubernetes.",2026-08-08T00:58:27.450938
1328,365,7,67.65,"AWS,Algorithms,Kubernetes","Focus on: AWS first — complete a project or certification, then revisit remaining gaps: AWS,Algorithms,Kubernetes.",2026-08-19T17:58:27.450946
1329,367,7,76.68,"AWS,Algorithms,Flask,Kubernetes,Node.js","Focus on: AWS first — complete a project or certification, then revisit remaining gaps: AWS,Algorithms,Flask,Kubernetes,Node.js.",2026-08-18T05:58:27.450959
1330,370,7,67.4,"Algorithms,Flask,Node.js","Focus on: Algorithms first — complete a project or certification, then revisit remaining gaps: Algorithms,Flask,Node.js.",2026-08-13T05:58:27.450970
1331,371,7,65.3,"AWS,Algorithms,Flask,Kubernetes,Node.js","Focus on: AWS first — complete a project or certification, then revisit remaining gaps: AWS,Algorithms,Flask,Kubernetes,Node.js.",2026-07-31T21:58:27.450978
1332,372,7,70.7,"AWS,Node.js","Focus on: AWS first — complete a project or certification, then revisit remaining gaps: AWS,Node.js.",2026-08-11T00:58:27.450986
1333,376,7,87.0,"AWS,Kubernetes,Node.js","Focus on: AWS first — complete a project or certification, then revisit remaining gaps: AWS,Kubernetes,Node.js.",2026-08-13T02:58:27.450994
1334,379,7,73.65,"AWS,Algorithms,Flask,Kubernetes,Node.js","Focus on: AWS first — complete a project or certification, then revisit remaining gaps: AWS,Algorithms,Flask,Kubernetes,Node.js.",2026-08-19T13:58:27.451001
1335,385,7,60.45,"AWS,Algorithms,Kubernetes,Node.js","Focus on: AWS first — complete a project or certification, then revisit remaining gaps: AWS,Algorithms,Kubernetes,Node.js.",2026-08-17T15:58:27.451009
1336,386,7,58.9,"AWS,Algorithms,Flask,Node.js","Focus on: AWS first — complete a project or certification, then revisit remaining gaps: AWS,Algorithms,Flask,Node.js.",2026-08-06T06:58:27.451016
1337,389,7,66.32,"Algorithms,Flask,Node.js","Focus on: Algorithms first — complete a project or certification, then revisit remaining gaps: Algorithms,Flask,Node.js.",2026-08-02T22:58:27.451029
1338,391,7,74.2,"Algorithms,Flask,Kubernetes,Node.js","Focus on: Algorithms first — complete a project or certification, then revisit remaining gaps: Algorithms,Flask,Kubernetes,Node.js.",2026-08-13T19:58:27.451041
1339,393,7,58.95,"Algorithms,Flask,Kubernetes,Node.js","Focus on: Algorithms first — complete a project or certification, then revisit remaining gaps: Algorithms,Flask,Kubernetes,Node.js.",2026-08-07T16:58:27.451048
1340,395,7,81.03,"AWS,Flask,Kubernetes,Node.js","Focus on: AWS first — complete a project or certification, then revisit remaining gaps: AWS,Flask,Kubernetes,Node.js.",2026-08-13T10:58:27.451056
1341,396,7,68.18,"AWS,Flask,Kubernetes,Node.js","Focus on: AWS first — complete a project or certification, then revisit remaining gaps: AWS,Flask,Kubernetes,Node.js.",2026-08-05T20:58:27.451063
1342,397,7,69.65,"AWS,Flask,Kubernetes,Node.js","Focus on: AWS first — complete a project or certification, then revisit remaining gaps: AWS,Flask,Kubernetes,Node.js.",2026-08-01T19:58:27.451072
1343,398,7,66.15,"AWS,Algorithms,Flask,Kubernetes,Node.js","Focus on: AWS first — complete a project or certification, then revisit remaining gaps: AWS,Algorithms,Flask,Kubernetes,Node.js.",2026-08-08T18:58:27.451079
1344,400,7,75.32,"Algorithms,Flask,Kubernetes,Node.js","Focus on: Algorithms first — complete a project or certification, then revisit remaining gaps: Algorithms,Flask,Kubernetes,Node.js.",2026-08-04T16:58:27.451093
1345,401,7,73.58,"AWS,Algorithms,Flask","Focus on: AWS first — complete a project or certification, then revisit remaining gaps: AWS,Algorithms,Flask.",2026-08-09T12:58:27.451103
1346,403,7,81.42,"AWS,Algorithms,Flask,Kubernetes","Focus on: AWS first — complete a project or certification, then revisit remaining gaps: AWS,Algorithms,Flask,Kubernetes.",2026-08-02T10:58:27.451110
1347,404,7,61.07,"AWS,Algorithms,Flask,Kubernetes,Node.js","Focus on: AWS first — complete a project or certification, then revisit remaining gaps: AWS,Algorithms,Flask,Kubernetes,Node.js.",2026-08-02T17:58:27.451117
1348,405,7,80.05,"AWS,Algorithms","Focus on: AWS first — complete a project or certification, then revisit remaining gaps: AWS,Algorithms.",2026-08-17T19:58:27.451131
1349,406,7,72.9,"Algorithms,Flask,Kubernetes,Node.js","Focus on: Algorithms first — complete a project or certification, then revisit remaining gaps: Algorithms,Flask,Kubernetes,Node.js.",2026-08-18T10:58:27.451140
1350,408,7,61.53,"Algorithms,Flask,Node.js","Focus on: Algorithms first — complete a project or certification, then revisit remaining gaps: Algorithms,Flask,Node.js.",2026-08-14T02:58:27.451148
1351,411,7,83.72,"AWS,Algorithms,Flask,Kubernetes,Node.js","Focus on: AWS first — complete a project or certification, then revisit remaining gaps: AWS,Algorithms,Flask,Kubernetes,Node.js.",2026-08-02T16:58:27.451155
1352,415,7,65.55,"AWS,Algorithms,Flask,Node.js","Focus on: AWS first — complete a project or certification, then revisit remaining gaps: AWS,Algorithms,Flask,Node.js.",2026-08-02T00:58:27.451163
1353,416,7,73.98,"AWS,Algorithms,Flask,Kubernetes,Node.js","Focus on: AWS first — complete a project or certification, then revisit remaining gaps: AWS,Algorithms,Flask,Kubernetes,Node.js.",2026-08-08T15:58:27.451170
1354,426,7,73.68,"AWS,Algorithms,Flask,Kubernetes","Focus on: AWS first — complete a project or certification, then revisit remaining gaps: AWS,Algorithms,Flask,Kubernetes.",2026-08-20T02:58:27.451178
1355,429,7,54.5,"AWS,Algorithms,Kubernetes,Node.js","Focus on: AWS first — complete a project or certification, then revisit remaining gaps: AWS,Algorithms,Kubernetes,Node.js.",2026-07-31T23:58:27.451211
1356,436,7,65.4,"Flask,Kubernetes,Node.js","Focus on: Flask first — complete a project or certification, then revisit remaining gaps: Flask,Kubernetes,Node.js.",2026-08-06T19:58:27.451238
1357,437,7,76.25,"Algorithms,Node.js","Focus on: Algorithms first — complete a project or certification, then revisit remaining gaps: Algorithms,Node.js.",2026-08-05T12:58:27.451250
1358,439,7,78.03,"AWS,Flask,Kubernetes,Node.js","Focus on: AWS first — complete a project or certification, then revisit remaining gaps: AWS,Flask,Kubernetes,Node.js.",2026-08-08T17:58:27.451260
1359,441,7,81.65,"AWS,Algorithms,Kubernetes,Node.js","Focus on: AWS first — complete a project or certification, then revisit remaining gaps: AWS,Algorithms,Kubernetes,Node.js.",2026-08-07T16:58:27.451269
1360,444,7,71.7,"AWS,Algorithms,Flask,Node.js","Focus on: AWS first — complete a project or certification, then revisit remaining gaps: AWS,Algorithms,Flask,Node.js.",2026-08-21T07:58:27.451277
1361,445,7,74.92,"AWS,Flask,Node.js","Focus on: AWS first — complete a project or certification, then revisit remaining gaps: AWS,Flask,Node.js.",2026-08-03T08:58:27.451286
1362,446,7,69.6,"AWS,Algorithms,Flask,Kubernetes,Node.js","Focus on: AWS first — complete a project or certification, then revisit remaining gaps: AWS,Algorithms,Flask,Kubernetes,Node.js.",2026-08-20T17:58:27.451305
1363,447,7,56.45,"AWS,Algorithms,Flask","Focus on: AWS first — complete a project or certification, then revisit remaining gaps: AWS,Algorithms,Flask.",2026-08-11T10:58:27.451317
1364,452,7,77.5,"AWS,Flask,Node.js","Focus on: AWS first — complete a project or certification, then revisit remaining gaps: AWS,Flask,Node.js.",2026-08-12T00:58:27.451326
1365,455,7,70.25,"AWS,Flask,Node.js","Focus on: AWS first — complete a project or certification, then revisit remaining gaps: AWS,Flask,Node.js.",2026-08-20T14:58:27.451335
1366,456,7,70.55,"AWS,Flask","Focus on: AWS first — complete a project or certification, then revisit remaining gaps: AWS,Flask.",2026-08-07T05:58:27.451343
1367,463,7,75.45,"AWS,Algorithms,Flask","Focus on: AWS first — complete a project or certification, then revisit remaining gaps: AWS,Algorithms,Flask.",2026-08-09T16:58:27.451351
1368,466,7,68.97,"AWS,Algorithms,Flask,Kubernetes,Node.js","Focus on: AWS first — complete a project or certification, then revisit remaining gaps: AWS,Algorithms,Flask,Kubernetes,Node.js.",2026-08-10T02:58:27.451367
1369,467,7,69.45,"AWS,Flask,Kubernetes,Node.js","Focus on: AWS first — complete a project or certification, then revisit remaining gaps: AWS,Flask,Kubernetes,Node.js.",2026-08-14T05:58:27.451377
1370,472,7,85.05,"AWS,Algorithms,Flask,Kubernetes","Focus on: AWS first — complete a project or certification, then revisit remaining gaps: AWS,Algorithms,Flask,Kubernetes.",2026-08-07T12:58:27.451393
1371,474,7,77.45,"AWS,Flask,Kubernetes,Node.js","Focus on: AWS first — complete a project or certification, then revisit remaining gaps: AWS,Flask,Kubernetes,Node.js.",2026-08-10T23:58:27.451404
1372,477,7,75.2,"AWS,Algorithms,Flask,Kubernetes,Node.js","Focus on: AWS first — complete a project or certification, then revisit remaining gaps: AWS,Algorithms,Flask,Kubernetes,Node.js.",2026-08-01T05:58:27.451412
1373,478,7,75.75,"Algorithms,Flask,Kubernetes,Node.js","Focus on: Algorithms first — complete a project or certification, then revisit remaining gaps: Algorithms,Flask,Kubernetes,Node.js.",2026-08-16T07:58:27.451420
1374,479,7,73.2,"AWS,Algorithms,Flask,Node.js","Focus on: AWS first — complete a project or certification, then revisit remaining gaps: AWS,Algorithms,Flask,Node.js.",2026-08-03T20:58:27.451428
1375,484,7,76.5,"AWS,Algorithms,Flask,Kubernetes","Focus on: AWS first — complete a project or certification, then revisit remaining gaps: AWS,Algorithms,Flask,Kubernetes.",2026-08-01T03:58:27.451438
1376,485,7,78.55,"AWS,Algorithms,Flask,Kubernetes","Focus on: AWS first — complete a project or certification, then revisit remaining gaps: AWS,Algorithms,Flask,Kubernetes.",2026-08-09T02:58:27.451445
1377,486,7,61.0,"AWS,Algorithms,Flask,Kubernetes,Node.js","Focus on: AWS first — complete a project or certification, then revisit remaining gaps: AWS,Algorithms,Flask,Kubernetes,Node.js.",2026-08-15T22:58:27.451453
1378,494,7,69.3,"AWS,Kubernetes,Node.js","Focus on: AWS first — complete a project or certification, then revisit remaining gaps: AWS,Kubernetes,Node.js.",2026-08-19T03:58:27.451461
1379,496,7,72.1,"AWS,Algorithms,Flask,Node.js","Focus on: AWS first — complete a project or certification, then revisit remaining gaps: AWS,Algorithms,Flask,Node.js.",2026-08-09T18:58:27.451469
1380,1,8,60.9,"AWS,Algorithms,React,SQL,TypeScript","Focus on: AWS first — complete a project or certification, then revisit remaining gaps: AWS,Algorithms,React,SQL,TypeScript.",2026-08-03T14:58:27.451477
1381,9,8,74.35,"AWS,React,SQL,TypeScript","Focus on: AWS first — complete a project or certification, then revisit remaining gaps: AWS,React,SQL,TypeScript.",2026-08-14T03:58:27.451490
1382,13,8,76.23,"AWS,SQL,TypeScript","Focus on: AWS first — complete a project or certification, then revisit remaining gaps: AWS,SQL,TypeScript.",2026-08-12T10:58:27.451502
1383,19,8,94.25,"AWS,Algorithms,React,TypeScript","Focus on: AWS first — complete a project or certification, then revisit remaining gaps: AWS,Algorithms,React,TypeScript.",2026-08-18T17:58:27.451510
1384,27,8,82.1,"Algorithms,React,TypeScript","Focus on: Algorithms first — complete a project or certification, then revisit remaining gaps: Algorithms,React,TypeScript.",2026-08-09T03:58:27.451517
1385,63,8,76.22,"AWS,Algorithms,React,SQL,TypeScript","Focus on: AWS first — complete a project or certification, then revisit remaining gaps: AWS,Algorithms,React,SQL,TypeScript.",2026-08-01T22:58:27.451525
1386,86,8,79.35,"Algorithms,TypeScript","Focus on: Algorithms first — complete a project or certification, then revisit remaining gaps: Algorithms,TypeScript.",2026-08-01T08:58:27.451533
1387,88,8,72.85,"AWS,Algorithms,React,SQL","Focus on: AWS first — complete a project or certification, then revisit remaining gaps: AWS,Algorithms,React,SQL.",2026-08-09T07:58:27.451546
1388,98,8,77.65,"AWS,Algorithms,React,SQL","Focus on: AWS first — complete a project or certification, then revisit remaining gaps: AWS,Algorithms,React,SQL.",2026-08-12T15:58:27.451572
1389,103,8,65.5,"AWS,Algorithms","Focus on: AWS first — complete a project or certification, then revisit remaining gaps: AWS,Algorithms.",2026-08-06T02:58:27.451581
1390,125,8,76.0,"AWS,Algorithms,React,SQL,TypeScript","Focus on: AWS first — complete a project or certification, then revisit remaining gaps: AWS,Algorithms,React,SQL,TypeScript.",2026-08-10T23:58:27.451589
1391,143,8,68.42,"AWS,React,TypeScript","Focus on: AWS first — complete a project or certification, then revisit remaining gaps: AWS,React,TypeScript.",2026-08-10T08:58:27.451597
1392,157,8,74.77,"AWS,Algorithms,React,SQL","Focus on: AWS first — complete a project or certification, then revisit remaining gaps: AWS,Algorithms,React,SQL.",2026-08-16T03:58:27.451605
1393,165,8,74.0,"AWS,Algorithms,React,SQL,TypeScript","Focus on: AWS first — complete a project or certification, then revisit remaining gaps: AWS,Algorithms,React,SQL,TypeScript.",2026-08-21T10:58:27.451612
1394,169,8,65.83,"AWS,Algorithms,React,SQL,TypeScript","Focus on: AWS first — complete a project or certification, then revisit remaining gaps: AWS,Algorithms,React,SQL,TypeScript.",2026-08-14T19:58:27.451620
1395,178,8,72.7,"AWS,React,SQL","Focus on: AWS first — complete a project or certification, then revisit remaining gaps: AWS,React,SQL.",2026-08-11T21:58:27.451629
1396,181,8,74.22,"AWS,Algorithms,SQL,TypeScript","Focus on: AWS first — complete a project or certification, then revisit remaining gaps: AWS,Algorithms,SQL,TypeScript.",2026-07-31T20:58:27.451636
1397,215,8,75.0,"AWS,React,SQL,TypeScript","Focus on: AWS first — complete a project or certification, then revisit remaining gaps: AWS,React,SQL,TypeScript.",2026-08-11T20:58:27.451644
1398,232,8,80.95,"AWS,Algorithms,React,SQL,TypeScript","Focus on: AWS first — complete a project or certification, then revisit remaining gaps: AWS,Algorithms,React,SQL,TypeScript.",2026-08-04T08:58:27.451652
1399,239,8,73.0,"AWS,Algorithms,React","Focus on: AWS first — complete a project or certification, then revisit remaining gaps: AWS,Algorithms,React.",2026-08-08T18:58:27.451660
1400,243,8,83.95,"AWS,TypeScript","Focus on: AWS first — complete a project or certification, then revisit remaining gaps: AWS,TypeScript.",2026-08-19T07:58:27.451668
1401,260,8,81.45,"AWS,Algorithms,React,TypeScript","Focus on: AWS first — complete a project or certification, then revisit remaining gaps: AWS,Algorithms,React,TypeScript.",2026-08-19T11:58:27.451677
1402,273,8,64.1,"AWS,Algorithms,React,SQL,TypeScript","Focus on: AWS first — complete a project or certification, then revisit remaining gaps: AWS,Algorithms,React,SQL,TypeScript.",2026-08-01T16:58:27.451684
1403,277,8,78.3,"AWS,Algorithms,SQL","Focus on: AWS first — complete a project or certification, then revisit remaining gaps: AWS,Algorithms,SQL.",2026-08-09T05:58:27.451698
1404,281,8,73.9,"Algorithms,React,SQL","Focus on: Algorithms first — complete a project or certification, then revisit remaining gaps: Algorithms,React,SQL.",2026-08-16T15:58:27.451713
1405,291,8,77.32,"AWS,Algorithms,React,SQL","Focus on: AWS first — complete a project or certification, then revisit remaining gaps: AWS,Algorithms,React,SQL.",2026-08-10T20:58:27.451722
1406,295,8,77.65,"Algorithms,SQL,TypeScript","Focus on: Algorithms first — complete a project or certification, then revisit remaining gaps: Algorithms,SQL,TypeScript.",2026-08-10T01:58:27.451747
1407,297,8,73.75,"Algorithms,React,SQL,TypeScript","Focus on: Algorithms first — complete a project or certification, then revisit remaining gaps: Algorithms,React,SQL,TypeScript.",2026-08-17T01:58:27.451764
1408,299,8,87.02,"AWS,Algorithms,React,TypeScript","Focus on: AWS first — complete a project or certification, then revisit remaining gaps: AWS,Algorithms,React,TypeScript.",2026-08-17T14:58:27.451775
1409,334,8,74.42,"Algorithms,TypeScript","Focus on: Algorithms first — complete a project or certification, then revisit remaining gaps: Algorithms,TypeScript.",2026-08-11T18:58:27.451790
1410,337,8,82.58,"AWS,Algorithms,SQL,TypeScript","Focus on: AWS first — complete a project or certification, then revisit remaining gaps: AWS,Algorithms,SQL,TypeScript.",2026-08-03T11:58:27.451802
1411,358,8,68.7,"AWS,React,SQL,TypeScript","Focus on: AWS first — complete a project or certification, then revisit remaining gaps: AWS,React,SQL,TypeScript.",2026-08-11T06:58:27.451810
1412,360,8,79.25,"AWS,Algorithms,SQL,TypeScript","Focus on: AWS first — complete a project or certification, then revisit remaining gaps: AWS,Algorithms,SQL,TypeScript.",2026-08-07T12:58:27.451819
1413,372,8,70.7,"AWS,React,TypeScript","Focus on: AWS first — complete a project or certification, then revisit remaining gaps: AWS,React,TypeScript.",2026-08-13T20:58:27.451828
1414,376,8,87.0,"AWS,React,SQL,TypeScript","Focus on: AWS first — complete a project or certification, then revisit remaining gaps: AWS,React,SQL,TypeScript.",2026-08-16T16:58:27.451837
1415,377,8,74.6,"AWS,Algorithms,React,SQL,TypeScript","Focus on: AWS first — complete a project or certification, then revisit remaining gaps: AWS,Algorithms,React,SQL,TypeScript.",2026-08-13T13:58:27.451850
1416,379,8,73.65,"AWS,Algorithms,React","Focus on: AWS first — complete a project or certification, then revisit remaining gaps: AWS,Algorithms,React.",2026-08-06T06:58:27.451862
1417,400,8,75.32,"Algorithms,React,SQL,TypeScript","Focus on: Algorithms first — complete a project or certification, then revisit remaining gaps: Algorithms,React,SQL,TypeScript.",2026-08-14T06:58:27.451870
1418,401,8,73.58,"AWS,Algorithms,SQL,TypeScript","Focus on: AWS first — complete a project or certification, then revisit remaining gaps: AWS,Algorithms,SQL,TypeScript.",2026-08-13T23:58:27.451879
1419,403,8,81.42,"AWS,Algorithms,SQL,TypeScript","Focus on: AWS first — complete a project or certification, then revisit remaining gaps: AWS,Algorithms,SQL,TypeScript.",2026-08-01T07:58:27.451887
1420,414,8,64.6,"AWS,React,SQL,TypeScript","Focus on: AWS first — complete a project or certification, then revisit remaining gaps: AWS,React,SQL,TypeScript.",2026-08-17T13:58:27.451895
1421,415,8,65.55,"AWS,Algorithms,SQL,TypeScript","Focus on: AWS first — complete a project or certification, then revisit remaining gaps: AWS,Algorithms,SQL,TypeScript.",2026-08-12T06:58:27.451908
1422,434,8,86.32,"AWS,Algorithms,TypeScript","Focus on: AWS first — complete a project or certification, then revisit remaining gaps: AWS,Algorithms,TypeScript.",2026-08-20T18:58:27.451921
1423,437,8,76.25,"Algorithms,React,SQL","Focus on: Algorithms first — complete a project or certification, then revisit remaining gaps: Algorithms,React,SQL.",2026-08-05T23:58:27.451930
1424,452,8,77.5,"AWS,React,TypeScript","Focus on: AWS first — complete a project or certification, then revisit remaining gaps: AWS,React,TypeScript.",2026-08-07T20:58:27.451943
1425,455,8,70.25,"AWS,React,SQL,TypeScript","Focus on: AWS first — complete a project or certification, then revisit remaining gaps: AWS,React,SQL,TypeScript.",2026-08-03T19:58:27.451956
1426,463,8,75.45,"AWS,Algorithms,SQL,TypeScript","Focus on: AWS first — complete a project or certification, then revisit remaining gaps: AWS,Algorithms,SQL,TypeScript.",2026-08-15T00:58:27.451970
1427,472,8,85.05,"AWS,Algorithms,React,SQL,TypeScript","Focus on: AWS first — complete a project or certification, then revisit remaining gaps: AWS,Algorithms,React,SQL,TypeScript.",2026-08-15T21:58:27.451980
1428,497,8,81.15,"Algorithms,React,SQL","Focus on: Algorithms first — complete a project or certification, then revisit remaining gaps: Algorithms,React,SQL.",2026-08-03T01:58:27.451988
1429,2,9,81.05,"Git,HTML/CSS","Focus on: Git first — complete a project or certification, then revisit remaining gaps: Git,HTML/CSS.",2026-07-31T19:58:27.451996
1430,5,9,67.72,"Algorithms,Django,HTML/CSS,Python,TensorFlow","Focus on: Algorithms first — complete a project or certification, then revisit remaining gaps: Algorithms,Django,HTML/CSS,Python,TensorFlow.",2026-08-08T14:58:27.452006
1431,15,9,73.12,"Algorithms,Git,HTML/CSS,Python","Focus on: Algorithms first — complete a project or certification, then revisit remaining gaps: Algorithms,Git,HTML/CSS,Python.",2026-08-12T15:58:27.452014
1432,16,9,77.47,"Algorithms,HTML/CSS,Python,TensorFlow","Focus on: Algorithms first — complete a project or certification, then revisit remaining gaps: Algorithms,HTML/CSS,Python,TensorFlow.",2026-08-10T05:58:27.452027
1433,23,9,62.05,"Algorithms,Django,Git,TensorFlow","Focus on: Algorithms first — complete a project or certification, then revisit remaining gaps: Algorithms,Django,Git,TensorFlow.",2026-08-08T02:58:27.452037
1434,25,9,58.35,Algorithms,"Focus on: Algorithms first — complete a project or certification, then revisit remaining gaps: Algorithms.",2026-08-10T06:58:27.452045
1435,29,9,71.0,"Algorithms,Django,Git,HTML/CSS,Python","Focus on: Algorithms first — complete a project or certification, then revisit remaining gaps: Algorithms,Django,Git,HTML/CSS,Python.",2026-08-10T20:58:27.452054
1436,30,9,80.0,"Algorithms,Django,HTML/CSS,TensorFlow","Focus on: Algorithms first — complete a project or certification, then revisit remaining gaps: Algorithms,Django,HTML/CSS,TensorFlow.",2026-08-10T11:58:27.452063
1437,37,9,71.82,"Algorithms,Django,HTML/CSS,Python","Focus on: Algorithms first — complete a project or certification, then revisit remaining gaps: Algorithms,Django,HTML/CSS,Python.",2026-08-17T03:58:27.452070
1438,41,9,67.45,"Algorithms,Django,Git,HTML/CSS,Python,TensorFlow","Focus on: Algorithms first — complete a project or certification, then revisit remaining gaps: Algorithms,Django,Git,HTML/CSS,Python,TensorFlow.",2026-08-13T20:58:27.452083
1439,46,9,82.57,"Algorithms,Django,Git,HTML/CSS,Python","Focus on: Algorithms first — complete a project or certification, then revisit remaining gaps: Algorithms,Django,Git,HTML/CSS,Python.",2026-08-03T09:58:27.452095
1440,48,9,75.75,"Algorithms,Git,TensorFlow","Focus on: Algorithms first — complete a project or certification, then revisit remaining gaps: Algorithms,Git,TensorFlow.",2026-08-17T21:58:27.452103
1441,59,9,72.22,"Algorithms,Django,Git,HTML/CSS,Python","Focus on: Algorithms first — complete a project or certification, then revisit remaining gaps: Algorithms,Django,Git,HTML/CSS,Python.",2026-08-05T20:58:27.452112
1442,62,9,78.25,"Algorithms,Django,Git,HTML/CSS,Python,TensorFlow","Focus on: Algorithms first — complete a project or certification, then revisit remaining gaps: Algorithms,Django,Git,HTML/CSS,Python,TensorFlow.",2026-08-11T10:58:27.452120
1443,72,9,67.75,"Algorithms,Django,HTML/CSS,Python,TensorFlow","Focus on: Algorithms first — complete a project or certification, then revisit remaining gaps: Algorithms,Django,HTML/CSS,Python,TensorFlow.",2026-08-02T06:58:27.452127
1444,73,9,67.6,"Algorithms,Git,HTML/CSS,Python,TensorFlow","Focus on: Algorithms first — complete a project or certification, then revisit remaining gaps: Algorithms,Git,HTML/CSS,Python,TensorFlow.",2026-08-09T15:58:27.452135
1445,77,9,64.83,"Algorithms,Django,Git,HTML/CSS,Python,TensorFlow","Focus on: Algorithms first — complete a project or certification, then revisit remaining gaps: Algorithms,Django,Git,HTML/CSS,Python,TensorFlow.",2026-07-31T20:58:27.452143
1446,79,9,68.6,"Django,Git,HTML/CSS,Python","Focus on: Django first — complete a project or certification, then revisit remaining gaps: Django,Git,HTML/CSS,Python.",2026-08-13T23:58:27.452159
1447,84,9,72.3,"Algorithms,Django,Git,HTML/CSS,TensorFlow","Focus on: Algorithms first — complete a project or certification, then revisit remaining gaps: Algorithms,Django,Git,HTML/CSS,TensorFlow.",2026-08-12T19:58:27.452169
1448,91,9,77.02,"Algorithms,Django,Python,TensorFlow","Focus on: Algorithms first — complete a project or certification, then revisit remaining gaps: Algorithms,Django,Python,TensorFlow.",2026-08-19T23:58:27.452177
1449,93,9,64.95,"Django,Git,HTML/CSS,TensorFlow","Focus on: Django first — complete a project or certification, then revisit remaining gaps: Django,Git,HTML/CSS,TensorFlow.",2026-08-01T23:58:27.452185
1450,95,9,73.45,"Algorithms,Django,Git,HTML/CSS,Python","Focus on: Algorithms first — complete a project or certification, then revisit remaining gaps: Algorithms,Django,Git,HTML/CSS,Python.",2026-08-05T19:58:27.452194
1451,96,9,55.75,"Algorithms,Django,Git,HTML/CSS,TensorFlow","Focus on: Algorithms first — complete a project or certification, then revisit remaining gaps: Algorithms,Django,Git,HTML/CSS,TensorFlow.",2026-08-08T11:58:27.452209
1452,97,9,72.2,"Algorithms,Django,Git,HTML/CSS,Python,TensorFlow","Focus on: Algorithms first — complete a project or certification, then revisit remaining gaps: Algorithms,Django,Git,HTML/CSS,Python,TensorFlow.",2026-08-16T13:58:27.452219
1453,99,9,64.0,"Algorithms,Django,HTML/CSS,Python,TensorFlow","Focus on: Algorithms first — complete a project or certification, then revisit remaining gaps: Algorithms,Django,HTML/CSS,Python,TensorFlow.",2026-08-03T23:58:27.452228
1454,102,9,75.95,"Algorithms,Django,Git,HTML/CSS,Python,TensorFlow","Focus on: Algorithms first — complete a project or certification, then revisit remaining gaps: Algorithms,Django,Git,HTML/CSS,Python,TensorFlow.",2026-08-03T17:58:27.452235
1455,120,9,68.85,"Django,Git,HTML/CSS,TensorFlow","Focus on: Django first — complete a project or certification, then revisit remaining gaps: Django,Git,HTML/CSS,TensorFlow.",2026-08-20T02:58:27.452244
1456,124,9,66.55,"Django,HTML/CSS,Python","Focus on: Django first — complete a project or certification, then revisit remaining gaps: Django,HTML/CSS,Python.",2026-08-05T15:58:27.452253
1457,128,9,78.02,"Algorithms,Django,Git,Python,TensorFlow","Focus on: Algorithms first — complete a project or certification, then revisit remaining gaps: Algorithms,Django,Git,Python,TensorFlow.",2026-08-17T11:58:27.452261
1458,129,9,68.92,"Django,Git,Python,TensorFlow","Focus on: Django first — complete a project or certification, then revisit remaining gaps: Django,Git,Python,TensorFlow.",2026-08-10T11:58:27.452274
1459,135,9,57.65,"Django,Git,Python,TensorFlow","Focus on: Django first — complete a project or certification, then revisit remaining gaps: Django,Git,Python,TensorFlow.",2026-08-12T19:58:27.452286
1460,140,9,80.67,"Algorithms,Django,HTML/CSS,Python","Focus on: Algorithms first — complete a project or certification, then revisit remaining gaps: Algorithms,Django,HTML/CSS,Python.",2026-08-12T14:58:27.452295
1461,146,9,80.55,"Algorithms,Django,Git,TensorFlow","Focus on: Algorithms first — complete a project or certification, then revisit remaining gaps: Algorithms,Django,Git,TensorFlow.",2026-08-20T15:58:27.452303
1462,149,9,63.22,"Algorithms,Git,HTML/CSS,Python","Focus on: Algorithms first — complete a project or certification, then revisit remaining gaps: Algorithms,Git,HTML/CSS,Python.",2026-08-01T22:58:27.452312
1463,151,9,92.9,"Algorithms,Django,Git,Python","Focus on: Algorithms first — complete a project or certification, then revisit remaining gaps: Algorithms,Django,Git,Python.",2026-08-07T15:58:27.452320
1464,154,9,78.85,"Django,Git,Python,TensorFlow","Focus on: Django first — complete a project or certification, then revisit remaining gaps: Django,Git,Python,TensorFlow.",2026-08-17T01:58:27.452330
1465,159,9,69.0,"Algorithms,Django,Git,HTML/CSS,Python,TensorFlow","Focus on: Algorithms first — complete a project or certification, then revisit remaining gaps: Algorithms,Django,Git,HTML/CSS,Python,TensorFlow.",2026-08-14T16:58:27.452345
1466,160,9,59.85,"Django,Git,HTML/CSS","Focus on: Django first — complete a project or certification, then revisit remaining gaps: Django,Git,HTML/CSS.",2026-08-07T04:58:27.452355
1467,161,9,63.32,"Algorithms,Django,Git,HTML/CSS,Python","Focus on: Algorithms first — complete a project or certification, then revisit remaining gaps: Algorithms,Django,Git,HTML/CSS,Python.",2026-08-03T15:58:27.452363
1468,163,9,60.5,"Algorithms,Django,Git,HTML/CSS,TensorFlow","Focus on: Algorithms first — complete a project or certification, then revisit remaining gaps: Algorithms,Django,Git,HTML/CSS,TensorFlow.",2026-08-12T03:58:27.452372
1469,179,9,77.12,"Algorithms,Django,Git,HTML/CSS,Python,TensorFlow","Focus on: Algorithms first — complete a project or certification, then revisit remaining gaps: Algorithms,Django,Git,HTML/CSS,Python,TensorFlow.",2026-08-13T19:58:27.452380
1470,180,9,70.05,"Algorithms,Git","Focus on: Algorithms first — complete a project or certification, then revisit remaining gaps: Algorithms,Git.",2026-08-05T00:58:27.452388
1471,187,9,73.4,"Algorithms,Git,HTML/CSS,Python,TensorFlow","Focus on: Algorithms first — complete a project or certification, then revisit remaining gaps: Algorithms,Git,HTML/CSS,Python,TensorFlow.",2026-08-16T20:58:27.452402
1472,189,9,61.75,"Algorithms,Django,Git,HTML/CSS,Python,TensorFlow","Focus on: Algorithms first — complete a project or certification, then revisit remaining gaps: Algorithms,Django,Git,HTML/CSS,Python,TensorFlow.",2026-08-03T03:58:27.452421
1473,191,9,76.15,"Algorithms,Django,Git,HTML/CSS,TensorFlow","Focus on: Algorithms first — complete a project or certification, then revisit remaining gaps: Algorithms,Django,Git,HTML/CSS,TensorFlow.",2026-08-20T18:58:27.452433
1474,204,9,76.2,"Algorithms,Django,Git,HTML/CSS,Python","Focus on: Algorithms first — complete a project or certification, then revisit remaining gaps: Algorithms,Django,Git,HTML/CSS,Python.",2026-08-19T15:58:27.452441
1475,209,9,74.2,"Algorithms,Git,HTML/CSS,Python,TensorFlow","Focus on: Algorithms first — complete a project or certification, then revisit remaining gaps: Algorithms,Git,HTML/CSS,Python,TensorFlow.",2026-08-09T19:58:27.452449
1476,218,9,52.9,"Django,Git,HTML/CSS,Python","Focus on: Django first — complete a project or certification, then revisit remaining gaps: Django,Git,HTML/CSS,Python.",2026-08-18T11:58:27.452457
1477,221,9,67.4,"Django,Git,HTML/CSS,Python","Focus on: Django first — complete a project or certification, then revisit remaining gaps: Django,Git,HTML/CSS,Python.",2026-08-02T11:58:27.452465
1478,228,9,82.18,"Algorithms,Django,Git,TensorFlow","Focus on: Algorithms first — complete a project or certification, then revisit remaining gaps: Algorithms,Django,Git,TensorFlow.",2026-08-05T00:58:27.452474
1479,234,9,68.82,"Algorithms,TensorFlow","Focus on: Algorithms first — complete a project or certification, then revisit remaining gaps: Algorithms,TensorFlow.",2026-08-15T14:58:27.452481
1480,247,9,70.67,"Algorithms,Django,Git,HTML/CSS,TensorFlow","Focus on: Algorithms first — complete a project or certification, then revisit remaining gaps: Algorithms,Django,Git,HTML/CSS,TensorFlow.",2026-08-15T06:58:27.452490
1481,254,9,76.25,"Algorithms,Django,Python","Focus on: Algorithms first — complete a project or certification, then revisit remaining gaps: Algorithms,Django,Python.",2026-08-02T08:58:27.452499
1482,259,9,72.07,"Algorithms,Git,HTML/CSS,Python","Focus on: Algorithms first — complete a project or certification, then revisit remaining gaps: Algorithms,Git,HTML/CSS,Python.",2026-08-16T13:58:27.452508
1483,267,9,69.32,"Algorithms,Git,HTML/CSS,Python","Focus on: Algorithms first — complete a project or certification, then revisit remaining gaps: Algorithms,Git,HTML/CSS,Python.",2026-07-31T22:58:27.452521
1484,269,9,71.75,"Django,TensorFlow","Focus on: Django first — complete a project or certification, then revisit remaining gaps: Django,TensorFlow.",2026-08-18T03:58:27.452532
1485,274,9,70.1,"Django,Git,HTML/CSS,Python,TensorFlow","Focus on: Django first — complete a project or certification, then revisit remaining gaps: Django,Git,HTML/CSS,Python,TensorFlow.",2026-08-19T10:58:27.452546
1486,275,9,74.65,"Algorithms,Django,Git,HTML/CSS,Python,TensorFlow","Focus on: Algorithms first — complete a project or certification, then revisit remaining gaps: Algorithms,Django,Git,HTML/CSS,Python,TensorFlow.",2026-08-08T19:58:27.452556
1487,276,9,65.7,"Django,Git,HTML/CSS,Python,TensorFlow","Focus on: Django first — complete a project or certification, then revisit remaining gaps: Django,Git,HTML/CSS,Python,TensorFlow.",2026-08-09T00:58:27.452564
1488,278,9,74.5,"Algorithms,Git,HTML/CSS,Python,TensorFlow","Focus on: Algorithms first — complete a project or certification, then revisit remaining gaps: Algorithms,Git,HTML/CSS,Python,TensorFlow.",2026-08-08T15:58:27.452572
1489,285,9,80.87,"Django,Git,HTML/CSS,Python","Focus on: Django first — complete a project or certification, then revisit remaining gaps: Django,Git,HTML/CSS,Python.",2026-08-06T09:58:27.452580
1490,286,9,72.6,"Algorithms,Django,HTML/CSS,Python,TensorFlow","Focus on: Algorithms first — complete a project or certification, then revisit remaining gaps: Algorithms,Django,HTML/CSS,Python,TensorFlow.",2026-08-11T08:58:27.452588
1491,287,9,61.7,"Algorithms,Django,HTML/CSS,Python,TensorFlow","Focus on: Algorithms first — complete a project or certification, then revisit remaining gaps: Algorithms,Django,HTML/CSS,Python,TensorFlow.",2026-08-18T04:58:27.452601
1492,288,9,71.33,"Algorithms,Django,HTML/CSS,Python,TensorFlow","Focus on: Algorithms first — complete a project or certification, then revisit remaining gaps: Algorithms,Django,HTML/CSS,Python,TensorFlow.",2026-08-10T08:58:27.452611
1493,294,9,75.8,"Algorithms,Django,Git,TensorFlow","Focus on: Algorithms first — complete a project or certification, then revisit remaining gaps: Algorithms,Django,Git,TensorFlow.",2026-08-08T05:58:27.452619
1494,298,9,82.65,"Algorithms,Django,Git,Python,TensorFlow","Focus on: Algorithms first — complete a project or certification, then revisit remaining gaps: Algorithms,Django,Git,Python,TensorFlow.",2026-08-06T11:58:27.452629
1495,324,9,71.82,"Django,Python","Focus on: Django first — complete a project or certification, then revisit remaining gaps: Django,Python.",2026-08-16T05:58:27.452636
1496,325,9,70.57,"Git,HTML/CSS,Python,TensorFlow","Focus on: Git first — complete a project or certification, then revisit remaining gaps: Git,HTML/CSS,Python,TensorFlow.",2026-08-09T07:58:27.452645
1497,327,9,72.65,"Algorithms,Django,Git,HTML/CSS,TensorFlow","Focus on: Algorithms first — complete a project or certification, then revisit remaining gaps: Algorithms,Django,Git,HTML/CSS,TensorFlow.",2026-08-14T02:58:27.452653
1498,331,9,94.88,"Algorithms,Django,Git,HTML/CSS,Python,TensorFlow","Focus on: Algorithms first — complete a project or certification, then revisit remaining gaps: Algorithms,Django,Git,HTML/CSS,Python,TensorFlow.",2026-07-31T17:58:27.452661
1499,333,9,81.22,"Algorithms,Django,Git,HTML/CSS,Python,TensorFlow","Focus on: Algorithms first — complete a project or certification, then revisit remaining gaps: Algorithms,Django,Git,HTML/CSS,Python,TensorFlow.",2026-08-19T03:58:27.452669
1500,338,9,71.85,"Algorithms,Django,Git,HTML/CSS,Python,TensorFlow","Focus on: Algorithms first — complete a project or certification, then revisit remaining gaps: Algorithms,Django,Git,HTML/CSS,Python,TensorFlow.",2026-08-07T10:58:27.452677
1501,352,9,75.65,"Algorithms,Django,Git,TensorFlow","Focus on: Algorithms first — complete a project or certification, then revisit remaining gaps: Algorithms,Django,Git,TensorFlow.",2026-08-05T05:58:27.452685
1502,353,9,74.1,"Algorithms,Django,Git,Python,TensorFlow","Focus on: Algorithms first — complete a project or certification, then revisit remaining gaps: Algorithms,Django,Git,Python,TensorFlow.",2026-08-20T18:58:27.452693
1503,354,9,66.95,"Django,Git,HTML/CSS,Python,TensorFlow","Focus on: Django first — complete a project or certification, then revisit remaining gaps: Django,Git,HTML/CSS,Python,TensorFlow.",2026-08-19T20:58:27.452700
1504,355,9,68.18,"Algorithms,Git,HTML/CSS,Python,TensorFlow","Focus on: Algorithms first — complete a project or certification, then revisit remaining gaps: Algorithms,Git,HTML/CSS,Python,TensorFlow.",2026-08-19T16:58:27.452714
1505,357,9,93.03,"Algorithms,Django,Git,HTML/CSS,Python,TensorFlow","Focus on: Algorithms first — complete a project or certification, then revisit remaining gaps: Algorithms,Django,Git,HTML/CSS,Python,TensorFlow.",2026-08-10T10:58:27.452724
1506,362,9,73.62,"Algorithms,Django,Git,HTML/CSS,Python,TensorFlow","Focus on: Algorithms first — complete a project or certification, then revisit remaining gaps: Algorithms,Django,Git,HTML/CSS,Python,TensorFlow.",2026-08-16T13:58:27.452732
1507,364,9,62.75,"Git,Python","Focus on: Git first — complete a project or certification, then revisit remaining gaps: Git,Python.",2026-08-05T13:58:27.452740
1508,367,9,76.68,"Algorithms,Python,TensorFlow","Focus on: Algorithms first — complete a project or certification, then revisit remaining gaps: Algorithms,Python,TensorFlow.",2026-08-21T03:58:27.452747
1509,370,9,67.4,"Algorithms,Git,HTML/CSS,Python,TensorFlow","Focus on: Algorithms first — complete a project or certification, then revisit remaining gaps: Algorithms,Git,HTML/CSS,Python,TensorFlow.",2026-08-09T04:58:27.452755
1510,371,9,65.3,"Algorithms,Django,Git,HTML/CSS,TensorFlow","Focus on: Algorithms first — complete a project or certification, then revisit remaining gaps: Algorithms,Django,Git,HTML/CSS,TensorFlow.",2026-08-20T19:58:27.452763
1511,373,9,67.77,"Algorithms,Django,Git,HTML/CSS,Python","Focus on: Algorithms first — complete a project or certification, then revisit remaining gaps: Algorithms,Django,Git,HTML/CSS,Python.",2026-08-03T02:58:27.452776
1512,386,9,58.9,"Algorithms,Django,Git,HTML/CSS,Python,TensorFlow","Focus on: Algorithms first — complete a project or certification, then revisit remaining gaps: Algorithms,Django,Git,HTML/CSS,Python,TensorFlow.",2026-08-19T08:58:27.452788
1513,391,9,74.2,"Algorithms,Django,Git,Python,TensorFlow","Focus on: Algorithms first — complete a project or certification, then revisit remaining gaps: Algorithms,Django,Git,Python,TensorFlow.",2026-08-14T17:58:27.452796
1514,393,9,58.95,"Algorithms,Django,HTML/CSS,Python","Focus on: Algorithms first — complete a project or certification, then revisit remaining gaps: Algorithms,Django,HTML/CSS,Python.",2026-08-01T22:58:27.452804
1515,395,9,81.03,"Django,HTML/CSS,TensorFlow","Focus on: Django first — complete a project or certification, then revisit remaining gaps: Django,HTML/CSS,TensorFlow.",2026-08-15T20:58:27.452817
1516,396,9,68.18,"Django,HTML/CSS,Python","Focus on: Django first — complete a project or certification, then revisit remaining gaps: Django,HTML/CSS,Python.",2026-08-15T02:58:27.452828
1517,397,9,69.65,"Django,Git,HTML/CSS,Python,TensorFlow","Focus on: Django first — complete a project or certification, then revisit remaining gaps: Django,Git,HTML/CSS,Python,TensorFlow.",2026-08-17T16:58:27.452836
1518,398,9,66.15,"Algorithms,Django,HTML/CSS,TensorFlow","Focus on: Algorithms first — complete a project or certification, then revisit remaining gaps: Algorithms,Django,HTML/CSS,TensorFlow.",2026-08-16T18:58:27.452844
1519,406,9,72.9,"Algorithms,Django,Git,HTML/CSS,Python,TensorFlow","Focus on: Algorithms first — complete a project or certification, then revisit remaining gaps: Algorithms,Django,Git,HTML/CSS,Python,TensorFlow.",2026-08-09T19:58:27.452851
1520,416,9,73.98,"Algorithms,Git,HTML/CSS,Python","Focus on: Algorithms first — complete a project or certification, then revisit remaining gaps: Algorithms,Git,HTML/CSS,Python.",2026-08-15T23:58:27.452861
1521,423,9,73.22,"Django,Git,HTML/CSS,Python,TensorFlow","Focus on: Django first — complete a project or certification, then revisit remaining gaps: Django,Git,HTML/CSS,Python,TensorFlow.",2026-08-15T21:58:27.452869
1522,436,9,65.4,"Django,Git,HTML/CSS","Focus on: Django first — complete a project or certification, then revisit remaining gaps: Django,Git,HTML/CSS.",2026-08-16T23:58:27.452878
1523,439,9,78.03,"Django,Git","Focus on: Django first — complete a project or certification, then revisit remaining gaps: Django,Git.",2026-08-20T18:58:27.452885
1524,445,9,74.92,"Git,HTML/CSS,Python,TensorFlow","Focus on: Git first — complete a project or certification, then revisit remaining gaps: Git,HTML/CSS,Python,TensorFlow.",2026-08-19T20:58:27.452904
1525,446,9,69.6,"Algorithms,Git,HTML/CSS,TensorFlow","Focus on: Algorithms first — complete a project or certification, then revisit remaining gaps: Algorithms,Git,HTML/CSS,TensorFlow.",2026-08-18T04:58:27.452916
1526,458,9,69.45,"Algorithms,Django,Git,Python,TensorFlow","Focus on: Algorithms first — complete a project or certification, then revisit remaining gaps: Algorithms,Django,Git,Python,TensorFlow.",2026-08-12T10:58:27.452925
1527,461,9,67.28,"Algorithms,Django,Git,HTML/CSS,Python,TensorFlow","Focus on: Algorithms first — complete a project or certification, then revisit remaining gaps: Algorithms,Django,Git,HTML/CSS,Python,TensorFlow.",2026-08-09T16:58:27.452933
1528,481,9,68.95,"Algorithms,Django,Git,HTML/CSS,Python","Focus on: Algorithms first — complete a project or certification, then revisit remaining gaps: Algorithms,Django,Git,HTML/CSS,Python.",2026-08-15T19:58:27.452941
1529,486,9,61.0,"Algorithms,Django,Git,Python,TensorFlow","Focus on: Algorithms first — complete a project or certification, then revisit remaining gaps: Algorithms,Django,Git,Python,TensorFlow.",2026-08-05T08:58:27.452948
1530,494,9,69.3,"Django,HTML/CSS,Python","Focus on: Django first — complete a project or certification, then revisit remaining gaps: Django,HTML/CSS,Python.",2026-08-17T22:58:27.452956
1531,495,9,65.95,"Algorithms,Django,Git,Python,TensorFlow","Focus on: Algorithms first — complete a project or certification, then revisit remaining gaps: Algorithms,Django,Git,Python,TensorFlow.",2026-08-14T18:58:27.452965
1532,500,9,62.25,"Algorithms,Django,Git,HTML/CSS,Python,TensorFlow","Focus on: Algorithms first — complete a project or certification, then revisit remaining gaps: Algorithms,Django,Git,HTML/CSS,Python,TensorFlow.",2026-08-16T18:58:27.452972
1533,4,10,74.15,"Data Structures,Docker,PostgreSQL,System Design","Focus on: Data Structures first — complete a project or certification, then revisit remaining gaps: Data Structures,Docker,PostgreSQL,System Design.",2026-08-10T23:58:27.452980
1534,5,10,67.72,"C++,Data Structures,System Design","Focus on: C++ first — complete a project or certification, then revisit remaining gaps: C++,Data Structures,System Design.",2026-08-04T01:58:27.452988
1535,12,10,58.9,"C++,Docker,PostgreSQL,System Design","Focus on: C++ first — complete a project or certification, then revisit remaining gaps: C++,Docker,PostgreSQL,System Design.",2026-08-07T10:58:27.453002
1536,13,10,76.23,"C++,Data Structures,Docker,PostgreSQL","Focus on: C++ first — complete a project or certification, then revisit remaining gaps: C++,Data Structures,Docker,PostgreSQL.",2026-08-04T11:58:27.453012
1537,15,10,73.12,"C++,Data Structures,PostgreSQL,System Design","Focus on: C++ first — complete a project or certification, then revisit remaining gaps: C++,Data Structures,PostgreSQL,System Design.",2026-08-11T06:58:27.453021
1538,16,10,77.47,"Docker,PostgreSQL,System Design","Focus on: Docker first — complete a project or certification, then revisit remaining gaps: Docker,PostgreSQL,System Design.",2026-08-10T09:58:27.453030
1539,17,10,66.92,"C++,Data Structures,System Design","Focus on: C++ first — complete a project or certification, then revisit remaining gaps: C++,Data Structures,System Design.",2026-08-13T22:58:27.453044
1540,18,10,83.65,"C++,Data Structures,Docker,PostgreSQL,System Design","Focus on: C++ first — complete a project or certification, then revisit remaining gaps: C++,Data Structures,Docker,PostgreSQL,System Design.",2026-08-15T01:58:27.453060
1541,19,10,94.25,"C++,Data Structures,Docker,PostgreSQL,System Design","Focus on: C++ first — complete a project or certification, then revisit remaining gaps: C++,Data Structures,Docker,PostgreSQL,System Design.",2026-08-20T02:58:27.453071
1542,20,10,71.9,"C++,Data Structures,PostgreSQL,System Design","Focus on: C++ first — complete a project or certification, then revisit remaining gaps: C++,Data Structures,PostgreSQL,System Design.",2026-08-19T22:58:27.453079
1543,21,10,61.5,"C++,Docker,PostgreSQL,System Design","Focus on: C++ first — complete a project or certification, then revisit remaining gaps: C++,Docker,PostgreSQL,System Design.",2026-08-03T10:58:27.453094
1544,25,10,58.35,"C++,Data Structures,PostgreSQL","Focus on: C++ first — complete a project or certification, then revisit remaining gaps: C++,Data Structures,PostgreSQL.",2026-08-05T11:58:27.453104
1545,26,10,77.85,"C++,Data Structures,Docker,PostgreSQL,System Design","Focus on: C++ first — complete a project or certification, then revisit remaining gaps: C++,Data Structures,Docker,PostgreSQL,System Design.",2026-08-01T03:58:27.453112
1546,27,10,82.1,"C++,Data Structures,PostgreSQL,System Design","Focus on: C++ first — complete a project or certification, then revisit remaining gaps: C++,Data Structures,PostgreSQL,System Design.",2026-08-04T19:58:27.453120
1547,29,10,71.0,"C++,Data Structures,System Design","Focus on: C++ first — complete a project or certification, then revisit remaining gaps: C++,Data Structures,System Design.",2026-08-02T15:58:27.453128
1548,30,10,80.0,"C++,Data Structures,Docker,PostgreSQL","Focus on: C++ first — complete a project or certification, then revisit remaining gaps: C++,Data Structures,Docker,PostgreSQL.",2026-08-03T21:58:27.453137
1549,32,10,77.5,"C++,Docker,System Design","Focus on: C++ first — complete a project or certification, then revisit remaining gaps: C++,Docker,System Design.",2026-08-08T20:58:27.453145
1550,34,10,85.9,"Data Structures,Docker,PostgreSQL,System Design","Focus on: Data Structures first — complete a project or certification, then revisit remaining gaps: Data Structures,Docker,PostgreSQL,System Design.",2026-08-01T07:58:27.453159
1551,37,10,71.82,"C++,Data Structures,PostgreSQL,System Design","Focus on: C++ first — complete a project or certification, then revisit remaining gaps: C++,Data Structures,PostgreSQL,System Design.",2026-08-12T03:58:27.453169
1552,39,10,70.85,"C++,Docker,PostgreSQL,System Design","Focus on: C++ first — complete a project or certification, then revisit remaining gaps: C++,Docker,PostgreSQL,System Design.",2026-08-16T23:58:27.453177
1553,41,10,67.45,"Data Structures,Docker,PostgreSQL,System Design","Focus on: Data Structures first — complete a project or certification, then revisit remaining gaps: Data Structures,Docker,PostgreSQL,System Design.",2026-08-15T04:58:27.453186
1554,42,10,64.22,"Data Structures,Docker,PostgreSQL,System Design","Focus on: Data Structures first — complete a project or certification, then revisit remaining gaps: Data Structures,Docker,PostgreSQL,System Design.",2026-08-01T00:58:27.453194
1555,44,10,81.73,"Data Structures,PostgreSQL","Focus on: Data Structures first — complete a project or certification, then revisit remaining gaps: Data Structures,PostgreSQL.",2026-08-09T00:58:27.453202
1556,45,10,72.12,"Data Structures,Docker,PostgreSQL,System Design","Focus on: Data Structures first — complete a project or certification, then revisit remaining gaps: Data Structures,Docker,PostgreSQL,System Design.",2026-08-09T11:58:27.453210
1557,46,10,82.57,"C++,Data Structures,Docker,PostgreSQL,System Design","Focus on: C++ first — complete a project or certification, then revisit remaining gaps: C++,Data Structures,Docker,PostgreSQL,System Design.",2026-08-06T13:58:27.453218
1558,48,10,75.75,"C++,Docker,PostgreSQL,System Design","Focus on: C++ first — complete a project or certification, then revisit remaining gaps: C++,Docker,PostgreSQL,System Design.",2026-08-06T10:58:27.453226
1559,51,10,60.0,"C++,Data Structures,Docker,PostgreSQL,System Design","Focus on: C++ first — complete a project or certification, then revisit remaining gaps: C++,Data Structures,Docker,PostgreSQL,System Design.",2026-08-10T20:58:27.453234
1560,54,10,61.7,"Docker,PostgreSQL,System Design","Focus on: Docker first — complete a project or certification, then revisit remaining gaps: Docker,PostgreSQL,System Design.",2026-08-05T18:58:27.453243
1561,63,10,76.22,"C++,Data Structures,Docker,System Design","Focus on: C++ first — complete a project or certification, then revisit remaining gaps: C++,Data Structures,Docker,System Design.",2026-08-09T04:58:27.453251
1562,64,10,57.5,"C++,Docker,PostgreSQL","Focus on: C++ first — complete a project or certification, then revisit remaining gaps: C++,Docker,PostgreSQL.",2026-08-06T04:58:27.453259
1563,65,10,59.4,"C++,Data Structures,Docker,System Design","Focus on: C++ first — complete a project or certification, then revisit remaining gaps: C++,Data Structures,Docker,System Design.",2026-08-19T21:58:27.453272
1564,71,10,80.1,"C++,Docker,PostgreSQL,System Design","Focus on: C++ first — complete a project or certification, then revisit remaining gaps: C++,Docker,PostgreSQL,System Design.",2026-08-20T07:58:27.453283
1565,72,10,67.75,"C++,Data Structures,Docker,PostgreSQL,System Design","Focus on: C++ first — complete a project or certification, then revisit remaining gaps: C++,Data Structures,Docker,PostgreSQL,System Design.",2026-08-19T04:58:27.453291
1566,77,10,64.83,"Data Structures,System Design","Focus on: Data Structures first — complete a project or certification, then revisit remaining gaps: Data Structures,System Design.",2026-08-02T14:58:27.453300
1567,79,10,68.6,"C++,Data Structures,PostgreSQL,System Design","Focus on: C++ first — complete a project or certification, then revisit remaining gaps: C++,Data Structures,PostgreSQL,System Design.",2026-08-02T20:58:27.453308
1568,86,10,79.35,"Data Structures,Docker,PostgreSQL","Focus on: Data Structures first — complete a project or certification, then revisit remaining gaps: Data Structures,Docker,PostgreSQL.",2026-08-15T17:58:27.453322
1569,87,10,73.2,"C++,Data Structures,Docker,PostgreSQL,System Design","Focus on: C++ first — complete a project or certification, then revisit remaining gaps: C++,Data Structures,Docker,PostgreSQL,System Design.",2026-08-10T14:58:27.453333
1570,94,10,86.6,"C++,Data Structures,Docker,System Design","Focus on: C++ first — complete a project or certification, then revisit remaining gaps: C++,Data Structures,Docker,System Design.",2026-08-19T20:58:27.453340
1571,95,10,73.45,"C++,Data Structures,PostgreSQL,System Design","Focus on: C++ first — complete a project or certification, then revisit remaining gaps: C++,Data Structures,PostgreSQL,System Design.",2026-08-21T12:58:27.453349
1572,96,10,55.75,"Docker,PostgreSQL,System Design","Focus on: Docker first — complete a project or certification, then revisit remaining gaps: Docker,PostgreSQL,System Design.",2026-08-12T01:58:27.453358
1573,97,10,72.2,"Docker,PostgreSQL,System Design","Focus on: Docker first — complete a project or certification, then revisit remaining gaps: Docker,PostgreSQL,System Design.",2026-08-15T02:58:27.453365
1574,98,10,77.65,"Data Structures,System Design","Focus on: Data Structures first — complete a project or certification, then revisit remaining gaps: Data Structures,System Design.",2026-08-04T12:58:27.453378
1575,99,10,64.0,"C++,Data Structures,Docker,PostgreSQL,System Design","Focus on: C++ first — complete a project or certification, then revisit remaining gaps: C++,Data Structures,Docker,PostgreSQL,System Design.",2026-08-07T14:58:27.453390
1576,100,10,75.15,"Data Structures,Docker,PostgreSQL,System Design","Focus on: Data Structures first — complete a project or certification, then revisit remaining gaps: Data Structures,Docker,PostgreSQL,System Design.",2026-08-04T21:58:27.453398
1577,103,10,65.5,"C++,Data Structures,Docker,PostgreSQL","Focus on: C++ first — complete a project or certification, then revisit remaining gaps: C++,Data Structures,Docker,PostgreSQL.",2026-08-15T21:58:27.453411
1578,104,10,78.65,"C++,Data Structures,Docker,PostgreSQL","Focus on: C++ first — complete a project or certification, then revisit remaining gaps: C++,Data Structures,Docker,PostgreSQL.",2026-08-09T16:58:27.453428
1579,105,10,66.65,"C++,Data Structures,System Design","Focus on: C++ first — complete a project or certification, then revisit remaining gaps: C++,Data Structures,System Design.",2026-08-20T07:58:27.453438
1580,108,10,62.23,"C++,Data Structures,Docker,PostgreSQL,System Design","Focus on: C++ first — complete a project or certification, then revisit remaining gaps: C++,Data Structures,Docker,PostgreSQL,System Design.",2026-08-17T23:58:27.453446
1581,113,10,82.8,"C++,Data Structures,PostgreSQL,System Design","Focus on: C++ first — complete a project or certification, then revisit remaining gaps: C++,Data Structures,PostgreSQL,System Design.",2026-08-16T06:58:27.453454
1582,120,10,68.85,"C++,Docker,PostgreSQL,System Design","Focus on: C++ first — complete a project or certification, then revisit remaining gaps: C++,Docker,PostgreSQL,System Design.",2026-08-11T11:58:27.453468
1583,122,10,59.75,"Docker,PostgreSQL,System Design","Focus on: Docker first — complete a project or certification, then revisit remaining gaps: Docker,PostgreSQL,System Design.",2026-08-14T22:58:27.453479
1584,123,10,71.55,"Data Structures,PostgreSQL","Focus on: Data Structures first — complete a project or certification, then revisit remaining gaps: Data Structures,PostgreSQL.",2026-08-14T19:58:27.453487
1585,132,10,65.13,"C++,Data Structures,Docker,System Design","Focus on: C++ first — complete a project or certification, then revisit remaining gaps: C++,Data Structures,Docker,System Design.",2026-07-31T18:58:27.453495
1586,134,10,66.85,"C++,Data Structures,Docker,PostgreSQL,System Design","Focus on: C++ first — complete a project or certification, then revisit remaining gaps: C++,Data Structures,Docker,PostgreSQL,System Design.",2026-08-21T12:58:27.453511
1587,138,10,57.95,"C++,Data Structures,Docker,PostgreSQL,System Design","Focus on: C++ first — complete a project or certification, then revisit remaining gaps: C++,Data Structures,Docker,PostgreSQL,System Design.",2026-08-09T07:58:27.453520
1588,139,10,62.15,"C++,Data Structures,PostgreSQL,System Design","Focus on: C++ first — complete a project or certification, then revisit remaining gaps: C++,Data Structures,PostgreSQL,System Design.",2026-08-18T04:58:27.453528
1589,140,10,80.67,"C++,Data Structures,PostgreSQL,System Design","Focus on: C++ first — complete a project or certification, then revisit remaining gaps: C++,Data Structures,PostgreSQL,System Design.",2026-08-21T06:58:27.453536
1590,141,10,62.93,"C++,Data Structures,Docker,PostgreSQL,System Design","Focus on: C++ first — complete a project or certification, then revisit remaining gaps: C++,Data Structures,Docker,PostgreSQL,System Design.",2026-08-11T08:58:27.453544
1591,142,10,82.95,"C++,Data Structures,Docker,PostgreSQL,System Design","Focus on: C++ first — complete a project or certification, then revisit remaining gaps: C++,Data Structures,Docker,PostgreSQL,System Design.",2026-08-09T06:58:27.453557
1592,145,10,57.18,"Data Structures,Docker,PostgreSQL,System Design","Focus on: Data Structures first — complete a project or certification, then revisit remaining gaps: Data Structures,Docker,PostgreSQL,System Design.",2026-08-10T01:58:27.453568
1593,146,10,80.55,"C++,Data Structures,System Design","Focus on: C++ first — complete a project or certification, then revisit remaining gaps: C++,Data Structures,System Design.",2026-08-20T09:58:27.453577
1594,147,10,76.4,"C++,Data Structures,Docker,PostgreSQL,System Design","Focus on: C++ first — complete a project or certification, then revisit remaining gaps: C++,Data Structures,Docker,PostgreSQL,System Design.",2026-08-16T18:58:27.453585
1595,149,10,63.22,"C++,Data Structures,Docker,PostgreSQL","Focus on: C++ first — complete a project or certification, then revisit remaining gaps: C++,Data Structures,Docker,PostgreSQL.",2026-08-13T18:58:27.453593
1596,150,10,68.42,"C++,Data Structures,Docker,PostgreSQL,System Design","Focus on: C++ first — complete a project or certification, then revisit remaining gaps: C++,Data Structures,Docker,PostgreSQL,System Design.",2026-08-13T00:58:27.453602
1597,151,10,92.9,"C++,Data Structures,PostgreSQL,System Design","Focus on: C++ first — complete a project or certification, then revisit remaining gaps: C++,Data Structures,PostgreSQL,System Design.",2026-08-02T15:58:27.453610
1598,152,10,83.5,"C++,System Design","Focus on: C++ first — complete a project or certification, then revisit remaining gaps: C++,System Design.",2026-08-01T04:58:27.453618
1599,153,10,79.85,"C++,Docker,PostgreSQL","Focus on: C++ first — complete a project or certification, then revisit remaining gaps: C++,Docker,PostgreSQL.",2026-08-14T17:58:27.453626
1600,158,10,56.9,"C++,Data Structures,Docker,System Design","Focus on: C++ first — complete a project or certification, then revisit remaining gaps: C++,Data Structures,Docker,System Design.",2026-08-13T00:58:27.453643
1601,159,10,69.0,"C++,Data Structures,Docker,PostgreSQL,System Design","Focus on: C++ first — complete a project or certification, then revisit remaining gaps: C++,Data Structures,Docker,PostgreSQL,System Design.",2026-08-21T00:58:27.453653
1602,160,10,59.85,"C++,Data Structures,Docker,PostgreSQL,System Design","Focus on: C++ first — complete a project or certification, then revisit remaining gaps: C++,Data Structures,Docker,PostgreSQL,System Design.",2026-08-08T01:58:27.453668
1603,162,10,65.62,"Data Structures,System Design","Focus on: Data Structures first — complete a project or certification, then revisit remaining gaps: Data Structures,System Design.",2026-08-13T07:58:27.453678
1604,163,10,60.5,"C++,Data Structures,Docker,System Design","Focus on: C++ first — complete a project or certification, then revisit remaining gaps: C++,Data Structures,Docker,System Design.",2026-08-06T05:58:27.453686
1605,167,10,62.15,"Data Structures,Docker,System Design","Focus on: Data Structures first — complete a project or certification, then revisit remaining gaps: Data Structures,Docker,System Design.",2026-08-02T13:58:27.453694
1606,169,10,65.83,"C++,Data Structures,Docker,PostgreSQL","Focus on: C++ first — complete a project or certification, then revisit remaining gaps: C++,Data Structures,Docker,PostgreSQL.",2026-07-31T15:58:27.453702
1607,170,10,64.35,"Docker,PostgreSQL","Focus on: Docker first — complete a project or certification, then revisit remaining gaps: Docker,PostgreSQL.",2026-08-09T12:58:27.453710
1608,178,10,72.7,"C++,Data Structures,Docker,PostgreSQL,System Design","Focus on: C++ first — complete a project or certification, then revisit remaining gaps: C++,Data Structures,Docker,PostgreSQL,System Design.",2026-08-07T09:58:27.453719
1609,179,10,77.12,"Data Structures,Docker","Focus on: Data Structures first — complete a project or certification, then revisit remaining gaps: Data Structures,Docker.",2026-08-14T11:58:27.453727
1610,180,10,70.05,"Data Structures,PostgreSQL,System Design","Focus on: Data Structures first — complete a project or certification, then revisit remaining gaps: Data Structures,PostgreSQL,System Design.",2026-08-01T10:58:27.453734
1611,181,10,74.22,"C++,Docker,PostgreSQL,System Design","Focus on: C++ first — complete a project or certification, then revisit remaining gaps: C++,Docker,PostgreSQL,System Design.",2026-08-18T08:58:27.453742
1612,188,10,69.88,"C++,Data Structures,Docker,PostgreSQL,System Design","Focus on: C++ first — complete a project or certification, then revisit remaining gaps: C++,Data Structures,Docker,PostgreSQL,System Design.",2026-08-06T11:58:27.453750
1613,189,10,61.75,"C++,Data Structures,PostgreSQL,System Design","Focus on: C++ first — complete a project or certification, then revisit remaining gaps: C++,Data Structures,PostgreSQL,System Design.",2026-08-15T20:58:27.453758
1614,191,10,76.15,"Data Structures,PostgreSQL,System Design","Focus on: Data Structures first — complete a project or certification, then revisit remaining gaps: Data Structures,PostgreSQL,System Design.",2026-08-11T08:58:27.453766
1615,196,10,66.25,"C++,Data Structures,Docker,System Design","Focus on: C++ first — complete a project or certification, then revisit remaining gaps: C++,Data Structures,Docker,System Design.",2026-08-12T16:58:27.453773
1616,199,10,74.35,"Data Structures,Docker,PostgreSQL","Focus on: Data Structures first — complete a project or certification, then revisit remaining gaps: Data Structures,Docker,PostgreSQL.",2026-08-09T04:58:27.453782
1617,204,10,76.2,"C++,Data Structures,Docker,System Design","Focus on: C++ first — complete a project or certification, then revisit remaining gaps: C++,Data Structures,Docker,System Design.",2026-08-04T04:58:27.453790
1618,209,10,74.2,"C++,Data Structures,Docker,PostgreSQL,System Design","Focus on: C++ first — complete a project or certification, then revisit remaining gaps: C++,Data Structures,Docker,PostgreSQL,System Design.",2026-08-11T19:58:27.453799
1619,211,10,78.05,"C++,Data Structures,Docker,PostgreSQL","Focus on: C++ first — complete a project or certification, then revisit remaining gaps: C++,Data Structures,Docker,PostgreSQL.",2026-08-13T10:58:27.453813
1620,218,10,52.9,"C++,System Design","Focus on: C++ first — complete a project or certification, then revisit remaining gaps: C++,System Design.",2026-08-18T01:58:27.453824
1621,221,10,67.4,Data Structures,"Focus on: Data Structures first — complete a project or certification, then revisit remaining gaps: Data Structures.",2026-08-15T11:58:27.453837
1622,234,10,68.82,"Data Structures,Docker,PostgreSQL,System Design","Focus on: Data Structures first — complete a project or certification, then revisit remaining gaps: Data Structures,Docker,PostgreSQL,System Design.",2026-08-03T22:58:27.453849
1623,236,10,72.2,"C++,Data Structures,PostgreSQL,System Design","Focus on: C++ first — complete a project or certification, then revisit remaining gaps: C++,Data Structures,PostgreSQL,System Design.",2026-08-15T09:58:27.453858
1624,248,10,60.48,"C++,System Design","Focus on: C++ first — complete a project or certification, then revisit remaining gaps: C++,System Design.",2026-08-05T12:58:27.453867
1625,249,10,59.15,"C++,Data Structures,Docker,PostgreSQL,System Design","Focus on: C++ first — complete a project or certification, then revisit remaining gaps: C++,Data Structures,Docker,PostgreSQL,System Design.",2026-08-05T22:58:27.453881
1626,257,10,90.5,"C++,Data Structures,Docker,PostgreSQL,System Design","Focus on: C++ first — complete a project or certification, then revisit remaining gaps: C++,Data Structures,Docker,PostgreSQL,System Design.",2026-08-18T10:58:27.453899
1627,260,10,81.45,"C++,Data Structures,Docker,PostgreSQL,System Design","Focus on: C++ first — complete a project or certification, then revisit remaining gaps: C++,Data Structures,Docker,PostgreSQL,System Design.",2026-08-14T12:58:27.453910
1628,264,10,68.95,"PostgreSQL,System Design","Focus on: PostgreSQL first — complete a project or certification, then revisit remaining gaps: PostgreSQL,System Design.",2026-08-09T08:58:27.453919
1629,274,10,70.1,"C++,Data Structures,PostgreSQL,System Design","Focus on: C++ first — complete a project or certification, then revisit remaining gaps: C++,Data Structures,PostgreSQL,System Design.",2026-08-18T15:58:27.453927
1630,276,10,65.7,"C++,Data Structures,PostgreSQL,System Design","Focus on: C++ first — complete a project or certification, then revisit remaining gaps: C++,Data Structures,PostgreSQL,System Design.",2026-08-19T06:58:27.453935
1631,280,10,69.3,"C++,Data Structures,Docker,PostgreSQL","Focus on: C++ first — complete a project or certification, then revisit remaining gaps: C++,Data Structures,Docker,PostgreSQL.",2026-08-07T18:58:27.453943
1632,281,10,73.9,"C++,Data Structures,Docker,PostgreSQL,System Design","Focus on: C++ first — complete a project or certification, then revisit remaining gaps: C++,Data Structures,Docker,PostgreSQL,System Design.",2026-08-09T23:58:27.453951
1633,282,10,59.8,"C++,Data Structures,PostgreSQL,System Design","Focus on: C++ first — complete a project or certification, then revisit remaining gaps: C++,Data Structures,PostgreSQL,System Design.",2026-08-16T23:58:27.453965
1634,283,10,66.27,"C++,Data Structures,Docker,PostgreSQL,System Design","Focus on: C++ first — complete a project or certification, then revisit remaining gaps: C++,Data Structures,Docker,PostgreSQL,System Design.",2026-08-02T12:58:27.453976
1635,286,10,72.6,"C++,Data Structures,System Design","Focus on: C++ first — complete a project or certification, then revisit remaining gaps: C++,Data Structures,System Design.",2026-08-05T07:58:27.453984
1636,287,10,61.7,"C++,PostgreSQL,System Design","Focus on: C++ first — complete a project or certification, then revisit remaining gaps: C++,PostgreSQL,System Design.",2026-08-14T14:58:27.453999
1637,288,10,71.33,"Data Structures,Docker,PostgreSQL,System Design","Focus on: Data Structures first — complete a project or certification, then revisit remaining gaps: Data Structures,Docker,PostgreSQL,System Design.",2026-08-11T12:58:27.454010
1638,290,10,62.15,"C++,Data Structures,Docker,PostgreSQL,System Design","Focus on: C++ first — complete a project or certification, then revisit remaining gaps: C++,Data Structures,Docker,PostgreSQL,System Design.",2026-08-03T13:58:27.454019
1639,292,10,62.23,"C++,Docker,PostgreSQL,System Design","Focus on: C++ first — complete a project or certification, then revisit remaining gaps: C++,Docker,PostgreSQL,System Design.",2026-08-17T03:58:27.454027
1640,297,10,73.75,"Docker,PostgreSQL,System Design","Focus on: Docker first — complete a project or certification, then revisit remaining gaps: Docker,PostgreSQL,System Design.",2026-08-13T08:58:27.454035
1641,298,10,82.65,"C++,Data Structures,Docker,PostgreSQL,System Design","Focus on: C++ first — complete a project or certification, then revisit remaining gaps: C++,Data Structures,Docker,PostgreSQL,System Design.",2026-08-09T23:58:27.454053
1642,299,10,87.02,"Data Structures,Docker,PostgreSQL","Focus on: Data Structures first — complete a project or certification, then revisit remaining gaps: Data Structures,Docker,PostgreSQL.",2026-08-14T17:58:27.454064
1643,300,10,52.4,"C++,Data Structures,Docker,PostgreSQL","Focus on: C++ first — complete a project or certification, then revisit remaining gaps: C++,Data Structures,Docker,PostgreSQL.",2026-08-20T01:58:27.454072
1644,301,10,75.67,"C++,Data Structures,Docker,PostgreSQL,System Design","Focus on: C++ first — complete a project or certification, then revisit remaining gaps: C++,Data Structures,Docker,PostgreSQL,System Design.",2026-08-09T09:58:27.454080
1645,305,10,61.27,"C++,Data Structures,Docker,PostgreSQL,System Design","Focus on: C++ first — complete a project or certification, then revisit remaining gaps: C++,Data Structures,Docker,PostgreSQL,System Design.",2026-08-11T21:58:27.454088
1646,308,10,78.95,"C++,Data Structures,PostgreSQL,System Design","Focus on: C++ first — complete a project or certification, then revisit remaining gaps: C++,Data Structures,PostgreSQL,System Design.",2026-08-19T06:58:27.454095
1647,309,10,66.58,"C++,Docker,PostgreSQL","Focus on: C++ first — complete a project or certification, then revisit remaining gaps: C++,Docker,PostgreSQL.",2026-08-15T17:58:27.454104
1648,310,10,76.12,"C++,Docker,PostgreSQL,System Design","Focus on: C++ first — complete a project or certification, then revisit remaining gaps: C++,Docker,PostgreSQL,System Design.",2026-08-15T03:58:27.454112
1649,311,10,73.25,"C++,Data Structures,Docker,PostgreSQL,System Design","Focus on: C++ first — complete a project or certification, then revisit remaining gaps: C++,Data Structures,Docker,PostgreSQL,System Design.",2026-08-07T13:58:27.454120
1650,313,10,65.28,"Docker,PostgreSQL","Focus on: Docker first — complete a project or certification, then revisit remaining gaps: Docker,PostgreSQL.",2026-08-07T11:58:27.454143
1651,320,10,68.1,"C++,Data Structures,PostgreSQL","Focus on: C++ first — complete a project or certification, then revisit remaining gaps: C++,Data Structures,PostgreSQL.",2026-08-13T18:58:27.454154
1652,321,10,73.32,"C++,Docker,PostgreSQL","Focus on: C++ first — complete a project or certification, then revisit remaining gaps: C++,Docker,PostgreSQL.",2026-08-05T04:58:27.454162
1653,324,10,71.82,"C++,Data Structures,Docker,PostgreSQL,System Design","Focus on: C++ first — complete a project or certification, then revisit remaining gaps: C++,Data Structures,Docker,PostgreSQL,System Design.",2026-08-04T08:58:27.454169
1654,325,10,70.57,"Data Structures,Docker,PostgreSQL,System Design","Focus on: Data Structures first — complete a project or certification, then revisit remaining gaps: Data Structures,Docker,PostgreSQL,System Design.",2026-08-16T20:58:27.454177
1655,326,10,70.75,"C++,PostgreSQL","Focus on: C++ first — complete a project or certification, then revisit remaining gaps: C++,PostgreSQL.",2026-08-11T12:58:27.454185
1656,327,10,72.65,"C++,PostgreSQL","Focus on: C++ first — complete a project or certification, then revisit remaining gaps: C++,PostgreSQL.",2026-08-17T16:58:27.454192
1657,328,10,76.95,"C++,Data Structures,Docker,PostgreSQL,System Design","Focus on: C++ first — complete a project or certification, then revisit remaining gaps: C++,Data Structures,Docker,PostgreSQL,System Design.",2026-08-19T00:58:27.454200
1658,331,10,94.88,"C++,Data Structures,Docker,PostgreSQL,System Design","Focus on: C++ first — complete a project or certification, then revisit remaining gaps: C++,Data Structures,Docker,PostgreSQL,System Design.",2026-08-04T20:58:27.454208
1659,332,10,65.25,"C++,Data Structures,System Design","Focus on: C++ first — complete a project or certification, then revisit remaining gaps: C++,Data Structures,System Design.",2026-08-20T18:58:27.454216
1660,333,10,81.22,"C++,Data Structures,Docker,System Design","Focus on: C++ first — complete a project or certification, then revisit remaining gaps: C++,Data Structures,Docker,System Design.",2026-08-15T14:58:27.454231
1661,334,10,74.42,"Data Structures,Docker,PostgreSQL,System Design","Focus on: Data Structures first — complete a project or certification, then revisit remaining gaps: Data Structures,Docker,PostgreSQL,System Design.",2026-08-11T02:58:27.454241
1662,335,10,70.38,"Docker,System Design","Focus on: Docker first — complete a project or certification, then revisit remaining gaps: Docker,System Design.",2026-08-20T09:58:27.454249
1663,336,10,76.5,"C++,Docker,PostgreSQL","Focus on: C++ first — complete a project or certification, then revisit remaining gaps: C++,Docker,PostgreSQL.",2026-08-17T16:58:27.454256
1664,338,10,71.85,"C++,Data Structures,Docker,PostgreSQL","Focus on: C++ first — complete a project or certification, then revisit remaining gaps: C++,Data Structures,Docker,PostgreSQL.",2026-08-14T13:58:27.454264
1665,339,10,62.8,"C++,Data Structures,Docker,PostgreSQL,System Design","Focus on: C++ first — complete a project or certification, then revisit remaining gaps: C++,Data Structures,Docker,PostgreSQL,System Design.",2026-08-09T13:58:27.454277
1666,341,10,90.25,"C++,PostgreSQL,System Design","Focus on: C++ first — complete a project or certification, then revisit remaining gaps: C++,PostgreSQL,System Design.",2026-08-03T12:58:27.454288
1667,348,10,62.9,"Data Structures,PostgreSQL,System Design","Focus on: Data Structures first — complete a project or certification, then revisit remaining gaps: Data Structures,PostgreSQL,System Design.",2026-08-08T19:58:27.454296
1668,353,10,74.1,"Data Structures,System Design","Focus on: Data Structures first — complete a project or certification, then revisit remaining gaps: Data Structures,System Design.",2026-08-18T06:58:27.454304
1669,356,10,75.95,"Data Structures,Docker,PostgreSQL,System Design","Focus on: Data Structures first — complete a project or certification, then revisit remaining gaps: Data Structures,Docker,PostgreSQL,System Design.",2026-08-01T12:58:27.454312
1670,357,10,93.03,"C++,Docker,System Design","Focus on: C++ first — complete a project or certification, then revisit remaining gaps: C++,Docker,System Design.",2026-08-02T20:58:27.454319
1671,358,10,68.7,"C++,Data Structures,Docker,PostgreSQL,System Design","Focus on: C++ first — complete a project or certification, then revisit remaining gaps: C++,Data Structures,Docker,PostgreSQL,System Design.",2026-08-19T13:58:27.454327
1672,359,10,68.55,"C++,Data Structures,Docker,PostgreSQL,System Design","Focus on: C++ first — complete a project or certification, then revisit remaining gaps: C++,Data Structures,Docker,PostgreSQL,System Design.",2026-07-31T22:58:27.454335
1673,368,10,68.15,"Docker,System Design","Focus on: Docker first — complete a project or certification, then revisit remaining gaps: Docker,System Design.",2026-08-02T17:58:27.454343
1674,372,10,70.7,"C++,Data Structures,Docker,PostgreSQL,System Design","Focus on: C++ first — complete a project or certification, then revisit remaining gaps: C++,Data Structures,Docker,PostgreSQL,System Design.",2026-08-09T04:58:27.454350
1675,376,10,87.0,"C++,Docker,PostgreSQL","Focus on: C++ first — complete a project or certification, then revisit remaining gaps: C++,Docker,PostgreSQL.",2026-08-02T01:58:27.454358
1676,379,10,73.65,"C++,Data Structures,PostgreSQL,System Design","Focus on: C++ first — complete a project or certification, then revisit remaining gaps: C++,Data Structures,PostgreSQL,System Design.",2026-08-06T14:58:27.454370
1677,386,10,58.9,"C++,Data Structures,Docker,PostgreSQL,System Design","Focus on: C++ first — complete a project or certification, then revisit remaining gaps: C++,Data Structures,Docker,PostgreSQL,System Design.",2026-08-13T16:58:27.454382
1678,387,10,70.95,"C++,Docker,System Design","Focus on: C++ first — complete a project or certification, then revisit remaining gaps: C++,Docker,System Design.",2026-08-05T18:58:27.454390
1679,390,10,57.9,"C++,Data Structures,Docker,PostgreSQL,System Design","Focus on: C++ first — complete a project or certification, then revisit remaining gaps: C++,Data Structures,Docker,PostgreSQL,System Design.",2026-08-13T02:58:27.454400
1680,398,10,66.15,"Data Structures,Docker,System Design","Focus on: Data Structures first — complete a project or certification, then revisit remaining gaps: Data Structures,Docker,System Design.",2026-07-31T23:58:27.454416
1681,401,10,73.58,"C++,Docker,PostgreSQL,System Design","Focus on: C++ first — complete a project or certification, then revisit remaining gaps: C++,Docker,PostgreSQL,System Design.",2026-08-06T09:58:27.454426
1682,403,10,81.42,"C++,System Design","Focus on: C++ first — complete a project or certification, then revisit remaining gaps: C++,System Design.",2026-08-06T20:58:27.454435
1683,407,10,69.58,"C++,Data Structures,Docker,PostgreSQL,System Design","Focus on: C++ first — complete a project or certification, then revisit remaining gaps: C++,Data Structures,Docker,PostgreSQL,System Design.",2026-08-10T06:58:27.454444
1684,408,10,61.53,"C++,Data Structures,Docker,PostgreSQL,System Design","Focus on: C++ first — complete a project or certification, then revisit remaining gaps: C++,Data Structures,Docker,PostgreSQL,System Design.",2026-08-17T04:58:27.454452
1685,409,10,75.5,"Data Structures,Docker,PostgreSQL,System Design","Focus on: Data Structures first — complete a project or certification, then revisit remaining gaps: Data Structures,Docker,PostgreSQL,System Design.",2026-07-31T14:58:27.454465
1686,415,10,65.55,"Data Structures,Docker,PostgreSQL,System Design","Focus on: Data Structures first — complete a project or certification, then revisit remaining gaps: Data Structures,Docker,PostgreSQL,System Design.",2026-08-16T01:58:27.454476
1687,421,10,85.0,"C++,Data Structures,Docker,PostgreSQL,System Design","Focus on: C++ first — complete a project or certification, then revisit remaining gaps: C++,Data Structures,Docker,PostgreSQL,System Design.",2026-08-13T08:58:27.454484
1688,423,10,73.22,"C++,Data Structures,Docker,PostgreSQL,System Design","Focus on: C++ first — complete a project or certification, then revisit remaining gaps: C++,Data Structures,Docker,PostgreSQL,System Design.",2026-08-09T14:58:27.454492
1689,427,10,76.7,"C++,Data Structures,Docker,PostgreSQL,System Design","Focus on: C++ first — complete a project or certification, then revisit remaining gaps: C++,Data Structures,Docker,PostgreSQL,System Design.",2026-08-21T00:58:27.454506
1690,428,10,62.25,"C++,Data Structures,PostgreSQL","Focus on: C++ first — complete a project or certification, then revisit remaining gaps: C++,Data Structures,PostgreSQL.",2026-08-12T09:58:27.454517
1691,429,10,54.5,"C++,Data Structures,Docker,PostgreSQL,System Design","Focus on: C++ first — complete a project or certification, then revisit remaining gaps: C++,Data Structures,Docker,PostgreSQL,System Design.",2026-08-19T23:58:27.454525
1692,430,10,74.55,"C++,Data Structures,PostgreSQL","Focus on: C++ first — complete a project or certification, then revisit remaining gaps: C++,Data Structures,PostgreSQL.",2026-08-07T15:58:27.454533
1693,432,10,68.55,"C++,Data Structures,Docker,System Design","Focus on: C++ first — complete a project or certification, then revisit remaining gaps: C++,Data Structures,Docker,System Design.",2026-08-04T06:58:27.454541
1694,433,10,56.77,"C++,Data Structures,PostgreSQL,System Design","Focus on: C++ first — complete a project or certification, then revisit remaining gaps: C++,Data Structures,PostgreSQL,System Design.",2026-08-09T09:58:27.454549
1695,438,10,71.08,"Docker,System Design","Focus on: Docker first — complete a project or certification, then revisit remaining gaps: Docker,System Design.",2026-08-01T02:58:27.454557
1696,440,10,68.68,"C++,Docker,PostgreSQL","Focus on: C++ first — complete a project or certification, then revisit remaining gaps: C++,Docker,PostgreSQL.",2026-08-15T01:58:27.454565
1697,443,10,59.22,"C++,Data Structures,Docker","Focus on: C++ first — complete a project or certification, then revisit remaining gaps: C++,Data Structures,Docker.",2026-08-08T00:58:27.454573
1698,444,10,71.7,"C++,Data Structures,Docker,System Design","Focus on: C++ first — complete a project or certification, then revisit remaining gaps: C++,Data Structures,Docker,System Design.",2026-08-06T14:58:27.454581
1699,445,10,74.92,"Data Structures,Docker,PostgreSQL,System Design","Focus on: Data Structures first — complete a project or certification, then revisit remaining gaps: Data Structures,Docker,PostgreSQL,System Design.",2026-08-06T23:58:27.454594
1700,450,10,65.37,"C++,Data Structures,Docker,PostgreSQL","Focus on: C++ first — complete a project or certification, then revisit remaining gaps: C++,Data Structures,Docker,PostgreSQL.",2026-08-08T23:58:27.454605
1701,452,10,77.5,"C++,Data Structures,Docker,System Design","Focus on: C++ first — complete a project or certification, then revisit remaining gaps: C++,Data Structures,Docker,System Design.",2026-08-10T03:58:27.454613
1702,453,10,54.5,"C++,Docker,PostgreSQL","Focus on: C++ first — complete a project or certification, then revisit remaining gaps: C++,Docker,PostgreSQL.",2026-08-10T16:58:27.454621
1703,454,10,62.98,"C++,Data Structures,System Design","Focus on: C++ first — complete a project or certification, then revisit remaining gaps: C++,Data Structures,System Design.",2026-08-09T09:58:27.454629
1704,455,10,70.25,"C++,Data Structures,Docker,PostgreSQL,System Design","Focus on: C++ first — complete a project or certification, then revisit remaining gaps: C++,Data Structures,Docker,PostgreSQL,System Design.",2026-08-05T07:58:27.454637
1705,457,10,62.25,"C++,Data Structures,Docker,System Design","Focus on: C++ first — complete a project or certification, then revisit remaining gaps: C++,Data Structures,Docker,System Design.",2026-08-14T07:58:27.454672
1706,458,10,69.45,"C++,Data Structures,Docker,PostgreSQL,System Design","Focus on: C++ first — complete a project or certification, then revisit remaining gaps: C++,Data Structures,Docker,PostgreSQL,System Design.",2026-08-14T19:58:27.454690
1707,461,10,67.28,"Data Structures,PostgreSQL","Focus on: Data Structures first — complete a project or certification, then revisit remaining gaps: Data Structures,PostgreSQL.",2026-08-14T14:58:27.454700
1708,462,10,63.0,"C++,Docker,PostgreSQL,System Design","Focus on: C++ first — complete a project or certification, then revisit remaining gaps: C++,Docker,PostgreSQL,System Design.",2026-08-02T02:58:27.454708
1709,464,10,57.58,"Data Structures,PostgreSQL,System Design","Focus on: Data Structures first — complete a project or certification, then revisit remaining gaps: Data Structures,PostgreSQL,System Design.",2026-08-06T20:58:27.454716
1710,470,10,73.55,"C++,Data Structures,Docker,PostgreSQL,System Design","Focus on: C++ first — complete a project or certification, then revisit remaining gaps: C++,Data Structures,Docker,PostgreSQL,System Design.",2026-08-08T02:58:27.454725
1711,473,10,71.05,"Data Structures,Docker,PostgreSQL,System Design","Focus on: Data Structures first — complete a project or certification, then revisit remaining gaps: Data Structures,Docker,PostgreSQL,System Design.",2026-08-01T04:58:27.454733
1712,479,10,73.2,"Data Structures,Docker,PostgreSQL,System Design","Focus on: Data Structures first — complete a project or certification, then revisit remaining gaps: Data Structures,Docker,PostgreSQL,System Design.",2026-08-15T01:58:27.454741
1713,481,10,68.95,"C++,Docker,PostgreSQL,System Design","Focus on: C++ first — complete a project or certification, then revisit remaining gaps: C++,Docker,PostgreSQL,System Design.",2026-08-16T22:58:27.454748
1714,483,10,63.95,"Data Structures,PostgreSQL,System Design","Focus on: Data Structures first — complete a project or certification, then revisit remaining gaps: Data Structures,PostgreSQL,System Design.",2026-08-17T20:58:27.454757
1715,493,10,64.03,"C++,Data Structures,Docker,PostgreSQL","Focus on: C++ first — complete a project or certification, then revisit remaining gaps: C++,Data Structures,Docker,PostgreSQL.",2026-07-31T23:58:27.454764
1716,495,10,65.95,"Docker,PostgreSQL,System Design","Focus on: Docker first — complete a project or certification, then revisit remaining gaps: Docker,PostgreSQL,System Design.",2026-08-11T18:58:27.454772
1717,496,10,72.1,"C++,Data Structures,Docker,PostgreSQL","Focus on: C++ first — complete a project or certification, then revisit remaining gaps: C++,Data Structures,Docker,PostgreSQL.",2026-08-08T12:58:27.454780
1718,500,10,62.25,"C++,Data Structures,Docker,PostgreSQL,System Design","Focus on: C++ first — complete a project or certification, then revisit remaining gaps: C++,Data Structures,Docker,PostgreSQL,System Design.",2026-08-15T07:58:27.454788
