id,student_id,file_path,extracted_text,structured_data,uploaded_at
1,1,/resumes/1_isaac.pdf,"Isaac Bakshi | ECE | CGPA 8.38 | Skills: Django, HTML/CSS, TensorFlow, REST APIs","{""name"": ""Isaac Bakshi"", ""email"": ""isaac.bakshi1@example.com"", ""cgpa"": 8.38, ""skills"": [""Django"", ""HTML/CSS"", ""TensorFlow"", ""REST APIs""], ""projects"": [""E-commerce Recommender""]}",2026-07-05T01:58:27.295386
2,2,/resumes/2_anvi.pdf,"Anvi Konda | MECH | CGPA 8.81 | Skills: TensorFlow, TypeScript, Java, Node.js, Algorithms, Python, Django","{""name"": ""Anvi Konda"", ""email"": ""anvi.konda2@example.com"", ""cgpa"": 8.81, ""skills"": [""TensorFlow"", ""TypeScript"", ""Java"", ""Node.js"", ""Algorithms"", ""Python"", ""Django""], ""projects"": [""IoT Smart Campus"", ""AI Resume Screener"", ""Chatbot Assistant""]}",2026-07-20T16:58:27.295445
3,3,/resumes/3_udant.pdf,"Udant Dewan | IT | CGPA 5.64 | Skills: TensorFlow, Docker, TypeScript, PostgreSQL","{""name"": ""Udant Dewan"", ""email"": ""udant.dewan3@example.com"", ""cgpa"": 5.64, ""skills"": [""TensorFlow"", ""Docker"", ""TypeScript"", ""PostgreSQL""], ""projects"": [""AI Resume Screener"", ""Library Management Portal""]}",2026-07-17T21:58:27.295470
4,4,/resumes/4_harsh.pdf,"Harsh Chahal | CIVIL | CGPA 8.03 | Skills: Spring Boot, AWS, Java, SQL, Kubernetes, Flask, C++","{""name"": ""Harsh Chahal"", ""email"": ""harsh.chahal4@example.com"", ""cgpa"": 8.03, ""skills"": [""Spring Boot"", ""AWS"", ""Java"", ""SQL"", ""Kubernetes"", ""Flask"", ""C++""], ""projects"": [""Attendance Tracker"", ""Chatbot Assistant""]}",2026-08-17T08:58:27.295490
5,5,/resumes/5_pahal.pdf,"Pahal Balay | CSE | CGPA 7.52 | Skills: Machine Learning, Git, REST APIs, Flask, AWS, PostgreSQL, Docker, Kubernetes","{""name"": ""Pahal Balay"", ""email"": ""pahal.balay5@example.com"", ""cgpa"": 7.52, ""skills"": [""Machine Learning"", ""Git"", ""REST APIs"", ""Flask"", ""AWS"", ""PostgreSQL"", ""Docker"", ""Kubernetes""], ""projects"": [""Campus Event App"", ""E-commerce Recommender""]}",2026-07-23T21:58:27.295516
6,6,/resumes/6_ayushman.pdf,"Ayushman Chander | ECE | CGPA 7.03 | Skills: Machine Learning, React, Docker","{""name"": ""Ayushman Chander"", ""email"": ""ayushman.chander6@example.com"", ""cgpa"": 7.03, ""skills"": [""Machine Learning"", ""React"", ""Docker""], ""projects"": [""Weather Prediction Model"", ""Attendance Tracker""]}",2026-07-27T20:58:27.295533
7,7,/resumes/7_tejas.pdf,"Tejas Kaul | MECH | CGPA 5.94 | Skills: SQL, C++, Python, Data Structures, Git","{""name"": ""Tejas Kaul"", ""email"": ""tejas.kaul7@example.com"", ""cgpa"": 5.94, ""skills"": [""SQL"", ""C++"", ""Python"", ""Data Structures"", ""Git""], ""projects"": [""Weather Prediction Model""]}",2026-07-03T01:58:27.295560
8,8,/resumes/8_yashasvi.pdf,"Yashasvi Bala | EEE | CGPA 8.78 | Skills: Kubernetes, Git, PostgreSQL, MongoDB","{""name"": ""Yashasvi Bala"", ""email"": ""yashasvi.bala8@example.com"", ""cgpa"": 8.78, ""skills"": [""Kubernetes"", ""Git"", ""PostgreSQL"", ""MongoDB""], ""projects"": [""Weather Prediction Model""]}",2026-07-26T18:58:27.295577
9,9,/resumes/9_rushil.pdf,"Rushil Saini | ECE | CGPA 9.23 | Skills: PostgreSQL, C++, System Design, Algorithms, Docker","{""name"": ""Rushil Saini"", ""email"": ""rushil.saini9@example.com"", ""cgpa"": 9.23, ""skills"": [""PostgreSQL"", ""C++"", ""System Design"", ""Algorithms"", ""Docker""], ""projects"": [""Library Management Portal"", ""Chatbot Assistant""]}",2026-08-04T07:58:27.295594
10,10,/resumes/10_thomas.pdf,"Thomas Sen | ECE | CGPA 5.81 | Skills: PostgreSQL, Flask, TensorFlow, MongoDB, Node.js, Docker, System Design, React","{""name"": ""Thomas Sen"", ""email"": ""thomas.sen10@example.com"", ""cgpa"": 5.81, ""skills"": [""PostgreSQL"", ""Flask"", ""TensorFlow"", ""MongoDB"", ""Node.js"", ""Docker"", ""System Design"", ""React""], ""projects"": [""Campus Event App""]}",2026-08-10T13:58:27.295610
11,11,/resumes/11_arunima.pdf,"Arunima Ahuja | EEE | CGPA 9.4 | Skills: Kubernetes, Data Structures, REST APIs, C++, AWS","{""name"": ""Arunima Ahuja"", ""email"": ""arunima.ahuja11@example.com"", ""cgpa"": 9.4, ""skills"": [""Kubernetes"", ""Data Structures"", ""REST APIs"", ""C++"", ""AWS""], ""projects"": [""IoT Smart Campus""]}",2026-08-10T19:58:27.295625
12,12,/resumes/12_nathaniel.pdf,"Nathaniel Sami | CIVIL | CGPA 6.23 | Skills: Git, SQL, React, Data Structures","{""name"": ""Nathaniel Sami"", ""email"": ""nathaniel.sami12@example.com"", ""cgpa"": 6.23, ""skills"": [""Git"", ""SQL"", ""React"", ""Data Structures""], ""projects"": [""Chatbot Assistant""]}",2026-08-07T19:58:27.295642
13,13,/resumes/13_harini.pdf,"Harini Mall | CIVIL | CGPA 8.58 | Skills: Algorithms, Git, Spring Boot, Kubernetes, System Design, React","{""name"": ""Harini Mall"", ""email"": ""harini.mall13@example.com"", ""cgpa"": 8.58, ""skills"": [""Algorithms"", ""Git"", ""Spring Boot"", ""Kubernetes"", ""System Design"", ""React""], ""projects"": [""Campus Event App"", ""Placement Analytics Dashboard""]}",2026-07-08T13:58:27.295659
14,14,/resumes/14_nachiket.pdf,"Nachiket Kale | ECE | CGPA 6.6 | Skills: Docker, Algorithms, Data Structures, Spring Boot","{""name"": ""Nachiket Kale"", ""email"": ""nachiket.kale14@example.com"", ""cgpa"": 6.6, ""skills"": [""Docker"", ""Algorithms"", ""Data Structures"", ""Spring Boot""], ""projects"": [""Campus Event App"", ""Placement Analytics Dashboard""]}",2026-06-25T21:58:27.295674
15,15,/resumes/15_gayathri.pdf,"Gayathri Chaudry | CSE | CGPA 6.49 | Skills: Machine Learning, Docker, AWS, SQL, TensorFlow, Django","{""name"": ""Gayathri Chaudry"", ""email"": ""gayathri.chaudry15@example.com"", ""cgpa"": 6.49, ""skills"": [""Machine Learning"", ""Docker"", ""AWS"", ""SQL"", ""TensorFlow"", ""Django""], ""projects"": [""IoT Smart Campus"", ""Weather Prediction Model"", ""IoT Smart Campus""]}",2026-07-22T21:58:27.295691
16,16,/resumes/16_george.pdf,"George Rai | CSE | CGPA 9.12 | Skills: Django, Git, Data Structures, C++, Kubernetes, REST APIs, React, TypeScript","{""name"": ""George Rai"", ""email"": ""george.rai16@example.com"", ""cgpa"": 9.12, ""skills"": [""Django"", ""Git"", ""Data Structures"", ""C++"", ""Kubernetes"", ""REST APIs"", ""React"", ""TypeScript""], ""projects"": [""Chatbot Assistant"", ""Placement Analytics Dashboard""]}",2026-07-06T14:58:27.295707
17,17,/resumes/17_gunbir.pdf,"Gunbir Parmer | IT | CGPA 8.05 | Skills: TensorFlow, Docker, PostgreSQL, MongoDB, Kubernetes, TypeScript","{""name"": ""Gunbir Parmer"", ""email"": ""gunbir.parmer17@example.com"", ""cgpa"": 8.05, ""skills"": [""TensorFlow"", ""Docker"", ""PostgreSQL"", ""MongoDB"", ""Kubernetes"", ""TypeScript""], ""projects"": [""Fraud Detection System"", ""Weather Prediction Model""]}",2026-07-19T05:58:27.295721
18,18,/resumes/18_hemangini.pdf,"Hemangini Lalla | IT | CGPA 9.48 | Skills: TypeScript, AWS, Node.js, JavaScript","{""name"": ""Hemangini Lalla"", ""email"": ""hemangini.lalla18@example.com"", ""cgpa"": 9.48, ""skills"": [""TypeScript"", ""AWS"", ""Node.js"", ""JavaScript""], ""projects"": [""Attendance Tracker"", ""Fraud Detection System""]}",2026-08-02T06:58:27.295735
19,19,/resumes/19_caleb.pdf,"Caleb Sharaf | CIVIL | CGPA 8.85 | Skills: Kubernetes, SQL, Python, Machine Learning, Flask","{""name"": ""Caleb Sharaf"", ""email"": ""caleb.sharaf19@example.com"", ""cgpa"": 8.85, ""skills"": [""Kubernetes"", ""SQL"", ""Python"", ""Machine Learning"", ""Flask""], ""projects"": [""Library Management Portal"", ""Chatbot Assistant"", ""Weather Prediction Model""]}",2026-08-02T15:58:27.295753
20,20,/resumes/20_jeet.pdf,"Jeet Radhakrishnan | IT | CGPA 8.13 | Skills: Git, AWS, Docker, TypeScript","{""name"": ""Jeet Radhakrishnan"", ""email"": ""jeet.radhakrishnan20@example.com"", ""cgpa"": 8.13, ""skills"": [""Git"", ""AWS"", ""Docker"", ""TypeScript""], ""projects"": [""AI Resume Screener""]}",2026-08-03T20:58:27.295768
21,21,/resumes/21_farhan.pdf,"Farhan Memon | IT | CGPA 8.9 | Skills: REST APIs, SQL, Data Structures","{""name"": ""Farhan Memon"", ""email"": ""farhan.memon21@example.com"", ""cgpa"": 8.9, ""skills"": [""REST APIs"", ""SQL"", ""Data Structures""], ""projects"": [""Chatbot Assistant""]}",2026-08-14T08:58:27.295783
22,22,/resumes/22_janaki.pdf,"Janaki Handa | EEE | CGPA 8.56 | Skills: React, AWS, Data Structures, Algorithms, Git, Django, MongoDB, REST APIs","{""name"": ""Janaki Handa"", ""email"": ""janaki.handa22@example.com"", ""cgpa"": 8.56, ""skills"": [""React"", ""AWS"", ""Data Structures"", ""Algorithms"", ""Git"", ""Django"", ""MongoDB"", ""REST APIs""], ""projects"": [""Campus Event App"", ""IoT Smart Campus""]}",2026-08-07T12:58:27.295800
23,23,/resumes/23_ekaraj.pdf,"Ekaraj Bath | MECH | CGPA 7.61 | Skills: HTML/CSS, SQL, Python","{""name"": ""Ekaraj Bath"", ""email"": ""ekaraj.bath23@example.com"", ""cgpa"": 7.61, ""skills"": [""HTML/CSS"", ""SQL"", ""Python""], ""projects"": [""AI Resume Screener"", ""IoT Smart Campus""]}",2026-07-18T06:58:27.295815
24,24,/resumes/24_vedant.pdf,"Vedant Mann | ECE | CGPA 6.02 | Skills: Flask, MongoDB, Node.js, PostgreSQL, TypeScript, Algorithms, JavaScript, Kubernetes","{""name"": ""Vedant Mann"", ""email"": ""vedant.mann24@example.com"", ""cgpa"": 6.02, ""skills"": [""Flask"", ""MongoDB"", ""Node.js"", ""PostgreSQL"", ""TypeScript"", ""Algorithms"", ""JavaScript"", ""Kubernetes""], ""projects"": [""Chatbot Assistant"", ""Campus Event App""]}",2026-08-03T12:58:27.295836
25,25,/resumes/25_fariq.pdf,"Fariq Kaul | CSE | CGPA 6.82 | Skills: System Design, Django, Git, TensorFlow, Kubernetes, Docker, Python, HTML/CSS","{""name"": ""Fariq Kaul"", ""email"": ""fariq.kaul25@example.com"", ""cgpa"": 6.82, ""skills"": [""System Design"", ""Django"", ""Git"", ""TensorFlow"", ""Kubernetes"", ""Docker"", ""Python"", ""HTML/CSS""], ""projects"": [""IoT Smart Campus""]}",2026-07-12T09:58:27.295851
26,26,/resumes/26_harrison.pdf,"Harrison Rai | IT | CGPA 6.69 | Skills: Django, Git, SQL, Machine Learning, TypeScript","{""name"": ""Harrison Rai"", ""email"": ""harrison.rai26@example.com"", ""cgpa"": 6.69, ""skills"": [""Django"", ""Git"", ""SQL"", ""Machine Learning"", ""TypeScript""], ""projects"": [""Attendance Tracker"", ""Weather Prediction Model"", ""AI Resume Screener""]}",2026-06-22T05:58:27.295868
27,27,/resumes/27_arunima.pdf,"Arunima Setty | CIVIL | CGPA 9.42 | Skills: Docker, TensorFlow, SQL, AWS, JavaScript, Git, Node.js","{""name"": ""Arunima Setty"", ""email"": ""arunima.setty27@example.com"", ""cgpa"": 9.42, ""skills"": [""Docker"", ""TensorFlow"", ""SQL"", ""AWS"", ""JavaScript"", ""Git"", ""Node.js""], ""projects"": [""Chatbot Assistant"", ""IoT Smart Campus"", ""AI Resume Screener""]}",2026-06-23T09:58:27.295885
28,28,/resumes/28_janya.pdf,"Janya Gaba | MECH | CGPA 6.19 | Skills: Data Structures, SQL, Node.js, AWS","{""name"": ""Janya Gaba"", ""email"": ""janya.gaba28@example.com"", ""cgpa"": 6.19, ""skills"": [""Data Structures"", ""SQL"", ""Node.js"", ""AWS""], ""projects"": [""AI Resume Screener""]}",2026-08-04T12:58:27.295900
29,29,/resumes/29_kamala.pdf,"Kamala Pant | CSE | CGPA 8.2 | Skills: React, TensorFlow, Docker, Kubernetes, Node.js, REST APIs, PostgreSQL","{""name"": ""Kamala Pant"", ""email"": ""kamala.pant29@example.com"", ""cgpa"": 8.2, ""skills"": [""React"", ""TensorFlow"", ""Docker"", ""Kubernetes"", ""Node.js"", ""REST APIs"", ""PostgreSQL""], ""projects"": [""Fraud Detection System"", ""Placement Analytics Dashboard""]}",2026-07-11T06:58:27.295917
30,30,/resumes/30_shaurya.pdf,"Shaurya Loke | CSE | CGPA 9.24 | Skills: Git, System Design, Java, AWS, Python","{""name"": ""Shaurya Loke"", ""email"": ""shaurya.loke30@example.com"", ""cgpa"": 9.24, ""skills"": [""Git"", ""System Design"", ""Java"", ""AWS"", ""Python""], ""projects"": [""Attendance Tracker"", ""Fraud Detection System""]}",2026-06-30T07:58:27.295933
31,31,/resumes/31_ekbal.pdf,"Ekbal Garg | EEE | CGPA 9.76 | Skills: JavaScript, REST APIs, Kubernetes, HTML/CSS, TypeScript, Git, Spring Boot","{""name"": ""Ekbal Garg"", ""email"": ""ekbal.garg31@example.com"", ""cgpa"": 9.76, ""skills"": [""JavaScript"", ""REST APIs"", ""Kubernetes"", ""HTML/CSS"", ""TypeScript"", ""Git"", ""Spring Boot""], ""projects"": [""IoT Smart Campus"", ""Attendance Tracker"", ""E-commerce Recommender""]}",2026-07-18T10:58:27.295949
32,32,/resumes/32_yash.pdf,"Yash Gade | CIVIL | CGPA 7.9 | Skills: Flask, PostgreSQL, Data Structures, Node.js, Git","{""name"": ""Yash Gade"", ""email"": ""yash.gade32@example.com"", ""cgpa"": 7.9, ""skills"": [""Flask"", ""PostgreSQL"", ""Data Structures"", ""Node.js"", ""Git""], ""projects"": [""Fraud Detection System"", ""Campus Event App""]}",2026-08-20T17:58:27.295970
33,33,/resumes/33_turvi.pdf,"Turvi Raghavan | MECH | CGPA 6.24 | Skills: SQL, Machine Learning, PostgreSQL, AWS, TypeScript, Java, Git","{""name"": ""Turvi Raghavan"", ""email"": ""turvi.raghavan33@example.com"", ""cgpa"": 6.24, ""skills"": [""SQL"", ""Machine Learning"", ""PostgreSQL"", ""AWS"", ""TypeScript"", ""Java"", ""Git""], ""projects"": [""IoT Smart Campus"", ""Attendance Tracker"", ""Chatbot Assistant""]}",2026-07-29T17:58:27.295985
34,34,/resumes/34_anamika.pdf,"Anamika Kanda | CIVIL | CGPA 9.68 | Skills: Machine Learning, AWS, C++, Git, SQL, Flask","{""name"": ""Anamika Kanda"", ""email"": ""anamika.kanda34@example.com"", ""cgpa"": 9.68, ""skills"": [""Machine Learning"", ""AWS"", ""C++"", ""Git"", ""SQL"", ""Flask""], ""projects"": [""Attendance Tracker"", ""Library Management Portal"", ""Campus Event App""]}",2026-07-14T02:58:27.295998
35,35,/resumes/35_ekta.pdf,"Ekta Bhalla | ECE | CGPA 7.3 | Skills: React, Django, HTML/CSS, Java, TensorFlow, AWS, PostgreSQL","{""name"": ""Ekta Bhalla"", ""email"": ""ekta.bhalla35@example.com"", ""cgpa"": 7.3, ""skills"": [""React"", ""Django"", ""HTML/CSS"", ""Java"", ""TensorFlow"", ""AWS"", ""PostgreSQL""], ""projects"": [""Weather Prediction Model"", ""AI Resume Screener"", ""Weather Prediction Model""]}",2026-08-01T11:58:27.296013
36,36,/resumes/36_veer.pdf,"Veer Balay | CSE | CGPA 7.53 | Skills: Machine Learning, MongoDB, TypeScript, SQL, React, Kubernetes, Java","{""name"": ""Veer Balay"", ""email"": ""veer.balay36@example.com"", ""cgpa"": 7.53, ""skills"": [""Machine Learning"", ""MongoDB"", ""TypeScript"", ""SQL"", ""React"", ""Kubernetes"", ""Java""], ""projects"": [""Attendance Tracker""]}",2026-06-21T15:58:27.296028
37,37,/resumes/37_diya.pdf,"Diya Rattan | CSE | CGPA 7.99 | Skills: Docker, REST APIs, React, TensorFlow, Machine Learning, Kubernetes, Spring Boot, Git","{""name"": ""Diya Rattan"", ""email"": ""diya.rattan37@example.com"", ""cgpa"": 7.99, ""skills"": [""Docker"", ""REST APIs"", ""React"", ""TensorFlow"", ""Machine Learning"", ""Kubernetes"", ""Spring Boot"", ""Git""], ""projects"": [""Chatbot Assistant"", ""IoT Smart Campus""]}",2026-06-25T20:58:27.296044
38,38,/resumes/38_amrita.pdf,"Amrita Bhatti | CSE | CGPA 5.76 | Skills: TensorFlow, Python, Spring Boot, C++, Git","{""name"": ""Amrita Bhatti"", ""email"": ""amrita.bhatti38@example.com"", ""cgpa"": 5.76, ""skills"": [""TensorFlow"", ""Python"", ""Spring Boot"", ""C++"", ""Git""], ""projects"": [""IoT Smart Campus"", ""Weather Prediction Model""]}",2026-08-04T14:58:27.296059
39,39,/resumes/39_siddharth.pdf,"Siddharth Murty | IT | CGPA 6.57 | Skills: Django, REST APIs, Machine Learning, Algorithms, Data Structures, JavaScript","{""name"": ""Siddharth Murty"", ""email"": ""siddharth.murty39@example.com"", ""cgpa"": 6.57, ""skills"": [""Django"", ""REST APIs"", ""Machine Learning"", ""Algorithms"", ""Data Structures"", ""JavaScript""], ""projects"": [""Library Management Portal"", ""Weather Prediction Model""]}",2026-08-13T00:58:27.296074
40,40,/resumes/40_simon.pdf,"Simon Tata | EEE | CGPA 9.71 | Skills: Java, Spring Boot, SQL, JavaScript, Git, Python, TypeScript, Node.js","{""name"": ""Simon Tata"", ""email"": ""simon.tata40@example.com"", ""cgpa"": 9.71, ""skills"": [""Java"", ""Spring Boot"", ""SQL"", ""JavaScript"", ""Git"", ""Python"", ""TypeScript"", ""Node.js""], ""projects"": [""Library Management Portal"", ""Weather Prediction Model""]}",2026-06-24T18:58:27.296087
41,41,/resumes/41_meghana.pdf,"Meghana Shanker | CSE | CGPA 9.13 | Skills: C++, JavaScript, AWS, Machine Learning, TypeScript","{""name"": ""Meghana Shanker"", ""email"": ""meghana.shanker41@example.com"", ""cgpa"": 9.13, ""skills"": [""C++"", ""JavaScript"", ""AWS"", ""Machine Learning"", ""TypeScript""], ""projects"": [""IoT Smart Campus""]}",2026-08-03T03:58:27.296102
42,42,/resumes/42_luke.pdf,"Luke Lanka | CIVIL | CGPA 7.41 | Skills: JavaScript, C++, SQL, Python, Django, REST APIs","{""name"": ""Luke Lanka"", ""email"": ""luke.lanka42@example.com"", ""cgpa"": 7.41, ""skills"": [""JavaScript"", ""C++"", ""SQL"", ""Python"", ""Django"", ""REST APIs""], ""projects"": [""Library Management Portal""]}",2026-08-17T17:58:27.296118
43,43,/resumes/43_liam.pdf,"Liam Koshy | EEE | CGPA 9.93 | Skills: Python, HTML/CSS, Algorithms","{""name"": ""Liam Koshy"", ""email"": ""liam.koshy43@example.com"", ""cgpa"": 9.93, ""skills"": [""Python"", ""HTML/CSS"", ""Algorithms""], ""projects"": [""IoT Smart Campus""]}",2026-06-30T13:58:27.296133
44,44,/resumes/44_adya.pdf,"Adya Sangha | IT | CGPA 9.38 | Skills: C++, Flask, Docker, Spring Boot, SQL, System Design","{""name"": ""Adya Sangha"", ""email"": ""adya.sangha44@example.com"", ""cgpa"": 9.38, ""skills"": [""C++"", ""Flask"", ""Docker"", ""Spring Boot"", ""SQL"", ""System Design""], ""projects"": [""Attendance Tracker"", ""Library Management Portal"", ""Campus Event App""]}",2026-06-30T02:58:27.296150
45,45,/resumes/45_mohini.pdf,"Mohini Pathak | IT | CGPA 7.4 | Skills: TypeScript, React, C++, MongoDB, TensorFlow, Python, Node.js, Git","{""name"": ""Mohini Pathak"", ""email"": ""mohini.pathak45@example.com"", ""cgpa"": 7.4, ""skills"": [""TypeScript"", ""React"", ""C++"", ""MongoDB"", ""TensorFlow"", ""Python"", ""Node.js"", ""Git""], ""projects"": [""AI Resume Screener"", ""Weather Prediction Model"", ""AI Resume Screener""]}",2026-08-06T14:58:27.296167
46,46,/resumes/46_theodore.pdf,"Theodore Devi | CSE | CGPA 9.38 | Skills: React, SQL, TensorFlow","{""name"": ""Theodore Devi"", ""email"": ""theodore.devi46@example.com"", ""cgpa"": 9.38, ""skills"": [""React"", ""SQL"", ""TensorFlow""], ""projects"": [""E-commerce Recommender"", ""IoT Smart Campus""]}",2026-08-04T08:58:27.296183
47,47,/resumes/47_yashodhara.pdf,"Yashodhara Tak | IT | CGPA 9.26 | Skills: React, Flask, Machine Learning, JavaScript, C++","{""name"": ""Yashodhara Tak"", ""email"": ""yashodhara.tak47@example.com"", ""cgpa"": 9.26, ""skills"": [""React"", ""Flask"", ""Machine Learning"", ""JavaScript"", ""C++""], ""projects"": [""Chatbot Assistant""]}",2026-08-05T13:58:27.296198
48,48,/resumes/48_gavin.pdf,"Gavin Batta | CSE | CGPA 7.67 | Skills: HTML/CSS, Python, TypeScript, Data Structures, Django","{""name"": ""Gavin Batta"", ""email"": ""gavin.batta48@example.com"", ""cgpa"": 7.67, ""skills"": [""HTML/CSS"", ""Python"", ""TypeScript"", ""Data Structures"", ""Django""], ""projects"": [""E-commerce Recommender"", ""Library Management Portal""]}",2026-07-17T16:58:27.296212
49,49,/resumes/49_imaran.pdf,"Imaran Dua | EEE | CGPA 9.93 | Skills: JavaScript, Java, Flask, REST APIs, Docker","{""name"": ""Imaran Dua"", ""email"": ""imaran.dua49@example.com"", ""cgpa"": 9.93, ""skills"": [""JavaScript"", ""Java"", ""Flask"", ""REST APIs"", ""Docker""], ""projects"": [""Campus Event App""]}",2026-06-26T19:58:27.296226
50,50,/resumes/50_nathaniel.pdf,"Nathaniel Sami | MECH | CGPA 9.81 | Skills: Python, AWS, Algorithms, React, Docker, TensorFlow, Kubernetes","{""name"": ""Nathaniel Sami"", ""email"": ""nathaniel.sami50@example.com"", ""cgpa"": 9.81, ""skills"": [""Python"", ""AWS"", ""Algorithms"", ""React"", ""Docker"", ""TensorFlow"", ""Kubernetes""], ""projects"": [""Placement Analytics Dashboard"", ""E-commerce Recommender"", ""Campus Event App""]}",2026-08-14T14:58:27.296244
51,51,/resumes/51_devansh.pdf,"Devansh Rajan | CSE | CGPA 6.2 | Skills: Python, Machine Learning, Django","{""name"": ""Devansh Rajan"", ""email"": ""devansh.rajan51@example.com"", ""cgpa"": 6.2, ""skills"": [""Python"", ""Machine Learning"", ""Django""], ""projects"": [""Placement Analytics Dashboard"", ""IoT Smart Campus"", ""AI Resume Screener""]}",2026-07-04T15:58:27.296260
52,52,/resumes/52_lakshmi.pdf,"Lakshmi Sidhu | CSE | CGPA 5.77 | Skills: Data Structures, JavaScript, MongoDB, Kubernetes, HTML/CSS, Docker, C++","{""name"": ""Lakshmi Sidhu"", ""email"": ""lakshmi.sidhu52@example.com"", ""cgpa"": 5.77, ""skills"": [""Data Structures"", ""JavaScript"", ""MongoDB"", ""Kubernetes"", ""HTML/CSS"", ""Docker"", ""C++""], ""projects"": [""Library Management Portal""]}",2026-07-27T17:58:27.296276
53,53,/resumes/53_zayan.pdf,"Zayan Apte | CSE | CGPA 9.64 | Skills: MongoDB, Django, React","{""name"": ""Zayan Apte"", ""email"": ""zayan.apte53@example.com"", ""cgpa"": 9.64, ""skills"": [""MongoDB"", ""Django"", ""React""], ""projects"": [""Fraud Detection System"", ""Chatbot Assistant"", ""Library Management Portal""]}",2026-08-04T17:58:27.296293
54,54,/resumes/54_ishwar.pdf,"Ishwar Yadav | CIVIL | CGPA 6.34 | Skills: JavaScript, Spring Boot, TypeScript, HTML/CSS, C++, Data Structures, Kubernetes","{""name"": ""Ishwar Yadav"", ""email"": ""ishwar.yadav54@example.com"", ""cgpa"": 6.34, ""skills"": [""JavaScript"", ""Spring Boot"", ""TypeScript"", ""HTML/CSS"", ""C++"", ""Data Structures"", ""Kubernetes""], ""projects"": [""Campus Event App"", ""IoT Smart Campus"", ""Library Management Portal""]}",2026-07-11T18:58:27.296308
55,55,/resumes/55_amara.pdf,"Amara Oak | MECH | CGPA 9.74 | Skills: System Design, Java, Data Structures, Node.js, SQL, Python, React","{""name"": ""Amara Oak"", ""email"": ""amara.oak55@example.com"", ""cgpa"": 9.74, ""skills"": [""System Design"", ""Java"", ""Data Structures"", ""Node.js"", ""SQL"", ""Python"", ""React""], ""projects"": [""Library Management Portal"", ""Chatbot Assistant""]}",2026-07-17T07:58:27.296322
56,56,/resumes/56_isaac.pdf,"Isaac Memon | MECH | CGPA 5.87 | Skills: AWS, React, Spring Boot, Machine Learning","{""name"": ""Isaac Memon"", ""email"": ""isaac.memon56@example.com"", ""cgpa"": 5.87, ""skills"": [""AWS"", ""React"", ""Spring Boot"", ""Machine Learning""], ""projects"": [""Fraud Detection System""]}",2026-06-29T23:58:27.296334
57,57,/resumes/57_radhika.pdf,"Radhika Dugar | ECE | CGPA 6.67 | Skills: MongoDB, C++, Machine Learning, HTML/CSS, TensorFlow","{""name"": ""Radhika Dugar"", ""email"": ""radhika.dugar57@example.com"", ""cgpa"": 6.67, ""skills"": [""MongoDB"", ""C++"", ""Machine Learning"", ""HTML/CSS"", ""TensorFlow""], ""projects"": [""Attendance Tracker"", ""Chatbot Assistant""]}",2026-08-07T03:58:27.296348
58,58,/resumes/58_sudiksha.pdf,"Sudiksha Aggarwal | EEE | CGPA 6.09 | Skills: REST APIs, TensorFlow, Node.js","{""name"": ""Sudiksha Aggarwal"", ""email"": ""sudiksha.aggarwal58@example.com"", ""cgpa"": 6.09, ""skills"": [""REST APIs"", ""TensorFlow"", ""Node.js""], ""projects"": [""Library Management Portal"", ""E-commerce Recommender"", ""AI Resume Screener""]}",2026-08-04T07:58:27.296365
59,59,/resumes/59_adya.pdf,"Adya Tella | MECH | CGPA 9.71 | Skills: TensorFlow, TypeScript, Spring Boot","{""name"": ""Adya Tella"", ""email"": ""adya.tella59@example.com"", ""cgpa"": 9.71, ""skills"": [""TensorFlow"", ""TypeScript"", ""Spring Boot""], ""projects"": [""Placement Analytics Dashboard""]}",2026-07-14T17:58:27.296380
60,60,/resumes/60_pranav.pdf,"Pranav Tripathi | ECE | CGPA 5.83 | Skills: Java, Python, Flask","{""name"": ""Pranav Tripathi"", ""email"": ""pranav.tripathi60@example.com"", ""cgpa"": 5.83, ""skills"": [""Java"", ""Python"", ""Flask""], ""projects"": [""E-commerce Recommender"", ""AI Resume Screener"", ""IoT Smart Campus""]}",2026-07-01T01:58:27.296392
61,61,/resumes/61_hitesh.pdf,"Hitesh Misra | ECE | CGPA 9.46 | Skills: React, Node.js, Java, PostgreSQL, Kubernetes, Flask","{""name"": ""Hitesh Misra"", ""email"": ""hitesh.misra61@example.com"", ""cgpa"": 9.46, ""skills"": [""React"", ""Node.js"", ""Java"", ""PostgreSQL"", ""Kubernetes"", ""Flask""], ""projects"": [""Fraud Detection System""]}",2026-08-11T23:58:27.296406
62,62,/resumes/62_yashica.pdf,"Yashica Issac | MECH | CGPA 9.25 | Skills: AWS, SQL, MongoDB, Java, Node.js, Flask, TypeScript","{""name"": ""Yashica Issac"", ""email"": ""yashica.issac62@example.com"", ""cgpa"": 9.25, ""skills"": [""AWS"", ""SQL"", ""MongoDB"", ""Java"", ""Node.js"", ""Flask"", ""TypeScript""], ""projects"": [""Placement Analytics Dashboard"", ""IoT Smart Campus"", ""Library Management Portal""]}",2026-08-06T14:58:27.296420
63,63,/resumes/63_michael.pdf,"Michael Prakash | CIVIL | CGPA 8.51 | Skills: PostgreSQL, Git, Python","{""name"": ""Michael Prakash"", ""email"": ""michael.prakash63@example.com"", ""cgpa"": 8.51, ""skills"": [""PostgreSQL"", ""Git"", ""Python""], ""projects"": [""AI Resume Screener"", ""IoT Smart Campus"", ""Placement Analytics Dashboard""]}",2026-07-06T00:58:27.296433
64,64,/resumes/64_neel.pdf,"Neel Zacharia | CSE | CGPA 6.1 | Skills: Data Structures, System Design, Flask, Git, AWS, TensorFlow, REST APIs","{""name"": ""Neel Zacharia"", ""email"": ""neel.zacharia64@example.com"", ""cgpa"": 6.1, ""skills"": [""Data Structures"", ""System Design"", ""Flask"", ""Git"", ""AWS"", ""TensorFlow"", ""REST APIs""], ""projects"": [""Attendance Tracker"", ""Fraud Detection System""]}",2026-07-29T09:58:27.296449
65,65,/resumes/65_aadi.pdf,"Aadi Naik | CIVIL | CGPA 6.73 | Skills: PostgreSQL, AWS, JavaScript, HTML/CSS","{""name"": ""Aadi Naik"", ""email"": ""aadi.naik65@example.com"", ""cgpa"": 6.73, ""skills"": [""PostgreSQL"", ""AWS"", ""JavaScript"", ""HTML/CSS""], ""projects"": [""IoT Smart Campus"", ""Chatbot Assistant""]}",2026-06-24T22:58:27.296463
66,66,/resumes/66_vrinda.pdf,"Vrinda Bahl | EEE | CGPA 8.35 | Skills: Spring Boot, Data Structures, SQL, Django, MongoDB, Flask, Kubernetes, REST APIs","{""name"": ""Vrinda Bahl"", ""email"": ""vrinda.bahl66@example.com"", ""cgpa"": 8.35, ""skills"": [""Spring Boot"", ""Data Structures"", ""SQL"", ""Django"", ""MongoDB"", ""Flask"", ""Kubernetes"", ""REST APIs""], ""projects"": [""Placement Analytics Dashboard"", ""Placement Analytics Dashboard""]}",2026-08-15T22:58:27.296478
67,67,/resumes/67_isaac.pdf,"Isaac Patil | EEE | CGPA 9.31 | Skills: AWS, Git, C++, TensorFlow, SQL, MongoDB, React, Docker","{""name"": ""Isaac Patil"", ""email"": ""isaac.patil67@example.com"", ""cgpa"": 9.31, ""skills"": [""AWS"", ""Git"", ""C++"", ""TensorFlow"", ""SQL"", ""MongoDB"", ""React"", ""Docker""], ""projects"": [""Campus Event App"", ""Placement Analytics Dashboard""]}",2026-08-09T23:58:27.296492
68,68,/resumes/68_damyanti.pdf,"Damyanti Khatri | ECE | CGPA 7.0 | Skills: Algorithms, Docker, HTML/CSS, Spring Boot, Git","{""name"": ""Damyanti Khatri"", ""email"": ""damyanti.khatri68@example.com"", ""cgpa"": 7.0, ""skills"": [""Algorithms"", ""Docker"", ""HTML/CSS"", ""Spring Boot"", ""Git""], ""projects"": [""Weather Prediction Model"", ""AI Resume Screener"", ""AI Resume Screener""]}",2026-08-10T08:58:27.296505
69,69,/resumes/69_dalbir.pdf,"Dalbir Khosla | CSE | CGPA 7.98 | Skills: SQL, React, Spring Boot, Node.js, Git, System Design, Algorithms","{""name"": ""Dalbir Khosla"", ""email"": ""dalbir.khosla69@example.com"", ""cgpa"": 7.98, ""skills"": [""SQL"", ""React"", ""Spring Boot"", ""Node.js"", ""Git"", ""System Design"", ""Algorithms""], ""projects"": [""E-commerce Recommender"", ""Campus Event App"", ""AI Resume Screener""]}",2026-08-08T19:58:27.296519
70,70,/resumes/70_farhan.pdf,"Farhan Chada | MECH | CGPA 9.47 | Skills: Machine Learning, SQL, C++, Node.js, Data Structures, Java","{""name"": ""Farhan Chada"", ""email"": ""farhan.chada70@example.com"", ""cgpa"": 9.47, ""skills"": [""Machine Learning"", ""SQL"", ""C++"", ""Node.js"", ""Data Structures"", ""Java""], ""projects"": [""Weather Prediction Model""]}",2026-07-20T14:58:27.296533
71,71,/resumes/71_vedika.pdf,"Vedika Biswas | IT | CGPA 8.12 | Skills: MongoDB, Java, TypeScript, Data Structures, Machine Learning, Node.js","{""name"": ""Vedika Biswas"", ""email"": ""vedika.biswas71@example.com"", ""cgpa"": 8.12, ""skills"": [""MongoDB"", ""Java"", ""TypeScript"", ""Data Structures"", ""Machine Learning"", ""Node.js""], ""projects"": [""Placement Analytics Dashboard"", ""Chatbot Assistant"", ""Placement Analytics Dashboard""]}",2026-08-09T17:58:27.296547
72,72,/resumes/72_jeremiah.pdf,"Jeremiah Dave | CSE | CGPA 9.55 | Skills: Git, SQL, React","{""name"": ""Jeremiah Dave"", ""email"": ""jeremiah.dave72@example.com"", ""cgpa"": 9.55, ""skills"": [""Git"", ""SQL"", ""React""], ""projects"": [""E-commerce Recommender"", ""AI Resume Screener"", ""Campus Event App""]}",2026-08-03T13:58:27.296560
73,73,/resumes/73_vaishnavi.pdf,"Vaishnavi Gandhi | MECH | CGPA 6.62 | Skills: React, Django, Docker, AWS","{""name"": ""Vaishnavi Gandhi"", ""email"": ""vaishnavi.gandhi73@example.com"", ""cgpa"": 6.62, ""skills"": [""React"", ""Django"", ""Docker"", ""AWS""], ""projects"": [""E-commerce Recommender"", ""AI Resume Screener""]}",2026-08-02T08:58:27.296577
74,74,/resumes/74_alka.pdf,"Alka Wable | IT | CGPA 8.87 | Skills: Python, C++, Django","{""name"": ""Alka Wable"", ""email"": ""alka.wable74@example.com"", ""cgpa"": 8.87, ""skills"": [""Python"", ""C++"", ""Django""], ""projects"": [""Attendance Tracker""]}",2026-06-26T08:58:27.296590
75,75,/resumes/75_pallavi.pdf,"Pallavi Kakar | CSE | CGPA 9.15 | Skills: SQL, Java, Git, Node.js, TensorFlow","{""name"": ""Pallavi Kakar"", ""email"": ""pallavi.kakar75@example.com"", ""cgpa"": 9.15, ""skills"": [""SQL"", ""Java"", ""Git"", ""Node.js"", ""TensorFlow""], ""projects"": [""Attendance Tracker"", ""IoT Smart Campus"", ""Weather Prediction Model""]}",2026-06-30T01:58:27.296607
76,76,/resumes/76_sai.pdf,"Sai Muni | CIVIL | CGPA 6.99 | Skills: Kubernetes, Node.js, AWS, Django, HTML/CSS, Machine Learning, TensorFlow, Git","{""name"": ""Sai Muni"", ""email"": ""sai.muni76@example.com"", ""cgpa"": 6.99, ""skills"": [""Kubernetes"", ""Node.js"", ""AWS"", ""Django"", ""HTML/CSS"", ""Machine Learning"", ""TensorFlow"", ""Git""], ""projects"": [""Placement Analytics Dashboard""]}",2026-07-08T18:58:27.296621
77,77,/resumes/77_mohini.pdf,"Mohini Prakash | CSE | CGPA 6.7 | Skills: PostgreSQL, REST APIs, Java, C++, Machine Learning, Docker","{""name"": ""Mohini Prakash"", ""email"": ""mohini.prakash77@example.com"", ""cgpa"": 6.7, ""skills"": [""PostgreSQL"", ""REST APIs"", ""Java"", ""C++"", ""Machine Learning"", ""Docker""], ""projects"": [""IoT Smart Campus"", ""AI Resume Screener""]}",2026-08-09T11:58:27.296634
78,78,/resumes/78_raksha.pdf,"Raksha Varughese | EEE | CGPA 9.36 | Skills: Docker, HTML/CSS, AWS","{""name"": ""Raksha Varughese"", ""email"": ""raksha.varughese78@example.com"", ""cgpa"": 9.36, ""skills"": [""Docker"", ""HTML/CSS"", ""AWS""], ""projects"": [""Weather Prediction Model"", ""Attendance Tracker""]}",2026-08-12T11:58:27.296650
79,79,/resumes/79_siya.pdf,"Siya Dara | CSE | CGPA 9.08 | Skills: TensorFlow, MongoDB, Algorithms, Docker, Machine Learning","{""name"": ""Siya Dara"", ""email"": ""siya.dara79@example.com"", ""cgpa"": 9.08, ""skills"": [""TensorFlow"", ""MongoDB"", ""Algorithms"", ""Docker"", ""Machine Learning""], ""projects"": [""IoT Smart Campus""]}",2026-07-25T06:58:27.296663
80,80,/resumes/80_yug.pdf,"Yug Kar | ECE | CGPA 6.98 | Skills: Machine Learning, Java, REST APIs","{""name"": ""Yug Kar"", ""email"": ""yug.kar80@example.com"", ""cgpa"": 6.98, ""skills"": [""Machine Learning"", ""Java"", ""REST APIs""], ""projects"": [""AI Resume Screener"", ""IoT Smart Campus"", ""Campus Event App""]}",2026-07-22T17:58:27.296677
81,81,/resumes/81_devansh.pdf,"Devansh Nigam | MECH | CGPA 7.3 | Skills: Node.js, SQL, Flask, TypeScript","{""name"": ""Devansh Nigam"", ""email"": ""devansh.nigam81@example.com"", ""cgpa"": 7.3, ""skills"": [""Node.js"", ""SQL"", ""Flask"", ""TypeScript""], ""projects"": [""Weather Prediction Model"", ""AI Resume Screener""]}",2026-07-27T10:58:27.296690
82,82,/resumes/82_ansh.pdf,"Ansh Karpe | IT | CGPA 6.02 | Skills: TensorFlow, Docker, AWS, Node.js","{""name"": ""Ansh Karpe"", ""email"": ""ansh.karpe82@example.com"", ""cgpa"": 6.02, ""skills"": [""TensorFlow"", ""Docker"", ""AWS"", ""Node.js""], ""projects"": [""Attendance Tracker"", ""Chatbot Assistant"", ""Campus Event App""]}",2026-07-05T21:58:27.296704
83,83,/resumes/83_thomas.pdf,"Thomas Amble | EEE | CGPA 6.69 | Skills: HTML/CSS, AWS, TensorFlow, Python, Spring Boot, TypeScript, React, Django","{""name"": ""Thomas Amble"", ""email"": ""thomas.amble83@example.com"", ""cgpa"": 6.69, ""skills"": [""HTML/CSS"", ""AWS"", ""TensorFlow"", ""Python"", ""Spring Boot"", ""TypeScript"", ""React"", ""Django""], ""projects"": [""Weather Prediction Model""]}",2026-08-12T14:58:27.296716
84,84,/resumes/84_ekavir.pdf,"Ekavir Bhargava | MECH | CGPA 6.91 | Skills: System Design, Flask, Python, MongoDB","{""name"": ""Ekavir Bhargava"", ""email"": ""ekavir.bhargava84@example.com"", ""cgpa"": 6.91, ""skills"": [""System Design"", ""Flask"", ""Python"", ""MongoDB""], ""projects"": [""Placement Analytics Dashboard"", ""Library Management Portal"", ""E-commerce Recommender""]}",2026-07-04T13:58:27.296729
85,85,/resumes/85_veer.pdf,"Veer Bir | CIVIL | CGPA 8.09 | Skills: React, Algorithms, HTML/CSS, Node.js","{""name"": ""Veer Bir"", ""email"": ""veer.bir85@example.com"", ""cgpa"": 8.09, ""skills"": [""React"", ""Algorithms"", ""HTML/CSS"", ""Node.js""], ""projects"": [""Placement Analytics Dashboard"", ""Library Management Portal"", ""Fraud Detection System""]}",2026-07-14T10:58:27.296743
86,86,/resumes/86_azad.pdf,"Azad Narayanan | CIVIL | CGPA 9.67 | Skills: HTML/CSS, React, SQL, MongoDB, AWS, C++, System Design","{""name"": ""Azad Narayanan"", ""email"": ""azad.narayanan86@example.com"", ""cgpa"": 9.67, ""skills"": [""HTML/CSS"", ""React"", ""SQL"", ""MongoDB"", ""AWS"", ""C++"", ""System Design""], ""projects"": [""Weather Prediction Model"", ""Attendance Tracker""]}",2026-07-28T01:58:27.296757
87,87,/resumes/87_ekavir.pdf,"Ekavir Varkey | CIVIL | CGPA 6.39 | Skills: Spring Boot, Kubernetes, JavaScript, REST APIs","{""name"": ""Ekavir Varkey"", ""email"": ""ekavir.varkey87@example.com"", ""cgpa"": 6.39, ""skills"": [""Spring Boot"", ""Kubernetes"", ""JavaScript"", ""REST APIs""], ""projects"": [""E-commerce Recommender"", ""Campus Event App"", ""IoT Smart Campus""]}",2026-08-20T10:58:27.296770
88,88,/resumes/88_wazir.pdf,"Wazir Mallick | ECE | CGPA 8.49 | Skills: Flask, TypeScript, TensorFlow, Node.js, Docker","{""name"": ""Wazir Mallick"", ""email"": ""wazir.mallick88@example.com"", ""cgpa"": 8.49, ""skills"": [""Flask"", ""TypeScript"", ""TensorFlow"", ""Node.js"", ""Docker""], ""projects"": [""E-commerce Recommender"", ""Weather Prediction Model"", ""AI Resume Screener""]}",2026-06-30T13:58:27.296784
89,89,/resumes/89_vedika.pdf,"Vedika Kala | ECE | CGPA 7.34 | Skills: TensorFlow, Docker, Spring Boot, Java, Node.js, Algorithms, Flask, SQL","{""name"": ""Vedika Kala"", ""email"": ""vedika.kala89@example.com"", ""cgpa"": 7.34, ""skills"": [""TensorFlow"", ""Docker"", ""Spring Boot"", ""Java"", ""Node.js"", ""Algorithms"", ""Flask"", ""SQL""], ""projects"": [""IoT Smart Campus""]}",2026-07-03T17:58:27.296798
90,90,/resumes/90_kevin.pdf,"Kevin Solanki | CIVIL | CGPA 7.39 | Skills: C++, HTML/CSS, TypeScript, JavaScript, Algorithms, Git, Python, Machine Learning","{""name"": ""Kevin Solanki"", ""email"": ""kevin.solanki90@example.com"", ""cgpa"": 7.39, ""skills"": [""C++"", ""HTML/CSS"", ""TypeScript"", ""JavaScript"", ""Algorithms"", ""Git"", ""Python"", ""Machine Learning""], ""projects"": [""Attendance Tracker"", ""IoT Smart Campus""]}",2026-06-23T12:58:27.296812
91,91,/resumes/91_xavier.pdf,"Xavier Solanki | MECH | CGPA 8.27 | Skills: Git, Kubernetes, Node.js, HTML/CSS, REST APIs, Docker","{""name"": ""Xavier Solanki"", ""email"": ""xavier.solanki91@example.com"", ""cgpa"": 8.27, ""skills"": [""Git"", ""Kubernetes"", ""Node.js"", ""HTML/CSS"", ""REST APIs"", ""Docker""], ""projects"": [""Chatbot Assistant"", ""E-commerce Recommender""]}",2026-08-13T06:58:27.296825
92,92,/resumes/92_niharika.pdf,"Niharika Gupta | MECH | CGPA 6.45 | Skills: TypeScript, Flask, Node.js, Git, C++, Java, Data Structures, Python","{""name"": ""Niharika Gupta"", ""email"": ""niharika.gupta92@example.com"", ""cgpa"": 6.45, ""skills"": [""TypeScript"", ""Flask"", ""Node.js"", ""Git"", ""C++"", ""Java"", ""Data Structures"", ""Python""], ""projects"": [""E-commerce Recommender"", ""Chatbot Assistant"", ""Attendance Tracker""]}",2026-07-03T11:58:27.296839
93,93,/resumes/93_girindra.pdf,"Girindra Chatterjee | MECH | CGPA 7.49 | Skills: C++, PostgreSQL, Spring Boot, Algorithms, System Design, REST APIs, Python, Kubernetes","{""name"": ""Girindra Chatterjee"", ""email"": ""girindra.chatterjee93@example.com"", ""cgpa"": 7.49, ""skills"": [""C++"", ""PostgreSQL"", ""Spring Boot"", ""Algorithms"", ""System Design"", ""REST APIs"", ""Python"", ""Kubernetes""], ""projects"": [""Chatbot Assistant"", ""Campus Event App""]}",2026-08-04T09:58:27.296852
94,94,/resumes/94_raagini.pdf,"Raagini Pandya | CIVIL | CGPA 9.82 | Skills: Kubernetes, HTML/CSS, PostgreSQL, Spring Boot","{""name"": ""Raagini Pandya"", ""email"": ""raagini.pandya94@example.com"", ""cgpa"": 9.82, ""skills"": [""Kubernetes"", ""HTML/CSS"", ""PostgreSQL"", ""Spring Boot""], ""projects"": [""Fraud Detection System"", ""Placement Analytics Dashboard"", ""Campus Event App""]}",2026-06-21T17:58:27.296868
95,95,/resumes/95_pallavi.pdf,"Pallavi Roy | CSE | CGPA 8.49 | Skills: SQL, Java, Docker, TensorFlow","{""name"": ""Pallavi Roy"", ""email"": ""pallavi.roy95@example.com"", ""cgpa"": 8.49, ""skills"": [""SQL"", ""Java"", ""Docker"", ""TensorFlow""], ""projects"": [""Library Management Portal"", ""IoT Smart Campus""]}",2026-07-14T13:58:27.296881
96,96,/resumes/96_unni.pdf,"Unni Bhagat | CSE | CGPA 6.51 | Skills: Python, Kubernetes, C++, Data Structures, TypeScript","{""name"": ""Unni Bhagat"", ""email"": ""unni.bhagat96@example.com"", ""cgpa"": 6.51, ""skills"": [""Python"", ""Kubernetes"", ""C++"", ""Data Structures"", ""TypeScript""], ""projects"": [""AI Resume Screener""]}",2026-07-02T13:58:27.296893
97,97,/resumes/97_guneet.pdf,"Guneet Bhat | CSE | CGPA 7.64 | Skills: Node.js, JavaScript, Data Structures, C++","{""name"": ""Guneet Bhat"", ""email"": ""guneet.bhat97@example.com"", ""cgpa"": 7.64, ""skills"": [""Node.js"", ""JavaScript"", ""Data Structures"", ""C++""], ""projects"": [""Library Management Portal"", ""AI Resume Screener"", ""Weather Prediction Model""]}",2026-07-02T10:58:27.296923
98,98,/resumes/98_neha.pdf,"Neha Nori | CIVIL | CGPA 8.33 | Skills: REST APIs, TypeScript, Machine Learning, C++, PostgreSQL, Docker","{""name"": ""Neha Nori"", ""email"": ""neha.nori98@example.com"", ""cgpa"": 8.33, ""skills"": [""REST APIs"", ""TypeScript"", ""Machine Learning"", ""C++"", ""PostgreSQL"", ""Docker""], ""projects"": [""Weather Prediction Model"", ""Placement Analytics Dashboard"", ""Library Management Portal""]}",2026-07-17T14:58:27.296938
99,99,/resumes/99_ikbal.pdf,"Ikbal Kothari | CSE | CGPA 6.6 | Skills: Machine Learning, Git, Flask","{""name"": ""Ikbal Kothari"", ""email"": ""ikbal.kothari99@example.com"", ""cgpa"": 6.6, ""skills"": [""Machine Learning"", ""Git"", ""Flask""], ""projects"": [""Library Management Portal"", ""Attendance Tracker""]}",2026-06-30T03:58:27.296951
100,100,/resumes/100_rehaan.pdf,"Rehaan Gupta | CIVIL | CGPA 6.48 | Skills: HTML/CSS, TypeScript, SQL, C++","{""name"": ""Rehaan Gupta"", ""email"": ""rehaan.gupta100@example.com"", ""cgpa"": 6.48, ""skills"": [""HTML/CSS"", ""TypeScript"", ""SQL"", ""C++""], ""projects"": [""E-commerce Recommender"", ""Chatbot Assistant"", ""AI Resume Screener""]}",2026-06-27T15:58:27.296965
101,101,/resumes/101_saumya.pdf,"Saumya Dey | CSE | CGPA 8.01 | Skills: PostgreSQL, Java, Docker, MongoDB","{""name"": ""Saumya Dey"", ""email"": ""saumya.dey101@example.com"", ""cgpa"": 8.01, ""skills"": [""PostgreSQL"", ""Java"", ""Docker"", ""MongoDB""], ""projects"": [""E-commerce Recommender"", ""Attendance Tracker"", ""Library Management Portal""]}",2026-08-16T07:58:27.296979
102,102,/resumes/102_pahal.pdf,"Pahal Goswami | MECH | CGPA 7.59 | Skills: REST APIs, Data Structures, C++, Docker","{""name"": ""Pahal Goswami"", ""email"": ""pahal.goswami102@example.com"", ""cgpa"": 7.59, ""skills"": [""REST APIs"", ""Data Structures"", ""C++"", ""Docker""], ""projects"": [""E-commerce Recommender"", ""Fraud Detection System""]}",2026-08-12T22:58:27.296991
103,103,/resumes/103_arya.pdf,"Arya Shere | CIVIL | CGPA 8.9 | Skills: TypeScript, System Design, React, SQL, Git, Node.js, TensorFlow","{""name"": ""Arya Shere"", ""email"": ""arya.shere103@example.com"", ""cgpa"": 8.9, ""skills"": [""TypeScript"", ""System Design"", ""React"", ""SQL"", ""Git"", ""Node.js"", ""TensorFlow""], ""projects"": [""Attendance Tracker""]}",2026-07-03T19:58:27.297005
104,104,/resumes/104_zaid.pdf,"Zaid Borra | IT | CGPA 9.58 | Skills: JavaScript, React, System Design, Machine Learning","{""name"": ""Zaid Borra"", ""email"": ""zaid.borra104@example.com"", ""cgpa"": 9.58, ""skills"": [""JavaScript"", ""React"", ""System Design"", ""Machine Learning""], ""projects"": [""AI Resume Screener"", ""Fraud Detection System"", ""Library Management Portal""]}",2026-06-24T23:58:27.297022
105,105,/resumes/105_saanvi.pdf,"Saanvi Chaudhari | CIVIL | CGPA 7.53 | Skills: Docker, PostgreSQL, Algorithms, Machine Learning, MongoDB, Git, Python","{""name"": ""Saanvi Chaudhari"", ""email"": ""saanvi.chaudhari105@example.com"", ""cgpa"": 7.53, ""skills"": [""Docker"", ""PostgreSQL"", ""Algorithms"", ""Machine Learning"", ""MongoDB"", ""Git"", ""Python""], ""projects"": [""Attendance Tracker""]}",2026-06-30T08:58:27.297036
106,106,/resumes/106_chandresh.pdf,"Chandresh Zachariah | ECE | CGPA 7.85 | Skills: TensorFlow, SQL, Data Structures, PostgreSQL","{""name"": ""Chandresh Zachariah"", ""email"": ""chandresh.zachariah106@example.com"", ""cgpa"": 7.85, ""skills"": [""TensorFlow"", ""SQL"", ""Data Structures"", ""PostgreSQL""], ""projects"": [""Fraud Detection System"", ""Fraud Detection System"", ""Campus Event App""]}",2026-08-02T03:58:27.297050
107,107,/resumes/107_alexander.pdf,"Alexander Chander | ECE | CGPA 6.79 | Skills: REST APIs, TensorFlow, System Design, Spring Boot, Java, Node.js, Machine Learning, Docker","{""name"": ""Alexander Chander"", ""email"": ""alexander.chander107@example.com"", ""cgpa"": 6.79, ""skills"": [""REST APIs"", ""TensorFlow"", ""System Design"", ""Spring Boot"", ""Java"", ""Node.js"", ""Machine Learning"", ""Docker""], ""projects"": [""Campus Event App""]}",2026-07-22T09:58:27.297065
108,108,/resumes/108_warjas.pdf,"Warjas Ganesan | IT | CGPA 6.18 | Skills: Spring Boot, REST APIs, Machine Learning","{""name"": ""Warjas Ganesan"", ""email"": ""warjas.ganesan108@example.com"", ""cgpa"": 6.18, ""skills"": [""Spring Boot"", ""REST APIs"", ""Machine Learning""], ""projects"": [""Campus Event App"", ""Fraud Detection System"", ""IoT Smart Campus""]}",2026-08-06T12:58:27.297078
109,109,/resumes/109_niharika.pdf,"Niharika Sunder | EEE | CGPA 7.37 | Skills: Data Structures, Machine Learning, REST APIs, HTML/CSS, TypeScript","{""name"": ""Niharika Sunder"", ""email"": ""niharika.sunder109@example.com"", ""cgpa"": 7.37, ""skills"": [""Data Structures"", ""Machine Learning"", ""REST APIs"", ""HTML/CSS"", ""TypeScript""], ""projects"": [""Attendance Tracker"", ""Placement Analytics Dashboard"", ""IoT Smart Campus""]}",2026-07-17T15:58:27.297092
110,110,/resumes/110_vasana.pdf,"Vasana Kala | MECH | CGPA 9.25 | Skills: Machine Learning, Spring Boot, Kubernetes, System Design, JavaScript","{""name"": ""Vasana Kala"", ""email"": ""vasana.kala110@example.com"", ""cgpa"": 9.25, ""skills"": [""Machine Learning"", ""Spring Boot"", ""Kubernetes"", ""System Design"", ""JavaScript""], ""projects"": [""IoT Smart Campus"", ""Placement Analytics Dashboard"", ""Placement Analytics Dashboard""]}",2026-08-03T17:58:27.297108
111,111,/resumes/111_nandini.pdf,"Nandini Bhargava | EEE | CGPA 9.46 | Skills: REST APIs, MongoDB, AWS, Java, HTML/CSS, Node.js, C++, Data Structures","{""name"": ""Nandini Bhargava"", ""email"": ""nandini.bhargava111@example.com"", ""cgpa"": 9.46, ""skills"": [""REST APIs"", ""MongoDB"", ""AWS"", ""Java"", ""HTML/CSS"", ""Node.js"", ""C++"", ""Data Structures""], ""projects"": [""Weather Prediction Model"", ""AI Resume Screener""]}",2026-07-18T10:58:27.297121
112,112,/resumes/112_nitesh.pdf,"Nitesh Raghavan | EEE | CGPA 6.84 | Skills: Java, Flask, Git, AWS","{""name"": ""Nitesh Raghavan"", ""email"": ""nitesh.raghavan112@example.com"", ""cgpa"": 6.84, ""skills"": [""Java"", ""Flask"", ""Git"", ""AWS""], ""projects"": [""Library Management Portal"", ""Chatbot Assistant"", ""Placement Analytics Dashboard""]}",2026-08-20T12:58:27.297135
113,113,/resumes/113_aarnav.pdf,"Aarnav Ramakrishnan | IT | CGPA 7.96 | Skills: Docker, JavaScript, SQL, Python, Flask, AWS, REST APIs","{""name"": ""Aarnav Ramakrishnan"", ""email"": ""aarnav.ramakrishnan113@example.com"", ""cgpa"": 7.96, ""skills"": [""Docker"", ""JavaScript"", ""SQL"", ""Python"", ""Flask"", ""AWS"", ""REST APIs""], ""projects"": [""Placement Analytics Dashboard"", ""Weather Prediction Model"", ""Library Management Portal""]}",2026-08-14T20:58:27.297149
114,114,/resumes/114_alka.pdf,"Alka Sha | ECE | CGPA 7.46 | Skills: Node.js, Machine Learning, Spring Boot, HTML/CSS, C++","{""name"": ""Alka Sha"", ""email"": ""alka.sha114@example.com"", ""cgpa"": 7.46, ""skills"": [""Node.js"", ""Machine Learning"", ""Spring Boot"", ""HTML/CSS"", ""C++""], ""projects"": [""Weather Prediction Model"", ""Chatbot Assistant""]}",2026-08-03T10:58:27.297163
115,115,/resumes/115_bhavika.pdf,"Bhavika Sampath | EEE | CGPA 7.32 | Skills: Django, Flask, JavaScript, HTML/CSS, Spring Boot, Machine Learning, Kubernetes","{""name"": ""Bhavika Sampath"", ""email"": ""bhavika.sampath115@example.com"", ""cgpa"": 7.32, ""skills"": [""Django"", ""Flask"", ""JavaScript"", ""HTML/CSS"", ""Spring Boot"", ""Machine Learning"", ""Kubernetes""], ""projects"": [""Placement Analytics Dashboard""]}",2026-07-20T00:58:27.297176
116,116,/resumes/116_vidhi.pdf,"Vidhi Dubey | MECH | CGPA 7.9 | Skills: Flask, Machine Learning, System Design","{""name"": ""Vidhi Dubey"", ""email"": ""vidhi.dubey116@example.com"", ""cgpa"": 7.9, ""skills"": [""Flask"", ""Machine Learning"", ""System Design""], ""projects"": [""Weather Prediction Model"", ""Attendance Tracker"", ""Campus Event App""]}",2026-08-12T13:58:27.297190
117,117,/resumes/117_ranveer.pdf,"Ranveer Minhas | EEE | CGPA 5.88 | Skills: AWS, Git, Machine Learning, Django, HTML/CSS, Data Structures","{""name"": ""Ranveer Minhas"", ""email"": ""ranveer.minhas117@example.com"", ""cgpa"": 5.88, ""skills"": [""AWS"", ""Git"", ""Machine Learning"", ""Django"", ""HTML/CSS"", ""Data Structures""], ""projects"": [""AI Resume Screener"", ""AI Resume Screener""]}",2026-06-24T06:58:27.297206
118,118,/resumes/118_teerth.pdf,"Teerth Bhardwaj | ECE | CGPA 7.21 | Skills: TypeScript, AWS, PostgreSQL, JavaScript, System Design, Data Structures, TensorFlow","{""name"": ""Teerth Bhardwaj"", ""email"": ""teerth.bhardwaj118@example.com"", ""cgpa"": 7.21, ""skills"": [""TypeScript"", ""AWS"", ""PostgreSQL"", ""JavaScript"", ""System Design"", ""Data Structures"", ""TensorFlow""], ""projects"": [""Weather Prediction Model""]}",2026-08-20T06:58:27.297219
119,119,/resumes/119_darsh.pdf,"Darsh Murthy | EEE | CGPA 7.21 | Skills: JavaScript, HTML/CSS, Data Structures, Django, React","{""name"": ""Darsh Murthy"", ""email"": ""darsh.murthy119@example.com"", ""cgpa"": 7.21, ""skills"": [""JavaScript"", ""HTML/CSS"", ""Data Structures"", ""Django"", ""React""], ""projects"": [""Chatbot Assistant""]}",2026-07-25T01:58:27.297232
120,120,/resumes/120_dakshesh.pdf,"Dakshesh Bedi | CSE | CGPA 7.62 | Skills: Algorithms, TypeScript, React, Python, REST APIs, Data Structures, Machine Learning, Kubernetes","{""name"": ""Dakshesh Bedi"", ""email"": ""dakshesh.bedi120@example.com"", ""cgpa"": 7.62, ""skills"": [""Algorithms"", ""TypeScript"", ""React"", ""Python"", ""REST APIs"", ""Data Structures"", ""Machine Learning"", ""Kubernetes""], ""projects"": [""AI Resume Screener"", ""Attendance Tracker""]}",2026-08-12T02:58:27.297245
121,121,/resumes/121_vansha.pdf,"Vansha Thakkar | CSE | CGPA 5.81 | Skills: PostgreSQL, JavaScript, REST APIs, AWS, MongoDB, Data Structures, Node.js, Spring Boot","{""name"": ""Vansha Thakkar"", ""email"": ""vansha.thakkar121@example.com"", ""cgpa"": 5.81, ""skills"": [""PostgreSQL"", ""JavaScript"", ""REST APIs"", ""AWS"", ""MongoDB"", ""Data Structures"", ""Node.js"", ""Spring Boot""], ""projects"": [""Chatbot Assistant"", ""Attendance Tracker""]}",2026-07-11T04:58:27.297258
122,122,/resumes/122_nakul.pdf,"Nakul Bhandari | IT | CGPA 6.4 | Skills: C++, Flask, AWS, HTML/CSS, Data Structures, Kubernetes, Algorithms, TypeScript","{""name"": ""Nakul Bhandari"", ""email"": ""nakul.bhandari122@example.com"", ""cgpa"": 6.4, ""skills"": [""C++"", ""Flask"", ""AWS"", ""HTML/CSS"", ""Data Structures"", ""Kubernetes"", ""Algorithms"", ""TypeScript""], ""projects"": [""Fraud Detection System""]}",2026-08-06T16:58:27.297271
123,123,/resumes/123_yashoda.pdf,"Yashoda Buch | IT | CGPA 8.51 | Skills: System Design, C++, REST APIs, Django, MongoDB, SQL, Docker","{""name"": ""Yashoda Buch"", ""email"": ""yashoda.buch123@example.com"", ""cgpa"": 8.51, ""skills"": [""System Design"", ""C++"", ""REST APIs"", ""Django"", ""MongoDB"", ""SQL"", ""Docker""], ""projects"": [""Library Management Portal"", ""AI Resume Screener""]}",2026-07-27T16:58:27.297284
124,124,/resumes/124_quincy.pdf,"Quincy Biswas | MECH | CGPA 8.95 | Skills: Kubernetes, TensorFlow, Git, React, Algorithms","{""name"": ""Quincy Biswas"", ""email"": ""quincy.biswas124@example.com"", ""cgpa"": 8.95, ""skills"": [""Kubernetes"", ""TensorFlow"", ""Git"", ""React"", ""Algorithms""], ""projects"": [""Placement Analytics Dashboard""]}",2026-06-25T15:58:27.297297
125,125,/resumes/125_ekansh.pdf,"Ekansh Keer | ECE | CGPA 9.0 | Skills: JavaScript, Java, Python, Git, Machine Learning","{""name"": ""Ekansh Keer"", ""email"": ""ekansh.keer125@example.com"", ""cgpa"": 9.0, ""skills"": [""JavaScript"", ""Java"", ""Python"", ""Git"", ""Machine Learning""], ""projects"": [""AI Resume Screener"", ""Placement Analytics Dashboard""]}",2026-06-30T10:58:27.297310
126,126,/resumes/126_netra.pdf,"Netra Dar | EEE | CGPA 9.68 | Skills: React, System Design, Kubernetes","{""name"": ""Netra Dar"", ""email"": ""netra.dar126@example.com"", ""cgpa"": 9.68, ""skills"": [""React"", ""System Design"", ""Kubernetes""], ""projects"": [""E-commerce Recommender"", ""Weather Prediction Model""]}",2026-07-21T08:58:27.297323
127,127,/resumes/127_yatin.pdf,"Yatin Baral | CIVIL | CGPA 6.39 | Skills: Docker, Python, Java, PostgreSQL, Django, AWS","{""name"": ""Yatin Baral"", ""email"": ""yatin.baral127@example.com"", ""cgpa"": 6.39, ""skills"": [""Docker"", ""Python"", ""Java"", ""PostgreSQL"", ""Django"", ""AWS""], ""projects"": [""Placement Analytics Dashboard""]}",2026-08-14T06:58:27.297336
128,128,/resumes/128_finn.pdf,"Finn Saini | MECH | CGPA 8.98 | Skills: Spring Boot, Flask, HTML/CSS, AWS, Data Structures, React, SQL, Docker","{""name"": ""Finn Saini"", ""email"": ""finn.saini128@example.com"", ""cgpa"": 8.98, ""skills"": [""Spring Boot"", ""Flask"", ""HTML/CSS"", ""AWS"", ""Data Structures"", ""React"", ""SQL"", ""Docker""], ""projects"": [""E-commerce Recommender"", ""Weather Prediction Model"", ""Fraud Detection System""]}",2026-08-15T04:58:27.297350
129,129,/resumes/129_diya.pdf,"Diya Lal | MECH | CGPA 8.05 | Skills: Spring Boot, MongoDB, System Design, HTML/CSS, Algorithms, Kubernetes","{""name"": ""Diya Lal"", ""email"": ""diya.lal129@example.com"", ""cgpa"": 8.05, ""skills"": [""Spring Boot"", ""MongoDB"", ""System Design"", ""HTML/CSS"", ""Algorithms"", ""Kubernetes""], ""projects"": [""Fraud Detection System"", ""Fraud Detection System""]}",2026-07-30T11:58:27.297367
130,130,/resumes/130_samarth.pdf,"Samarth Murthy | CSE | CGPA 5.81 | Skills: Python, Flask, HTML/CSS, React, Django, Spring Boot","{""name"": ""Samarth Murthy"", ""email"": ""samarth.murthy130@example.com"", ""cgpa"": 5.81, ""skills"": [""Python"", ""Flask"", ""HTML/CSS"", ""React"", ""Django"", ""Spring Boot""], ""projects"": [""Weather Prediction Model""]}",2026-07-13T03:58:27.297382
131,131,/resumes/131_william.pdf,"William Lanka | CIVIL | CGPA 5.97 | Skills: JavaScript, Machine Learning, PostgreSQL, System Design, Java, Spring Boot","{""name"": ""William Lanka"", ""email"": ""william.lanka131@example.com"", ""cgpa"": 5.97, ""skills"": [""JavaScript"", ""Machine Learning"", ""PostgreSQL"", ""System Design"", ""Java"", ""Spring Boot""], ""projects"": [""Fraud Detection System"", ""AI Resume Screener""]}",2026-08-14T02:58:27.297395
132,132,/resumes/132_meghana.pdf,"Meghana Deep | CIVIL | CGPA 7.46 | Skills: SQL, PostgreSQL, Machine Learning, REST APIs, React, Django","{""name"": ""Meghana Deep"", ""email"": ""meghana.deep132@example.com"", ""cgpa"": 7.46, ""skills"": [""SQL"", ""PostgreSQL"", ""Machine Learning"", ""REST APIs"", ""React"", ""Django""], ""projects"": [""Placement Analytics Dashboard"", ""IoT Smart Campus""]}",2026-06-23T11:58:27.297409
133,133,/resumes/133_charita.pdf,"Charita Shankar | EEE | CGPA 9.64 | Skills: System Design, HTML/CSS, React, Kubernetes, SQL, MongoDB, Spring Boot","{""name"": ""Charita Shankar"", ""email"": ""charita.shankar133@example.com"", ""cgpa"": 9.64, ""skills"": [""System Design"", ""HTML/CSS"", ""React"", ""Kubernetes"", ""SQL"", ""MongoDB"", ""Spring Boot""], ""projects"": [""Attendance Tracker"", ""AI Resume Screener""]}",2026-06-25T12:58:27.297422
134,134,/resumes/134_diya.pdf,"Diya Bora | IT | CGPA 8.17 | Skills: MongoDB, Django, AWS, HTML/CSS, Kubernetes","{""name"": ""Diya Bora"", ""email"": ""diya.bora134@example.com"", ""cgpa"": 8.17, ""skills"": [""MongoDB"", ""Django"", ""AWS"", ""HTML/CSS"", ""Kubernetes""], ""projects"": [""AI Resume Screener""]}",2026-07-14T09:58:27.297436
135,135,/resumes/135_aditya.pdf,"Aditya Shanker | MECH | CGPA 7.53 | Skills: HTML/CSS, REST APIs, Algorithms, Flask","{""name"": ""Aditya Shanker"", ""email"": ""aditya.shanker135@example.com"", ""cgpa"": 7.53, ""skills"": [""HTML/CSS"", ""REST APIs"", ""Algorithms"", ""Flask""], ""projects"": [""Fraud Detection System"", ""IoT Smart Campus"", ""Chatbot Assistant""]}",2026-08-10T00:58:27.297449
136,136,/resumes/136_harish.pdf,"Harish Borah | ECE | CGPA 7.01 | Skills: TypeScript, REST APIs, React, C++, MongoDB, JavaScript, SQL","{""name"": ""Harish Borah"", ""email"": ""harish.borah136@example.com"", ""cgpa"": 7.01, ""skills"": [""TypeScript"", ""REST APIs"", ""React"", ""C++"", ""MongoDB"", ""JavaScript"", ""SQL""], ""projects"": [""Fraud Detection System"", ""Campus Event App""]}",2026-07-19T03:58:27.297463
137,137,/resumes/137_tanay.pdf,"Tanay Toor | ECE | CGPA 7.1 | Skills: Node.js, Java, Data Structures","{""name"": ""Tanay Toor"", ""email"": ""tanay.toor137@example.com"", ""cgpa"": 7.1, ""skills"": [""Node.js"", ""Java"", ""Data Structures""], ""projects"": [""Placement Analytics Dashboard""]}",2026-07-14T08:58:27.297476
138,138,/resumes/138_alka.pdf,"Alka Deo | IT | CGPA 6.74 | Skills: SQL, Spring Boot, Java, Python, React, Node.js, Algorithms, AWS","{""name"": ""Alka Deo"", ""email"": ""alka.deo138@example.com"", ""cgpa"": 6.74, ""skills"": [""SQL"", ""Spring Boot"", ""Java"", ""Python"", ""React"", ""Node.js"", ""Algorithms"", ""AWS""], ""projects"": [""E-commerce Recommender""]}",2026-07-09T00:58:27.297489
139,139,/resumes/139_ikshita.pdf,"Ikshita Biswas | IT | CGPA 7.33 | Skills: Docker, Git, Machine Learning, Spring Boot, REST APIs, Kubernetes","{""name"": ""Ikshita Biswas"", ""email"": ""ikshita.biswas139@example.com"", ""cgpa"": 7.33, ""skills"": [""Docker"", ""Git"", ""Machine Learning"", ""Spring Boot"", ""REST APIs"", ""Kubernetes""], ""projects"": [""IoT Smart Campus"", ""Chatbot Assistant"", ""Fraud Detection System""]}",2026-08-11T16:58:27.297503
140,140,/resumes/140_yash.pdf,"Yash Pingle | CSE | CGPA 8.7 | Skills: TensorFlow, REST APIs, Spring Boot, Git, Node.js, Docker","{""name"": ""Yash Pingle"", ""email"": ""yash.pingle140@example.com"", ""cgpa"": 8.7, ""skills"": [""TensorFlow"", ""REST APIs"", ""Spring Boot"", ""Git"", ""Node.js"", ""Docker""], ""projects"": [""Campus Event App"", ""E-commerce Recommender"", ""Chatbot Assistant""]}",2026-07-09T04:58:27.297517
141,141,/resumes/141_bhavani.pdf,"Bhavani Dugar | CIVIL | CGPA 7.32 | Skills: Kubernetes, Git, Java","{""name"": ""Bhavani Dugar"", ""email"": ""bhavani.dugar141@example.com"", ""cgpa"": 7.32, ""skills"": [""Kubernetes"", ""Git"", ""Java""], ""projects"": [""Placement Analytics Dashboard"", ""Fraud Detection System""]}",2026-07-13T04:58:27.297529
142,142,/resumes/142_raksha.pdf,"Raksha Mittal | CIVIL | CGPA 7.99 | Skills: HTML/CSS, TypeScript, MongoDB","{""name"": ""Raksha Mittal"", ""email"": ""raksha.mittal142@example.com"", ""cgpa"": 7.99, ""skills"": [""HTML/CSS"", ""TypeScript"", ""MongoDB""], ""projects"": [""Campus Event App"", ""Attendance Tracker"", ""IoT Smart Campus""]}",2026-07-30T10:58:27.297542
143,143,/resumes/143_abhiram.pdf,"Abhiram Mistry | ECE | CGPA 8.66 | Skills: Algorithms, MongoDB, HTML/CSS, System Design, SQL, Kubernetes, Flask, REST APIs","{""name"": ""Abhiram Mistry"", ""email"": ""abhiram.mistry143@example.com"", ""cgpa"": 8.66, ""skills"": [""Algorithms"", ""MongoDB"", ""HTML/CSS"", ""System Design"", ""SQL"", ""Kubernetes"", ""Flask"", ""REST APIs""], ""projects"": [""Chatbot Assistant""]}",2026-08-03T22:58:27.297555
144,144,/resumes/144_hemang.pdf,"Hemang Desai | MECH | CGPA 6.37 | Skills: REST APIs, Spring Boot, Node.js, C++, HTML/CSS, Algorithms, Flask","{""name"": ""Hemang Desai"", ""email"": ""hemang.desai144@example.com"", ""cgpa"": 6.37, ""skills"": [""REST APIs"", ""Spring Boot"", ""Node.js"", ""C++"", ""HTML/CSS"", ""Algorithms"", ""Flask""], ""projects"": [""Attendance Tracker""]}",2026-07-10T02:58:27.297568
145,145,/resumes/145_aishani.pdf,"Aishani D’Alia | CIVIL | CGPA 6.47 | Skills: Flask, C++, Git, TypeScript, TensorFlow, JavaScript","{""name"": ""Aishani D\u2019Alia"", ""email"": ""aishani.d\u2019alia145@example.com"", ""cgpa"": 6.47, ""skills"": [""Flask"", ""C++"", ""Git"", ""TypeScript"", ""TensorFlow"", ""JavaScript""], ""projects"": [""Attendance Tracker""]}",2026-06-23T05:58:27.298024
146,146,/resumes/146_hredhaan.pdf,"Hredhaan Dugal | CSE | CGPA 7.86 | Skills: JavaScript, Python, SQL, Docker, Kubernetes, Java, PostgreSQL, HTML/CSS","{""name"": ""Hredhaan Dugal"", ""email"": ""hredhaan.dugal146@example.com"", ""cgpa"": 7.86, ""skills"": [""JavaScript"", ""Python"", ""SQL"", ""Docker"", ""Kubernetes"", ""Java"", ""PostgreSQL"", ""HTML/CSS""], ""projects"": [""Library Management Portal"", ""Chatbot Assistant"", ""Fraud Detection System""]}",2026-06-30T15:58:27.298082
147,147,/resumes/147_anita.pdf,"Anita Manda | CIVIL | CGPA 7.12 | Skills: AWS, Java, Flask, Git, Algorithms","{""name"": ""Anita Manda"", ""email"": ""anita.manda147@example.com"", ""cgpa"": 7.12, ""skills"": [""AWS"", ""Java"", ""Flask"", ""Git"", ""Algorithms""], ""projects"": [""E-commerce Recommender"", ""Chatbot Assistant""]}",2026-07-01T11:58:27.298116
148,148,/resumes/148_shivansh.pdf,"Shivansh Oza | ECE | CGPA 5.7 | Skills: Git, SQL, HTML/CSS, Flask, Python, Algorithms, AWS, Data Structures","{""name"": ""Shivansh Oza"", ""email"": ""shivansh.oza148@example.com"", ""cgpa"": 5.7, ""skills"": [""Git"", ""SQL"", ""HTML/CSS"", ""Flask"", ""Python"", ""Algorithms"", ""AWS"", ""Data Structures""], ""projects"": [""Library Management Portal""]}",2026-07-02T13:58:27.298143
149,149,/resumes/149_samar.pdf,"Samar Lalla | CSE | CGPA 8.37 | Skills: Spring Boot, Kubernetes, SQL, Machine Learning, System Design, Django, TensorFlow, TypeScript","{""name"": ""Samar Lalla"", ""email"": ""samar.lalla149@example.com"", ""cgpa"": 8.37, ""skills"": [""Spring Boot"", ""Kubernetes"", ""SQL"", ""Machine Learning"", ""System Design"", ""Django"", ""TensorFlow"", ""TypeScript""], ""projects"": [""Attendance Tracker""]}",2026-06-27T09:58:27.298170
150,150,/resumes/150_yashasvi.pdf,"Yashasvi Suresh | IT | CGPA 7.61 | Skills: TypeScript, TensorFlow, SQL, Git, JavaScript, HTML/CSS, MongoDB, React","{""name"": ""Yashasvi Suresh"", ""email"": ""yashasvi.suresh150@example.com"", ""cgpa"": 7.61, ""skills"": [""TypeScript"", ""TensorFlow"", ""SQL"", ""Git"", ""JavaScript"", ""HTML/CSS"", ""MongoDB"", ""React""], ""projects"": [""Attendance Tracker""]}",2026-07-02T17:58:27.298200
151,151,/resumes/151_zayan.pdf,"Zayan Behl | CSE | CGPA 9.38 | Skills: Node.js, HTML/CSS, TensorFlow, Spring Boot, React, SQL, Docker","{""name"": ""Zayan Behl"", ""email"": ""zayan.behl151@example.com"", ""cgpa"": 9.38, ""skills"": [""Node.js"", ""HTML/CSS"", ""TensorFlow"", ""Spring Boot"", ""React"", ""SQL"", ""Docker""], ""projects"": [""Library Management Portal"", ""Attendance Tracker"", ""Library Management Portal""]}",2026-08-12T03:58:27.298226
152,152,/resumes/152_george.pdf,"George Sampath | IT | CGPA 8.1 | Skills: Flask, Machine Learning, Docker, Algorithms, Data Structures, Git, React, PostgreSQL","{""name"": ""George Sampath"", ""email"": ""george.sampath152@example.com"", ""cgpa"": 8.1, ""skills"": [""Flask"", ""Machine Learning"", ""Docker"", ""Algorithms"", ""Data Structures"", ""Git"", ""React"", ""PostgreSQL""], ""projects"": [""Weather Prediction Model"", ""Weather Prediction Model"", ""Placement Analytics Dashboard""]}",2026-08-12T01:58:27.298251
153,153,/resumes/153_aradhana.pdf,"Aradhana Basu | IT | CGPA 9.77 | Skills: Django, System Design, HTML/CSS, Data Structures","{""name"": ""Aradhana Basu"", ""email"": ""aradhana.basu153@example.com"", ""cgpa"": 9.77, ""skills"": [""Django"", ""System Design"", ""HTML/CSS"", ""Data Structures""], ""projects"": [""AI Resume Screener"", ""Placement Analytics Dashboard""]}",2026-07-23T14:58:27.298274
154,154,/resumes/154_aarush.pdf,"Aarush Nath | MECH | CGPA 7.37 | Skills: HTML/CSS, JavaScript, Algorithms, SQL, AWS, PostgreSQL, REST APIs","{""name"": ""Aarush Nath"", ""email"": ""aarush.nath154@example.com"", ""cgpa"": 7.37, ""skills"": [""HTML/CSS"", ""JavaScript"", ""Algorithms"", ""SQL"", ""AWS"", ""PostgreSQL"", ""REST APIs""], ""projects"": [""Campus Event App"", ""Library Management Portal"", ""Fraud Detection System""]}",2026-07-01T22:58:27.298298
155,155,/resumes/155_kalpit.pdf,"Kalpit Lala | ECE | CGPA 7.21 | Skills: SQL, Python, Docker, React, Java, System Design, Django","{""name"": ""Kalpit Lala"", ""email"": ""kalpit.lala155@example.com"", ""cgpa"": 7.21, ""skills"": [""SQL"", ""Python"", ""Docker"", ""React"", ""Java"", ""System Design"", ""Django""], ""projects"": [""Placement Analytics Dashboard"", ""Attendance Tracker""]}",2026-06-30T11:58:27.298353
156,156,/resumes/156_neel.pdf,"Neel Sathe | MECH | CGPA 6.87 | Skills: PostgreSQL, Java, AWS, Git","{""name"": ""Neel Sathe"", ""email"": ""neel.sathe156@example.com"", ""cgpa"": 6.87, ""skills"": [""PostgreSQL"", ""Java"", ""AWS"", ""Git""], ""projects"": [""Attendance Tracker"", ""Campus Event App""]}",2026-08-13T19:58:27.298382
157,157,/resumes/157_prisha.pdf,"Prisha Andra | ECE | CGPA 8.93 | Skills: JavaScript, PostgreSQL, Docker, Flask, MongoDB, Data Structures, Java, TypeScript","{""name"": ""Prisha Andra"", ""email"": ""prisha.andra157@example.com"", ""cgpa"": 8.93, ""skills"": [""JavaScript"", ""PostgreSQL"", ""Docker"", ""Flask"", ""MongoDB"", ""Data Structures"", ""Java"", ""TypeScript""], ""projects"": [""Attendance Tracker"", ""Attendance Tracker""]}",2026-07-24T14:58:27.298407
158,158,/resumes/158_isaac.pdf,"Isaac Borra | IT | CGPA 6.58 | Skills: Git, Flask, JavaScript, TypeScript, AWS, TensorFlow, PostgreSQL","{""name"": ""Isaac Borra"", ""email"": ""isaac.borra158@example.com"", ""cgpa"": 6.58, ""skills"": [""Git"", ""Flask"", ""JavaScript"", ""TypeScript"", ""AWS"", ""TensorFlow"", ""PostgreSQL""], ""projects"": [""E-commerce Recommender""]}",2026-08-04T09:58:27.298430
159,159,/resumes/159_manthan.pdf,"Manthan Banik | CSE | CGPA 8.6 | Skills: Node.js, Spring Boot, MongoDB, SQL","{""name"": ""Manthan Banik"", ""email"": ""manthan.banik159@example.com"", ""cgpa"": 8.6, ""skills"": [""Node.js"", ""Spring Boot"", ""MongoDB"", ""SQL""], ""projects"": [""Campus Event App""]}",2026-08-16T03:58:27.298453
160,160,/resumes/160_kala.pdf,"Kala Divan | CSE | CGPA 6.77 | Skills: Machine Learning, React, Node.js, TensorFlow, Spring Boot, Python, Algorithms","{""name"": ""Kala Divan"", ""email"": ""kala.divan160@example.com"", ""cgpa"": 6.77, ""skills"": [""Machine Learning"", ""React"", ""Node.js"", ""TensorFlow"", ""Spring Boot"", ""Python"", ""Algorithms""], ""projects"": [""AI Resume Screener"", ""Attendance Tracker""]}",2026-08-13T08:58:27.298475
161,161,/resumes/161_qushi.pdf,"Qushi Datta | MECH | CGPA 6.69 | Skills: System Design, TypeScript, Data Structures, REST APIs, TensorFlow, PostgreSQL, AWS, C++","{""name"": ""Qushi Datta"", ""email"": ""qushi.datta161@example.com"", ""cgpa"": 6.69, ""skills"": [""System Design"", ""TypeScript"", ""Data Structures"", ""REST APIs"", ""TensorFlow"", ""PostgreSQL"", ""AWS"", ""C++""], ""projects"": [""Attendance Tracker"", ""Chatbot Assistant""]}",2026-07-03T01:58:27.298500
162,162,/resumes/162_benjamin.pdf,"Benjamin Morar | IT | CGPA 6.39 | Skills: PostgreSQL, Spring Boot, Docker, C++, AWS, Flask","{""name"": ""Benjamin Morar"", ""email"": ""benjamin.morar162@example.com"", ""cgpa"": 6.39, ""skills"": [""PostgreSQL"", ""Spring Boot"", ""Docker"", ""C++"", ""AWS"", ""Flask""], ""projects"": [""IoT Smart Campus"", ""Weather Prediction Model"", ""AI Resume Screener""]}",2026-07-30T03:58:27.298523
163,163,/resumes/163_janya.pdf,"Janya Baral | CSE | CGPA 6.7 | Skills: MongoDB, REST APIs, PostgreSQL, JavaScript, Python, SQL, AWS","{""name"": ""Janya Baral"", ""email"": ""janya.baral163@example.com"", ""cgpa"": 6.7, ""skills"": [""MongoDB"", ""REST APIs"", ""PostgreSQL"", ""JavaScript"", ""Python"", ""SQL"", ""AWS""], ""projects"": [""Campus Event App""]}",2026-07-21T00:58:27.298547
164,164,/resumes/164_ishita.pdf,"Ishita Kade | ECE | CGPA 8.18 | Skills: SQL, Docker, Machine Learning, PostgreSQL, Data Structures, Python","{""name"": ""Ishita Kade"", ""email"": ""ishita.kade164@example.com"", ""cgpa"": 8.18, ""skills"": [""SQL"", ""Docker"", ""Machine Learning"", ""PostgreSQL"", ""Data Structures"", ""Python""], ""projects"": [""IoT Smart Campus""]}",2026-07-21T15:58:27.298569
165,165,/resumes/165_zaid.pdf,"Zaid Chauhan | ECE | CGPA 8.6 | Skills: Data Structures, JavaScript, Django","{""name"": ""Zaid Chauhan"", ""email"": ""zaid.chauhan165@example.com"", ""cgpa"": 8.6, ""skills"": [""Data Structures"", ""JavaScript"", ""Django""], ""projects"": [""Chatbot Assistant"", ""Fraud Detection System""]}",2026-07-25T18:58:27.298592
166,166,/resumes/166_irya.pdf,"Irya Ray | EEE | CGPA 7.47 | Skills: Node.js, PostgreSQL, Python","{""name"": ""Irya Ray"", ""email"": ""irya.ray166@example.com"", ""cgpa"": 7.47, ""skills"": [""Node.js"", ""PostgreSQL"", ""Python""], ""projects"": [""Attendance Tracker"", ""Fraud Detection System""]}",2026-07-01T17:58:27.298615
167,167,/resumes/167_mohammed.pdf,"Mohammed Khalsa | CIVIL | CGPA 6.63 | Skills: Kubernetes, SQL, Django, PostgreSQL, Spring Boot, C++, React, Python","{""name"": ""Mohammed Khalsa"", ""email"": ""mohammed.khalsa167@example.com"", ""cgpa"": 6.63, ""skills"": [""Kubernetes"", ""SQL"", ""Django"", ""PostgreSQL"", ""Spring Boot"", ""C++"", ""React"", ""Python""], ""projects"": [""IoT Smart Campus"", ""Campus Event App"", ""Attendance Tracker""]}",2026-07-31T09:58:27.298638
168,168,/resumes/168_nicholas.pdf,"Nicholas Goel | ECE | CGPA 5.59 | Skills: C++, TensorFlow, Flask, Machine Learning, Kubernetes, Docker, Git","{""name"": ""Nicholas Goel"", ""email"": ""nicholas.goel168@example.com"", ""cgpa"": 5.59, ""skills"": [""C++"", ""TensorFlow"", ""Flask"", ""Machine Learning"", ""Kubernetes"", ""Docker"", ""Git""], ""projects"": [""E-commerce Recommender""]}",2026-06-30T17:58:27.298660
169,169,/resumes/169_nitara.pdf,"Nitara Bakshi | CIVIL | CGPA 8.9 | Skills: JavaScript, Spring Boot, System Design","{""name"": ""Nitara Bakshi"", ""email"": ""nitara.bakshi169@example.com"", ""cgpa"": 8.9, ""skills"": [""JavaScript"", ""Spring Boot"", ""System Design""], ""projects"": [""Fraud Detection System""]}",2026-06-24T06:58:27.298682
170,170,/resumes/170_praneel.pdf,"Praneel Natarajan | CIVIL | CGPA 6.32 | Skills: C++, AWS, MongoDB, SQL, Data Structures, System Design, Spring Boot, TensorFlow","{""name"": ""Praneel Natarajan"", ""email"": ""praneel.natarajan170@example.com"", ""cgpa"": 6.32, ""skills"": [""C++"", ""AWS"", ""MongoDB"", ""SQL"", ""Data Structures"", ""System Design"", ""Spring Boot"", ""TensorFlow""], ""projects"": [""AI Resume Screener"", ""Fraud Detection System""]}",2026-07-28T00:58:27.298705
171,171,/resumes/171_nisha.pdf,"Nisha Kothari | ECE | CGPA 7.62 | Skills: Spring Boot, Docker, PostgreSQL, Data Structures","{""name"": ""Nisha Kothari"", ""email"": ""nisha.kothari171@example.com"", ""cgpa"": 7.62, ""skills"": [""Spring Boot"", ""Docker"", ""PostgreSQL"", ""Data Structures""], ""projects"": [""IoT Smart Campus""]}",2026-07-16T22:58:27.298726
172,172,/resumes/172_amara.pdf,"Amara Dutta | EEE | CGPA 6.22 | Skills: PostgreSQL, React, SQL, Java, Python, TensorFlow, Docker","{""name"": ""Amara Dutta"", ""email"": ""amara.dutta172@example.com"", ""cgpa"": 6.22, ""skills"": [""PostgreSQL"", ""React"", ""SQL"", ""Java"", ""Python"", ""TensorFlow"", ""Docker""], ""projects"": [""IoT Smart Campus"", ""Library Management Portal""]}",2026-07-17T20:58:27.298748
173,173,/resumes/173_hritik.pdf,"Hritik Raja | CSE | CGPA 7.3 | Skills: JavaScript, MongoDB, React, Node.js, Spring Boot, Flask","{""name"": ""Hritik Raja"", ""email"": ""hritik.raja173@example.com"", ""cgpa"": 7.3, ""skills"": [""JavaScript"", ""MongoDB"", ""React"", ""Node.js"", ""Spring Boot"", ""Flask""], ""projects"": [""Campus Event App"", ""Chatbot Assistant"", ""Library Management Portal""]}",2026-07-20T20:58:27.298771
174,174,/resumes/174_balvan.pdf,"Balvan Singhal | EEE | CGPA 6.64 | Skills: PostgreSQL, Git, JavaScript","{""name"": ""Balvan Singhal"", ""email"": ""balvan.singhal174@example.com"", ""cgpa"": 6.64, ""skills"": [""PostgreSQL"", ""Git"", ""JavaScript""], ""projects"": [""Library Management Portal"", ""Fraud Detection System"", ""Fraud Detection System""]}",2026-07-18T06:58:27.298798
175,175,/resumes/175_tristan.pdf,"Tristan Iyengar | EEE | CGPA 5.51 | Skills: C++, Machine Learning, SQL, Django, TensorFlow, REST APIs, Algorithms, AWS","{""name"": ""Tristan Iyengar"", ""email"": ""tristan.iyengar175@example.com"", ""cgpa"": 5.51, ""skills"": [""C++"", ""Machine Learning"", ""SQL"", ""Django"", ""TensorFlow"", ""REST APIs"", ""Algorithms"", ""AWS""], ""projects"": [""Attendance Tracker"", ""Attendance Tracker"", ""Attendance Tracker""]}",2026-07-28T11:58:27.298821
176,176,/resumes/176_triveni.pdf,"Triveni Palla | EEE | CGPA 7.83 | Skills: Git, Algorithms, System Design, Data Structures, TensorFlow, React","{""name"": ""Triveni Palla"", ""email"": ""triveni.palla176@example.com"", ""cgpa"": 7.83, ""skills"": [""Git"", ""Algorithms"", ""System Design"", ""Data Structures"", ""TensorFlow"", ""React""], ""projects"": [""E-commerce Recommender"", ""Weather Prediction Model""]}",2026-07-14T15:58:27.298843
177,177,/resumes/177_dalaja.pdf,"Dalaja Kari | IT | CGPA 5.73 | Skills: Algorithms, Flask, HTML/CSS","{""name"": ""Dalaja Kari"", ""email"": ""dalaja.kari177@example.com"", ""cgpa"": 5.73, ""skills"": [""Algorithms"", ""Flask"", ""HTML/CSS""], ""projects"": [""Chatbot Assistant"", ""IoT Smart Campus"", ""Campus Event App""]}",2026-07-25T21:58:27.298865
178,178,/resumes/178_udant.pdf,"Udant Bajwa | CIVIL | CGPA 8.64 | Skills: TypeScript, Spring Boot, Algorithms, REST APIs","{""name"": ""Udant Bajwa"", ""email"": ""udant.bajwa178@example.com"", ""cgpa"": 8.64, ""skills"": [""TypeScript"", ""Spring Boot"", ""Algorithms"", ""REST APIs""], ""projects"": [""Library Management Portal""]}",2026-07-15T15:58:27.298889
179,179,/resumes/179_reyansh.pdf,"Reyansh Rastogi | CSE | CGPA 8.69 | Skills: PostgreSQL, SQL, Node.js, JavaScript, System Design, C++","{""name"": ""Reyansh Rastogi"", ""email"": ""reyansh.rastogi179@example.com"", ""cgpa"": 8.69, ""skills"": [""PostgreSQL"", ""SQL"", ""Node.js"", ""JavaScript"", ""System Design"", ""C++""], ""projects"": [""Attendance Tracker"", ""Placement Analytics Dashboard"", ""IoT Smart Campus""]}",2026-06-30T14:58:27.298914
180,180,/resumes/180_falguni.pdf,"Falguni Mallick | CSE | CGPA 6.51 | Skills: C++, Python, MongoDB, JavaScript, HTML/CSS, TensorFlow, Docker, Django","{""name"": ""Falguni Mallick"", ""email"": ""falguni.mallick180@example.com"", ""cgpa"": 6.51, ""skills"": [""C++"", ""Python"", ""MongoDB"", ""JavaScript"", ""HTML/CSS"", ""TensorFlow"", ""Docker"", ""Django""], ""projects"": [""Weather Prediction Model"", ""Library Management Portal"", ""Weather Prediction Model""]}",2026-08-06T15:58:27.298952
181,181,/resumes/181_ekaraj.pdf,"Ekaraj Mallick | CIVIL | CGPA 8.41 | Skills: Flask, TensorFlow, Data Structures, React, Git, MongoDB","{""name"": ""Ekaraj Mallick"", ""email"": ""ekaraj.mallick181@example.com"", ""cgpa"": 8.41, ""skills"": [""Flask"", ""TensorFlow"", ""Data Structures"", ""React"", ""Git"", ""MongoDB""], ""projects"": [""Chatbot Assistant"", ""Weather Prediction Model""]}",2026-08-16T06:58:27.298990
182,182,/resumes/182_indali.pdf,"Indali Upadhyay | EEE | CGPA 6.73 | Skills: Flask, System Design, TypeScript, Node.js, MongoDB, React, Git, JavaScript","{""name"": ""Indali Upadhyay"", ""email"": ""indali.upadhyay182@example.com"", ""cgpa"": 6.73, ""skills"": [""Flask"", ""System Design"", ""TypeScript"", ""Node.js"", ""MongoDB"", ""React"", ""Git"", ""JavaScript""], ""projects"": [""Library Management Portal""]}",2026-07-29T13:58:27.299013
183,183,/resumes/183_mugdha.pdf,"Mugdha Yadav | MECH | CGPA 6.15 | Skills: Flask, C++, Machine Learning, AWS, Spring Boot, Java","{""name"": ""Mugdha Yadav"", ""email"": ""mugdha.yadav183@example.com"", ""cgpa"": 6.15, ""skills"": [""Flask"", ""C++"", ""Machine Learning"", ""AWS"", ""Spring Boot"", ""Java""], ""projects"": [""AI Resume Screener""]}",2026-08-08T13:58:27.299036
184,184,/resumes/184_garima.pdf,"Garima Bala | EEE | CGPA 6.11 | Skills: Java, JavaScript, Algorithms","{""name"": ""Garima Bala"", ""email"": ""garima.bala184@example.com"", ""cgpa"": 6.11, ""skills"": [""Java"", ""JavaScript"", ""Algorithms""], ""projects"": [""E-commerce Recommender"", ""IoT Smart Campus""]}",2026-07-28T20:58:27.299061
185,185,/resumes/185_jack.pdf,"Jack Lal | ECE | CGPA 7.78 | Skills: Machine Learning, TensorFlow, PostgreSQL, HTML/CSS, Node.js, Docker, JavaScript, AWS","{""name"": ""Jack Lal"", ""email"": ""jack.lal185@example.com"", ""cgpa"": 7.78, ""skills"": [""Machine Learning"", ""TensorFlow"", ""PostgreSQL"", ""HTML/CSS"", ""Node.js"", ""Docker"", ""JavaScript"", ""AWS""], ""projects"": [""AI Resume Screener"", ""Attendance Tracker"", ""AI Resume Screener""]}",2026-07-22T09:58:27.299087
186,186,/resumes/186_pranav.pdf,"Pranav Lanka | EEE | CGPA 8.14 | Skills: AWS, REST APIs, System Design, Python, MongoDB","{""name"": ""Pranav Lanka"", ""email"": ""pranav.lanka186@example.com"", ""cgpa"": 8.14, ""skills"": [""AWS"", ""REST APIs"", ""System Design"", ""Python"", ""MongoDB""], ""projects"": [""Placement Analytics Dashboard""]}",2026-06-24T10:58:27.299111
187,187,/resumes/187_balvan.pdf,"Balvan Chopra | MECH | CGPA 7.68 | Skills: JavaScript, Machine Learning, Django, React, Node.js, System Design, AWS","{""name"": ""Balvan Chopra"", ""email"": ""balvan.chopra187@example.com"", ""cgpa"": 7.68, ""skills"": [""JavaScript"", ""Machine Learning"", ""Django"", ""React"", ""Node.js"", ""System Design"", ""AWS""], ""projects"": [""Chatbot Assistant"", ""Chatbot Assistant"", ""E-commerce Recommender""]}",2026-08-18T02:58:27.299134
188,188,/resumes/188_radha.pdf,"Radha Pai | CIVIL | CGPA 6.95 | Skills: REST APIs, Spring Boot, Django, TensorFlow, Node.js, Kubernetes, Python, Flask","{""name"": ""Radha Pai"", ""email"": ""radha.pai188@example.com"", ""cgpa"": 6.95, ""skills"": [""REST APIs"", ""Spring Boot"", ""Django"", ""TensorFlow"", ""Node.js"", ""Kubernetes"", ""Python"", ""Flask""], ""projects"": [""E-commerce Recommender"", ""Fraud Detection System"", ""IoT Smart Campus""]}",2026-07-29T09:58:27.299159
189,189,/resumes/189_dipta.pdf,"Dipta Sarin | CSE | CGPA 6.55 | Skills: React, Java, Node.js, Machine Learning, TypeScript, MongoDB, Docker","{""name"": ""Dipta Sarin"", ""email"": ""dipta.sarin189@example.com"", ""cgpa"": 6.55, ""skills"": [""React"", ""Java"", ""Node.js"", ""Machine Learning"", ""TypeScript"", ""MongoDB"", ""Docker""], ""projects"": [""E-commerce Recommender"", ""Chatbot Assistant""]}",2026-08-02T23:58:27.299185
190,190,/resumes/190_yasti.pdf,"Yasti D’Alia | EEE | CGPA 8.67 | Skills: REST APIs, Spring Boot, Node.js, Flask, Kubernetes, React, TypeScript","{""name"": ""Yasti D\u2019Alia"", ""email"": ""yasti.d\u2019alia190@example.com"", ""cgpa"": 8.67, ""skills"": [""REST APIs"", ""Spring Boot"", ""Node.js"", ""Flask"", ""Kubernetes"", ""React"", ""TypeScript""], ""projects"": [""Fraud Detection System"", ""Placement Analytics Dashboard""]}",2026-08-11T20:58:27.299213
191,191,/resumes/191_lekha.pdf,"Lekha Gupta | CSE | CGPA 8.43 | Skills: C++, Flask, Docker, TypeScript, React, SQL, Python","{""name"": ""Lekha Gupta"", ""email"": ""lekha.gupta191@example.com"", ""cgpa"": 8.43, ""skills"": [""C++"", ""Flask"", ""Docker"", ""TypeScript"", ""React"", ""SQL"", ""Python""], ""projects"": [""IoT Smart Campus"", ""Weather Prediction Model""]}",2026-06-23T00:58:27.299238
192,192,/resumes/192_aachal.pdf,"Aachal Basu | EEE | CGPA 8.16 | Skills: REST APIs, System Design, Java, PostgreSQL","{""name"": ""Aachal Basu"", ""email"": ""aachal.basu192@example.com"", ""cgpa"": 8.16, ""skills"": [""REST APIs"", ""System Design"", ""Java"", ""PostgreSQL""], ""projects"": [""Attendance Tracker""]}",2026-08-06T07:58:27.299271
193,193,/resumes/193_rajata.pdf,"Rajata Agarwal | EEE | CGPA 7.56 | Skills: React, System Design, PostgreSQL, Python, Kubernetes, MongoDB, HTML/CSS, AWS","{""name"": ""Rajata Agarwal"", ""email"": ""rajata.agarwal193@example.com"", ""cgpa"": 7.56, ""skills"": [""React"", ""System Design"", ""PostgreSQL"", ""Python"", ""Kubernetes"", ""MongoDB"", ""HTML/CSS"", ""AWS""], ""projects"": [""IoT Smart Campus"", ""IoT Smart Campus""]}",2026-06-30T06:58:27.299298
194,194,/resumes/194_zinal.pdf,"Zinal Yohannan | ECE | CGPA 5.84 | Skills: HTML/CSS, TensorFlow, SQL, Kubernetes, React, Machine Learning, REST APIs, Flask","{""name"": ""Zinal Yohannan"", ""email"": ""zinal.yohannan194@example.com"", ""cgpa"": 5.84, ""skills"": [""HTML/CSS"", ""TensorFlow"", ""SQL"", ""Kubernetes"", ""React"", ""Machine Learning"", ""REST APIs"", ""Flask""], ""projects"": [""Library Management Portal"", ""AI Resume Screener""]}",2026-08-17T14:58:27.299327
195,195,/resumes/195_ronith.pdf,"Ronith Patla | ECE | CGPA 7.29 | Skills: Spring Boot, Python, TensorFlow, MongoDB, SQL, JavaScript, HTML/CSS, Docker","{""name"": ""Ronith Patla"", ""email"": ""ronith.patla195@example.com"", ""cgpa"": 7.29, ""skills"": [""Spring Boot"", ""Python"", ""TensorFlow"", ""MongoDB"", ""SQL"", ""JavaScript"", ""HTML/CSS"", ""Docker""], ""projects"": [""Weather Prediction Model"", ""Weather Prediction Model""]}",2026-08-13T10:58:27.299353
196,196,/resumes/196_raagini.pdf,"Raagini Boase | CIVIL | CGPA 7.21 | Skills: Machine Learning, PostgreSQL, Kubernetes, TensorFlow, AWS","{""name"": ""Raagini Boase"", ""email"": ""raagini.boase196@example.com"", ""cgpa"": 7.21, ""skills"": [""Machine Learning"", ""PostgreSQL"", ""Kubernetes"", ""TensorFlow"", ""AWS""], ""projects"": [""Library Management Portal""]}",2026-07-07T15:58:27.299373
197,197,/resumes/197_ganga.pdf,"Ganga Murthy | CIVIL | CGPA 5.66 | Skills: PostgreSQL, REST APIs, Node.js, AWS, Spring Boot, System Design, HTML/CSS","{""name"": ""Ganga Murthy"", ""email"": ""ganga.murthy197@example.com"", ""cgpa"": 5.66, ""skills"": [""PostgreSQL"", ""REST APIs"", ""Node.js"", ""AWS"", ""Spring Boot"", ""System Design"", ""HTML/CSS""], ""projects"": [""Chatbot Assistant"", ""Fraud Detection System"", ""E-commerce Recommender""]}",2026-08-12T01:58:27.299395
198,198,/resumes/198_jeet.pdf,"Jeet Mital | EEE | CGPA 9.99 | Skills: Flask, Git, Node.js, SQL, Django, MongoDB, Docker, Algorithms","{""name"": ""Jeet Mital"", ""email"": ""jeet.mital198@example.com"", ""cgpa"": 9.99, ""skills"": [""Flask"", ""Git"", ""Node.js"", ""SQL"", ""Django"", ""MongoDB"", ""Docker"", ""Algorithms""], ""projects"": [""Library Management Portal"", ""Chatbot Assistant"", ""Attendance Tracker""]}",2026-07-06T13:58:27.299417
199,199,/resumes/199_yashica.pdf,"Yashica More | IT | CGPA 8.67 | Skills: System Design, Kubernetes, C++, TypeScript, Machine Learning, Flask","{""name"": ""Yashica More"", ""email"": ""yashica.more199@example.com"", ""cgpa"": 8.67, ""skills"": [""System Design"", ""Kubernetes"", ""C++"", ""TypeScript"", ""Machine Learning"", ""Flask""], ""projects"": [""Weather Prediction Model"", ""IoT Smart Campus""]}",2026-07-08T00:58:27.299439
200,200,/resumes/200_nilima.pdf,"Nilima Narain | CSE | CGPA 5.63 | Skills: JavaScript, MongoDB, Data Structures, System Design, Java, Node.js, REST APIs","{""name"": ""Nilima Narain"", ""email"": ""nilima.narain200@example.com"", ""cgpa"": 5.63, ""skills"": [""JavaScript"", ""MongoDB"", ""Data Structures"", ""System Design"", ""Java"", ""Node.js"", ""REST APIs""], ""projects"": [""Fraud Detection System"", ""Fraud Detection System""]}",2026-07-29T12:58:27.299460
201,201,/resumes/201_neha.pdf,"Neha Merchant | EEE | CGPA 7.44 | Skills: MongoDB, Spring Boot, Flask, System Design, Node.js, Java, AWS","{""name"": ""Neha Merchant"", ""email"": ""neha.merchant201@example.com"", ""cgpa"": 7.44, ""skills"": [""MongoDB"", ""Spring Boot"", ""Flask"", ""System Design"", ""Node.js"", ""Java"", ""AWS""], ""projects"": [""Campus Event App""]}",2026-07-08T10:58:27.299481
202,202,/resumes/202_joshua.pdf,"Joshua Handa | MECH | CGPA 6.31 | Skills: Docker, Spring Boot, TensorFlow, Django, MongoDB, Python, C++, PostgreSQL","{""name"": ""Joshua Handa"", ""email"": ""joshua.handa202@example.com"", ""cgpa"": 6.31, ""skills"": [""Docker"", ""Spring Boot"", ""TensorFlow"", ""Django"", ""MongoDB"", ""Python"", ""C++"", ""PostgreSQL""], ""projects"": [""Fraud Detection System"", ""Fraud Detection System""]}",2026-07-09T19:58:27.299507
203,203,/resumes/203_osha.pdf,"Osha Raghavan | IT | CGPA 6.58 | Skills: Django, Git, Docker, TensorFlow, Python, Machine Learning, Node.js","{""name"": ""Osha Raghavan"", ""email"": ""osha.raghavan203@example.com"", ""cgpa"": 6.58, ""skills"": [""Django"", ""Git"", ""Docker"", ""TensorFlow"", ""Python"", ""Machine Learning"", ""Node.js""], ""projects"": [""Attendance Tracker"", ""AI Resume Screener""]}",2026-08-16T22:58:27.299528
204,204,/resumes/204_owen.pdf,"Owen Mitra | CSE | CGPA 6.64 | Skills: SQL, MongoDB, Machine Learning, PostgreSQL, TensorFlow","{""name"": ""Owen Mitra"", ""email"": ""owen.mitra204@example.com"", ""cgpa"": 6.64, ""skills"": [""SQL"", ""MongoDB"", ""Machine Learning"", ""PostgreSQL"", ""TensorFlow""], ""projects"": [""Attendance Tracker"", ""AI Resume Screener"", ""Fraud Detection System""]}",2026-06-28T18:58:27.299548
205,205,/resumes/205_nidra.pdf,"Nidra Acharya | EEE | CGPA 8.55 | Skills: Algorithms, Git, TypeScript, TensorFlow","{""name"": ""Nidra Acharya"", ""email"": ""nidra.acharya205@example.com"", ""cgpa"": 8.55, ""skills"": [""Algorithms"", ""Git"", ""TypeScript"", ""TensorFlow""], ""projects"": [""E-commerce Recommender"", ""Campus Event App""]}",2026-06-27T08:58:27.299568
206,206,/resumes/206_daksha.pdf,"Daksha Mangat | CIVIL | CGPA 6.85 | Skills: Docker, JavaScript, Flask","{""name"": ""Daksha Mangat"", ""email"": ""daksha.mangat206@example.com"", ""cgpa"": 6.85, ""skills"": [""Docker"", ""JavaScript"", ""Flask""], ""projects"": [""IoT Smart Campus""]}",2026-08-20T09:58:27.299587
207,207,/resumes/207_shivansh.pdf,"Shivansh Sani | EEE | CGPA 6.86 | Skills: MongoDB, PostgreSQL, Python, HTML/CSS, Machine Learning","{""name"": ""Shivansh Sani"", ""email"": ""shivansh.sani207@example.com"", ""cgpa"": 6.86, ""skills"": [""MongoDB"", ""PostgreSQL"", ""Python"", ""HTML/CSS"", ""Machine Learning""], ""projects"": [""Fraud Detection System""]}",2026-07-29T09:58:27.299607
208,208,/resumes/208_ekanta.pdf,"Ekanta Shroff | CIVIL | CGPA 8.07 | Skills: PostgreSQL, Node.js, REST APIs","{""name"": ""Ekanta Shroff"", ""email"": ""ekanta.shroff208@example.com"", ""cgpa"": 8.07, ""skills"": [""PostgreSQL"", ""Node.js"", ""REST APIs""], ""projects"": [""Campus Event App"", ""AI Resume Screener""]}",2026-08-16T06:58:27.299627
209,209,/resumes/209_riya.pdf,"Riya Sathe | CSE | CGPA 9.24 | Skills: Machine Learning, Node.js, TypeScript, Django, REST APIs, JavaScript, Flask","{""name"": ""Riya Sathe"", ""email"": ""riya.sathe209@example.com"", ""cgpa"": 9.24, ""skills"": [""Machine Learning"", ""Node.js"", ""TypeScript"", ""Django"", ""REST APIs"", ""JavaScript"", ""Flask""], ""projects"": [""Attendance Tracker"", ""E-commerce Recommender""]}",2026-08-17T13:58:27.299648
210,210,/resumes/210_tanay.pdf,"Tanay Vaidya | MECH | CGPA 9.0 | Skills: React, SQL, C++, TypeScript, REST APIs","{""name"": ""Tanay Vaidya"", ""email"": ""tanay.vaidya210@example.com"", ""cgpa"": 9.0, ""skills"": [""React"", ""SQL"", ""C++"", ""TypeScript"", ""REST APIs""], ""projects"": [""AI Resume Screener"", ""Placement Analytics Dashboard"", ""IoT Smart Campus""]}",2026-07-16T00:58:27.299670
211,211,/resumes/211_urvashi.pdf,"Urvashi Gara | IT | CGPA 9.57 | Skills: System Design, Algorithms, REST APIs, TensorFlow, Machine Learning","{""name"": ""Urvashi Gara"", ""email"": ""urvashi.gara211@example.com"", ""cgpa"": 9.57, ""skills"": [""System Design"", ""Algorithms"", ""REST APIs"", ""TensorFlow"", ""Machine Learning""], ""projects"": [""Chatbot Assistant""]}",2026-08-12T08:58:27.299692
212,212,/resumes/212_frado.pdf,"Frado Mander | ECE | CGPA 6.49 | Skills: TensorFlow, React, Java, MongoDB","{""name"": ""Frado Mander"", ""email"": ""frado.mander212@example.com"", ""cgpa"": 6.49, ""skills"": [""TensorFlow"", ""React"", ""Java"", ""MongoDB""], ""projects"": [""Campus Event App"", ""Campus Event App""]}",2026-07-21T14:58:27.299713
213,213,/resumes/213_yutika.pdf,"Yutika Nayak | IT | CGPA 8.95 | Skills: AWS, Docker, TypeScript, Node.js, Git, SQL, MongoDB","{""name"": ""Yutika Nayak"", ""email"": ""yutika.nayak213@example.com"", ""cgpa"": 8.95, ""skills"": [""AWS"", ""Docker"", ""TypeScript"", ""Node.js"", ""Git"", ""SQL"", ""MongoDB""], ""projects"": [""Library Management Portal"", ""AI Resume Screener"", ""Attendance Tracker""]}",2026-08-12T14:58:27.299737
214,214,/resumes/214_girik.pdf,"Girik Keer | EEE | CGPA 8.32 | Skills: Algorithms, AWS, System Design","{""name"": ""Girik Keer"", ""email"": ""girik.keer214@example.com"", ""cgpa"": 8.32, ""skills"": [""Algorithms"", ""AWS"", ""System Design""], ""projects"": [""E-commerce Recommender""]}",2026-07-18T15:58:27.299757
215,215,/resumes/215_dayita.pdf,"Dayita Kar | ECE | CGPA 8.8 | Skills: Flask, Machine Learning, REST APIs, System Design, Algorithms","{""name"": ""Dayita Kar"", ""email"": ""dayita.kar215@example.com"", ""cgpa"": 8.8, ""skills"": [""Flask"", ""Machine Learning"", ""REST APIs"", ""System Design"", ""Algorithms""], ""projects"": [""Library Management Portal"", ""Fraud Detection System""]}",2026-06-22T04:58:27.299778
216,216,/resumes/216_rushil.pdf,"Rushil Din | MECH | CGPA 6.29 | Skills: HTML/CSS, AWS, Spring Boot, Docker, Machine Learning, Git","{""name"": ""Rushil Din"", ""email"": ""rushil.din216@example.com"", ""cgpa"": 6.29, ""skills"": [""HTML/CSS"", ""AWS"", ""Spring Boot"", ""Docker"", ""Machine Learning"", ""Git""], ""projects"": [""Fraud Detection System"", ""IoT Smart Campus"", ""Library Management Portal""]}",2026-07-22T00:58:27.299798
217,217,/resumes/217_aryan.pdf,"Aryan Batra | ECE | CGPA 9.61 | Skills: Machine Learning, Flask, PostgreSQL, Kubernetes, Docker, Django, React, TypeScript","{""name"": ""Aryan Batra"", ""email"": ""aryan.batra217@example.com"", ""cgpa"": 9.61, ""skills"": [""Machine Learning"", ""Flask"", ""PostgreSQL"", ""Kubernetes"", ""Docker"", ""Django"", ""React"", ""TypeScript""], ""projects"": [""Placement Analytics Dashboard"", ""Library Management Portal""]}",2026-07-06T03:58:27.299818
218,218,/resumes/218_yash.pdf,"Yash Soman | CSE | CGPA 6.83 | Skills: Algorithms, REST APIs, Data Structures, Machine Learning, PostgreSQL, TensorFlow, Java, Docker","{""name"": ""Yash Soman"", ""email"": ""yash.soman218@example.com"", ""cgpa"": 6.83, ""skills"": [""Algorithms"", ""REST APIs"", ""Data Structures"", ""Machine Learning"", ""PostgreSQL"", ""TensorFlow"", ""Java"", ""Docker""], ""projects"": [""Fraud Detection System""]}",2026-07-23T17:58:27.299840
219,219,/resumes/219_elijah.pdf,"Elijah Shah | CIVIL | CGPA 6.13 | Skills: Algorithms, Machine Learning, AWS, TypeScript, PostgreSQL, System Design, HTML/CSS, JavaScript","{""name"": ""Elijah Shah"", ""email"": ""elijah.shah219@example.com"", ""cgpa"": 6.13, ""skills"": [""Algorithms"", ""Machine Learning"", ""AWS"", ""TypeScript"", ""PostgreSQL"", ""System Design"", ""HTML/CSS"", ""JavaScript""], ""projects"": [""Chatbot Assistant""]}",2026-07-08T13:58:27.299860
220,220,/resumes/220_oeshi.pdf,"Oeshi Hayer | MECH | CGPA 7.29 | Skills: JavaScript, PostgreSQL, Node.js, Data Structures, AWS, Algorithms, MongoDB, REST APIs","{""name"": ""Oeshi Hayer"", ""email"": ""oeshi.hayer220@example.com"", ""cgpa"": 7.29, ""skills"": [""JavaScript"", ""PostgreSQL"", ""Node.js"", ""Data Structures"", ""AWS"", ""Algorithms"", ""MongoDB"", ""REST APIs""], ""projects"": [""Library Management Portal"", ""Fraud Detection System"", ""AI Resume Screener""]}",2026-08-03T10:58:27.299881
221,221,/resumes/221_leena.pdf,"Leena Talwar | CSE | CGPA 7.28 | Skills: Algorithms, Kubernetes, JavaScript, System Design, TensorFlow, Docker, C++, PostgreSQL","{""name"": ""Leena Talwar"", ""email"": ""leena.talwar221@example.com"", ""cgpa"": 7.28, ""skills"": [""Algorithms"", ""Kubernetes"", ""JavaScript"", ""System Design"", ""TensorFlow"", ""Docker"", ""C++"", ""PostgreSQL""], ""projects"": [""Library Management Portal"", ""E-commerce Recommender""]}",2026-08-12T12:58:27.299902
222,222,/resumes/222_mugdha.pdf,"Mugdha Kohli | EEE | CGPA 8.87 | Skills: Docker, Machine Learning, Git, AWS, TensorFlow, MongoDB, TypeScript, Kubernetes","{""name"": ""Mugdha Kohli"", ""email"": ""mugdha.kohli222@example.com"", ""cgpa"": 8.87, ""skills"": [""Docker"", ""Machine Learning"", ""Git"", ""AWS"", ""TensorFlow"", ""MongoDB"", ""TypeScript"", ""Kubernetes""], ""projects"": [""Campus Event App"", ""Attendance Tracker""]}",2026-06-25T17:58:27.299924
223,223,/resumes/223_manbir.pdf,"Manbir Ahluwalia | CSE | CGPA 5.99 | Skills: Docker, SQL, C++, REST APIs","{""name"": ""Manbir Ahluwalia"", ""email"": ""manbir.ahluwalia223@example.com"", ""cgpa"": 5.99, ""skills"": [""Docker"", ""SQL"", ""C++"", ""REST APIs""], ""projects"": [""Weather Prediction Model""]}",2026-08-18T18:58:27.299944
224,224,/resumes/224_hredhaan.pdf,"Hredhaan Sandal | IT | CGPA 8.03 | Skills: C++, SQL, Machine Learning, System Design, React, Spring Boot, Docker","{""name"": ""Hredhaan Sandal"", ""email"": ""hredhaan.sandal224@example.com"", ""cgpa"": 8.03, ""skills"": [""C++"", ""SQL"", ""Machine Learning"", ""System Design"", ""React"", ""Spring Boot"", ""Docker""], ""projects"": [""Campus Event App"", ""Fraud Detection System""]}",2026-07-04T08:58:27.299966
225,225,/resumes/225_theodore.pdf,"Theodore Goda | ECE | CGPA 9.21 | Skills: Node.js, Python, Java, AWS, Algorithms, REST APIs, Git","{""name"": ""Theodore Goda"", ""email"": ""theodore.goda225@example.com"", ""cgpa"": 9.21, ""skills"": [""Node.js"", ""Python"", ""Java"", ""AWS"", ""Algorithms"", ""REST APIs"", ""Git""], ""projects"": [""Placement Analytics Dashboard""]}",2026-07-20T08:58:27.299987
226,226,/resumes/226_zarna.pdf,"Zarna Shetty | ECE | CGPA 6.13 | Skills: System Design, Git, JavaScript, TypeScript, TensorFlow, Kubernetes, MongoDB","{""name"": ""Zarna Shetty"", ""email"": ""zarna.shetty226@example.com"", ""cgpa"": 6.13, ""skills"": [""System Design"", ""Git"", ""JavaScript"", ""TypeScript"", ""TensorFlow"", ""Kubernetes"", ""MongoDB""], ""projects"": [""E-commerce Recommender""]}",2026-08-21T01:58:27.300007
227,227,/resumes/227_chandresh.pdf,"Chandresh Krish | EEE | CGPA 6.56 | Skills: Data Structures, AWS, Kubernetes, Machine Learning, React, Spring Boot","{""name"": ""Chandresh Krish"", ""email"": ""chandresh.krish227@example.com"", ""cgpa"": 6.56, ""skills"": [""Data Structures"", ""AWS"", ""Kubernetes"", ""Machine Learning"", ""React"", ""Spring Boot""], ""projects"": [""E-commerce Recommender"", ""AI Resume Screener"", ""Attendance Tracker""]}",2026-06-29T00:58:27.300029
228,228,/resumes/228_jairaj.pdf,"Jairaj Shan | MECH | CGPA 9.77 | Skills: PostgreSQL, Python, REST APIs, TypeScript, Data Structures, HTML/CSS","{""name"": ""Jairaj Shan"", ""email"": ""jairaj.shan228@example.com"", ""cgpa"": 9.77, ""skills"": [""PostgreSQL"", ""Python"", ""REST APIs"", ""TypeScript"", ""Data Structures"", ""HTML/CSS""], ""projects"": [""IoT Smart Campus"", ""Chatbot Assistant""]}",2026-07-08T23:58:27.300051
229,229,/resumes/229_kiaan.pdf,"Kiaan Shetty | CIVIL | CGPA 8.77 | Skills: Django, Kubernetes, PostgreSQL, Docker, Flask","{""name"": ""Kiaan Shetty"", ""email"": ""kiaan.shetty229@example.com"", ""cgpa"": 8.77, ""skills"": [""Django"", ""Kubernetes"", ""PostgreSQL"", ""Docker"", ""Flask""], ""projects"": [""IoT Smart Campus""]}",2026-07-16T15:58:27.300071
230,230,/resumes/230_edhitha.pdf,"Edhitha Savant | ECE | CGPA 8.27 | Skills: Kubernetes, JavaScript, Flask","{""name"": ""Edhitha Savant"", ""email"": ""edhitha.savant230@example.com"", ""cgpa"": 8.27, ""skills"": [""Kubernetes"", ""JavaScript"", ""Flask""], ""projects"": [""Library Management Portal"", ""E-commerce Recommender""]}",2026-06-29T05:58:27.300091
231,231,/resumes/231_yamini.pdf,"Yamini Sandhu | IT | CGPA 6.48 | Skills: JavaScript, Spring Boot, PostgreSQL, Machine Learning, Kubernetes","{""name"": ""Yamini Sandhu"", ""email"": ""yamini.sandhu231@example.com"", ""cgpa"": 6.48, ""skills"": [""JavaScript"", ""Spring Boot"", ""PostgreSQL"", ""Machine Learning"", ""Kubernetes""], ""projects"": [""Placement Analytics Dashboard""]}",2026-06-23T19:58:27.300110
232,232,/resumes/232_sanaya.pdf,"Sanaya Dutt | CIVIL | CGPA 8.59 | Skills: JavaScript, Git, System Design","{""name"": ""Sanaya Dutt"", ""email"": ""sanaya.dutt232@example.com"", ""cgpa"": 8.59, ""skills"": [""JavaScript"", ""Git"", ""System Design""], ""projects"": [""AI Resume Screener"", ""Library Management Portal""]}",2026-07-20T04:58:27.300130
233,233,/resumes/233_vaishnavi.pdf,"Vaishnavi Sengupta | EEE | CGPA 6.74 | Skills: Django, Algorithms, Python, React, Java, PostgreSQL","{""name"": ""Vaishnavi Sengupta"", ""email"": ""vaishnavi.sengupta233@example.com"", ""cgpa"": 6.74, ""skills"": [""Django"", ""Algorithms"", ""Python"", ""React"", ""Java"", ""PostgreSQL""], ""projects"": [""Weather Prediction Model"", ""Weather Prediction Model""]}",2026-07-07T06:58:27.300150
234,234,/resumes/234_aashi.pdf,"Aashi Kota | CSE | CGPA 8.39 | Skills: Git, Python, Flask, C++, React, HTML/CSS, REST APIs, Django","{""name"": ""Aashi Kota"", ""email"": ""aashi.kota234@example.com"", ""cgpa"": 8.39, ""skills"": [""Git"", ""Python"", ""Flask"", ""C++"", ""React"", ""HTML/CSS"", ""REST APIs"", ""Django""], ""projects"": [""E-commerce Recommender""]}",2026-07-25T08:58:27.300172
235,235,/resumes/235_aradhana.pdf,"Aradhana Verma | MECH | CGPA 6.6 | Skills: React, Java, Machine Learning","{""name"": ""Aradhana Verma"", ""email"": ""aradhana.verma235@example.com"", ""cgpa"": 6.6, ""skills"": [""React"", ""Java"", ""Machine Learning""], ""projects"": [""Campus Event App""]}",2026-08-04T11:58:27.300191
236,236,/resumes/236_vedhika.pdf,"Vedhika Khare | IT | CGPA 8.94 | Skills: Node.js, Django, Machine Learning, Docker, Python, SQL","{""name"": ""Vedhika Khare"", ""email"": ""vedhika.khare236@example.com"", ""cgpa"": 8.94, ""skills"": [""Node.js"", ""Django"", ""Machine Learning"", ""Docker"", ""Python"", ""SQL""], ""projects"": [""Library Management Portal"", ""Library Management Portal""]}",2026-07-19T01:58:27.300211
237,237,/resumes/237_anvi.pdf,"Anvi Sarraf | CSE | CGPA 6.16 | Skills: Spring Boot, SQL, MongoDB, Django, REST APIs, Docker","{""name"": ""Anvi Sarraf"", ""email"": ""anvi.sarraf237@example.com"", ""cgpa"": 6.16, ""skills"": [""Spring Boot"", ""SQL"", ""MongoDB"", ""Django"", ""REST APIs"", ""Docker""], ""projects"": [""IoT Smart Campus""]}",2026-06-22T09:58:27.300230
238,238,/resumes/238_faras.pdf,"Faras Mangal | ECE | CGPA 6.15 | Skills: Machine Learning, REST APIs, JavaScript","{""name"": ""Faras Mangal"", ""email"": ""faras.mangal238@example.com"", ""cgpa"": 6.15, ""skills"": [""Machine Learning"", ""REST APIs"", ""JavaScript""], ""projects"": [""Library Management Portal"", ""Library Management Portal"", ""Campus Event App""]}",2026-07-05T07:58:27.300249
239,239,/resumes/239_wahab.pdf,"Wahab Magar | ECE | CGPA 9.4 | Skills: TypeScript, Django, SQL","{""name"": ""Wahab Magar"", ""email"": ""wahab.magar239@example.com"", ""cgpa"": 9.4, ""skills"": [""TypeScript"", ""Django"", ""SQL""], ""projects"": [""Fraud Detection System""]}",2026-07-26T18:58:27.300268
240,240,/resumes/240_gautami.pdf,"Gautami Nagarajan | IT | CGPA 5.57 | Skills: Node.js, Machine Learning, TensorFlow","{""name"": ""Gautami Nagarajan"", ""email"": ""gautami.nagarajan240@example.com"", ""cgpa"": 5.57, ""skills"": [""Node.js"", ""Machine Learning"", ""TensorFlow""], ""projects"": [""E-commerce Recommender""]}",2026-08-18T06:58:27.300288
241,241,/resumes/241_faris.pdf,"Faris Devi | EEE | CGPA 6.01 | Skills: Java, TensorFlow, HTML/CSS","{""name"": ""Faris Devi"", ""email"": ""faris.devi241@example.com"", ""cgpa"": 6.01, ""skills"": [""Java"", ""TensorFlow"", ""HTML/CSS""], ""projects"": [""Weather Prediction Model""]}",2026-07-27T08:58:27.300307
242,242,/resumes/242_matthew.pdf,"Matthew Kashyap | MECH | CGPA 5.99 | Skills: C++, Flask, Node.js, REST APIs, TypeScript","{""name"": ""Matthew Kashyap"", ""email"": ""matthew.kashyap242@example.com"", ""cgpa"": 5.99, ""skills"": [""C++"", ""Flask"", ""Node.js"", ""REST APIs"", ""TypeScript""], ""projects"": [""Placement Analytics Dashboard""]}",2026-06-29T14:58:27.300327
243,243,/resumes/243_leela.pdf,"Leela Dua | ECE | CGPA 9.59 | Skills: React, HTML/CSS, PostgreSQL, SQL, Spring Boot, REST APIs, Flask, Algorithms","{""name"": ""Leela Dua"", ""email"": ""leela.dua243@example.com"", ""cgpa"": 9.59, ""skills"": [""React"", ""HTML/CSS"", ""PostgreSQL"", ""SQL"", ""Spring Boot"", ""REST APIs"", ""Flask"", ""Algorithms""], ""projects"": [""Campus Event App"", ""Chatbot Assistant"", ""Attendance Tracker""]}",2026-07-16T18:58:27.300347
244,244,/resumes/244_tanish.pdf,"Tanish Bhatt | EEE | CGPA 5.64 | Skills: Java, REST APIs, HTML/CSS, Git, PostgreSQL","{""name"": ""Tanish Bhatt"", ""email"": ""tanish.bhatt244@example.com"", ""cgpa"": 5.64, ""skills"": [""Java"", ""REST APIs"", ""HTML/CSS"", ""Git"", ""PostgreSQL""], ""projects"": [""IoT Smart Campus"", ""Library Management Portal"", ""Placement Analytics Dashboard""]}",2026-06-29T11:58:27.300367
245,245,/resumes/245_oeshi.pdf,"Oeshi Reddy | CSE | CGPA 7.71 | Skills: PostgreSQL, AWS, Algorithms, Spring Boot","{""name"": ""Oeshi Reddy"", ""email"": ""oeshi.reddy245@example.com"", ""cgpa"": 7.71, ""skills"": [""PostgreSQL"", ""AWS"", ""Algorithms"", ""Spring Boot""], ""projects"": [""AI Resume Screener"", ""E-commerce Recommender"", ""Placement Analytics Dashboard""]}",2026-06-29T15:58:27.300387
246,246,/resumes/246_ganga.pdf,"Ganga Shukla | MECH | CGPA 6.17 | Skills: C++, MongoDB, React, Git","{""name"": ""Ganga Shukla"", ""email"": ""ganga.shukla246@example.com"", ""cgpa"": 6.17, ""skills"": [""C++"", ""MongoDB"", ""React"", ""Git""], ""projects"": [""Placement Analytics Dashboard"", ""Attendance Tracker"", ""Chatbot Assistant""]}",2026-07-22T22:58:27.300406
247,247,/resumes/247_ojasvi.pdf,"Ojasvi Bhatia | MECH | CGPA 8.7 | Skills: Python, JavaScript, MongoDB, Docker, Node.js, Spring Boot","{""name"": ""Ojasvi Bhatia"", ""email"": ""ojasvi.bhatia247@example.com"", ""cgpa"": 8.7, ""skills"": [""Python"", ""JavaScript"", ""MongoDB"", ""Docker"", ""Node.js"", ""Spring Boot""], ""projects"": [""AI Resume Screener""]}",2026-07-31T17:58:27.300426
248,248,/resumes/248_samuel.pdf,"Samuel Salvi | CIVIL | CGPA 7.77 | Skills: PostgreSQL, Docker, Django, MongoDB, REST APIs, Spring Boot, React, Data Structures","{""name"": ""Samuel Salvi"", ""email"": ""samuel.salvi248@example.com"", ""cgpa"": 7.77, ""skills"": [""PostgreSQL"", ""Docker"", ""Django"", ""MongoDB"", ""REST APIs"", ""Spring Boot"", ""React"", ""Data Structures""], ""projects"": [""Placement Analytics Dashboard""]}",2026-07-11T01:58:27.300447
249,249,/resumes/249_lopa.pdf,"Lopa Bahri | CIVIL | CGPA 8.43 | Skills: Node.js, Java, Django, SQL","{""name"": ""Lopa Bahri"", ""email"": ""lopa.bahri249@example.com"", ""cgpa"": 8.43, ""skills"": [""Node.js"", ""Java"", ""Django"", ""SQL""], ""projects"": [""Attendance Tracker""]}",2026-06-30T01:58:27.300467
250,250,/resumes/250_lajita.pdf,"Lajita Sood | EEE | CGPA 9.5 | Skills: JavaScript, Docker, TypeScript, REST APIs, MongoDB, TensorFlow, Machine Learning","{""name"": ""Lajita Sood"", ""email"": ""lajita.sood250@example.com"", ""cgpa"": 9.5, ""skills"": [""JavaScript"", ""Docker"", ""TypeScript"", ""REST APIs"", ""MongoDB"", ""TensorFlow"", ""Machine Learning""], ""projects"": [""AI Resume Screener"", ""AI Resume Screener"", ""Campus Event App""]}",2026-08-11T12:58:27.300487
251,251,/resumes/251_abeer.pdf,"Abeer Pandey | CIVIL | CGPA 5.93 | Skills: REST APIs, C++, Git, JavaScript, Java, AWS, PostgreSQL, Kubernetes","{""name"": ""Abeer Pandey"", ""email"": ""abeer.pandey251@example.com"", ""cgpa"": 5.93, ""skills"": [""REST APIs"", ""C++"", ""Git"", ""JavaScript"", ""Java"", ""AWS"", ""PostgreSQL"", ""Kubernetes""], ""projects"": [""Placement Analytics Dashboard"", ""IoT Smart Campus"", ""Chatbot Assistant""]}",2026-07-01T02:58:27.300507
252,252,/resumes/252_chanchal.pdf,"Chanchal Ramakrishnan | CSE | CGPA 6.19 | Skills: Django, MongoDB, SQL","{""name"": ""Chanchal Ramakrishnan"", ""email"": ""chanchal.ramakrishnan252@example.com"", ""cgpa"": 6.19, ""skills"": [""Django"", ""MongoDB"", ""SQL""], ""projects"": [""Attendance Tracker"", ""Attendance Tracker""]}",2026-07-11T00:58:27.300527
253,253,/resumes/253_oni.pdf,"Oni Yohannan | CIVIL | CGPA 5.92 | Skills: Django, Spring Boot, MongoDB, Flask, TensorFlow, Node.js","{""name"": ""Oni Yohannan"", ""email"": ""oni.yohannan253@example.com"", ""cgpa"": 5.92, ""skills"": [""Django"", ""Spring Boot"", ""MongoDB"", ""Flask"", ""TensorFlow"", ""Node.js""], ""projects"": [""Weather Prediction Model"", ""Attendance Tracker"", ""AI Resume Screener""]}",2026-08-09T05:58:27.300547
254,254,/resumes/254_thomas.pdf,"Thomas Sura | MECH | CGPA 8.0 | Skills: Git, HTML/CSS, TypeScript, Kubernetes, SQL, Node.js, TensorFlow, Docker","{""name"": ""Thomas Sura"", ""email"": ""thomas.sura254@example.com"", ""cgpa"": 8.0, ""skills"": [""Git"", ""HTML/CSS"", ""TypeScript"", ""Kubernetes"", ""SQL"", ""Node.js"", ""TensorFlow"", ""Docker""], ""projects"": [""Campus Event App"", ""Weather Prediction Model""]}",2026-08-15T10:58:27.300566
255,255,/resumes/255_theodore.pdf,"Theodore Mahajan | CIVIL | CGPA 6.05 | Skills: Algorithms, AWS, Kubernetes, JavaScript, TypeScript, Spring Boot, Flask","{""name"": ""Theodore Mahajan"", ""email"": ""theodore.mahajan255@example.com"", ""cgpa"": 6.05, ""skills"": [""Algorithms"", ""AWS"", ""Kubernetes"", ""JavaScript"", ""TypeScript"", ""Spring Boot"", ""Flask""], ""projects"": [""Placement Analytics Dashboard"", ""Attendance Tracker"", ""Attendance Tracker""]}",2026-08-17T02:58:27.300623
256,256,/resumes/256_rajata.pdf,"Rajata Sunder | MECH | CGPA 8.74 | Skills: Git, Docker, Python, Java, Data Structures, TypeScript","{""name"": ""Rajata Sunder"", ""email"": ""rajata.sunder256@example.com"", ""cgpa"": 8.74, ""skills"": [""Git"", ""Docker"", ""Python"", ""Java"", ""Data Structures"", ""TypeScript""], ""projects"": [""E-commerce Recommender""]}",2026-07-14T03:58:27.300650
257,257,/resumes/257_ayush.pdf,"Ayush Ramachandran | CIVIL | CGPA 8.1 | Skills: Algorithms, Python, HTML/CSS, Machine Learning","{""name"": ""Ayush Ramachandran"", ""email"": ""ayush.ramachandran257@example.com"", ""cgpa"": 8.1, ""skills"": [""Algorithms"", ""Python"", ""HTML/CSS"", ""Machine Learning""], ""projects"": [""Chatbot Assistant"", ""AI Resume Screener"", ""Weather Prediction Model""]}",2026-08-20T06:58:27.300673
258,258,/resumes/258_gayathri.pdf,"Gayathri Ravel | ECE | CGPA 5.99 | Skills: React, SQL, Java, Git, AWS, Spring Boot, TensorFlow","{""name"": ""Gayathri Ravel"", ""email"": ""gayathri.ravel258@example.com"", ""cgpa"": 5.99, ""skills"": [""React"", ""SQL"", ""Java"", ""Git"", ""AWS"", ""Spring Boot"", ""TensorFlow""], ""projects"": [""Library Management Portal"", ""IoT Smart Campus""]}",2026-08-03T08:58:27.300693
259,259,/resumes/259_noah.pdf,"Noah Sibal | MECH | CGPA 8.08 | Skills: TensorFlow, Docker, Django","{""name"": ""Noah Sibal"", ""email"": ""noah.sibal259@example.com"", ""cgpa"": 8.08, ""skills"": [""TensorFlow"", ""Docker"", ""Django""], ""projects"": [""E-commerce Recommender"", ""Fraud Detection System"", ""Weather Prediction Model""]}",2026-07-18T10:58:27.300714
260,260,/resumes/260_joshua.pdf,"Joshua Walla | CIVIL | CGPA 8.39 | Skills: REST APIs, HTML/CSS, TensorFlow, SQL","{""name"": ""Joshua Walla"", ""email"": ""joshua.walla260@example.com"", ""cgpa"": 8.39, ""skills"": [""REST APIs"", ""HTML/CSS"", ""TensorFlow"", ""SQL""], ""projects"": [""Campus Event App"", ""Campus Event App"", ""Chatbot Assistant""]}",2026-08-17T07:58:27.300741
261,261,/resumes/261_avi.pdf,"Avi Ramesh | ECE | CGPA 6.31 | Skills: C++, Java, Algorithms, AWS, Kubernetes, System Design","{""name"": ""Avi Ramesh"", ""email"": ""avi.ramesh261@example.com"", ""cgpa"": 6.31, ""skills"": [""C++"", ""Java"", ""Algorithms"", ""AWS"", ""Kubernetes"", ""System Design""], ""projects"": [""AI Resume Screener"", ""Placement Analytics Dashboard"", ""Fraud Detection System""]}",2026-07-14T13:58:27.300765
262,262,/resumes/262_avi.pdf,"Avi Chacko | CIVIL | CGPA 6.32 | Skills: MongoDB, Java, Algorithms, PostgreSQL, TensorFlow","{""name"": ""Avi Chacko"", ""email"": ""avi.chacko262@example.com"", ""cgpa"": 6.32, ""skills"": [""MongoDB"", ""Java"", ""Algorithms"", ""PostgreSQL"", ""TensorFlow""], ""projects"": [""IoT Smart Campus"", ""Attendance Tracker""]}",2026-07-04T04:58:27.300785
263,263,/resumes/263_priya.pdf,"Priya Deshmukh | CSE | CGPA 8.83 | Skills: TypeScript, Spring Boot, Docker","{""name"": ""Priya Deshmukh"", ""email"": ""priya.deshmukh263@example.com"", ""cgpa"": 8.83, ""skills"": [""TypeScript"", ""Spring Boot"", ""Docker""], ""projects"": [""Placement Analytics Dashboard"", ""Placement Analytics Dashboard"", ""AI Resume Screener""]}",2026-08-08T20:58:27.300804
264,264,/resumes/264_triya.pdf,"Triya Gopal | IT | CGPA 7.19 | Skills: C++, Flask, Kubernetes, Data Structures, Docker, React, TensorFlow","{""name"": ""Triya Gopal"", ""email"": ""triya.gopal264@example.com"", ""cgpa"": 7.19, ""skills"": [""C++"", ""Flask"", ""Kubernetes"", ""Data Structures"", ""Docker"", ""React"", ""TensorFlow""], ""projects"": [""Weather Prediction Model"", ""Fraud Detection System""]}",2026-08-08T17:58:27.300824
265,265,/resumes/265_chandresh.pdf,"Chandresh Lad | MECH | CGPA 6.96 | Skills: C++, Docker, MongoDB, Kubernetes, HTML/CSS","{""name"": ""Chandresh Lad"", ""email"": ""chandresh.lad265@example.com"", ""cgpa"": 6.96, ""skills"": [""C++"", ""Docker"", ""MongoDB"", ""Kubernetes"", ""HTML/CSS""], ""projects"": [""Campus Event App""]}",2026-06-23T12:58:27.300843
266,266,/resumes/266_ladli.pdf,"Ladli Narang | CSE | CGPA 6.2 | Skills: Docker, JavaScript, TensorFlow, Django, PostgreSQL, MongoDB","{""name"": ""Ladli Narang"", ""email"": ""ladli.narang266@example.com"", ""cgpa"": 6.2, ""skills"": [""Docker"", ""JavaScript"", ""TensorFlow"", ""Django"", ""PostgreSQL"", ""MongoDB""], ""projects"": [""E-commerce Recommender"", ""Campus Event App""]}",2026-08-06T05:58:27.300863
267,267,/resumes/267_siddharth.pdf,"Siddharth Sha | MECH | CGPA 7.49 | Skills: TensorFlow, C++, SQL, Kubernetes, JavaScript, AWS, Spring Boot, Django","{""name"": ""Siddharth Sha"", ""email"": ""siddharth.sha267@example.com"", ""cgpa"": 7.49, ""skills"": [""TensorFlow"", ""C++"", ""SQL"", ""Kubernetes"", ""JavaScript"", ""AWS"", ""Spring Boot"", ""Django""], ""projects"": [""Placement Analytics Dashboard"", ""Fraud Detection System""]}",2026-08-15T19:58:27.300883
268,268,/resumes/268_eta.pdf,"Eta Nazareth | ECE | CGPA 6.47 | Skills: System Design, React, Git, Java, Flask, Django","{""name"": ""Eta Nazareth"", ""email"": ""eta.nazareth268@example.com"", ""cgpa"": 6.47, ""skills"": [""System Design"", ""React"", ""Git"", ""Java"", ""Flask"", ""Django""], ""projects"": [""Chatbot Assistant"", ""E-commerce Recommender""]}",2026-07-16T12:58:27.300903
269,269,/resumes/269_ladli.pdf,"Ladli Mall | MECH | CGPA 8.55 | Skills: React, Data Structures, Python, Algorithms, SQL, HTML/CSS, Git","{""name"": ""Ladli Mall"", ""email"": ""ladli.mall269@example.com"", ""cgpa"": 8.55, ""skills"": [""React"", ""Data Structures"", ""Python"", ""Algorithms"", ""SQL"", ""HTML/CSS"", ""Git""], ""projects"": [""Placement Analytics Dashboard"", ""Weather Prediction Model""]}",2026-07-15T22:58:27.300924
270,270,/resumes/270_oviya.pdf,"Oviya Krishnan | CSE | CGPA 6.49 | Skills: MongoDB, Machine Learning, PostgreSQL, REST APIs, System Design, React, Python","{""name"": ""Oviya Krishnan"", ""email"": ""oviya.krishnan270@example.com"", ""cgpa"": 6.49, ""skills"": [""MongoDB"", ""Machine Learning"", ""PostgreSQL"", ""REST APIs"", ""System Design"", ""React"", ""Python""], ""projects"": [""Placement Analytics Dashboard"", ""Chatbot Assistant"", ""Attendance Tracker""]}",2026-08-19T12:58:27.300949
271,271,/resumes/271_finn.pdf,"Finn Singhal | ECE | CGPA 9.75 | Skills: Django, HTML/CSS, System Design, Machine Learning, Java","{""name"": ""Finn Singhal"", ""email"": ""finn.singhal271@example.com"", ""cgpa"": 9.75, ""skills"": [""Django"", ""HTML/CSS"", ""System Design"", ""Machine Learning"", ""Java""], ""projects"": [""Placement Analytics Dashboard""]}",2026-08-01T11:58:27.300968
272,272,/resumes/272_anirudh.pdf,"Anirudh Zacharia | IT | CGPA 5.53 | Skills: TypeScript, AWS, SQL, Python, Data Structures, Docker, Flask, TensorFlow","{""name"": ""Anirudh Zacharia"", ""email"": ""anirudh.zacharia272@example.com"", ""cgpa"": 5.53, ""skills"": [""TypeScript"", ""AWS"", ""SQL"", ""Python"", ""Data Structures"", ""Docker"", ""Flask"", ""TensorFlow""], ""projects"": [""Attendance Tracker"", ""Weather Prediction Model"", ""Chatbot Assistant""]}",2026-06-22T04:58:27.300989
273,273,/resumes/273_charles.pdf,"Charles Palla | CIVIL | CGPA 8.67 | Skills: MongoDB, Git, PostgreSQL, HTML/CSS","{""name"": ""Charles Palla"", ""email"": ""charles.palla273@example.com"", ""cgpa"": 8.67, ""skills"": [""MongoDB"", ""Git"", ""PostgreSQL"", ""HTML/CSS""], ""projects"": [""Placement Analytics Dashboard""]}",2026-08-21T02:58:27.301009
274,274,/resumes/274_udarsh.pdf,"Udarsh Biswas | CSE | CGPA 9.38 | Skills: Algorithms, REST APIs, Docker, Spring Boot, Node.js","{""name"": ""Udarsh Biswas"", ""email"": ""udarsh.biswas274@example.com"", ""cgpa"": 9.38, ""skills"": [""Algorithms"", ""REST APIs"", ""Docker"", ""Spring Boot"", ""Node.js""], ""projects"": [""AI Resume Screener""]}",2026-07-04T04:58:27.301029
275,275,/resumes/275_banjeet.pdf,"Banjeet Balasubramanian | MECH | CGPA 9.38 | Skills: MongoDB, Machine Learning, Java, JavaScript","{""name"": ""Banjeet Balasubramanian"", ""email"": ""banjeet.balasubramanian275@example.com"", ""cgpa"": 9.38, ""skills"": [""MongoDB"", ""Machine Learning"", ""Java"", ""JavaScript""], ""projects"": [""Campus Event App""]}",2026-07-26T21:58:27.301049
276,276,/resumes/276_yug.pdf,"Yug Iyengar | CSE | CGPA 7.38 | Skills: Flask, React, Algorithms, Docker, TypeScript","{""name"": ""Yug Iyengar"", ""email"": ""yug.iyengar276@example.com"", ""cgpa"": 7.38, ""skills"": [""Flask"", ""React"", ""Algorithms"", ""Docker"", ""TypeScript""], ""projects"": [""AI Resume Screener""]}",2026-08-09T03:58:27.301079
277,277,/resumes/277_anmol.pdf,"Anmol Dua | CIVIL | CGPA 9.76 | Skills: TypeScript, Flask, Kubernetes, HTML/CSS, TensorFlow, React, Spring Boot, Data Structures","{""name"": ""Anmol Dua"", ""email"": ""anmol.dua277@example.com"", ""cgpa"": 9.76, ""skills"": [""TypeScript"", ""Flask"", ""Kubernetes"", ""HTML/CSS"", ""TensorFlow"", ""React"", ""Spring Boot"", ""Data Structures""], ""projects"": [""IoT Smart Campus""]}",2026-07-04T01:58:27.301105
278,278,/resumes/278_william.pdf,"William Date | MECH | CGPA 9.3 | Skills: TypeScript, Django, React, Data Structures, MongoDB, Spring Boot, Kubernetes","{""name"": ""William Date"", ""email"": ""william.date278@example.com"", ""cgpa"": 9.3, ""skills"": [""TypeScript"", ""Django"", ""React"", ""Data Structures"", ""MongoDB"", ""Spring Boot"", ""Kubernetes""], ""projects"": [""IoT Smart Campus""]}",2026-07-06T02:58:27.301125
279,279,/resumes/279_urvashi.pdf,"Urvashi Contractor | ECE | CGPA 7.28 | Skills: SQL, Node.js, Algorithms, React, Python, TypeScript, Kubernetes, PostgreSQL","{""name"": ""Urvashi Contractor"", ""email"": ""urvashi.contractor279@example.com"", ""cgpa"": 7.28, ""skills"": [""SQL"", ""Node.js"", ""Algorithms"", ""React"", ""Python"", ""TypeScript"", ""Kubernetes"", ""PostgreSQL""], ""projects"": [""Library Management Portal""]}",2026-08-12T15:58:27.301146
280,280,/resumes/280_tejas.pdf,"Tejas Shroff | CSE | CGPA 6.26 | Skills: System Design, Machine Learning, TensorFlow","{""name"": ""Tejas Shroff"", ""email"": ""tejas.shroff280@example.com"", ""cgpa"": 6.26, ""skills"": [""System Design"", ""Machine Learning"", ""TensorFlow""], ""projects"": [""Attendance Tracker"", ""Weather Prediction Model""]}",2026-07-09T10:58:27.301166
281,281,/resumes/281_aahana.pdf,"Aahana Pillay | CIVIL | CGPA 9.58 | Skills: Flask, TypeScript, Python, AWS","{""name"": ""Aahana Pillay"", ""email"": ""aahana.pillay281@example.com"", ""cgpa"": 9.58, ""skills"": [""Flask"", ""TypeScript"", ""Python"", ""AWS""], ""projects"": [""Attendance Tracker""]}",2026-07-31T00:58:27.301187
282,282,/resumes/282_oliver.pdf,"Oliver Contractor | IT | CGPA 6.56 | Skills: REST APIs, HTML/CSS, JavaScript, AWS, Node.js, Docker, Spring Boot","{""name"": ""Oliver Contractor"", ""email"": ""oliver.contractor282@example.com"", ""cgpa"": 6.56, ""skills"": [""REST APIs"", ""HTML/CSS"", ""JavaScript"", ""AWS"", ""Node.js"", ""Docker"", ""Spring Boot""], ""projects"": [""Fraud Detection System"", ""Attendance Tracker""]}",2026-06-24T14:58:27.301207
283,283,/resumes/283_nihal.pdf,"Nihal Mukhopadhyay | IT | CGPA 8.92 | Skills: Machine Learning, Kubernetes, Flask","{""name"": ""Nihal Mukhopadhyay"", ""email"": ""nihal.mukhopadhyay283@example.com"", ""cgpa"": 8.92, ""skills"": [""Machine Learning"", ""Kubernetes"", ""Flask""], ""projects"": [""AI Resume Screener"", ""Weather Prediction Model""]}",2026-07-20T10:58:27.301227
284,284,/resumes/284_hritik.pdf,"Hritik Bal | EEE | CGPA 8.9 | Skills: Git, System Design, REST APIs, HTML/CSS","{""name"": ""Hritik Bal"", ""email"": ""hritik.bal284@example.com"", ""cgpa"": 8.9, ""skills"": [""Git"", ""System Design"", ""REST APIs"", ""HTML/CSS""], ""projects"": [""Library Management Portal"", ""Weather Prediction Model""]}",2026-07-20T09:58:27.301247
285,285,/resumes/285_devika.pdf,"Devika Prashad | MECH | CGPA 8.04 | Skills: Java, System Design, Docker, Algorithms, TypeScript, TensorFlow","{""name"": ""Devika Prashad"", ""email"": ""devika.prashad285@example.com"", ""cgpa"": 8.04, ""skills"": [""Java"", ""System Design"", ""Docker"", ""Algorithms"", ""TypeScript"", ""TensorFlow""], ""projects"": [""Weather Prediction Model"", ""Library Management Portal"", ""Weather Prediction Model""]}",2026-08-19T19:58:27.301268
286,286,/resumes/286_mekhala.pdf,"Mekhala Issac | CSE | CGPA 8.32 | Skills: Git, Java, Flask, MongoDB, PostgreSQL, Docker","{""name"": ""Mekhala Issac"", ""email"": ""mekhala.issac286@example.com"", ""cgpa"": 8.32, ""skills"": [""Git"", ""Java"", ""Flask"", ""MongoDB"", ""PostgreSQL"", ""Docker""], ""projects"": [""E-commerce Recommender"", ""IoT Smart Campus""]}",2026-07-02T01:58:27.301289
287,287,/resumes/287_faqid.pdf,"Faqid Kibe | CSE | CGPA 6.86 | Skills: Git, Docker, Data Structures, Node.js, Kubernetes","{""name"": ""Faqid Kibe"", ""email"": ""faqid.kibe287@example.com"", ""cgpa"": 6.86, ""skills"": [""Git"", ""Docker"", ""Data Structures"", ""Node.js"", ""Kubernetes""], ""projects"": [""Campus Event App""]}",2026-07-21T19:58:27.301308
288,288,/resumes/288_harsh.pdf,"Harsh Mitra | CSE | CGPA 6.9 | Skills: JavaScript, Git, C++, MongoDB, SQL, Node.js","{""name"": ""Harsh Mitra"", ""email"": ""harsh.mitra288@example.com"", ""cgpa"": 6.9, ""skills"": [""JavaScript"", ""Git"", ""C++"", ""MongoDB"", ""SQL"", ""Node.js""], ""projects"": [""Library Management Portal"", ""Library Management Portal""]}",2026-06-27T12:58:27.301327
289,289,/resumes/289_jai.pdf,"Jai Barman | CSE | CGPA 5.85 | Skills: Python, Node.js, Git, TensorFlow, Django, TypeScript","{""name"": ""Jai Barman"", ""email"": ""jai.barman289@example.com"", ""cgpa"": 5.85, ""skills"": [""Python"", ""Node.js"", ""Git"", ""TensorFlow"", ""Django"", ""TypeScript""], ""projects"": [""IoT Smart Campus"", ""Library Management Portal""]}",2026-08-03T08:58:27.301346
290,290,/resumes/290_idika.pdf,"Idika Walia | CIVIL | CGPA 7.23 | Skills: HTML/CSS, Git, JavaScript","{""name"": ""Idika Walia"", ""email"": ""idika.walia290@example.com"", ""cgpa"": 7.23, ""skills"": [""HTML/CSS"", ""Git"", ""JavaScript""], ""projects"": [""Campus Event App""]}",2026-08-11T16:58:27.301378
291,291,/resumes/291_priya.pdf,"Priya Prabhakar | ECE | CGPA 9.14 | Skills: Docker, MongoDB, System Design, Node.js, Spring Boot, PostgreSQL, TypeScript, Java","{""name"": ""Priya Prabhakar"", ""email"": ""priya.prabhakar291@example.com"", ""cgpa"": 9.14, ""skills"": [""Docker"", ""MongoDB"", ""System Design"", ""Node.js"", ""Spring Boot"", ""PostgreSQL"", ""TypeScript"", ""Java""], ""projects"": [""Attendance Tracker"", ""Attendance Tracker"", ""Placement Analytics Dashboard""]}",2026-07-23T11:58:27.301409
292,292,/resumes/292_ekapad.pdf,"Ekapad Toor | CSE | CGPA 6.18 | Skills: Data Structures, Spring Boot, Git, HTML/CSS, Node.js, SQL","{""name"": ""Ekapad Toor"", ""email"": ""ekapad.toor292@example.com"", ""cgpa"": 6.18, ""skills"": [""Data Structures"", ""Spring Boot"", ""Git"", ""HTML/CSS"", ""Node.js"", ""SQL""], ""projects"": [""Chatbot Assistant"", ""Weather Prediction Model"", ""Weather Prediction Model""]}",2026-06-25T17:58:27.301432
293,293,/resumes/293_harita.pdf,"Harita Arora | CSE | CGPA 5.88 | Skills: REST APIs, Spring Boot, PostgreSQL, Python, System Design, HTML/CSS","{""name"": ""Harita Arora"", ""email"": ""harita.arora293@example.com"", ""cgpa"": 5.88, ""skills"": [""REST APIs"", ""Spring Boot"", ""PostgreSQL"", ""Python"", ""System Design"", ""HTML/CSS""], ""projects"": [""Weather Prediction Model"", ""E-commerce Recommender"", ""Fraud Detection System""]}",2026-08-15T15:58:27.301452
294,294,/resumes/294_osha.pdf,"Osha Suri | MECH | CGPA 9.96 | Skills: C++, System Design, HTML/CSS, Python, Flask, PostgreSQL","{""name"": ""Osha Suri"", ""email"": ""osha.suri294@example.com"", ""cgpa"": 9.96, ""skills"": [""C++"", ""System Design"", ""HTML/CSS"", ""Python"", ""Flask"", ""PostgreSQL""], ""projects"": [""Placement Analytics Dashboard""]}",2026-08-07T07:58:27.301472
295,295,/resumes/295_hitesh.pdf,"Hitesh Sant | ECE | CGPA 9.63 | Skills: Java, JavaScript, AWS, React","{""name"": ""Hitesh Sant"", ""email"": ""hitesh.sant295@example.com"", ""cgpa"": 9.63, ""skills"": [""Java"", ""JavaScript"", ""AWS"", ""React""], ""projects"": [""Fraud Detection System""]}",2026-06-30T16:58:27.301491
296,296,/resumes/296_janaki.pdf,"Janaki Sharaf | CSE | CGPA 9.05 | Skills: C++, Java, SQL, Kubernetes, Node.js","{""name"": ""Janaki Sharaf"", ""email"": ""janaki.sharaf296@example.com"", ""cgpa"": 9.05, ""skills"": [""C++"", ""Java"", ""SQL"", ""Kubernetes"", ""Node.js""], ""projects"": [""Weather Prediction Model""]}",2026-07-11T09:58:27.301515
297,297,/resumes/297_michael.pdf,"Michael Saran | CIVIL | CGPA 8.55 | Skills: Node.js, Git, TensorFlow, AWS, Java, C++, Data Structures","{""name"": ""Michael Saran"", ""email"": ""michael.saran297@example.com"", ""cgpa"": 8.55, ""skills"": [""Node.js"", ""Git"", ""TensorFlow"", ""AWS"", ""Java"", ""C++"", ""Data Structures""], ""projects"": [""Chatbot Assistant"", ""Library Management Portal""]}",2026-07-02T15:58:27.301534
298,298,/resumes/298_patrick.pdf,"Patrick Vig | CSE | CGPA 8.21 | Skills: REST APIs, React, SQL, HTML/CSS, Machine Learning","{""name"": ""Patrick Vig"", ""email"": ""patrick.vig298@example.com"", ""cgpa"": 8.21, ""skills"": [""REST APIs"", ""React"", ""SQL"", ""HTML/CSS"", ""Machine Learning""], ""projects"": [""Chatbot Assistant"", ""Placement Analytics Dashboard"", ""Weather Prediction Model""]}",2026-08-10T21:58:27.301553
299,299,/resumes/299_anamika.pdf,"Anamika Yohannan | CIVIL | CGPA 9.63 | Skills: Django, System Design, Java, SQL, TensorFlow, MongoDB, C++, REST APIs","{""name"": ""Anamika Yohannan"", ""email"": ""anamika.yohannan299@example.com"", ""cgpa"": 9.63, ""skills"": [""Django"", ""System Design"", ""Java"", ""SQL"", ""TensorFlow"", ""MongoDB"", ""C++"", ""REST APIs""], ""projects"": [""Attendance Tracker"", ""Library Management Portal""]}",2026-07-18T14:58:27.301572
300,300,/resumes/300_veda.pdf,"Veda Shroff | CSE | CGPA 6.08 | Skills: AWS, React, System Design, TensorFlow, REST APIs, MongoDB, TypeScript","{""name"": ""Veda Shroff"", ""email"": ""veda.shroff300@example.com"", ""cgpa"": 6.08, ""skills"": [""AWS"", ""React"", ""System Design"", ""TensorFlow"", ""REST APIs"", ""MongoDB"", ""TypeScript""], ""projects"": [""Placement Analytics Dashboard""]}",2026-07-13T17:58:27.301591
301,301,/resumes/301_rajata.pdf,"Rajata Loyal | IT | CGPA 8.4 | Skills: Python, Git, JavaScript","{""name"": ""Rajata Loyal"", ""email"": ""rajata.loyal301@example.com"", ""cgpa"": 8.4, ""skills"": [""Python"", ""Git"", ""JavaScript""], ""projects"": [""Campus Event App"", ""Fraud Detection System"", ""Campus Event App""]}",2026-07-19T03:58:27.301611
302,302,/resumes/302_ekantika.pdf,"Ekantika Korpal | MECH | CGPA 9.76 | Skills: Kubernetes, Java, Algorithms, AWS, PostgreSQL, Django","{""name"": ""Ekantika Korpal"", ""email"": ""ekantika.korpal302@example.com"", ""cgpa"": 9.76, ""skills"": [""Kubernetes"", ""Java"", ""Algorithms"", ""AWS"", ""PostgreSQL"", ""Django""], ""projects"": [""Fraud Detection System"", ""Campus Event App""]}",2026-07-24T09:58:27.301630
303,303,/resumes/303_gabriel.pdf,"Gabriel Mallick | ECE | CGPA 7.41 | Skills: MongoDB, PostgreSQL, Algorithms, Python, SQL","{""name"": ""Gabriel Mallick"", ""email"": ""gabriel.mallick303@example.com"", ""cgpa"": 7.41, ""skills"": [""MongoDB"", ""PostgreSQL"", ""Algorithms"", ""Python"", ""SQL""], ""projects"": [""AI Resume Screener""]}",2026-07-31T04:58:27.301650
304,304,/resumes/304_shravya.pdf,"Shravya Kohli | EEE | CGPA 6.46 | Skills: Node.js, Django, Algorithms","{""name"": ""Shravya Kohli"", ""email"": ""shravya.kohli304@example.com"", ""cgpa"": 6.46, ""skills"": [""Node.js"", ""Django"", ""Algorithms""], ""projects"": [""Weather Prediction Model"", ""Fraud Detection System"", ""IoT Smart Campus""]}",2026-07-28T18:58:27.301668
305,305,/resumes/305_ucchal.pdf,"Ucchal Raghavan | CSE | CGPA 6.12 | Skills: JavaScript, React, REST APIs","{""name"": ""Ucchal Raghavan"", ""email"": ""ucchal.raghavan305@example.com"", ""cgpa"": 6.12, ""skills"": [""JavaScript"", ""React"", ""REST APIs""], ""projects"": [""Campus Event App""]}",2026-06-28T00:58:27.301686
306,306,/resumes/306_gayathri.pdf,"Gayathri Balakrishnan | CSE | CGPA 9.26 | Skills: Git, Kubernetes, Spring Boot, Java, MongoDB","{""name"": ""Gayathri Balakrishnan"", ""email"": ""gayathri.balakrishnan306@example.com"", ""cgpa"": 9.26, ""skills"": [""Git"", ""Kubernetes"", ""Spring Boot"", ""Java"", ""MongoDB""], ""projects"": [""E-commerce Recommender"", ""IoT Smart Campus""]}",2026-08-18T15:58:27.301706
307,307,/resumes/307_warda.pdf,"Warda Nair | EEE | CGPA 8.95 | Skills: Django, TensorFlow, TypeScript","{""name"": ""Warda Nair"", ""email"": ""warda.nair307@example.com"", ""cgpa"": 8.95, ""skills"": [""Django"", ""TensorFlow"", ""TypeScript""], ""projects"": [""Fraud Detection System"", ""Weather Prediction Model"", ""AI Resume Screener""]}",2026-07-02T16:58:27.301726
308,308,/resumes/308_qabil.pdf,"Qabil Sura | IT | CGPA 9.24 | Skills: Machine Learning, Python, Algorithms, Docker","{""name"": ""Qabil Sura"", ""email"": ""qabil.sura308@example.com"", ""cgpa"": 9.24, ""skills"": [""Machine Learning"", ""Python"", ""Algorithms"", ""Docker""], ""projects"": [""Fraud Detection System""]}",2026-07-28T06:58:27.301745
309,309,/resumes/309_simon.pdf,"Simon Pant | IT | CGPA 7.35 | Skills: Node.js, System Design, SQL, Data Structures, Algorithms, Java","{""name"": ""Simon Pant"", ""email"": ""simon.pant309@example.com"", ""cgpa"": 7.35, ""skills"": [""Node.js"", ""System Design"", ""SQL"", ""Data Structures"", ""Algorithms"", ""Java""], ""projects"": [""E-commerce Recommender"", ""Attendance Tracker""]}",2026-08-07T18:58:27.301764
310,310,/resumes/310_aarna.pdf,"Aarna Oak | IT | CGPA 8.89 | Skills: Data Structures, Django, MongoDB, Spring Boot, Node.js, SQL","{""name"": ""Aarna Oak"", ""email"": ""aarna.oak310@example.com"", ""cgpa"": 8.89, ""skills"": [""Data Structures"", ""Django"", ""MongoDB"", ""Spring Boot"", ""Node.js"", ""SQL""], ""projects"": [""E-commerce Recommender"", ""Campus Event App"", ""Placement Analytics Dashboard""]}",2026-07-14T11:58:27.301788
311,311,/resumes/311_ati.pdf,"Ati Majumdar | IT | CGPA 9.85 | Skills: REST APIs, MongoDB, React","{""name"": ""Ati Majumdar"", ""email"": ""ati.majumdar311@example.com"", ""cgpa"": 9.85, ""skills"": [""REST APIs"", ""MongoDB"", ""React""], ""projects"": [""Weather Prediction Model""]}",2026-08-11T19:58:27.301808
312,312,/resumes/312_advaith.pdf,"Advaith Varughese | ECE | CGPA 8.07 | Skills: MongoDB, Data Structures, Algorithms, React, SQL, Spring Boot, JavaScript, Django","{""name"": ""Advaith Varughese"", ""email"": ""advaith.varughese312@example.com"", ""cgpa"": 8.07, ""skills"": [""MongoDB"", ""Data Structures"", ""Algorithms"", ""React"", ""SQL"", ""Spring Boot"", ""JavaScript"", ""Django""], ""projects"": [""E-commerce Recommender"", ""Weather Prediction Model"", ""Campus Event App""]}",2026-07-11T22:58:27.301829
313,313,/resumes/313_rayaan.pdf,"Rayaan Chada | IT | CGPA 7.38 | Skills: System Design, C++, Algorithms, Git, Java, SQL, MongoDB, Data Structures","{""name"": ""Rayaan Chada"", ""email"": ""rayaan.chada313@example.com"", ""cgpa"": 7.38, ""skills"": [""System Design"", ""C++"", ""Algorithms"", ""Git"", ""Java"", ""SQL"", ""MongoDB"", ""Data Structures""], ""projects"": [""Campus Event App"", ""Library Management Portal""]}",2026-08-15T13:58:27.301849
314,314,/resumes/314_wyatt.pdf,"Wyatt Ray | ECE | CGPA 6.63 | Skills: PostgreSQL, Algorithms, Git, TypeScript, SQL","{""name"": ""Wyatt Ray"", ""email"": ""wyatt.ray314@example.com"", ""cgpa"": 6.63, ""skills"": [""PostgreSQL"", ""Algorithms"", ""Git"", ""TypeScript"", ""SQL""], ""projects"": [""AI Resume Screener""]}",2026-08-12T04:58:27.301869
315,315,/resumes/315_vrinda.pdf,"Vrinda Khosla | CSE | CGPA 8.7 | Skills: System Design, PostgreSQL, MongoDB","{""name"": ""Vrinda Khosla"", ""email"": ""vrinda.khosla315@example.com"", ""cgpa"": 8.7, ""skills"": [""System Design"", ""PostgreSQL"", ""MongoDB""], ""projects"": [""Attendance Tracker"", ""Attendance Tracker""]}",2026-07-17T11:58:27.301888
316,316,/resumes/316_vamakshi.pdf,"Vamakshi Swaminathan | MECH | CGPA 6.22 | Skills: PostgreSQL, Algorithms, Machine Learning, React, HTML/CSS","{""name"": ""Vamakshi Swaminathan"", ""email"": ""vamakshi.swaminathan316@example.com"", ""cgpa"": 6.22, ""skills"": [""PostgreSQL"", ""Algorithms"", ""Machine Learning"", ""React"", ""HTML/CSS""], ""projects"": [""Campus Event App""]}",2026-07-21T10:58:27.301909
317,317,/resumes/317_sara.pdf,"Sara Badal | EEE | CGPA 5.91 | Skills: System Design, Algorithms, PostgreSQL, Git, Java","{""name"": ""Sara Badal"", ""email"": ""sara.badal317@example.com"", ""cgpa"": 5.91, ""skills"": [""System Design"", ""Algorithms"", ""PostgreSQL"", ""Git"", ""Java""], ""projects"": [""Weather Prediction Model""]}",2026-07-23T03:58:27.301929
318,318,/resumes/318_girik.pdf,"Girik Menon | ECE | CGPA 7.37 | Skills: Java, C++, Kubernetes, Docker, Node.js, TensorFlow","{""name"": ""Girik Menon"", ""email"": ""girik.menon318@example.com"", ""cgpa"": 7.37, ""skills"": [""Java"", ""C++"", ""Kubernetes"", ""Docker"", ""Node.js"", ""TensorFlow""], ""projects"": [""Fraud Detection System"", ""Campus Event App""]}",2026-08-11T04:58:27.301977
319,319,/resumes/319_timothy.pdf,"Timothy Ravel | ECE | CGPA 5.87 | Skills: TypeScript, PostgreSQL, C++, Git, TensorFlow, React, Spring Boot, JavaScript","{""name"": ""Timothy Ravel"", ""email"": ""timothy.ravel319@example.com"", ""cgpa"": 5.87, ""skills"": [""TypeScript"", ""PostgreSQL"", ""C++"", ""Git"", ""TensorFlow"", ""React"", ""Spring Boot"", ""JavaScript""], ""projects"": [""AI Resume Screener""]}",2026-08-11T11:58:27.302002
320,320,/resumes/320_yagnesh.pdf,"Yagnesh Mohan | IT | CGPA 8.42 | Skills: Machine Learning, AWS, Docker, Node.js, Algorithms, System Design, Git","{""name"": ""Yagnesh Mohan"", ""email"": ""yagnesh.mohan320@example.com"", ""cgpa"": 8.42, ""skills"": [""Machine Learning"", ""AWS"", ""Docker"", ""Node.js"", ""Algorithms"", ""System Design"", ""Git""], ""projects"": [""E-commerce Recommender"", ""Chatbot Assistant""]}",2026-08-03T19:58:27.302023
321,321,/resumes/321_jyoti.pdf,"Jyoti Solanki | IT | CGPA 9.23 | Skills: Node.js, Data Structures, AWS, System Design, TensorFlow, React","{""name"": ""Jyoti Solanki"", ""email"": ""jyoti.solanki321@example.com"", ""cgpa"": 9.23, ""skills"": [""Node.js"", ""Data Structures"", ""AWS"", ""System Design"", ""TensorFlow"", ""React""], ""projects"": [""Attendance Tracker""]}",2026-07-29T02:58:27.302043
322,322,/resumes/322_hemangini.pdf,"Hemangini Sandal | CSE | CGPA 8.27 | Skills: C++, Data Structures, PostgreSQL, Git, Docker, TensorFlow, Kubernetes, Flask","{""name"": ""Hemangini Sandal"", ""email"": ""hemangini.sandal322@example.com"", ""cgpa"": 8.27, ""skills"": [""C++"", ""Data Structures"", ""PostgreSQL"", ""Git"", ""Docker"", ""TensorFlow"", ""Kubernetes"", ""Flask""], ""projects"": [""AI Resume Screener"", ""Placement Analytics Dashboard""]}",2026-08-16T11:58:27.302065
323,323,/resumes/323_ganga.pdf,"Ganga Pandey | MECH | CGPA 6.17 | Skills: HTML/CSS, TensorFlow, Kubernetes, Algorithms","{""name"": ""Ganga Pandey"", ""email"": ""ganga.pandey323@example.com"", ""cgpa"": 6.17, ""skills"": [""HTML/CSS"", ""TensorFlow"", ""Kubernetes"", ""Algorithms""], ""projects"": [""Fraud Detection System"", ""AI Resume Screener""]}",2026-08-09T15:58:27.302085
324,324,/resumes/324_sudiksha.pdf,"Sudiksha Madan | CSE | CGPA 8.99 | Skills: HTML/CSS, TensorFlow, REST APIs, SQL, Spring Boot, Git, Algorithms, JavaScript","{""name"": ""Sudiksha Madan"", ""email"": ""sudiksha.madan324@example.com"", ""cgpa"": 8.99, ""skills"": [""HTML/CSS"", ""TensorFlow"", ""REST APIs"", ""SQL"", ""Spring Boot"", ""Git"", ""Algorithms"", ""JavaScript""], ""projects"": [""Placement Analytics Dashboard""]}",2026-07-02T23:58:27.302114
325,325,/resumes/325_damini.pdf,"Damini Krishnamurthy | CSE | CGPA 8.38 | Skills: Algorithms, REST APIs, JavaScript, Java, C++, Django","{""name"": ""Damini Krishnamurthy"", ""email"": ""damini.krishnamurthy325@example.com"", ""cgpa"": 8.38, ""skills"": [""Algorithms"", ""REST APIs"", ""JavaScript"", ""Java"", ""C++"", ""Django""], ""projects"": [""IoT Smart Campus"", ""Library Management Portal""]}",2026-08-04T22:58:27.302140
326,326,/resumes/326_vihaan.pdf,"Vihaan Dara | CIVIL | CGPA 7.75 | Skills: Data Structures, Docker, System Design, TensorFlow, Git, Django, JavaScript","{""name"": ""Vihaan Dara"", ""email"": ""vihaan.dara326@example.com"", ""cgpa"": 7.75, ""skills"": [""Data Structures"", ""Docker"", ""System Design"", ""TensorFlow"", ""Git"", ""Django"", ""JavaScript""], ""projects"": [""Fraud Detection System"", ""Chatbot Assistant""]}",2026-08-04T23:58:27.302160
327,327,/resumes/327_reyansh.pdf,"Reyansh Mutti | CSE | CGPA 8.73 | Skills: Python, System Design, MongoDB, Docker, React, Data Structures, Java","{""name"": ""Reyansh Mutti"", ""email"": ""reyansh.mutti327@example.com"", ""cgpa"": 8.73, ""skills"": [""Python"", ""System Design"", ""MongoDB"", ""Docker"", ""React"", ""Data Structures"", ""Java""], ""projects"": [""Chatbot Assistant"", ""Attendance Tracker""]}",2026-07-11T09:58:27.302180
328,328,/resumes/328_jagdish.pdf,"Jagdish Wason | CIVIL | CGPA 8.07 | Skills: Python, Flask, Kubernetes, HTML/CSS, TensorFlow","{""name"": ""Jagdish Wason"", ""email"": ""jagdish.wason328@example.com"", ""cgpa"": 8.07, ""skills"": [""Python"", ""Flask"", ""Kubernetes"", ""HTML/CSS"", ""TensorFlow""], ""projects"": [""Weather Prediction Model"", ""Fraud Detection System""]}",2026-06-22T10:58:27.302201
329,329,/resumes/329_qasim.pdf,"Qasim Handa | MECH | CGPA 7.12 | Skills: PostgreSQL, Django, TypeScript, Node.js, REST APIs, React","{""name"": ""Qasim Handa"", ""email"": ""qasim.handa329@example.com"", ""cgpa"": 7.12, ""skills"": [""PostgreSQL"", ""Django"", ""TypeScript"", ""Node.js"", ""REST APIs"", ""React""], ""projects"": [""Chatbot Assistant""]}",2026-07-15T22:58:27.302230
330,330,/resumes/330_tarak.pdf,"Tarak Sule | EEE | CGPA 7.78 | Skills: TypeScript, React, Python, C++, JavaScript","{""name"": ""Tarak Sule"", ""email"": ""tarak.sule330@example.com"", ""cgpa"": 7.78, ""skills"": [""TypeScript"", ""React"", ""Python"", ""C++"", ""JavaScript""], ""projects"": [""Library Management Portal""]}",2026-08-19T02:58:27.302254
331,331,/resumes/331_aradhana.pdf,"Aradhana Vohra | CSE | CGPA 9.91 | Skills: React, JavaScript, Kubernetes","{""name"": ""Aradhana Vohra"", ""email"": ""aradhana.vohra331@example.com"", ""cgpa"": 9.91, ""skills"": [""React"", ""JavaScript"", ""Kubernetes""], ""projects"": [""Campus Event App"", ""Fraud Detection System"", ""IoT Smart Campus""]}",2026-06-28T04:58:27.302282
332,332,/resumes/332_barkha.pdf,"Barkha Chaudhry | CIVIL | CGPA 7.05 | Skills: Node.js, Git, MongoDB, Kubernetes, PostgreSQL, HTML/CSS, Docker","{""name"": ""Barkha Chaudhry"", ""email"": ""barkha.chaudhry332@example.com"", ""cgpa"": 7.05, ""skills"": [""Node.js"", ""Git"", ""MongoDB"", ""Kubernetes"", ""PostgreSQL"", ""HTML/CSS"", ""Docker""], ""projects"": [""Attendance Tracker"", ""Library Management Portal""]}",2026-07-27T00:58:27.302308
333,333,/resumes/333_rishi.pdf,"Rishi Minhas | CSE | CGPA 8.81 | Skills: Spring Boot, Flask, MongoDB, Machine Learning, Kubernetes, PostgreSQL","{""name"": ""Rishi Minhas"", ""email"": ""rishi.minhas333@example.com"", ""cgpa"": 8.81, ""skills"": [""Spring Boot"", ""Flask"", ""MongoDB"", ""Machine Learning"", ""Kubernetes"", ""PostgreSQL""], ""projects"": [""Library Management Portal"", ""Weather Prediction Model"", ""Attendance Tracker""]}",2026-06-27T18:58:27.302328
334,334,/resumes/334_utkarsh.pdf,"Utkarsh Patel | CIVIL | CGPA 9.16 | Skills: AWS, SQL, TensorFlow, REST APIs, C++, React, MongoDB, Machine Learning","{""name"": ""Utkarsh Patel"", ""email"": ""utkarsh.patel334@example.com"", ""cgpa"": 9.16, ""skills"": [""AWS"", ""SQL"", ""TensorFlow"", ""REST APIs"", ""C++"", ""React"", ""MongoDB"", ""Machine Learning""], ""projects"": [""Chatbot Assistant""]}",2026-06-23T16:58:27.302348
335,335,/resumes/335_praneel.pdf,"Praneel Mittal | IT | CGPA 7.65 | Skills: Spring Boot, TypeScript, HTML/CSS, C++, PostgreSQL, TensorFlow, Data Structures, Java","{""name"": ""Praneel Mittal"", ""email"": ""praneel.mittal335@example.com"", ""cgpa"": 7.65, ""skills"": [""Spring Boot"", ""TypeScript"", ""HTML/CSS"", ""C++"", ""PostgreSQL"", ""TensorFlow"", ""Data Structures"", ""Java""], ""projects"": [""Chatbot Assistant""]}",2026-08-12T23:58:27.302374
336,336,/resumes/336_akshay.pdf,"Akshay Walla | IT | CGPA 9.75 | Skills: Algorithms, Kubernetes, AWS, Data Structures, JavaScript, Node.js, Java, System Design","{""name"": ""Akshay Walla"", ""email"": ""akshay.walla336@example.com"", ""cgpa"": 9.75, ""skills"": [""Algorithms"", ""Kubernetes"", ""AWS"", ""Data Structures"", ""JavaScript"", ""Node.js"", ""Java"", ""System Design""], ""projects"": [""Chatbot Assistant""]}",2026-07-28T21:58:27.302396
337,337,/resumes/337_jonathan.pdf,"Jonathan Mahal | ECE | CGPA 9.49 | Skills: Data Structures, System Design, Python, Spring Boot, REST APIs, C++, React, MongoDB","{""name"": ""Jonathan Mahal"", ""email"": ""jonathan.mahal337@example.com"", ""cgpa"": 9.49, ""skills"": [""Data Structures"", ""System Design"", ""Python"", ""Spring Boot"", ""REST APIs"", ""C++"", ""React"", ""MongoDB""], ""projects"": [""Attendance Tracker"", ""Library Management Portal"", ""Fraud Detection System""]}",2026-06-27T18:58:27.302429
338,338,/resumes/338_chakradev.pdf,"Chakradev Bhagat | CSE | CGPA 9.17 | Skills: Spring Boot, SQL, System Design","{""name"": ""Chakradev Bhagat"", ""email"": ""chakradev.bhagat338@example.com"", ""cgpa"": 9.17, ""skills"": [""Spring Boot"", ""SQL"", ""System Design""], ""projects"": [""Weather Prediction Model""]}",2026-06-22T03:58:27.302452
339,339,/resumes/339_brinda.pdf,"Brinda Date | CIVIL | CGPA 7.11 | Skills: Git, AWS, Node.js, Machine Learning, Flask, REST APIs, TypeScript, MongoDB","{""name"": ""Brinda Date"", ""email"": ""brinda.date339@example.com"", ""cgpa"": 7.11, ""skills"": [""Git"", ""AWS"", ""Node.js"", ""Machine Learning"", ""Flask"", ""REST APIs"", ""TypeScript"", ""MongoDB""], ""projects"": [""AI Resume Screener"", ""Weather Prediction Model""]}",2026-07-29T11:58:27.302472
340,340,/resumes/340_vritti.pdf,"Vritti Chauhan | EEE | CGPA 9.1 | Skills: Flask, TypeScript, Git, JavaScript, Node.js, Django","{""name"": ""Vritti Chauhan"", ""email"": ""vritti.chauhan340@example.com"", ""cgpa"": 9.1, ""skills"": [""Flask"", ""TypeScript"", ""Git"", ""JavaScript"", ""Node.js"", ""Django""], ""projects"": [""Attendance Tracker"", ""Campus Event App""]}",2026-07-09T00:58:27.302491
341,341,/resumes/341_advik.pdf,"Advik Mane | IT | CGPA 9.8 | Skills: Git, Docker, REST APIs, Data Structures","{""name"": ""Advik Mane"", ""email"": ""advik.mane341@example.com"", ""cgpa"": 9.8, ""skills"": [""Git"", ""Docker"", ""REST APIs"", ""Data Structures""], ""projects"": [""IoT Smart Campus"", ""Campus Event App"", ""AI Resume Screener""]}",2026-07-19T23:58:27.302510
342,342,/resumes/342_upasna.pdf,"Upasna Srinivas | ECE | CGPA 7.15 | Skills: HTML/CSS, Docker, REST APIs, Machine Learning, React, MongoDB, Kubernetes, Python","{""name"": ""Upasna Srinivas"", ""email"": ""upasna.srinivas342@example.com"", ""cgpa"": 7.15, ""skills"": [""HTML/CSS"", ""Docker"", ""REST APIs"", ""Machine Learning"", ""React"", ""MongoDB"", ""Kubernetes"", ""Python""], ""projects"": [""IoT Smart Campus"", ""Campus Event App""]}",2026-08-04T16:58:27.302530
343,343,/resumes/343_ridhi.pdf,"Ridhi Oak | IT | CGPA 5.86 | Skills: AWS, Kubernetes, System Design, JavaScript, Machine Learning, Algorithms, TypeScript, PostgreSQL","{""name"": ""Ridhi Oak"", ""email"": ""ridhi.oak343@example.com"", ""cgpa"": 5.86, ""skills"": [""AWS"", ""Kubernetes"", ""System Design"", ""JavaScript"", ""Machine Learning"", ""Algorithms"", ""TypeScript"", ""PostgreSQL""], ""projects"": [""Library Management Portal"", ""IoT Smart Campus""]}",2026-08-18T18:58:27.302551
344,344,/resumes/344_qarin.pdf,"Qarin Behl | ECE | CGPA 5.96 | Skills: Algorithms, TypeScript, Node.js, Spring Boot, PostgreSQL, Python, TensorFlow","{""name"": ""Qarin Behl"", ""email"": ""qarin.behl344@example.com"", ""cgpa"": 5.96, ""skills"": [""Algorithms"", ""TypeScript"", ""Node.js"", ""Spring Boot"", ""PostgreSQL"", ""Python"", ""TensorFlow""], ""projects"": [""Attendance Tracker""]}",2026-07-11T12:58:27.302580
345,345,/resumes/345_zayyan.pdf,"Zayyan Sridhar | EEE | CGPA 8.73 | Skills: Flask, Spring Boot, Data Structures, Machine Learning, Django","{""name"": ""Zayyan Sridhar"", ""email"": ""zayyan.sridhar345@example.com"", ""cgpa"": 8.73, ""skills"": [""Flask"", ""Spring Boot"", ""Data Structures"", ""Machine Learning"", ""Django""], ""projects"": [""AI Resume Screener""]}",2026-07-05T06:58:27.302601
346,346,/resumes/346_ishaan.pdf,"Ishaan Bhattacharyya | MECH | CGPA 8.77 | Skills: TypeScript, Django, System Design, JavaScript, SQL, Spring Boot, C++","{""name"": ""Ishaan Bhattacharyya"", ""email"": ""ishaan.bhattacharyya346@example.com"", ""cgpa"": 8.77, ""skills"": [""TypeScript"", ""Django"", ""System Design"", ""JavaScript"", ""SQL"", ""Spring Boot"", ""C++""], ""projects"": [""Placement Analytics Dashboard""]}",2026-07-07T20:58:27.302620
347,347,/resumes/347_nandini.pdf,"Nandini Swamy | CSE | CGPA 9.91 | Skills: Data Structures, Git, TypeScript, C++, JavaScript","{""name"": ""Nandini Swamy"", ""email"": ""nandini.swamy347@example.com"", ""cgpa"": 9.91, ""skills"": [""Data Structures"", ""Git"", ""TypeScript"", ""C++"", ""JavaScript""], ""projects"": [""Weather Prediction Model""]}",2026-08-21T09:58:27.302640
348,348,/resumes/348_ethan.pdf,"Ethan Bera | CIVIL | CGPA 7.13 | Skills: C++, Machine Learning, Java, Docker","{""name"": ""Ethan Bera"", ""email"": ""ethan.bera348@example.com"", ""cgpa"": 7.13, ""skills"": [""C++"", ""Machine Learning"", ""Java"", ""Docker""], ""projects"": [""E-commerce Recommender"", ""Library Management Portal""]}",2026-06-28T10:58:27.302659
349,349,/resumes/349_max.pdf,"Max Dixit | EEE | CGPA 6.14 | Skills: Node.js, Git, C++, REST APIs, Django","{""name"": ""Max Dixit"", ""email"": ""max.dixit349@example.com"", ""cgpa"": 6.14, ""skills"": [""Node.js"", ""Git"", ""C++"", ""REST APIs"", ""Django""], ""projects"": [""Campus Event App"", ""Library Management Portal"", ""Chatbot Assistant""]}",2026-08-03T01:58:27.302679
350,350,/resumes/350_daksha.pdf,"Daksha Chada | ECE | CGPA 6.56 | Skills: PostgreSQL, Kubernetes, Django, System Design","{""name"": ""Daksha Chada"", ""email"": ""daksha.chada350@example.com"", ""cgpa"": 6.56, ""skills"": [""PostgreSQL"", ""Kubernetes"", ""Django"", ""System Design""], ""projects"": [""Fraud Detection System""]}",2026-08-10T19:58:27.302698
351,351,/resumes/351_yuvraj.pdf,"Yuvraj Dani | EEE | CGPA 5.65 | Skills: C++, TensorFlow, Spring Boot","{""name"": ""Yuvraj Dani"", ""email"": ""yuvraj.dani351@example.com"", ""cgpa"": 5.65, ""skills"": [""C++"", ""TensorFlow"", ""Spring Boot""], ""projects"": [""Chatbot Assistant""]}",2026-07-27T11:58:27.302717
352,352,/resumes/352_omaja.pdf,"Omaja Kara | MECH | CGPA 8.93 | Skills: React, JavaScript, HTML/CSS, Python, Java, Docker","{""name"": ""Omaja Kara"", ""email"": ""omaja.kara352@example.com"", ""cgpa"": 8.93, ""skills"": [""React"", ""JavaScript"", ""HTML/CSS"", ""Python"", ""Java"", ""Docker""], ""projects"": [""Weather Prediction Model"", ""IoT Smart Campus""]}",2026-08-07T01:58:27.302745
353,353,/resumes/353_lajita.pdf,"Lajita Seshadri | CSE | CGPA 8.42 | Skills: HTML/CSS, REST APIs, Spring Boot, Kubernetes, Docker, C++, PostgreSQL","{""name"": ""Lajita Seshadri"", ""email"": ""lajita.seshadri353@example.com"", ""cgpa"": 8.42, ""skills"": [""HTML/CSS"", ""REST APIs"", ""Spring Boot"", ""Kubernetes"", ""Docker"", ""C++"", ""PostgreSQL""], ""projects"": [""Attendance Tracker"", ""AI Resume Screener""]}",2026-06-26T23:58:27.302767
354,354,/resumes/354_saanvi.pdf,"Saanvi Mishra | MECH | CGPA 7.75 | Skills: Algorithms, TypeScript, Data Structures, Docker, Java","{""name"": ""Saanvi Mishra"", ""email"": ""saanvi.mishra354@example.com"", ""cgpa"": 7.75, ""skills"": [""Algorithms"", ""TypeScript"", ""Data Structures"", ""Docker"", ""Java""], ""projects"": [""AI Resume Screener"", ""Chatbot Assistant""]}",2026-07-10T11:58:27.302791
355,355,/resumes/355_pushti.pdf,"Pushti Mody | MECH | CGPA 6.67 | Skills: Data Structures, JavaScript, Django, Node.js, PostgreSQL, Java","{""name"": ""Pushti Mody"", ""email"": ""pushti.mody355@example.com"", ""cgpa"": 6.67, ""skills"": [""Data Structures"", ""JavaScript"", ""Django"", ""Node.js"", ""PostgreSQL"", ""Java""], ""projects"": [""Attendance Tracker"", ""AI Resume Screener"", ""Chatbot Assistant""]}",2026-07-29T23:58:27.302817
356,356,/resumes/356_darpan.pdf,"Darpan Chaudhary | IT | CGPA 9.99 | Skills: C++, JavaScript, Git, Django, React, Java","{""name"": ""Darpan Chaudhary"", ""email"": ""darpan.chaudhary356@example.com"", ""cgpa"": 9.99, ""skills"": [""C++"", ""JavaScript"", ""Git"", ""Django"", ""React"", ""Java""], ""projects"": [""Weather Prediction Model""]}",2026-07-22T17:58:27.302840
357,357,/resumes/357_sarthak.pdf,"Sarthak Kakar | CSE | CGPA 9.54 | Skills: PostgreSQL, JavaScript, Data Structures","{""name"": ""Sarthak Kakar"", ""email"": ""sarthak.kakar357@example.com"", ""cgpa"": 9.54, ""skills"": [""PostgreSQL"", ""JavaScript"", ""Data Structures""], ""projects"": [""Placement Analytics Dashboard"", ""Placement Analytics Dashboard"", ""IoT Smart Campus""]}",2026-07-17T23:58:27.302860
358,358,/resumes/358_aishani.pdf,"Aishani Bumb | CIVIL | CGPA 9.94 | Skills: Java, Algorithms, Spring Boot","{""name"": ""Aishani Bumb"", ""email"": ""aishani.bumb358@example.com"", ""cgpa"": 9.94, ""skills"": [""Java"", ""Algorithms"", ""Spring Boot""], ""projects"": [""Weather Prediction Model""]}",2026-08-15T11:58:27.302879
359,359,/resumes/359_naksh.pdf,"Naksh Khatri | IT | CGPA 6.81 | Skills: JavaScript, TypeScript, MongoDB, Git","{""name"": ""Naksh Khatri"", ""email"": ""naksh.khatri359@example.com"", ""cgpa"": 6.81, ""skills"": [""JavaScript"", ""TypeScript"", ""MongoDB"", ""Git""], ""projects"": [""Campus Event App"", ""Fraud Detection System""]}",2026-08-09T14:58:27.302898
360,360,/resumes/360_oscar.pdf,"Oscar Borde | ECE | CGPA 8.65 | Skills: Java, Spring Boot, React","{""name"": ""Oscar Borde"", ""email"": ""oscar.borde360@example.com"", ""cgpa"": 8.65, ""skills"": [""Java"", ""Spring Boot"", ""React""], ""projects"": [""AI Resume Screener"", ""Placement Analytics Dashboard"", ""Library Management Portal""]}",2026-08-15T01:58:27.302924
361,361,/resumes/361_naksh.pdf,"Naksh Agate | IT | CGPA 9.93 | Skills: Java, Flask, JavaScript, React, Python, Node.js, Spring Boot","{""name"": ""Naksh Agate"", ""email"": ""naksh.agate361@example.com"", ""cgpa"": 9.93, ""skills"": [""Java"", ""Flask"", ""JavaScript"", ""React"", ""Python"", ""Node.js"", ""Spring Boot""], ""projects"": [""E-commerce Recommender"", ""Library Management Portal""]}",2026-07-03T00:58:27.302950
362,362,/resumes/362_nilima.pdf,"Nilima Seshadri | MECH | CGPA 7.99 | Skills: SQL, REST APIs, System Design","{""name"": ""Nilima Seshadri"", ""email"": ""nilima.seshadri362@example.com"", ""cgpa"": 7.99, ""skills"": [""SQL"", ""REST APIs"", ""System Design""], ""projects"": [""Campus Event App"", ""E-commerce Recommender"", ""Placement Analytics Dashboard""]}",2026-08-09T01:58:27.302970
363,363,/resumes/363_upma.pdf,"Upma Manne | CIVIL | CGPA 5.89 | Skills: Kubernetes, Algorithms, Spring Boot, TypeScript","{""name"": ""Upma Manne"", ""email"": ""upma.manne363@example.com"", ""cgpa"": 5.89, ""skills"": [""Kubernetes"", ""Algorithms"", ""Spring Boot"", ""TypeScript""], ""projects"": [""E-commerce Recommender"", ""AI Resume Screener"", ""Fraud Detection System""]}",2026-07-31T11:58:27.302999
364,364,/resumes/364_bachittar.pdf,"Bachittar Kata | MECH | CGPA 7.35 | Skills: React, Algorithms, Django, Java, TensorFlow, Node.js, HTML/CSS","{""name"": ""Bachittar Kata"", ""email"": ""bachittar.kata364@example.com"", ""cgpa"": 7.35, ""skills"": [""React"", ""Algorithms"", ""Django"", ""Java"", ""TensorFlow"", ""Node.js"", ""HTML/CSS""], ""projects"": [""Attendance Tracker"", ""E-commerce Recommender""]}",2026-08-01T03:58:27.303021
365,365,/resumes/365_bhavya.pdf,"Bhavya Mandal | EEE | CGPA 6.93 | Skills: Node.js, Git, Flask, TensorFlow, Java, React, SQL","{""name"": ""Bhavya Mandal"", ""email"": ""bhavya.mandal365@example.com"", ""cgpa"": 6.93, ""skills"": [""Node.js"", ""Git"", ""Flask"", ""TensorFlow"", ""Java"", ""React"", ""SQL""], ""projects"": [""Placement Analytics Dashboard"", ""Campus Event App"", ""Attendance Tracker""]}",2026-07-13T22:58:27.303041
366,366,/resumes/366_sudiksha.pdf,"Sudiksha Bobal | MECH | CGPA 6.08 | Skills: Node.js, C++, HTML/CSS","{""name"": ""Sudiksha Bobal"", ""email"": ""sudiksha.bobal366@example.com"", ""cgpa"": 6.08, ""skills"": [""Node.js"", ""C++"", ""HTML/CSS""], ""projects"": [""Placement Analytics Dashboard"", ""Library Management Portal"", ""Weather Prediction Model""]}",2026-08-07T15:58:27.303061
367,367,/resumes/367_vivaan.pdf,"Vivaan Lalla | MECH | CGPA 8.96 | Skills: REST APIs, HTML/CSS, React, Django, TypeScript, Machine Learning, MongoDB, Git","{""name"": ""Vivaan Lalla"", ""email"": ""vivaan.lalla367@example.com"", ""cgpa"": 8.96, ""skills"": [""REST APIs"", ""HTML/CSS"", ""React"", ""Django"", ""TypeScript"", ""Machine Learning"", ""MongoDB"", ""Git""], ""projects"": [""Campus Event App"", ""IoT Smart Campus""]}",2026-07-04T22:58:27.303081
368,368,/resumes/368_rudra.pdf,"Rudra Sandal | IT | CGPA 7.83 | Skills: C++, JavaScript, Data Structures, AWS, Kubernetes, Python, PostgreSQL","{""name"": ""Rudra Sandal"", ""email"": ""rudra.sandal368@example.com"", ""cgpa"": 7.83, ""skills"": [""C++"", ""JavaScript"", ""Data Structures"", ""AWS"", ""Kubernetes"", ""Python"", ""PostgreSQL""], ""projects"": [""Weather Prediction Model"", ""Library Management Portal""]}",2026-08-14T05:58:27.303114
369,369,/resumes/369_ishwar.pdf,"Ishwar Kar | MECH | CGPA 6.51 | Skills: MongoDB, Flask, Git, JavaScript, Django, Machine Learning, Java","{""name"": ""Ishwar Kar"", ""email"": ""ishwar.kar369@example.com"", ""cgpa"": 6.51, ""skills"": [""MongoDB"", ""Flask"", ""Git"", ""JavaScript"", ""Django"", ""Machine Learning"", ""Java""], ""projects"": [""Weather Prediction Model"", ""IoT Smart Campus""]}",2026-07-23T12:58:27.303138
370,370,/resumes/370_manthan.pdf,"Manthan Lata | MECH | CGPA 6.63 | Skills: Java, Spring Boot, JavaScript, AWS, Data Structures, Django, Kubernetes, Machine Learning","{""name"": ""Manthan Lata"", ""email"": ""manthan.lata370@example.com"", ""cgpa"": 6.63, ""skills"": [""Java"", ""Spring Boot"", ""JavaScript"", ""AWS"", ""Data Structures"", ""Django"", ""Kubernetes"", ""Machine Learning""], ""projects"": [""E-commerce Recommender"", ""Attendance Tracker"", ""IoT Smart Campus""]}",2026-07-18T09:58:27.303158
371,371,/resumes/371_lucky.pdf,"Lucky Bora | MECH | CGPA 6.86 | Skills: Python, REST APIs, MongoDB, SQL","{""name"": ""Lucky Bora"", ""email"": ""lucky.bora371@example.com"", ""cgpa"": 6.86, ""skills"": [""Python"", ""REST APIs"", ""MongoDB"", ""SQL""], ""projects"": [""Campus Event App"", ""Fraud Detection System""]}",2026-06-21T22:58:27.303177
372,372,/resumes/372_darpan.pdf,"Darpan Gandhi | CIVIL | CGPA 9.74 | Skills: Algorithms, Kubernetes, Django, Spring Boot, Flask, SQL, JavaScript","{""name"": ""Darpan Gandhi"", ""email"": ""darpan.gandhi372@example.com"", ""cgpa"": 9.74, ""skills"": [""Algorithms"", ""Kubernetes"", ""Django"", ""Spring Boot"", ""Flask"", ""SQL"", ""JavaScript""], ""projects"": [""E-commerce Recommender""]}",2026-08-11T17:58:27.303198
373,373,/resumes/373_damyanti.pdf,"Damyanti Mani | MECH | CGPA 8.22 | Skills: REST APIs, TensorFlow, Java","{""name"": ""Damyanti Mani"", ""email"": ""damyanti.mani373@example.com"", ""cgpa"": 8.22, ""skills"": [""REST APIs"", ""TensorFlow"", ""Java""], ""projects"": [""Campus Event App"", ""Campus Event App""]}",2026-08-08T03:58:27.303217
374,374,/resumes/374_reva.pdf,"Reva Dash | CIVIL | CGPA 5.63 | Skills: Git, Node.js, Docker, AWS, React, Spring Boot, Django","{""name"": ""Reva Dash"", ""email"": ""reva.dash374@example.com"", ""cgpa"": 5.63, ""skills"": [""Git"", ""Node.js"", ""Docker"", ""AWS"", ""React"", ""Spring Boot"", ""Django""], ""projects"": [""Library Management Portal"", ""Campus Event App""]}",2026-07-16T12:58:27.303238
375,375,/resumes/375_upadhriti.pdf,"Upadhriti Modi | MECH | CGPA 6.45 | Skills: Machine Learning, React, SQL","{""name"": ""Upadhriti Modi"", ""email"": ""upadhriti.modi375@example.com"", ""cgpa"": 6.45, ""skills"": [""Machine Learning"", ""React"", ""SQL""], ""projects"": [""Attendance Tracker""]}",2026-07-14T01:58:27.303257
376,376,/resumes/376_neha.pdf,"Neha Magar | CIVIL | CGPA 9.5 | Skills: Algorithms, Flask, Data Structures, System Design","{""name"": ""Neha Magar"", ""email"": ""neha.magar376@example.com"", ""cgpa"": 9.5, ""skills"": [""Algorithms"", ""Flask"", ""Data Structures"", ""System Design""], ""projects"": [""Placement Analytics Dashboard"", ""Fraud Detection System"", ""Campus Event App""]}",2026-08-18T02:58:27.303286
377,377,/resumes/377_xiti.pdf,"Xiti Zacharia | ECE | CGPA 9.12 | Skills: Flask, C++, Kubernetes, MongoDB, REST APIs, Django, System Design","{""name"": ""Xiti Zacharia"", ""email"": ""xiti.zacharia377@example.com"", ""cgpa"": 9.12, ""skills"": [""Flask"", ""C++"", ""Kubernetes"", ""MongoDB"", ""REST APIs"", ""Django"", ""System Design""], ""projects"": [""Campus Event App"", ""AI Resume Screener""]}",2026-07-02T00:58:27.303310
378,378,/resumes/378_wakeeta.pdf,"Wakeeta Sarma | EEE | CGPA 5.77 | Skills: TensorFlow, Flask, Spring Boot, React, TypeScript, Python","{""name"": ""Wakeeta Sarma"", ""email"": ""wakeeta.sarma378@example.com"", ""cgpa"": 5.77, ""skills"": [""TensorFlow"", ""Flask"", ""Spring Boot"", ""React"", ""TypeScript"", ""Python""], ""projects"": [""Campus Event App"", ""AI Resume Screener""]}",2026-07-22T07:58:27.303329
379,379,/resumes/379_faris.pdf,"Faris Baral | CIVIL | CGPA 8.23 | Skills: MongoDB, Docker, REST APIs, SQL, Git, TypeScript","{""name"": ""Faris Baral"", ""email"": ""faris.baral379@example.com"", ""cgpa"": 8.23, ""skills"": [""MongoDB"", ""Docker"", ""REST APIs"", ""SQL"", ""Git"", ""TypeScript""], ""projects"": [""Chatbot Assistant"", ""Weather Prediction Model"", ""Weather Prediction Model""]}",2026-08-18T07:58:27.303349
380,380,/resumes/380_rachana.pdf,"Rachana Naidu | IT | CGPA 9.37 | Skills: AWS, Data Structures, Flask, JavaScript","{""name"": ""Rachana Naidu"", ""email"": ""rachana.naidu380@example.com"", ""cgpa"": 9.37, ""skills"": [""AWS"", ""Data Structures"", ""Flask"", ""JavaScript""], ""projects"": [""AI Resume Screener""]}",2026-06-27T13:58:27.303366
381,381,/resumes/381_zashil.pdf,"Zashil Bal | CSE | CGPA 5.98 | Skills: HTML/CSS, Git, TensorFlow, Spring Boot","{""name"": ""Zashil Bal"", ""email"": ""zashil.bal381@example.com"", ""cgpa"": 5.98, ""skills"": [""HTML/CSS"", ""Git"", ""TensorFlow"", ""Spring Boot""], ""projects"": [""Library Management Portal""]}",2026-06-21T16:58:27.303385
382,382,/resumes/382_gavin.pdf,"Gavin Karnik | EEE | CGPA 6.13 | Skills: HTML/CSS, Docker, Node.js, AWS","{""name"": ""Gavin Karnik"", ""email"": ""gavin.karnik382@example.com"", ""cgpa"": 6.13, ""skills"": [""HTML/CSS"", ""Docker"", ""Node.js"", ""AWS""], ""projects"": [""Fraud Detection System"", ""Weather Prediction Model""]}",2026-07-25T05:58:27.303413
383,383,/resumes/383_ansh.pdf,"Ansh Luthra | ECE | CGPA 9.83 | Skills: Algorithms, MongoDB, Java, Data Structures, Kubernetes, Machine Learning, PostgreSQL, Django","{""name"": ""Ansh Luthra"", ""email"": ""ansh.luthra383@example.com"", ""cgpa"": 9.83, ""skills"": [""Algorithms"", ""MongoDB"", ""Java"", ""Data Structures"", ""Kubernetes"", ""Machine Learning"", ""PostgreSQL"", ""Django""], ""projects"": [""AI Resume Screener"", ""Weather Prediction Model"", ""Library Management Portal""]}",2026-08-04T17:58:27.303435
384,384,/resumes/384_banjeet.pdf,"Banjeet Gill | MECH | CGPA 6.35 | Skills: AWS, Git, System Design, Java, Spring Boot, TypeScript","{""name"": ""Banjeet Gill"", ""email"": ""banjeet.gill384@example.com"", ""cgpa"": 6.35, ""skills"": [""AWS"", ""Git"", ""System Design"", ""Java"", ""Spring Boot"", ""TypeScript""], ""projects"": [""AI Resume Screener"", ""AI Resume Screener""]}",2026-08-10T11:58:27.303454
385,385,/resumes/385_upma.pdf,"Upma Venkataraman | EEE | CGPA 6.89 | Skills: Flask, PostgreSQL, SQL, JavaScript, REST APIs","{""name"": ""Upma Venkataraman"", ""email"": ""upma.venkataraman385@example.com"", ""cgpa"": 6.89, ""skills"": [""Flask"", ""PostgreSQL"", ""SQL"", ""JavaScript"", ""REST APIs""], ""projects"": [""IoT Smart Campus""]}",2026-08-12T11:58:27.303474
386,386,/resumes/386_riya.pdf,"Riya Mall | CSE | CGPA 6.58 | Skills: MongoDB, TypeScript, Kubernetes, Machine Learning, Java","{""name"": ""Riya Mall"", ""email"": ""riya.mall386@example.com"", ""cgpa"": 6.58, ""skills"": [""MongoDB"", ""TypeScript"", ""Kubernetes"", ""Machine Learning"", ""Java""], ""projects"": [""Fraud Detection System""]}",2026-08-04T01:58:27.303493
387,387,/resumes/387_pratyush.pdf,"Pratyush Sarin | CIVIL | CGPA 8.19 | Skills: MongoDB, SQL, REST APIs, PostgreSQL, JavaScript, Data Structures, Git","{""name"": ""Pratyush Sarin"", ""email"": ""pratyush.sarin387@example.com"", ""cgpa"": 8.19, ""skills"": [""MongoDB"", ""SQL"", ""REST APIs"", ""PostgreSQL"", ""JavaScript"", ""Data Structures"", ""Git""], ""projects"": [""Library Management Portal"", ""AI Resume Screener"", ""Campus Event App""]}",2026-08-16T04:58:27.303513
388,388,/resumes/388_vyanjana.pdf,"Vyanjana Chand | IT | CGPA 5.54 | Skills: Node.js, Data Structures, C++, SQL, Spring Boot, Machine Learning","{""name"": ""Vyanjana Chand"", ""email"": ""vyanjana.chand388@example.com"", ""cgpa"": 5.54, ""skills"": [""Node.js"", ""Data Structures"", ""C++"", ""SQL"", ""Spring Boot"", ""Machine Learning""], ""projects"": [""Weather Prediction Model"", ""Fraud Detection System""]}",2026-06-26T15:58:27.303532
389,389,/resumes/389_upma.pdf,"Upma Pall | EEE | CGPA 8.94 | Skills: Python, Data Structures, Kubernetes, PostgreSQL, React, REST APIs, AWS, TypeScript","{""name"": ""Upma Pall"", ""email"": ""upma.pall389@example.com"", ""cgpa"": 8.94, ""skills"": [""Python"", ""Data Structures"", ""Kubernetes"", ""PostgreSQL"", ""React"", ""REST APIs"", ""AWS"", ""TypeScript""], ""projects"": [""Chatbot Assistant""]}",2026-07-24T00:58:27.303551
390,390,/resumes/390_nilima.pdf,"Nilima Nath | CSE | CGPA 6.38 | Skills: Algorithms, Kubernetes, TensorFlow, Spring Boot, JavaScript, REST APIs, MongoDB, Git","{""name"": ""Nilima Nath"", ""email"": ""nilima.nath390@example.com"", ""cgpa"": 6.38, ""skills"": [""Algorithms"", ""Kubernetes"", ""TensorFlow"", ""Spring Boot"", ""JavaScript"", ""REST APIs"", ""MongoDB"", ""Git""], ""projects"": [""IoT Smart Campus""]}",2026-07-19T07:58:27.303569
391,391,/resumes/391_ekani.pdf,"Ekani Cheema | MECH | CGPA 8.94 | Skills: AWS, Data Structures, Java, React, Spring Boot, HTML/CSS","{""name"": ""Ekani Cheema"", ""email"": ""ekani.cheema391@example.com"", ""cgpa"": 8.94, ""skills"": [""AWS"", ""Data Structures"", ""Java"", ""React"", ""Spring Boot"", ""HTML/CSS""], ""projects"": [""Placement Analytics Dashboard""]}",2026-07-10T05:58:27.303588
392,392,/resumes/392_naveen.pdf,"Naveen Narayan | ECE | CGPA 6.08 | Skills: Node.js, HTML/CSS, TypeScript, React","{""name"": ""Naveen Narayan"", ""email"": ""naveen.narayan392@example.com"", ""cgpa"": 6.08, ""skills"": [""Node.js"", ""HTML/CSS"", ""TypeScript"", ""React""], ""projects"": [""IoT Smart Campus"", ""Library Management Portal""]}",2026-08-10T12:58:27.303607
393,393,/resumes/393_nisha.pdf,"Nisha Tandon | MECH | CGPA 7.15 | Skills: TensorFlow, React, Git, Machine Learning, AWS","{""name"": ""Nisha Tandon"", ""email"": ""nisha.tandon393@example.com"", ""cgpa"": 7.15, ""skills"": [""TensorFlow"", ""React"", ""Git"", ""Machine Learning"", ""AWS""], ""projects"": [""Fraud Detection System""]}",2026-08-16T00:58:27.303626
394,394,/resumes/394_bhavya.pdf,"Bhavya Rattan | CIVIL | CGPA 5.68 | Skills: React, AWS, Git, PostgreSQL, Node.js","{""name"": ""Bhavya Rattan"", ""email"": ""bhavya.rattan394@example.com"", ""cgpa"": 5.68, ""skills"": [""React"", ""AWS"", ""Git"", ""PostgreSQL"", ""Node.js""], ""projects"": [""AI Resume Screener"", ""AI Resume Screener"", ""Fraud Detection System""]}",2026-07-31T04:58:27.303654
395,395,/resumes/395_balhaar.pdf,"Balhaar Sha | MECH | CGPA 7.84 | Skills: React, Git, Algorithms, Spring Boot, Python, PostgreSQL","{""name"": ""Balhaar Sha"", ""email"": ""balhaar.sha395@example.com"", ""cgpa"": 7.84, ""skills"": [""React"", ""Git"", ""Algorithms"", ""Spring Boot"", ""Python"", ""PostgreSQL""], ""projects"": [""Placement Analytics Dashboard"", ""Library Management Portal"", ""AI Resume Screener""]}",2026-08-11T07:58:27.303678
396,396,/resumes/396_gaurang.pdf,"Gaurang Murty | MECH | CGPA 8.26 | Skills: React, TensorFlow, Git, Algorithms, SQL, REST APIs, Java, Spring Boot","{""name"": ""Gaurang Murty"", ""email"": ""gaurang.murty396@example.com"", ""cgpa"": 8.26, ""skills"": [""React"", ""TensorFlow"", ""Git"", ""Algorithms"", ""SQL"", ""REST APIs"", ""Java"", ""Spring Boot""], ""projects"": [""Fraud Detection System""]}",2026-07-30T00:58:27.303697
397,397,/resumes/397_zayyan.pdf,"Zayyan Naik | MECH | CGPA 8.17 | Skills: C++, Algorithms, Java, System Design, JavaScript","{""name"": ""Zayyan Naik"", ""email"": ""zayyan.naik397@example.com"", ""cgpa"": 8.17, ""skills"": [""C++"", ""Algorithms"", ""Java"", ""System Design"", ""JavaScript""], ""projects"": [""Campus Event App""]}",2026-07-21T22:58:27.303715
398,398,/resumes/398_jack.pdf,"Jack Raval | CSE | CGPA 8.03 | Skills: Python, C++, PostgreSQL, Git","{""name"": ""Jack Raval"", ""email"": ""jack.raval398@example.com"", ""cgpa"": 8.03, ""skills"": [""Python"", ""C++"", ""PostgreSQL"", ""Git""], ""projects"": [""E-commerce Recommender""]}",2026-07-17T15:58:27.303734
399,399,/resumes/399_yoshita.pdf,"Yoshita Agarwal | ECE | CGPA 5.99 | Skills: Algorithms, System Design, HTML/CSS, MongoDB, Java, AWS","{""name"": ""Yoshita Agarwal"", ""email"": ""yoshita.agarwal399@example.com"", ""cgpa"": 5.99, ""skills"": [""Algorithms"", ""System Design"", ""HTML/CSS"", ""MongoDB"", ""Java"", ""AWS""], ""projects"": [""AI Resume Screener""]}",2026-07-02T08:58:27.303754
400,400,/resumes/400_turvi.pdf,"Turvi Sachdev | ECE | CGPA 8.33 | Skills: Data Structures, AWS, Git","{""name"": ""Turvi Sachdev"", ""email"": ""turvi.sachdev400@example.com"", ""cgpa"": 8.33, ""skills"": [""Data Structures"", ""AWS"", ""Git""], ""projects"": [""Chatbot Assistant"", ""Campus Event App"", ""Placement Analytics Dashboard""]}",2026-07-08T00:58:27.303781
401,401,/resumes/401_chatura.pdf,"Chatura Guha | CIVIL | CGPA 8.99 | Skills: Git, Kubernetes, Spring Boot, Data Structures, Node.js, HTML/CSS, TensorFlow, React","{""name"": ""Chatura Guha"", ""email"": ""chatura.guha401@example.com"", ""cgpa"": 8.99, ""skills"": [""Git"", ""Kubernetes"", ""Spring Boot"", ""Data Structures"", ""Node.js"", ""HTML/CSS"", ""TensorFlow"", ""React""], ""projects"": [""Placement Analytics Dashboard""]}",2026-07-29T15:58:27.303805
402,402,/resumes/402_zarna.pdf,"Zarna Pathak | MECH | CGPA 6.27 | Skills: C++, TensorFlow, Docker, Python, Kubernetes","{""name"": ""Zarna Pathak"", ""email"": ""zarna.pathak402@example.com"", ""cgpa"": 6.27, ""skills"": [""C++"", ""TensorFlow"", ""Docker"", ""Python"", ""Kubernetes""], ""projects"": [""IoT Smart Campus"", ""Campus Event App"", ""Library Management Portal""]}",2026-07-16T01:58:27.303828
403,403,/resumes/403_wishi.pdf,"Wishi Sathe | CIVIL | CGPA 8.56 | Skills: TensorFlow, React, Django, Node.js, Docker, Data Structures, PostgreSQL, REST APIs","{""name"": ""Wishi Sathe"", ""email"": ""wishi.sathe403@example.com"", ""cgpa"": 8.56, ""skills"": [""TensorFlow"", ""React"", ""Django"", ""Node.js"", ""Docker"", ""Data Structures"", ""PostgreSQL"", ""REST APIs""], ""projects"": [""IoT Smart Campus"", ""Fraud Detection System"", ""IoT Smart Campus""]}",2026-06-30T13:58:27.303849
404,404,/resumes/404_charan.pdf,"Charan Jani | EEE | CGPA 7.48 | Skills: Python, React, Machine Learning","{""name"": ""Charan Jani"", ""email"": ""charan.jani404@example.com"", ""cgpa"": 7.48, ""skills"": [""Python"", ""React"", ""Machine Learning""], ""projects"": [""AI Resume Screener""]}",2026-07-16T18:58:27.303869
405,405,/resumes/405_amara.pdf,"Amara Deep | EEE | CGPA 7.76 | Skills: TypeScript, Data Structures, Kubernetes, Node.js, REST APIs, Flask, Python, SQL","{""name"": ""Amara Deep"", ""email"": ""amara.deep405@example.com"", ""cgpa"": 7.76, ""skills"": [""TypeScript"", ""Data Structures"", ""Kubernetes"", ""Node.js"", ""REST APIs"", ""Flask"", ""Python"", ""SQL""], ""projects"": [""Attendance Tracker"", ""Attendance Tracker"", ""E-commerce Recommender""]}",2026-08-09T11:58:27.303890
406,406,/resumes/406_bhavna.pdf,"Bhavna Sarma | MECH | CGPA 8.68 | Skills: Machine Learning, JavaScript, TypeScript, REST APIs, SQL, AWS","{""name"": ""Bhavna Sarma"", ""email"": ""bhavna.sarma406@example.com"", ""cgpa"": 8.68, ""skills"": [""Machine Learning"", ""JavaScript"", ""TypeScript"", ""REST APIs"", ""SQL"", ""AWS""], ""projects"": [""Fraud Detection System""]}",2026-07-05T16:58:27.303918
407,407,/resumes/407_vedhika.pdf,"Vedhika Dara | IT | CGPA 7.65 | Skills: React, Algorithms, Git","{""name"": ""Vedhika Dara"", ""email"": ""vedhika.dara407@example.com"", ""cgpa"": 7.65, ""skills"": [""React"", ""Algorithms"", ""Git""], ""projects"": [""Fraud Detection System"", ""E-commerce Recommender"", ""Fraud Detection System""]}",2026-07-14T18:58:27.303943
408,408,/resumes/408_ayush.pdf,"Ayush Khatri | CIVIL | CGPA 7.04 | Skills: Machine Learning, AWS, Kubernetes","{""name"": ""Ayush Khatri"", ""email"": ""ayush.khatri408@example.com"", ""cgpa"": 7.04, ""skills"": [""Machine Learning"", ""AWS"", ""Kubernetes""], ""projects"": [""IoT Smart Campus"", ""E-commerce Recommender""]}",2026-08-12T03:58:27.303970
409,409,/resumes/409_nathan.pdf,"Nathan Mukhopadhyay | IT | CGPA 8.62 | Skills: MongoDB, JavaScript, C++, Django, Node.js","{""name"": ""Nathan Mukhopadhyay"", ""email"": ""nathan.mukhopadhyay409@example.com"", ""cgpa"": 8.62, ""skills"": [""MongoDB"", ""JavaScript"", ""C++"", ""Django"", ""Node.js""], ""projects"": [""Campus Event App"", ""Library Management Portal""]}",2026-07-09T14:58:27.303994
410,410,/resumes/410_akshay.pdf,"Akshay Reddy | ECE | CGPA 6.84 | Skills: TypeScript, Data Structures, Machine Learning, HTML/CSS, AWS","{""name"": ""Akshay Reddy"", ""email"": ""akshay.reddy410@example.com"", ""cgpa"": 6.84, ""skills"": [""TypeScript"", ""Data Structures"", ""Machine Learning"", ""HTML/CSS"", ""AWS""], ""projects"": [""Weather Prediction Model""]}",2026-07-04T14:58:27.304015
411,411,/resumes/411_girik.pdf,"Girik Kar | EEE | CGPA 8.61 | Skills: React, MongoDB, Data Structures","{""name"": ""Girik Kar"", ""email"": ""girik.kar411@example.com"", ""cgpa"": 8.61, ""skills"": [""React"", ""MongoDB"", ""Data Structures""], ""projects"": [""IoT Smart Campus"", ""AI Resume Screener"", ""E-commerce Recommender""]}",2026-07-06T03:58:27.304036
412,412,/resumes/412_ishaan.pdf,"Ishaan Shenoy | ECE | CGPA 9.71 | Skills: Node.js, SQL, Django, React, MongoDB","{""name"": ""Ishaan Shenoy"", ""email"": ""ishaan.shenoy412@example.com"", ""cgpa"": 9.71, ""skills"": [""Node.js"", ""SQL"", ""Django"", ""React"", ""MongoDB""], ""projects"": [""Attendance Tracker"", ""Chatbot Assistant"", ""IoT Smart Campus""]}",2026-08-21T09:58:27.304058
413,413,/resumes/413_jacob.pdf,"Jacob Dube | EEE | CGPA 7.94 | Skills: HTML/CSS, PostgreSQL, SQL, Kubernetes, Git, C++, TypeScript","{""name"": ""Jacob Dube"", ""email"": ""jacob.dube413@example.com"", ""cgpa"": 7.94, ""skills"": [""HTML/CSS"", ""PostgreSQL"", ""SQL"", ""Kubernetes"", ""Git"", ""C++"", ""TypeScript""], ""projects"": [""Weather Prediction Model"", ""Chatbot Assistant"", ""Weather Prediction Model""]}",2026-06-24T23:58:27.304079
414,414,/resumes/414_wishi.pdf,"Wishi Manne | ECE | CGPA 9.12 | Skills: System Design, MongoDB, Algorithms, Node.js, Data Structures, Python","{""name"": ""Wishi Manne"", ""email"": ""wishi.manne414@example.com"", ""cgpa"": 9.12, ""skills"": [""System Design"", ""MongoDB"", ""Algorithms"", ""Node.js"", ""Data Structures"", ""Python""], ""projects"": [""Attendance Tracker""]}",2026-06-23T09:58:27.304098
415,415,/resumes/415_yashodhara.pdf,"Yashodhara Mahajan | CIVIL | CGPA 9.66 | Skills: Django, React, C++, Kubernetes","{""name"": ""Yashodhara Mahajan"", ""email"": ""yashodhara.mahajan415@example.com"", ""cgpa"": 9.66, ""skills"": [""Django"", ""React"", ""C++"", ""Kubernetes""], ""projects"": [""AI Resume Screener""]}",2026-07-21T03:58:27.304117
416,416,/resumes/416_ojasvi.pdf,"Ojasvi Subramanian | MECH | CGPA 9.23 | Skills: Java, Django, SQL, Spring Boot, MongoDB, TensorFlow","{""name"": ""Ojasvi Subramanian"", ""email"": ""ojasvi.subramanian416@example.com"", ""cgpa"": 9.23, ""skills"": [""Java"", ""Django"", ""SQL"", ""Spring Boot"", ""MongoDB"", ""TensorFlow""], ""projects"": [""IoT Smart Campus"", ""AI Resume Screener"", ""AI Resume Screener""]}",2026-08-13T16:58:27.304137
417,417,/resumes/417_urmi.pdf,"Urmi Kohli | IT | CGPA 5.99 | Skills: TypeScript, Python, SQL, System Design, Django","{""name"": ""Urmi Kohli"", ""email"": ""urmi.kohli417@example.com"", ""cgpa"": 5.99, ""skills"": [""TypeScript"", ""Python"", ""SQL"", ""System Design"", ""Django""], ""projects"": [""E-commerce Recommender"", ""Attendance Tracker""]}",2026-07-26T05:58:27.304157
418,418,/resumes/418_tanmayi.pdf,"Tanmayi Dhillon | IT | CGPA 9.57 | Skills: React, Spring Boot, Machine Learning","{""name"": ""Tanmayi Dhillon"", ""email"": ""tanmayi.dhillon418@example.com"", ""cgpa"": 9.57, ""skills"": [""React"", ""Spring Boot"", ""Machine Learning""], ""projects"": [""AI Resume Screener"", ""Attendance Tracker""]}",2026-07-18T14:58:27.304185
419,419,/resumes/419_leela.pdf,"Leela Halder | CIVIL | CGPA 6.99 | Skills: MongoDB, Spring Boot, System Design, Flask","{""name"": ""Leela Halder"", ""email"": ""leela.halder419@example.com"", ""cgpa"": 6.99, ""skills"": [""MongoDB"", ""Spring Boot"", ""System Design"", ""Flask""], ""projects"": [""AI Resume Screener"", ""IoT Smart Campus""]}",2026-08-20T23:58:27.304207
420,420,/resumes/420_yashoda.pdf,"Yashoda Deshpande | EEE | CGPA 7.98 | Skills: Python, MongoDB, Django, TypeScript, Data Structures, Node.js, PostgreSQL","{""name"": ""Yashoda Deshpande"", ""email"": ""yashoda.deshpande420@example.com"", ""cgpa"": 7.98, ""skills"": [""Python"", ""MongoDB"", ""Django"", ""TypeScript"", ""Data Structures"", ""Node.js"", ""PostgreSQL""], ""projects"": [""Fraud Detection System"", ""AI Resume Screener"", ""Chatbot Assistant""]}",2026-06-22T09:58:27.304227
421,421,/resumes/421_ekaraj.pdf,"Ekaraj Majumdar | IT | CGPA 9.45 | Skills: Git, TypeScript, SQL, Node.js","{""name"": ""Ekaraj Majumdar"", ""email"": ""ekaraj.majumdar421@example.com"", ""cgpa"": 9.45, ""skills"": [""Git"", ""TypeScript"", ""SQL"", ""Node.js""], ""projects"": [""E-commerce Recommender"", ""E-commerce Recommender"", ""AI Resume Screener""]}",2026-07-11T23:58:27.304246
422,422,/resumes/422_oeshi.pdf,"Oeshi Oak | CSE | CGPA 8.41 | Skills: Flask, Kubernetes, SQL, Algorithms, TypeScript, Git, System Design","{""name"": ""Oeshi Oak"", ""email"": ""oeshi.oak422@example.com"", ""cgpa"": 8.41, ""skills"": [""Flask"", ""Kubernetes"", ""SQL"", ""Algorithms"", ""TypeScript"", ""Git"", ""System Design""], ""projects"": [""Chatbot Assistant""]}",2026-07-11T19:58:27.304263
423,423,/resumes/423_yashica.pdf,"Yashica Loke | CSE | CGPA 7.91 | Skills: Algorithms, REST APIs, SQL","{""name"": ""Yashica Loke"", ""email"": ""yashica.loke423@example.com"", ""cgpa"": 7.91, ""skills"": [""Algorithms"", ""REST APIs"", ""SQL""], ""projects"": [""Chatbot Assistant"", ""IoT Smart Campus""]}",2026-08-15T12:58:27.304281
424,424,/resumes/424_aarnav.pdf,"Aarnav Mandal | CSE | CGPA 9.27 | Skills: Spring Boot, Data Structures, TypeScript, Git, Flask, PostgreSQL, Kubernetes","{""name"": ""Aarnav Mandal"", ""email"": ""aarnav.mandal424@example.com"", ""cgpa"": 9.27, ""skills"": [""Spring Boot"", ""Data Structures"", ""TypeScript"", ""Git"", ""Flask"", ""PostgreSQL"", ""Kubernetes""], ""projects"": [""Weather Prediction Model"", ""Fraud Detection System"", ""E-commerce Recommender""]}",2026-08-07T14:58:27.304301
425,425,/resumes/425_chanchal.pdf,"Chanchal Suri | ECE | CGPA 6.34 | Skills: TypeScript, REST APIs, SQL","{""name"": ""Chanchal Suri"", ""email"": ""chanchal.suri425@example.com"", ""cgpa"": 6.34, ""skills"": [""TypeScript"", ""REST APIs"", ""SQL""], ""projects"": [""IoT Smart Campus""]}",2026-08-09T00:58:27.304319
426,426,/resumes/426_manthan.pdf,"Manthan Sekhon | ECE | CGPA 8.06 | Skills: TypeScript, C++, SQL, React, Docker, System Design, Spring Boot, Node.js","{""name"": ""Manthan Sekhon"", ""email"": ""manthan.sekhon426@example.com"", ""cgpa"": 8.06, ""skills"": [""TypeScript"", ""C++"", ""SQL"", ""React"", ""Docker"", ""System Design"", ""Spring Boot"", ""Node.js""], ""projects"": [""Campus Event App"", ""Weather Prediction Model"", ""E-commerce Recommender""]}",2026-07-07T20:58:27.304338
427,427,/resumes/427_veda.pdf,"Veda Pai | IT | CGPA 8.39 | Skills: Kubernetes, Spring Boot, REST APIs, Machine Learning","{""name"": ""Veda Pai"", ""email"": ""veda.pai427@example.com"", ""cgpa"": 8.39, ""skills"": [""Kubernetes"", ""Spring Boot"", ""REST APIs"", ""Machine Learning""], ""projects"": [""Chatbot Assistant""]}",2026-07-03T08:58:27.304356
428,428,/resumes/428_gaurangi.pdf,"Gaurangi Purohit | IT | CGPA 6.37 | Skills: REST APIs, TypeScript, System Design, Docker, MongoDB","{""name"": ""Gaurangi Purohit"", ""email"": ""gaurangi.purohit428@example.com"", ""cgpa"": 6.37, ""skills"": [""REST APIs"", ""TypeScript"", ""System Design"", ""Docker"", ""MongoDB""], ""projects"": [""Fraud Detection System"", ""Library Management Portal"", ""Library Management Portal""]}",2026-07-14T01:58:27.304375
429,429,/resumes/429_tamanna.pdf,"Tamanna Nagy | CIVIL | CGPA 6.66 | Skills: REST APIs, Flask, JavaScript, React, Python","{""name"": ""Tamanna Nagy"", ""email"": ""tamanna.nagy429@example.com"", ""cgpa"": 6.66, ""skills"": [""REST APIs"", ""Flask"", ""JavaScript"", ""React"", ""Python""], ""projects"": [""IoT Smart Campus"", ""E-commerce Recommender""]}",2026-08-08T02:58:27.304393
430,430,/resumes/430_ranbir.pdf,"Ranbir Khare | IT | CGPA 8.06 | Skills: Docker, System Design, TypeScript, Algorithms","{""name"": ""Ranbir Khare"", ""email"": ""ranbir.khare430@example.com"", ""cgpa"": 8.06, ""skills"": [""Docker"", ""System Design"", ""TypeScript"", ""Algorithms""], ""projects"": [""Attendance Tracker"", ""AI Resume Screener""]}",2026-08-08T07:58:27.304411
431,431,/resumes/431_leela.pdf,"Leela Kaur | MECH | CGPA 9.54 | Skills: C++, TypeScript, MongoDB","{""name"": ""Leela Kaur"", ""email"": ""leela.kaur431@example.com"", ""cgpa"": 9.54, ""skills"": [""C++"", ""TypeScript"", ""MongoDB""], ""projects"": [""Chatbot Assistant"", ""AI Resume Screener""]}",2026-07-08T19:58:27.304442
432,432,/resumes/432_nirja.pdf,"Nirja Bassi | IT | CGPA 8.51 | Skills: TypeScript, REST APIs, MongoDB, Machine Learning, PostgreSQL","{""name"": ""Nirja Bassi"", ""email"": ""nirja.bassi432@example.com"", ""cgpa"": 8.51, ""skills"": [""TypeScript"", ""REST APIs"", ""MongoDB"", ""Machine Learning"", ""PostgreSQL""], ""projects"": [""Attendance Tracker""]}",2026-08-21T02:58:27.304471
433,433,/resumes/433_eesha.pdf,"Eesha Solanki | IT | CGPA 6.62 | Skills: SQL, Docker, Git, Algorithms, HTML/CSS, TypeScript","{""name"": ""Eesha Solanki"", ""email"": ""eesha.solanki433@example.com"", ""cgpa"": 6.62, ""skills"": [""SQL"", ""Docker"", ""Git"", ""Algorithms"", ""HTML/CSS"", ""TypeScript""], ""projects"": [""Fraud Detection System""]}",2026-06-30T02:58:27.304492
434,434,/resumes/434_lakshmi.pdf,"Lakshmi Raju | CIVIL | CGPA 9.79 | Skills: Node.js, REST APIs, Kubernetes, React, Data Structures, Docker, HTML/CSS, SQL","{""name"": ""Lakshmi Raju"", ""email"": ""lakshmi.raju434@example.com"", ""cgpa"": 9.79, ""skills"": [""Node.js"", ""REST APIs"", ""Kubernetes"", ""React"", ""Data Structures"", ""Docker"", ""HTML/CSS"", ""SQL""], ""projects"": [""E-commerce Recommender""]}",2026-08-20T04:58:27.304510
435,435,/resumes/435_max.pdf,"Max Tandon | CSE | CGPA 8.44 | Skills: MongoDB, Java, Docker, Machine Learning","{""name"": ""Max Tandon"", ""email"": ""max.tandon435@example.com"", ""cgpa"": 8.44, ""skills"": [""MongoDB"", ""Java"", ""Docker"", ""Machine Learning""], ""projects"": [""Placement Analytics Dashboard"", ""IoT Smart Campus"", ""Campus Event App""]}",2026-06-25T04:58:27.304530
436,436,/resumes/436_balhaar.pdf,"Balhaar Date | MECH | CGPA 6.88 | Skills: AWS, Data Structures, Algorithms, Java, Python, TensorFlow, JavaScript, React","{""name"": ""Balhaar Date"", ""email"": ""balhaar.date436@example.com"", ""cgpa"": 6.88, ""skills"": [""AWS"", ""Data Structures"", ""Algorithms"", ""Java"", ""Python"", ""TensorFlow"", ""JavaScript"", ""React""], ""projects"": [""IoT Smart Campus"", ""IoT Smart Campus""]}",2026-07-20T10:58:27.304549
437,437,/resumes/437_yadavi.pdf,"Yadavi Narula | ECE | CGPA 8.61 | Skills: AWS, Kubernetes, Java, TypeScript, Flask","{""name"": ""Yadavi Narula"", ""email"": ""yadavi.narula437@example.com"", ""cgpa"": 8.61, ""skills"": [""AWS"", ""Kubernetes"", ""Java"", ""TypeScript"", ""Flask""], ""projects"": [""Weather Prediction Model"", ""Fraud Detection System"", ""Placement Analytics Dashboard""]}",2026-07-07T22:58:27.304568
438,438,/resumes/438_harish.pdf,"Harish Sarraf | IT | CGPA 6.49 | Skills: C++, Data Structures, SQL, Algorithms, Node.js, Python, PostgreSQL, JavaScript","{""name"": ""Harish Sarraf"", ""email"": ""harish.sarraf438@example.com"", ""cgpa"": 6.49, ""skills"": [""C++"", ""Data Structures"", ""SQL"", ""Algorithms"", ""Node.js"", ""Python"", ""PostgreSQL"", ""JavaScript""], ""projects"": [""IoT Smart Campus"", ""Chatbot Assistant"", ""IoT Smart Campus""]}",2026-07-10T23:58:27.304598
439,439,/resumes/439_harish.pdf,"Harish Vora | MECH | CGPA 8.23 | Skills: REST APIs, TensorFlow, Python, Algorithms, Docker, HTML/CSS, System Design, JavaScript","{""name"": ""Harish Vora"", ""email"": ""harish.vora439@example.com"", ""cgpa"": 8.23, ""skills"": [""REST APIs"", ""TensorFlow"", ""Python"", ""Algorithms"", ""Docker"", ""HTML/CSS"", ""System Design"", ""JavaScript""], ""projects"": [""Placement Analytics Dashboard"", ""Library Management Portal"", ""IoT Smart Campus""]}",2026-07-26T00:58:27.304619
440,440,/resumes/440_tanmayi.pdf,"Tanmayi Aurora | IT | CGPA 9.11 | Skills: Algorithms, Node.js, System Design, Data Structures, AWS, Kubernetes, Django, REST APIs","{""name"": ""Tanmayi Aurora"", ""email"": ""tanmayi.aurora440@example.com"", ""cgpa"": 9.11, ""skills"": [""Algorithms"", ""Node.js"", ""System Design"", ""Data Structures"", ""AWS"", ""Kubernetes"", ""Django"", ""REST APIs""], ""projects"": [""AI Resume Screener""]}",2026-07-30T02:58:27.304637
441,441,/resumes/441_maanas.pdf,"Maanas Rout | EEE | CGPA 9.43 | Skills: Flask, System Design, C++, TensorFlow, SQL, JavaScript","{""name"": ""Maanas Rout"", ""email"": ""maanas.rout441@example.com"", ""cgpa"": 9.43, ""skills"": [""Flask"", ""System Design"", ""C++"", ""TensorFlow"", ""SQL"", ""JavaScript""], ""projects"": [""IoT Smart Campus"", ""Placement Analytics Dashboard""]}",2026-06-28T20:58:27.304655
442,442,/resumes/442_mohammed.pdf,"Mohammed Borde | CSE | CGPA 5.85 | Skills: Django, AWS, C++, JavaScript, Data Structures, MongoDB","{""name"": ""Mohammed Borde"", ""email"": ""mohammed.borde442@example.com"", ""cgpa"": 5.85, ""skills"": [""Django"", ""AWS"", ""C++"", ""JavaScript"", ""Data Structures"", ""MongoDB""], ""projects"": [""Weather Prediction Model"", ""Chatbot Assistant""]}",2026-07-24T21:58:27.304680
443,443,/resumes/443_upasna.pdf,"Upasna Lanka | IT | CGPA 6.41 | Skills: Machine Learning, System Design, MongoDB, Git, PostgreSQL, Node.js","{""name"": ""Upasna Lanka"", ""email"": ""upasna.lanka443@example.com"", ""cgpa"": 6.41, ""skills"": [""Machine Learning"", ""System Design"", ""MongoDB"", ""Git"", ""PostgreSQL"", ""Node.js""], ""projects"": [""Attendance Tracker""]}",2026-07-04T03:58:27.304707
444,444,/resumes/444_hamsini.pdf,"Hamsini Rao | CIVIL | CGPA 7.49 | Skills: Spring Boot, Git, Machine Learning, JavaScript, PostgreSQL, Kubernetes, Java, MongoDB","{""name"": ""Hamsini Rao"", ""email"": ""hamsini.rao444@example.com"", ""cgpa"": 7.49, ""skills"": [""Spring Boot"", ""Git"", ""Machine Learning"", ""JavaScript"", ""PostgreSQL"", ""Kubernetes"", ""Java"", ""MongoDB""], ""projects"": [""E-commerce Recommender"", ""Library Management Portal"", ""E-commerce Recommender""]}",2026-08-14T08:58:27.304736
445,445,/resumes/445_faris.pdf,"Faris Narasimhan | CSE | CGPA 9.55 | Skills: Algorithms, C++, JavaScript, Django, Kubernetes, Machine Learning","{""name"": ""Faris Narasimhan"", ""email"": ""faris.narasimhan445@example.com"", ""cgpa"": 9.55, ""skills"": [""Algorithms"", ""C++"", ""JavaScript"", ""Django"", ""Kubernetes"", ""Machine Learning""], ""projects"": [""Fraud Detection System""]}",2026-07-23T00:58:27.304757
446,446,/resumes/446_lajita.pdf,"Lajita Nadig | MECH | CGPA 7.37 | Skills: SQL, React, Django, Python","{""name"": ""Lajita Nadig"", ""email"": ""lajita.nadig446@example.com"", ""cgpa"": 7.37, ""skills"": [""SQL"", ""React"", ""Django"", ""Python""], ""projects"": [""E-commerce Recommender"", ""IoT Smart Campus""]}",2026-07-29T08:58:27.304775
447,447,/resumes/447_vinaya.pdf,"Vinaya Banik | ECE | CGPA 6.89 | Skills: Kubernetes, Spring Boot, JavaScript, Java, Django, Node.js, Machine Learning","{""name"": ""Vinaya Banik"", ""email"": ""vinaya.banik447@example.com"", ""cgpa"": 6.89, ""skills"": [""Kubernetes"", ""Spring Boot"", ""JavaScript"", ""Java"", ""Django"", ""Node.js"", ""Machine Learning""], ""projects"": [""Fraud Detection System""]}",2026-07-16T18:58:27.304793
448,448,/resumes/448_ekapad.pdf,"Ekapad Keer | ECE | CGPA 8.1 | Skills: REST APIs, Python, Java, C++, Algorithms, Data Structures, JavaScript, Kubernetes","{""name"": ""Ekapad Keer"", ""email"": ""ekapad.keer448@example.com"", ""cgpa"": 8.1, ""skills"": [""REST APIs"", ""Python"", ""Java"", ""C++"", ""Algorithms"", ""Data Structures"", ""JavaScript"", ""Kubernetes""], ""projects"": [""Chatbot Assistant"", ""Fraud Detection System""]}",2026-08-10T20:58:27.304818
449,449,/resumes/449_bhavna.pdf,"Bhavna Karan | CSE | CGPA 9.97 | Skills: MongoDB, TypeScript, TensorFlow","{""name"": ""Bhavna Karan"", ""email"": ""bhavna.karan449@example.com"", ""cgpa"": 9.97, ""skills"": [""MongoDB"", ""TypeScript"", ""TensorFlow""], ""projects"": [""E-commerce Recommender"", ""AI Resume Screener""]}",2026-07-25T01:58:27.304840
450,450,/resumes/450_gautam.pdf,"Gautam Saraf | CIVIL | CGPA 7.34 | Skills: Flask, System Design, SQL","{""name"": ""Gautam Saraf"", ""email"": ""gautam.saraf450@example.com"", ""cgpa"": 7.34, ""skills"": [""Flask"", ""System Design"", ""SQL""], ""projects"": [""Campus Event App""]}",2026-08-02T16:58:27.304857
451,451,/resumes/451_guneet.pdf,"Guneet Chaudhry | EEE | CGPA 7.39 | Skills: Docker, Flask, Kubernetes, Django, React, SQL, Node.js, JavaScript","{""name"": ""Guneet Chaudhry"", ""email"": ""guneet.chaudhry451@example.com"", ""cgpa"": 7.39, ""skills"": [""Docker"", ""Flask"", ""Kubernetes"", ""Django"", ""React"", ""SQL"", ""Node.js"", ""JavaScript""], ""projects"": [""Placement Analytics Dashboard"", ""Weather Prediction Model""]}",2026-07-07T16:58:27.304877
452,452,/resumes/452_sachi.pdf,"Sachi Ganesan | CIVIL | CGPA 9.58 | Skills: HTML/CSS, SQL, Algorithms, PostgreSQL, Kubernetes","{""name"": ""Sachi Ganesan"", ""email"": ""sachi.ganesan452@example.com"", ""cgpa"": 9.58, ""skills"": [""HTML/CSS"", ""SQL"", ""Algorithms"", ""PostgreSQL"", ""Kubernetes""], ""projects"": [""AI Resume Screener"", ""IoT Smart Campus""]}",2026-07-24T17:58:27.304895
453,453,/resumes/453_chandani.pdf,"Chandani Balakrishnan | CSE | CGPA 6.1 | Skills: HTML/CSS, AWS, Data Structures, Python, System Design, Java","{""name"": ""Chandani Balakrishnan"", ""email"": ""chandani.balakrishnan453@example.com"", ""cgpa"": 6.1, ""skills"": [""HTML/CSS"", ""AWS"", ""Data Structures"", ""Python"", ""System Design"", ""Java""], ""projects"": [""AI Resume Screener""]}",2026-08-02T15:58:27.304915
454,454,/resumes/454_chakradhar.pdf,"Chakradhar Nair | IT | CGPA 7.27 | Skills: HTML/CSS, AWS, TypeScript, SQL, PostgreSQL, Flask, Git, Docker","{""name"": ""Chakradhar Nair"", ""email"": ""chakradhar.nair454@example.com"", ""cgpa"": 7.27, ""skills"": [""HTML/CSS"", ""AWS"", ""TypeScript"", ""SQL"", ""PostgreSQL"", ""Flask"", ""Git"", ""Docker""], ""projects"": [""Campus Event App"", ""E-commerce Recommender""]}",2026-07-13T10:58:27.304934
455,455,/resumes/455_daksh.pdf,"Daksh Memon | CIVIL | CGPA 9.9 | Skills: Git, JavaScript, Algorithms, Kubernetes","{""name"": ""Daksh Memon"", ""email"": ""daksh.memon455@example.com"", ""cgpa"": 9.9, ""skills"": [""Git"", ""JavaScript"", ""Algorithms"", ""Kubernetes""], ""projects"": [""Weather Prediction Model""]}",2026-08-16T10:58:27.304952
456,456,/resumes/456_jagrati.pdf,"Jagrati Prasad | EEE | CGPA 7.21 | Skills: Spring Boot, Kubernetes, Algorithms, HTML/CSS, SQL, Node.js","{""name"": ""Jagrati Prasad"", ""email"": ""jagrati.prasad456@example.com"", ""cgpa"": 7.21, ""skills"": [""Spring Boot"", ""Kubernetes"", ""Algorithms"", ""HTML/CSS"", ""SQL"", ""Node.js""], ""projects"": [""Chatbot Assistant"", ""Campus Event App""]}",2026-08-15T17:58:27.304980
457,457,/resumes/457_raagini.pdf,"Raagini Dhingra | CSE | CGPA 6.35 | Skills: PostgreSQL, Algorithms, Git, Python, Java, Node.js, TypeScript, React","{""name"": ""Raagini Dhingra"", ""email"": ""raagini.dhingra457@example.com"", ""cgpa"": 6.35, ""skills"": [""PostgreSQL"", ""Algorithms"", ""Git"", ""Python"", ""Java"", ""Node.js"", ""TypeScript"", ""React""], ""projects"": [""AI Resume Screener"", ""Library Management Portal"", ""Campus Event App""]}",2026-08-19T18:58:27.305001
458,458,/resumes/458_yash.pdf,"Yash Wali | CSE | CGPA 7.39 | Skills: Flask, MongoDB, HTML/CSS, JavaScript","{""name"": ""Yash Wali"", ""email"": ""yash.wali458@example.com"", ""cgpa"": 7.39, ""skills"": [""Flask"", ""MongoDB"", ""HTML/CSS"", ""JavaScript""], ""projects"": [""Weather Prediction Model"", ""Chatbot Assistant""]}",2026-06-23T00:58:27.305023
459,459,/resumes/459_nisha.pdf,"Nisha Gole | MECH | CGPA 5.95 | Skills: REST APIs, React, Machine Learning, Node.js, TensorFlow, Algorithms","{""name"": ""Nisha Gole"", ""email"": ""nisha.gole459@example.com"", ""cgpa"": 5.95, ""skills"": [""REST APIs"", ""React"", ""Machine Learning"", ""Node.js"", ""TensorFlow"", ""Algorithms""], ""projects"": [""AI Resume Screener"", ""E-commerce Recommender"", ""Campus Event App""]}",2026-08-14T22:58:27.305042
460,460,/resumes/460_onkar.pdf,"Onkar Gill | EEE | CGPA 5.72 | Skills: Docker, TensorFlow, Flask, Python, JavaScript, PostgreSQL","{""name"": ""Onkar Gill"", ""email"": ""onkar.gill460@example.com"", ""cgpa"": 5.72, ""skills"": [""Docker"", ""TensorFlow"", ""Flask"", ""Python"", ""JavaScript"", ""PostgreSQL""], ""projects"": [""Chatbot Assistant"", ""Campus Event App""]}",2026-07-04T18:58:27.305060
461,461,/resumes/461_farhan.pdf,"Farhan Raja | CSE | CGPA 6.48 | Skills: Node.js, Java, Docker, System Design, Kubernetes, Machine Learning, React, C++","{""name"": ""Farhan Raja"", ""email"": ""farhan.raja461@example.com"", ""cgpa"": 6.48, ""skills"": [""Node.js"", ""Java"", ""Docker"", ""System Design"", ""Kubernetes"", ""Machine Learning"", ""React"", ""C++""], ""projects"": [""Library Management Portal"", ""E-commerce Recommender"", ""Weather Prediction Model""]}",2026-06-22T20:58:27.305079
462,462,/resumes/462_wridesh.pdf,"Wridesh Tank | CIVIL | CGPA 6.8 | Skills: REST APIs, SQL, Flask, Django, JavaScript, Machine Learning, Data Structures, Spring Boot","{""name"": ""Wridesh Tank"", ""email"": ""wridesh.tank462@example.com"", ""cgpa"": 6.8, ""skills"": [""REST APIs"", ""SQL"", ""Flask"", ""Django"", ""JavaScript"", ""Machine Learning"", ""Data Structures"", ""Spring Boot""], ""projects"": [""Library Management Portal"", ""Campus Event App""]}",2026-08-14T17:58:27.305098
463,463,/resumes/463_luke.pdf,"Luke Kata | ECE | CGPA 8.19 | Skills: Node.js, Kubernetes, React, Python, Data Structures, Machine Learning","{""name"": ""Luke Kata"", ""email"": ""luke.kata463@example.com"", ""cgpa"": 8.19, ""skills"": [""Node.js"", ""Kubernetes"", ""React"", ""Python"", ""Data Structures"", ""Machine Learning""], ""projects"": [""IoT Smart Campus"", ""Weather Prediction Model""]}",2026-07-23T21:58:27.305117
464,464,/resumes/464_triya.pdf,"Triya Kumar | IT | CGPA 6.14 | Skills: JavaScript, Git, C++, Python, REST APIs, React, Algorithms, Docker","{""name"": ""Triya Kumar"", ""email"": ""triya.kumar464@example.com"", ""cgpa"": 6.14, ""skills"": [""JavaScript"", ""Git"", ""C++"", ""Python"", ""REST APIs"", ""React"", ""Algorithms"", ""Docker""], ""projects"": [""AI Resume Screener""]}",2026-07-15T12:58:27.305135
465,465,/resumes/465_tripti.pdf,"Tripti Kumer | CIVIL | CGPA 5.77 | Skills: Java, Algorithms, Flask","{""name"": ""Tripti Kumer"", ""email"": ""tripti.kumer465@example.com"", ""cgpa"": 5.77, ""skills"": [""Java"", ""Algorithms"", ""Flask""], ""projects"": [""Campus Event App""]}",2026-07-10T04:58:27.305153
466,466,/resumes/466_aditya.pdf,"Aditya Shroff | ECE | CGPA 7.42 | Skills: System Design, HTML/CSS, Java, Python, Machine Learning, MongoDB, Docker, Data Structures","{""name"": ""Aditya Shroff"", ""email"": ""aditya.shroff466@example.com"", ""cgpa"": 7.42, ""skills"": [""System Design"", ""HTML/CSS"", ""Java"", ""Python"", ""Machine Learning"", ""MongoDB"", ""Docker"", ""Data Structures""], ""projects"": [""Placement Analytics Dashboard"", ""Attendance Tracker""]}",2026-06-28T00:58:27.305172
467,467,/resumes/467_bhavna.pdf,"Bhavna Dugar | EEE | CGPA 9.04 | Skills: MongoDB, REST APIs, Algorithms, Git","{""name"": ""Bhavna Dugar"", ""email"": ""bhavna.dugar467@example.com"", ""cgpa"": 9.04, ""skills"": [""MongoDB"", ""REST APIs"", ""Algorithms"", ""Git""], ""projects"": [""Chatbot Assistant""]}",2026-08-08T06:58:27.305190
468,468,/resumes/468_ethan.pdf,"Ethan Sathe | EEE | CGPA 7.19 | Skills: React, Machine Learning, SQL, Algorithms, Java, Spring Boot","{""name"": ""Ethan Sathe"", ""email"": ""ethan.sathe468@example.com"", ""cgpa"": 7.19, ""skills"": [""React"", ""Machine Learning"", ""SQL"", ""Algorithms"", ""Java"", ""Spring Boot""], ""projects"": [""Placement Analytics Dashboard"", ""Library Management Portal""]}",2026-07-02T23:58:27.305209
469,469,/resumes/469_hemani.pdf,"Hemani Mistry | EEE | CGPA 6.85 | Skills: Machine Learning, MongoDB, Algorithms, Kubernetes, Node.js, TypeScript, REST APIs","{""name"": ""Hemani Mistry"", ""email"": ""hemani.mistry469@example.com"", ""cgpa"": 6.85, ""skills"": [""Machine Learning"", ""MongoDB"", ""Algorithms"", ""Kubernetes"", ""Node.js"", ""TypeScript"", ""REST APIs""], ""projects"": [""Library Management Portal"", ""Weather Prediction Model""]}",2026-07-17T01:58:27.305227
470,470,/resumes/470_panini.pdf,"Panini Krishna | IT | CGPA 9.86 | Skills: Node.js, Java, REST APIs, Machine Learning","{""name"": ""Panini Krishna"", ""email"": ""panini.krishna470@example.com"", ""cgpa"": 9.86, ""skills"": [""Node.js"", ""Java"", ""REST APIs"", ""Machine Learning""], ""projects"": [""Campus Event App""]}",2026-08-14T07:58:27.305245
471,471,/resumes/471_tanmayi.pdf,"Tanmayi Mittal | EEE | CGPA 6.42 | Skills: Java, Git, AWS, PostgreSQL, REST APIs, HTML/CSS","{""name"": ""Tanmayi Mittal"", ""email"": ""tanmayi.mittal471@example.com"", ""cgpa"": 6.42, ""skills"": [""Java"", ""Git"", ""AWS"", ""PostgreSQL"", ""REST APIs"", ""HTML/CSS""], ""projects"": [""Campus Event App"", ""E-commerce Recommender"", ""E-commerce Recommender""]}",2026-06-27T22:58:27.305264
472,472,/resumes/472_rushil.pdf,"Rushil Rajagopalan | ECE | CGPA 8.76 | Skills: Data Structures, Node.js, Spring Boot, MongoDB","{""name"": ""Rushil Rajagopalan"", ""email"": ""rushil.rajagopalan472@example.com"", ""cgpa"": 8.76, ""skills"": [""Data Structures"", ""Node.js"", ""Spring Boot"", ""MongoDB""], ""projects"": [""Weather Prediction Model"", ""Library Management Portal"", ""AI Resume Screener""]}",2026-06-22T10:58:27.305285
473,473,/resumes/473_vasudha.pdf,"Vasudha Chhabra | IT | CGPA 8.21 | Skills: Python, MongoDB, TensorFlow, Node.js, Kubernetes, C++, Flask","{""name"": ""Vasudha Chhabra"", ""email"": ""vasudha.chhabra473@example.com"", ""cgpa"": 8.21, ""skills"": [""Python"", ""MongoDB"", ""TensorFlow"", ""Node.js"", ""Kubernetes"", ""C++"", ""Flask""], ""projects"": [""IoT Smart Campus"", ""Campus Event App"", ""Fraud Detection System""]}",2026-07-29T23:58:27.305319
474,474,/resumes/474_warjas.pdf,"Warjas Raj | ECE | CGPA 8.01 | Skills: TensorFlow, SQL, Algorithms, React, Python","{""name"": ""Warjas Raj"", ""email"": ""warjas.raj474@example.com"", ""cgpa"": 8.01, ""skills"": [""TensorFlow"", ""SQL"", ""Algorithms"", ""React"", ""Python""], ""projects"": [""Campus Event App"", ""AI Resume Screener"", ""Weather Prediction Model""]}",2026-07-25T17:58:27.305344
475,475,/resumes/475_jagrati.pdf,"Jagrati Merchant | CIVIL | CGPA 5.57 | Skills: TypeScript, Python, Algorithms, Java, System Design, Git, Spring Boot","{""name"": ""Jagrati Merchant"", ""email"": ""jagrati.merchant475@example.com"", ""cgpa"": 5.57, ""skills"": [""TypeScript"", ""Python"", ""Algorithms"", ""Java"", ""System Design"", ""Git"", ""Spring Boot""], ""projects"": [""Attendance Tracker""]}",2026-07-06T14:58:27.305372
476,476,/resumes/476_chakrika.pdf,"Chakrika Bains | CIVIL | CGPA 8.89 | Skills: C++, PostgreSQL, System Design, Docker, Spring Boot, JavaScript, Machine Learning, Node.js","{""name"": ""Chakrika Bains"", ""email"": ""chakrika.bains476@example.com"", ""cgpa"": 8.89, ""skills"": [""C++"", ""PostgreSQL"", ""System Design"", ""Docker"", ""Spring Boot"", ""JavaScript"", ""Machine Learning"", ""Node.js""], ""projects"": [""Placement Analytics Dashboard""]}",2026-07-27T13:58:27.305393
477,477,/resumes/477_meghana.pdf,"Meghana Maharaj | ECE | CGPA 7.28 | Skills: JavaScript, React, SQL, Data Structures, REST APIs","{""name"": ""Meghana Maharaj"", ""email"": ""meghana.maharaj477@example.com"", ""cgpa"": 7.28, ""skills"": [""JavaScript"", ""React"", ""SQL"", ""Data Structures"", ""REST APIs""], ""projects"": [""AI Resume Screener"", ""Weather Prediction Model"", ""IoT Smart Campus""]}",2026-06-22T02:58:27.305414
478,478,/resumes/478_abhiram.pdf,"Abhiram Bawa | ECE | CGPA 7.9 | Skills: SQL, AWS, MongoDB, Django, REST APIs, Git, Docker, System Design","{""name"": ""Abhiram Bawa"", ""email"": ""abhiram.bawa478@example.com"", ""cgpa"": 7.9, ""skills"": [""SQL"", ""AWS"", ""MongoDB"", ""Django"", ""REST APIs"", ""Git"", ""Docker"", ""System Design""], ""projects"": [""Attendance Tracker"", ""Chatbot Assistant""]}",2026-07-02T06:58:27.305433
479,479,/resumes/479_watika.pdf,"Watika Mangat | CIVIL | CGPA 7.74 | Skills: Kubernetes, JavaScript, C++, Java","{""name"": ""Watika Mangat"", ""email"": ""watika.mangat479@example.com"", ""cgpa"": 7.74, ""skills"": [""Kubernetes"", ""JavaScript"", ""C++"", ""Java""], ""projects"": [""Placement Analytics Dashboard"", ""Weather Prediction Model""]}",2026-07-20T04:58:27.305451
480,480,/resumes/480_victor.pdf,"Victor Pandey | ECE | CGPA 6.94 | Skills: TypeScript, HTML/CSS, React, REST APIs, MongoDB, System Design, C++, Data Structures","{""name"": ""Victor Pandey"", ""email"": ""victor.pandey480@example.com"", ""cgpa"": 6.94, ""skills"": [""TypeScript"", ""HTML/CSS"", ""React"", ""REST APIs"", ""MongoDB"", ""System Design"", ""C++"", ""Data Structures""], ""projects"": [""E-commerce Recommender"", ""E-commerce Recommender"", ""E-commerce Recommender""]}",2026-08-03T16:58:27.305471
481,481,/resumes/481_theodore.pdf,"Theodore Gupta | CSE | CGPA 9.39 | Skills: MongoDB, Kubernetes, Data Structures, TensorFlow","{""name"": ""Theodore Gupta"", ""email"": ""theodore.gupta481@example.com"", ""cgpa"": 9.39, ""skills"": [""MongoDB"", ""Kubernetes"", ""Data Structures"", ""TensorFlow""], ""projects"": [""Weather Prediction Model"", ""Chatbot Assistant""]}",2026-08-05T04:58:27.305489
482,482,/resumes/482_zashil.pdf,"Zashil Devan | ECE | CGPA 8.13 | Skills: SQL, MongoDB, Kubernetes, TypeScript, Spring Boot, Git, Machine Learning","{""name"": ""Zashil Devan"", ""email"": ""zashil.devan482@example.com"", ""cgpa"": 8.13, ""skills"": [""SQL"", ""MongoDB"", ""Kubernetes"", ""TypeScript"", ""Spring Boot"", ""Git"", ""Machine Learning""], ""projects"": [""Placement Analytics Dashboard""]}",2026-06-29T00:58:27.305515
483,483,/resumes/483_gunbir.pdf,"Gunbir Baral | IT | CGPA 6.54 | Skills: TypeScript, Git, Node.js, Spring Boot, Docker, Java, C++, Kubernetes","{""name"": ""Gunbir Baral"", ""email"": ""gunbir.baral483@example.com"", ""cgpa"": 6.54, ""skills"": [""TypeScript"", ""Git"", ""Node.js"", ""Spring Boot"", ""Docker"", ""Java"", ""C++"", ""Kubernetes""], ""projects"": [""Chatbot Assistant""]}",2026-07-09T06:58:27.305543
484,484,/resumes/484_dayamai.pdf,"Dayamai Sastry | EEE | CGPA 9.75 | Skills: Django, Node.js, C++, Spring Boot","{""name"": ""Dayamai Sastry"", ""email"": ""dayamai.sastry484@example.com"", ""cgpa"": 9.75, ""skills"": [""Django"", ""Node.js"", ""C++"", ""Spring Boot""], ""projects"": [""Library Management Portal""]}",2026-08-21T00:58:27.305567
485,485,/resumes/485_bahadurjit.pdf,"Bahadurjit Patla | ECE | CGPA 7.71 | Skills: Python, Spring Boot, Docker, SQL, HTML/CSS, Node.js, REST APIs","{""name"": ""Bahadurjit Patla"", ""email"": ""bahadurjit.patla485@example.com"", ""cgpa"": 7.71, ""skills"": [""Python"", ""Spring Boot"", ""Docker"", ""SQL"", ""HTML/CSS"", ""Node.js"", ""REST APIs""], ""projects"": [""AI Resume Screener"", ""Campus Event App""]}",2026-08-19T13:58:27.305588
486,486,/resumes/486_karan.pdf,"Karan Chana | MECH | CGPA 7.96 | Skills: HTML/CSS, TypeScript, Docker, Data Structures, C++","{""name"": ""Karan Chana"", ""email"": ""karan.chana486@example.com"", ""cgpa"": 7.96, ""skills"": [""HTML/CSS"", ""TypeScript"", ""Docker"", ""Data Structures"", ""C++""], ""projects"": [""Chatbot Assistant"", ""E-commerce Recommender""]}",2026-08-20T09:58:27.305607
487,487,/resumes/487_chakrika.pdf,"Chakrika Narain | CSE | CGPA 7.86 | Skills: HTML/CSS, Django, Python","{""name"": ""Chakrika Narain"", ""email"": ""chakrika.narain487@example.com"", ""cgpa"": 7.86, ""skills"": [""HTML/CSS"", ""Django"", ""Python""], ""projects"": [""Placement Analytics Dashboard""]}",2026-07-02T02:58:27.305626
488,488,/resumes/488_ojasvi.pdf,"Ojasvi Gill | CIVIL | CGPA 5.53 | Skills: Flask, Kubernetes, JavaScript, PostgreSQL, Django, C++, Data Structures, Git","{""name"": ""Ojasvi Gill"", ""email"": ""ojasvi.gill488@example.com"", ""cgpa"": 5.53, ""skills"": [""Flask"", ""Kubernetes"", ""JavaScript"", ""PostgreSQL"", ""Django"", ""C++"", ""Data Structures"", ""Git""], ""projects"": [""Campus Event App"", ""Chatbot Assistant"", ""Chatbot Assistant""]}",2026-06-28T21:58:27.305646
489,489,/resumes/489_sai.pdf,"Sai Deo | EEE | CGPA 6.18 | Skills: REST APIs, Python, Git, TensorFlow, Flask, Django","{""name"": ""Sai Deo"", ""email"": ""sai.deo489@example.com"", ""cgpa"": 6.18, ""skills"": [""REST APIs"", ""Python"", ""Git"", ""TensorFlow"", ""Flask"", ""Django""], ""projects"": [""IoT Smart Campus"", ""Chatbot Assistant"", ""E-commerce Recommender""]}",2026-06-29T14:58:27.305675
490,490,/resumes/490_jasmit.pdf,"Jasmit Wali | EEE | CGPA 8.37 | Skills: JavaScript, HTML/CSS, Kubernetes","{""name"": ""Jasmit Wali"", ""email"": ""jasmit.wali490@example.com"", ""cgpa"": 8.37, ""skills"": [""JavaScript"", ""HTML/CSS"", ""Kubernetes""], ""projects"": [""Weather Prediction Model""]}",2026-07-14T03:58:27.305696
491,491,/resumes/491_yachana.pdf,"Yachana Mahajan | CSE | CGPA 5.53 | Skills: Spring Boot, PostgreSQL, Data Structures, Java, REST APIs, Docker, System Design","{""name"": ""Yachana Mahajan"", ""email"": ""yachana.mahajan491@example.com"", ""cgpa"": 5.53, ""skills"": [""Spring Boot"", ""PostgreSQL"", ""Data Structures"", ""Java"", ""REST APIs"", ""Docker"", ""System Design""], ""projects"": [""Campus Event App""]}",2026-07-31T08:58:27.305715
492,492,/resumes/492_nitesh.pdf,"Nitesh Kurian | CSE | CGPA 6.74 | Skills: Kubernetes, TensorFlow, Algorithms","{""name"": ""Nitesh Kurian"", ""email"": ""nitesh.kurian492@example.com"", ""cgpa"": 6.74, ""skills"": [""Kubernetes"", ""TensorFlow"", ""Algorithms""], ""projects"": [""Fraud Detection System"", ""Placement Analytics Dashboard"", ""Attendance Tracker""]}",2026-07-16T00:58:27.305733
493,493,/resumes/493_vasatika.pdf,"Vasatika Merchant | IT | CGPA 8.53 | Skills: Kubernetes, REST APIs, SQL, HTML/CSS, System Design, AWS, Git, Spring Boot","{""name"": ""Vasatika Merchant"", ""email"": ""vasatika.merchant493@example.com"", ""cgpa"": 8.53, ""skills"": [""Kubernetes"", ""REST APIs"", ""SQL"", ""HTML/CSS"", ""System Design"", ""AWS"", ""Git"", ""Spring Boot""], ""projects"": [""Library Management Portal""]}",2026-08-05T20:58:27.305752
494,494,/resumes/494_hamsini.pdf,"Hamsini Contractor | MECH | CGPA 7.86 | Skills: Flask, TensorFlow, TypeScript, Algorithms, System Design, Git, React","{""name"": ""Hamsini Contractor"", ""email"": ""hamsini.contractor494@example.com"", ""cgpa"": 7.86, ""skills"": [""Flask"", ""TensorFlow"", ""TypeScript"", ""Algorithms"", ""System Design"", ""Git"", ""React""], ""projects"": [""IoT Smart Campus""]}",2026-07-27T07:58:27.305779
495,495,/resumes/495_upadhriti.pdf,"Upadhriti Borra | CSE | CGPA 7.09 | Skills: Data Structures, HTML/CSS, Spring Boot, C++","{""name"": ""Upadhriti Borra"", ""email"": ""upadhriti.borra495@example.com"", ""cgpa"": 7.09, ""skills"": [""Data Structures"", ""HTML/CSS"", ""Spring Boot"", ""C++""], ""projects"": [""E-commerce Recommender"", ""Library Management Portal"", ""IoT Smart Campus""]}",2026-07-12T17:58:27.305801
496,496,/resumes/496_lohit.pdf,"Lohit Kara | CIVIL | CGPA 7.57 | Skills: System Design, REST APIs, SQL, Kubernetes","{""name"": ""Lohit Kara"", ""email"": ""lohit.kara496@example.com"", ""cgpa"": 7.57, ""skills"": [""System Design"", ""REST APIs"", ""SQL"", ""Kubernetes""], ""projects"": [""Placement Analytics Dashboard"", ""Attendance Tracker"", ""IoT Smart Campus""]}",2026-07-27T12:58:27.305877
497,497,/resumes/497_mekhala.pdf,"Mekhala Pau | CIVIL | CGPA 9.23 | Skills: Java, Python, AWS, Machine Learning, TypeScript, Node.js, TensorFlow","{""name"": ""Mekhala Pau"", ""email"": ""mekhala.pau497@example.com"", ""cgpa"": 9.23, ""skills"": [""Java"", ""Python"", ""AWS"", ""Machine Learning"", ""TypeScript"", ""Node.js"", ""TensorFlow""], ""projects"": [""IoT Smart Campus"", ""Chatbot Assistant"", ""AI Resume Screener""]}",2026-06-30T19:58:27.305911
498,498,/resumes/498_gautam.pdf,"Gautam Rana | CSE | CGPA 7.21 | Skills: SQL, PostgreSQL, Flask, REST APIs","{""name"": ""Gautam Rana"", ""email"": ""gautam.rana498@example.com"", ""cgpa"": 7.21, ""skills"": [""SQL"", ""PostgreSQL"", ""Flask"", ""REST APIs""], ""projects"": [""Library Management Portal"", ""IoT Smart Campus""]}",2026-07-25T09:58:27.305937
499,499,/resumes/499_akshay.pdf,"Akshay Lalla | EEE | CGPA 6.27 | Skills: Machine Learning, React, MongoDB, System Design, SQL, Java, Git","{""name"": ""Akshay Lalla"", ""email"": ""akshay.lalla499@example.com"", ""cgpa"": 6.27, ""skills"": [""Machine Learning"", ""React"", ""MongoDB"", ""System Design"", ""SQL"", ""Java"", ""Git""], ""projects"": [""Campus Event App"", ""E-commerce Recommender"", ""Campus Event App""]}",2026-06-21T17:58:27.307486
500,500,/resumes/500_jatin.pdf,"Jatin Sha | CSE | CGPA 8.05 | Skills: MongoDB, SQL, Node.js","{""name"": ""Jatin Sha"", ""email"": ""jatin.sha500@example.com"", ""cgpa"": 8.05, ""skills"": [""MongoDB"", ""SQL"", ""Node.js""], ""projects"": [""Fraud Detection System"", ""Attendance Tracker""]}",2026-07-27T14:58:27.307532
