student_email,semester,sgpa
thomas.kapadia0@example.com,1,8.87
thomas.kapadia0@example.com,2,6.28
thomas.kapadia0@example.com,3,8.24
thomas.kapadia0@example.com,4,8.32
thomas.kapadia0@example.com,5,6.34
thomas.kapadia0@example.com,6,8.76
thomas.kapadia0@example.com,7,8.81
thomas.kapadia0@example.com,8,7.33
ekaraj.uppal1@example.com,1,6.34
ekaraj.uppal1@example.com,2,6.26
ekaraj.uppal1@example.com,3,6.26
ekaraj.uppal1@example.com,4,6.1
ekaraj.uppal1@example.com,5,8.63
ekaraj.uppal1@example.com,6,7.51
ekaraj.uppal1@example.com,7,9.53
ekaraj.uppal1@example.com,8,9.75
aadhya.zachariah2@example.com,1,6.08
aadhya.zachariah2@example.com,2,8.62
aadhya.zachariah2@example.com,3,9.45
aadhya.zachariah2@example.com,4,9.34
aadhya.zachariah2@example.com,5,9.71
aadhya.zachariah2@example.com,6,7.38
aadhya.zachariah2@example.com,7,7.57
aadhya.zachariah2@example.com,8,8.18
samarth.grewal3@example.com,1,7.4
samarth.grewal3@example.com,2,9.78
samarth.grewal3@example.com,3,7.24
samarth.grewal3@example.com,4,9.98
samarth.grewal3@example.com,5,8.01
samarth.grewal3@example.com,6,9.83
samarth.grewal3@example.com,7,8.25
samarth.grewal3@example.com,8,7.73
gayathri.shan4@example.com,1,8.96
gayathri.shan4@example.com,2,9.7
gayathri.shan4@example.com,3,8.52
gayathri.shan4@example.com,4,6.63
gayathri.shan4@example.com,5,8.37
gayathri.shan4@example.com,6,8.35
gayathri.shan4@example.com,7,8.82
gayathri.shan4@example.com,8,9.84
janya.maharaj5@example.com,1,8.51
janya.maharaj5@example.com,2,8.33
janya.maharaj5@example.com,3,9.47
janya.maharaj5@example.com,4,7.72
janya.maharaj5@example.com,5,7.73
janya.maharaj5@example.com,6,8.5
janya.maharaj5@example.com,7,9.19
janya.maharaj5@example.com,8,8.44
keya.dey6@example.com,1,8.23
keya.dey6@example.com,2,7.43
keya.dey6@example.com,3,7.24
keya.dey6@example.com,4,7.34
keya.dey6@example.com,5,8.2
keya.dey6@example.com,6,9.3
keya.dey6@example.com,7,9.73
keya.dey6@example.com,8,9.73
yashvi.nadkarni7@example.com,1,9.84
yashvi.nadkarni7@example.com,2,8.55
yashvi.nadkarni7@example.com,3,9.95
yashvi.nadkarni7@example.com,4,6.87
yashvi.nadkarni7@example.com,5,9.5
yashvi.nadkarni7@example.com,6,8.53
yashvi.nadkarni7@example.com,7,9.65
yashvi.nadkarni7@example.com,8,6.63
faris.doshi8@example.com,1,7.01
faris.doshi8@example.com,2,6.38
faris.doshi8@example.com,3,9.54
faris.doshi8@example.com,4,8.11
faris.doshi8@example.com,5,8.03
faris.doshi8@example.com,6,7.54
faris.doshi8@example.com,7,6.27
faris.doshi8@example.com,8,8.74
liam.atwal9@example.com,1,9.72
liam.atwal9@example.com,2,8.31
liam.atwal9@example.com,3,7.59
liam.atwal9@example.com,4,6.87
liam.atwal9@example.com,5,7.68
liam.atwal9@example.com,6,9.46
liam.atwal9@example.com,7,6.22
liam.atwal9@example.com,8,7.1
ansh.murty10@example.com,1,9.19
ansh.murty10@example.com,2,7.95
ansh.murty10@example.com,3,7.63
ansh.murty10@example.com,4,8.81
ansh.murty10@example.com,5,8.36
ansh.murty10@example.com,6,9.63
ansh.murty10@example.com,7,6.36
ansh.murty10@example.com,8,7.61
pooja.divan11@example.com,1,9.41
pooja.divan11@example.com,2,9.85
pooja.divan11@example.com,3,7.56
pooja.divan11@example.com,4,9.37
pooja.divan11@example.com,5,8.75
pooja.divan11@example.com,6,8.84
pooja.divan11@example.com,7,9.46
pooja.divan11@example.com,8,9.23
chanakya.lala12@example.com,1,9.31
chanakya.lala12@example.com,2,7.34
chanakya.lala12@example.com,3,8.94
chanakya.lala12@example.com,4,6.8
chanakya.lala12@example.com,5,7.13
chanakya.lala12@example.com,6,8.55
chanakya.lala12@example.com,7,9.67
chanakya.lala12@example.com,8,9.08
ubika.kumer13@example.com,1,9.51
ubika.kumer13@example.com,2,9.03
ubika.kumer13@example.com,3,6.45
ubika.kumer13@example.com,4,7.39
ubika.kumer13@example.com,5,6.23
ubika.kumer13@example.com,6,6.23
ubika.kumer13@example.com,7,9.57
ubika.kumer13@example.com,8,9.86
anthony.mukhopadhyay14@example.com,1,8.85
anthony.mukhopadhyay14@example.com,2,6.51
anthony.mukhopadhyay14@example.com,3,8.41
anthony.mukhopadhyay14@example.com,4,9.56
anthony.mukhopadhyay14@example.com,5,8.68
anthony.mukhopadhyay14@example.com,6,6.93
anthony.mukhopadhyay14@example.com,7,8.5
anthony.mukhopadhyay14@example.com,8,7.79
rehaan.krishnamurthy15@example.com,1,7.4
rehaan.krishnamurthy15@example.com,2,6.85
rehaan.krishnamurthy15@example.com,3,9.07
rehaan.krishnamurthy15@example.com,4,8.81
rehaan.krishnamurthy15@example.com,5,9.23
rehaan.krishnamurthy15@example.com,6,8.43
rehaan.krishnamurthy15@example.com,7,8.8
rehaan.krishnamurthy15@example.com,8,7.69
isaac.lad16@example.com,1,9.87
isaac.lad16@example.com,2,6.67
isaac.lad16@example.com,3,8.91
isaac.lad16@example.com,4,6.35
isaac.lad16@example.com,5,7.8
isaac.lad16@example.com,6,6.9
isaac.lad16@example.com,7,7.88
isaac.lad16@example.com,8,8.19
charita.mutti17@example.com,1,6.28
charita.mutti17@example.com,2,7.9
charita.mutti17@example.com,3,7.55
charita.mutti17@example.com,4,8.81
charita.mutti17@example.com,5,9.2
charita.mutti17@example.com,6,6.86
charita.mutti17@example.com,7,6.82
charita.mutti17@example.com,8,7.51
yuvraj.modi18@example.com,1,9.81
yuvraj.modi18@example.com,2,6.14
yuvraj.modi18@example.com,3,9.55
yuvraj.modi18@example.com,4,7.31
yuvraj.modi18@example.com,5,6.7
yuvraj.modi18@example.com,6,6.96
yuvraj.modi18@example.com,7,7.17
yuvraj.modi18@example.com,8,8.69
upkaar.devan19@example.com,1,6.36
upkaar.devan19@example.com,2,7.23
upkaar.devan19@example.com,3,8.4
upkaar.devan19@example.com,4,9.5
upkaar.devan19@example.com,5,8.69
upkaar.devan19@example.com,6,8.35
upkaar.devan19@example.com,7,8.35
upkaar.devan19@example.com,8,8.17
indira.seth20@example.com,1,8.68
indira.seth20@example.com,2,9.59
indira.seth20@example.com,3,8.41
indira.seth20@example.com,4,6.74
indira.seth20@example.com,5,8.92
indira.seth20@example.com,6,9.07
indira.seth20@example.com,7,7.2
indira.seth20@example.com,8,8.2
waida.doshi21@example.com,1,8.88
waida.doshi21@example.com,2,7.42
waida.doshi21@example.com,3,6.55
waida.doshi21@example.com,4,9.1
waida.doshi21@example.com,5,7.51
waida.doshi21@example.com,6,9.67
waida.doshi21@example.com,7,9.56
waida.doshi21@example.com,8,9.63
panini.konda22@example.com,1,6.86
panini.konda22@example.com,2,9.59
panini.konda22@example.com,3,6.7
panini.konda22@example.com,4,7.92
panini.konda22@example.com,5,7.51
panini.konda22@example.com,6,6.84
panini.konda22@example.com,7,9.57
panini.konda22@example.com,8,9.34
sathvik.rao23@example.com,1,8.17
sathvik.rao23@example.com,2,6.31
sathvik.rao23@example.com,3,7.68
sathvik.rao23@example.com,4,6.21
sathvik.rao23@example.com,5,9.3
sathvik.rao23@example.com,6,7.65
sathvik.rao23@example.com,7,8.92
sathvik.rao23@example.com,8,8.89
oscar.karpe24@example.com,1,6.26
oscar.karpe24@example.com,2,9.79
oscar.karpe24@example.com,3,8.31
oscar.karpe24@example.com,4,9.05
oscar.karpe24@example.com,5,9.07
oscar.karpe24@example.com,6,7.06
oscar.karpe24@example.com,7,9.14
oscar.karpe24@example.com,8,8.26
agastya.suresh25@example.com,1,8.56
agastya.suresh25@example.com,2,9.49
agastya.suresh25@example.com,3,7.22
agastya.suresh25@example.com,4,7.73
agastya.suresh25@example.com,5,6.74
agastya.suresh25@example.com,6,9.83
agastya.suresh25@example.com,7,6.35
agastya.suresh25@example.com,8,9.57
umang.dani26@example.com,1,6.85
umang.dani26@example.com,2,6.24
umang.dani26@example.com,3,9.6
umang.dani26@example.com,4,7.61
umang.dani26@example.com,5,7.6
umang.dani26@example.com,6,8.44
umang.dani26@example.com,7,8.1
umang.dani26@example.com,8,9.54
mohammed.parsa27@example.com,1,9.29
mohammed.parsa27@example.com,2,8.45
mohammed.parsa27@example.com,3,9.57
mohammed.parsa27@example.com,4,8.85
mohammed.parsa27@example.com,5,6.72
mohammed.parsa27@example.com,6,6.74
mohammed.parsa27@example.com,7,8.58
mohammed.parsa27@example.com,8,8.03
vasudha.lalla28@example.com,1,8.97
vasudha.lalla28@example.com,2,6.33
vasudha.lalla28@example.com,3,8.18
vasudha.lalla28@example.com,4,6.41
vasudha.lalla28@example.com,5,6.14
vasudha.lalla28@example.com,6,7.25
vasudha.lalla28@example.com,7,8.05
vasudha.lalla28@example.com,8,7.98
siya.patla29@example.com,1,6.81
siya.patla29@example.com,2,6.64
siya.patla29@example.com,3,7.74
siya.patla29@example.com,4,6.11
siya.patla29@example.com,5,7.4
siya.patla29@example.com,6,8.58
siya.patla29@example.com,7,9.32
siya.patla29@example.com,8,7.28
leela.master30@example.com,1,7.22
leela.master30@example.com,2,6.57
leela.master30@example.com,3,8.99
leela.master30@example.com,4,9.27
leela.master30@example.com,5,8.9
leela.master30@example.com,6,9.31
leela.master30@example.com,7,6.56
leela.master30@example.com,8,9.61
omkaar.vora31@example.com,1,7.07
omkaar.vora31@example.com,2,9.4
omkaar.vora31@example.com,3,9.05
omkaar.vora31@example.com,4,6.97
omkaar.vora31@example.com,5,6.18
omkaar.vora31@example.com,6,9.21
omkaar.vora31@example.com,7,6.46
omkaar.vora31@example.com,8,7.35
manbir.mitra32@example.com,1,7.63
manbir.mitra32@example.com,2,7.97
manbir.mitra32@example.com,3,6.34
manbir.mitra32@example.com,4,7.12
manbir.mitra32@example.com,5,9.37
manbir.mitra32@example.com,6,7.15
manbir.mitra32@example.com,7,8.42
manbir.mitra32@example.com,8,8.97
brijesh.nagy33@example.com,1,6.54
brijesh.nagy33@example.com,2,9.2
brijesh.nagy33@example.com,3,7.92
brijesh.nagy33@example.com,4,6.09
brijesh.nagy33@example.com,5,9.57
brijesh.nagy33@example.com,6,8.02
brijesh.nagy33@example.com,7,6.95
brijesh.nagy33@example.com,8,8.11
akshay.sur34@example.com,1,7.85
akshay.sur34@example.com,2,7.07
akshay.sur34@example.com,3,6.21
akshay.sur34@example.com,4,8.5
akshay.sur34@example.com,5,7.06
akshay.sur34@example.com,6,7.62
akshay.sur34@example.com,7,9.5
akshay.sur34@example.com,8,9.54
ryan.tank35@example.com,1,9.99
ryan.tank35@example.com,2,9.47
ryan.tank35@example.com,3,6.62
ryan.tank35@example.com,4,9.35
ryan.tank35@example.com,5,9.32
ryan.tank35@example.com,6,8.67
ryan.tank35@example.com,7,6.08
ryan.tank35@example.com,8,8.25
geetika.merchant36@example.com,1,7.88
geetika.merchant36@example.com,2,6.04
geetika.merchant36@example.com,3,7.34
geetika.merchant36@example.com,4,7.07
geetika.merchant36@example.com,5,6.45
geetika.merchant36@example.com,6,9.21
geetika.merchant36@example.com,7,6.3
geetika.merchant36@example.com,8,6.52
abhimanyu.gara37@example.com,1,7.99
abhimanyu.gara37@example.com,2,8.15
abhimanyu.gara37@example.com,3,6.32
abhimanyu.gara37@example.com,4,9.67
abhimanyu.gara37@example.com,5,8.13
abhimanyu.gara37@example.com,6,8.16
abhimanyu.gara37@example.com,7,7.05
abhimanyu.gara37@example.com,8,9.11
ubika.gola38@example.com,1,7.81
ubika.gola38@example.com,2,6.63
ubika.gola38@example.com,3,9.77
ubika.gola38@example.com,4,6.26
ubika.gola38@example.com,5,6.28
ubika.gola38@example.com,6,6.16
ubika.gola38@example.com,7,6.98
ubika.gola38@example.com,8,8.57
harrison.dugar39@example.com,1,6.62
harrison.dugar39@example.com,2,9.0
harrison.dugar39@example.com,3,9.58
harrison.dugar39@example.com,4,8.03
harrison.dugar39@example.com,5,8.03
harrison.dugar39@example.com,6,9.94
harrison.dugar39@example.com,7,8.87
harrison.dugar39@example.com,8,8.19
saumya.gour40@example.com,1,8.94
saumya.gour40@example.com,2,7.07
saumya.gour40@example.com,3,7.16
saumya.gour40@example.com,4,8.92
saumya.gour40@example.com,5,7.41
saumya.gour40@example.com,6,8.02
saumya.gour40@example.com,7,8.47
saumya.gour40@example.com,8,6.1
hema.hayre41@example.com,1,7.44
hema.hayre41@example.com,2,8.99
hema.hayre41@example.com,3,9.51
hema.hayre41@example.com,4,6.98
hema.hayre41@example.com,5,6.71
hema.hayre41@example.com,6,6.16
hema.hayre41@example.com,7,7.93
hema.hayre41@example.com,8,8.46
lipika.parsa42@example.com,1,7.53
lipika.parsa42@example.com,2,8.47
lipika.parsa42@example.com,3,6.24
lipika.parsa42@example.com,4,6.01
lipika.parsa42@example.com,5,6.83
lipika.parsa42@example.com,6,9.42
lipika.parsa42@example.com,7,8.13
lipika.parsa42@example.com,8,9.78
aarush.sur43@example.com,1,8.98
aarush.sur43@example.com,2,9.01
aarush.sur43@example.com,3,8.5
aarush.sur43@example.com,4,6.52
aarush.sur43@example.com,5,9.91
aarush.sur43@example.com,6,6.46
aarush.sur43@example.com,7,7.36
aarush.sur43@example.com,8,7.85
baljiwan.goswami44@example.com,1,8.93
baljiwan.goswami44@example.com,2,6.96
baljiwan.goswami44@example.com,3,7.87
baljiwan.goswami44@example.com,4,7.07
baljiwan.goswami44@example.com,5,9.03
baljiwan.goswami44@example.com,6,6.91
baljiwan.goswami44@example.com,7,8.8
baljiwan.goswami44@example.com,8,7.31
vedhika.banik45@example.com,1,7.77
vedhika.banik45@example.com,2,8.21
vedhika.banik45@example.com,3,9.9
vedhika.banik45@example.com,4,6.3
vedhika.banik45@example.com,5,9.65
vedhika.banik45@example.com,6,8.18
vedhika.banik45@example.com,7,6.1
vedhika.banik45@example.com,8,9.88
ayaan.chahal46@example.com,1,7.56
ayaan.chahal46@example.com,2,9.27
ayaan.chahal46@example.com,3,6.09
ayaan.chahal46@example.com,4,7.43
ayaan.chahal46@example.com,5,7.31
ayaan.chahal46@example.com,6,6.46
ayaan.chahal46@example.com,7,9.28
ayaan.chahal46@example.com,8,7.35
hemani.rout47@example.com,1,7.49
hemani.rout47@example.com,2,8.89
hemani.rout47@example.com,3,6.59
hemani.rout47@example.com,4,9.02
hemani.rout47@example.com,5,6.13
hemani.rout47@example.com,6,8.59
hemani.rout47@example.com,7,9.57
hemani.rout47@example.com,8,9.66
michael.dara48@example.com,1,9.65
michael.dara48@example.com,2,8.75
michael.dara48@example.com,3,8.32
michael.dara48@example.com,4,9.59
michael.dara48@example.com,5,6.19
michael.dara48@example.com,6,9.61
michael.dara48@example.com,7,6.46
michael.dara48@example.com,8,7.23
jairaj.rajan49@example.com,1,9.89
jairaj.rajan49@example.com,2,7.85
jairaj.rajan49@example.com,3,7.6
jairaj.rajan49@example.com,4,8.09
jairaj.rajan49@example.com,5,7.08
jairaj.rajan49@example.com,6,6.97
jairaj.rajan49@example.com,7,6.03
jairaj.rajan49@example.com,8,8.63
chanakya.bhardwaj50@example.com,1,7.94
chanakya.bhardwaj50@example.com,2,6.83
chanakya.bhardwaj50@example.com,3,7.14
chanakya.bhardwaj50@example.com,4,8.22
chanakya.bhardwaj50@example.com,5,6.97
chanakya.bhardwaj50@example.com,6,6.14
chanakya.bhardwaj50@example.com,7,9.11
chanakya.bhardwaj50@example.com,8,9.58
ekalinga.contractor51@example.com,1,8.8
ekalinga.contractor51@example.com,2,9.26
ekalinga.contractor51@example.com,3,6.75
ekalinga.contractor51@example.com,4,6.74
ekalinga.contractor51@example.com,5,9.73
ekalinga.contractor51@example.com,6,7.57
ekalinga.contractor51@example.com,7,8.98
ekalinga.contractor51@example.com,8,9.42
ethan.balasubramanian52@example.com,1,9.42
ethan.balasubramanian52@example.com,2,7.17
ethan.balasubramanian52@example.com,3,6.87
ethan.balasubramanian52@example.com,4,6.89
ethan.balasubramanian52@example.com,5,7.6
ethan.balasubramanian52@example.com,6,8.84
ethan.balasubramanian52@example.com,7,9.11
ethan.balasubramanian52@example.com,8,6.36
zayyan.sur53@example.com,1,6.38
zayyan.sur53@example.com,2,7.4
zayyan.sur53@example.com,3,9.3
zayyan.sur53@example.com,4,7.57
zayyan.sur53@example.com,5,8.61
zayyan.sur53@example.com,6,9.02
zayyan.sur53@example.com,7,8.63
zayyan.sur53@example.com,8,6.59
pallavi.prabhakar54@example.com,1,7.62
pallavi.prabhakar54@example.com,2,7.87
pallavi.prabhakar54@example.com,3,9.46
pallavi.prabhakar54@example.com,4,6.27
pallavi.prabhakar54@example.com,5,9.39
pallavi.prabhakar54@example.com,6,8.02
pallavi.prabhakar54@example.com,7,9.76
pallavi.prabhakar54@example.com,8,6.47
wazir.deshpande55@example.com,1,7.1
wazir.deshpande55@example.com,2,6.07
wazir.deshpande55@example.com,3,9.89
wazir.deshpande55@example.com,4,9.69
wazir.deshpande55@example.com,5,9.87
wazir.deshpande55@example.com,6,8.56
wazir.deshpande55@example.com,7,7.29
wazir.deshpande55@example.com,8,8.94
ojas.mannan56@example.com,1,9.66
ojas.mannan56@example.com,2,6.84
ojas.mannan56@example.com,3,9.36
ojas.mannan56@example.com,4,7.0
ojas.mannan56@example.com,5,8.93
ojas.mannan56@example.com,6,9.36
ojas.mannan56@example.com,7,9.84
ojas.mannan56@example.com,8,9.92
indali.dave57@example.com,1,6.93
indali.dave57@example.com,2,8.99
indali.dave57@example.com,3,8.32
indali.dave57@example.com,4,8.19
indali.dave57@example.com,5,7.54
indali.dave57@example.com,6,9.88
indali.dave57@example.com,7,9.05
indali.dave57@example.com,8,8.52
amara.sarin58@example.com,1,8.16
amara.sarin58@example.com,2,9.77
amara.sarin58@example.com,3,9.79
amara.sarin58@example.com,4,6.76
amara.sarin58@example.com,5,9.46
amara.sarin58@example.com,6,8.7
amara.sarin58@example.com,7,9.07
amara.sarin58@example.com,8,7.12
hardik.kota59@example.com,1,8.89
hardik.kota59@example.com,2,9.95
hardik.kota59@example.com,3,7.05
hardik.kota59@example.com,4,6.19
hardik.kota59@example.com,5,6.99
hardik.kota59@example.com,6,6.09
hardik.kota59@example.com,7,8.74
hardik.kota59@example.com,8,7.29
onkar.bhavsar60@example.com,1,6.0
onkar.bhavsar60@example.com,2,9.33
onkar.bhavsar60@example.com,3,7.36
onkar.bhavsar60@example.com,4,8.5
onkar.bhavsar60@example.com,5,9.05
onkar.bhavsar60@example.com,6,6.52
onkar.bhavsar60@example.com,7,6.76
onkar.bhavsar60@example.com,8,7.46
siddharth.barad61@example.com,1,7.99
siddharth.barad61@example.com,2,9.03
siddharth.barad61@example.com,3,6.87
siddharth.barad61@example.com,4,9.17
siddharth.barad61@example.com,5,8.23
siddharth.barad61@example.com,6,7.22
siddharth.barad61@example.com,7,8.12
siddharth.barad61@example.com,8,9.19
bhavika.radhakrishnan62@example.com,1,7.31
bhavika.radhakrishnan62@example.com,2,6.17
bhavika.radhakrishnan62@example.com,3,9.55
bhavika.radhakrishnan62@example.com,4,7.49
bhavika.radhakrishnan62@example.com,5,8.87
bhavika.radhakrishnan62@example.com,6,8.43
bhavika.radhakrishnan62@example.com,7,6.26
bhavika.radhakrishnan62@example.com,8,9.59
ethan.gala63@example.com,1,7.6
ethan.gala63@example.com,2,9.13
ethan.gala63@example.com,3,6.64
ethan.gala63@example.com,4,9.83
ethan.gala63@example.com,5,7.23
ethan.gala63@example.com,6,9.7
ethan.gala63@example.com,7,7.02
ethan.gala63@example.com,8,9.89
bimala.suresh64@example.com,1,9.66
bimala.suresh64@example.com,2,9.44
bimala.suresh64@example.com,3,9.66
bimala.suresh64@example.com,4,6.47
bimala.suresh64@example.com,5,6.81
bimala.suresh64@example.com,6,6.22
bimala.suresh64@example.com,7,9.41
bimala.suresh64@example.com,8,6.1
chanchal.manda65@example.com,1,6.56
chanchal.manda65@example.com,2,8.31
chanchal.manda65@example.com,3,7.02
chanchal.manda65@example.com,4,8.65
chanchal.manda65@example.com,5,9.67
chanchal.manda65@example.com,6,8.27
chanchal.manda65@example.com,7,7.11
chanchal.manda65@example.com,8,9.02
gaurangi.banerjee66@example.com,1,6.39
gaurangi.banerjee66@example.com,2,8.55
gaurangi.banerjee66@example.com,3,6.16
gaurangi.banerjee66@example.com,4,7.66
gaurangi.banerjee66@example.com,5,8.0
gaurangi.banerjee66@example.com,6,6.55
gaurangi.banerjee66@example.com,7,6.77
gaurangi.banerjee66@example.com,8,6.07
aashi.nayak67@example.com,1,6.52
aashi.nayak67@example.com,2,8.32
aashi.nayak67@example.com,3,6.48
aashi.nayak67@example.com,4,6.41
aashi.nayak67@example.com,5,8.4
aashi.nayak67@example.com,6,8.97
aashi.nayak67@example.com,7,9.74
aashi.nayak67@example.com,8,9.51
eta.mander68@example.com,1,8.89
eta.mander68@example.com,2,7.43
eta.mander68@example.com,3,7.06
eta.mander68@example.com,4,9.79
eta.mander68@example.com,5,9.72
eta.mander68@example.com,6,7.44
eta.mander68@example.com,7,7.3
eta.mander68@example.com,8,8.81
ayush.jani69@example.com,1,9.75
ayush.jani69@example.com,2,7.41
ayush.jani69@example.com,3,9.87
ayush.jani69@example.com,4,7.28
ayush.jani69@example.com,5,9.61
ayush.jani69@example.com,6,7.63
ayush.jani69@example.com,7,8.25
ayush.jani69@example.com,8,6.98
chavvi.kade70@example.com,1,9.4
chavvi.kade70@example.com,2,8.98
chavvi.kade70@example.com,3,8.41
chavvi.kade70@example.com,4,6.06
chavvi.kade70@example.com,5,7.16
chavvi.kade70@example.com,6,9.59
chavvi.kade70@example.com,7,8.13
chavvi.kade70@example.com,8,7.44
veda.brar71@example.com,1,8.35
veda.brar71@example.com,2,8.29
veda.brar71@example.com,3,9.78
veda.brar71@example.com,4,9.94
veda.brar71@example.com,5,6.21
veda.brar71@example.com,6,8.66
veda.brar71@example.com,7,8.07
veda.brar71@example.com,8,9.38
arjun.bandi72@example.com,1,7.21
arjun.bandi72@example.com,2,9.84
arjun.bandi72@example.com,3,7.59
arjun.bandi72@example.com,4,6.24
arjun.bandi72@example.com,5,8.92
arjun.bandi72@example.com,6,8.48
arjun.bandi72@example.com,7,6.35
arjun.bandi72@example.com,8,6.42
varenya.prabhakar73@example.com,1,9.19
varenya.prabhakar73@example.com,2,9.09
varenya.prabhakar73@example.com,3,6.68
varenya.prabhakar73@example.com,4,6.98
varenya.prabhakar73@example.com,5,8.87
varenya.prabhakar73@example.com,6,8.72
varenya.prabhakar73@example.com,7,6.85
varenya.prabhakar73@example.com,8,8.32
tanish.kaul74@example.com,1,6.87
tanish.kaul74@example.com,2,8.15
tanish.kaul74@example.com,3,6.63
tanish.kaul74@example.com,4,7.4
tanish.kaul74@example.com,5,7.77
tanish.kaul74@example.com,6,8.06
tanish.kaul74@example.com,7,8.99
tanish.kaul74@example.com,8,9.74
tamanna.bhat75@example.com,1,9.07
tamanna.bhat75@example.com,2,8.06
tamanna.bhat75@example.com,3,9.25
tamanna.bhat75@example.com,4,9.82
tamanna.bhat75@example.com,5,7.23
tamanna.bhat75@example.com,6,8.61
tamanna.bhat75@example.com,7,8.82
tamanna.bhat75@example.com,8,7.28
chameli.parmer76@example.com,1,6.86
chameli.parmer76@example.com,2,6.31
chameli.parmer76@example.com,3,9.75
chameli.parmer76@example.com,4,9.23
chameli.parmer76@example.com,5,7.64
chameli.parmer76@example.com,6,8.54
chameli.parmer76@example.com,7,7.74
chameli.parmer76@example.com,8,7.48
ganga.bava77@example.com,1,6.57
ganga.bava77@example.com,2,7.29
ganga.bava77@example.com,3,9.57
ganga.bava77@example.com,4,7.65
ganga.bava77@example.com,5,8.03
ganga.bava77@example.com,6,8.88
ganga.bava77@example.com,7,9.51
ganga.bava77@example.com,8,7.42
balendra.raman78@example.com,1,9.45
balendra.raman78@example.com,2,6.28
balendra.raman78@example.com,3,9.17
balendra.raman78@example.com,4,7.62
balendra.raman78@example.com,5,7.54
balendra.raman78@example.com,6,6.09
balendra.raman78@example.com,7,6.36
balendra.raman78@example.com,8,6.27
rehaan.khurana79@example.com,1,6.33
rehaan.khurana79@example.com,2,8.36
rehaan.khurana79@example.com,3,9.64
rehaan.khurana79@example.com,4,7.41
rehaan.khurana79@example.com,5,9.74
rehaan.khurana79@example.com,6,8.95
rehaan.khurana79@example.com,7,8.6
rehaan.khurana79@example.com,8,6.57
darika.taneja80@example.com,1,8.74
darika.taneja80@example.com,2,9.69
darika.taneja80@example.com,3,7.48
darika.taneja80@example.com,4,6.69
darika.taneja80@example.com,5,6.17
darika.taneja80@example.com,6,9.33
darika.taneja80@example.com,7,8.67
darika.taneja80@example.com,8,7.71
timothy.kala81@example.com,1,6.59
timothy.kala81@example.com,2,7.79
timothy.kala81@example.com,3,7.43
timothy.kala81@example.com,4,9.54
timothy.kala81@example.com,5,8.14
timothy.kala81@example.com,6,8.93
timothy.kala81@example.com,7,6.38
timothy.kala81@example.com,8,9.7
vinaya.wason82@example.com,1,7.63
vinaya.wason82@example.com,2,6.09
vinaya.wason82@example.com,3,7.31
vinaya.wason82@example.com,4,6.16
vinaya.wason82@example.com,5,7.22
vinaya.wason82@example.com,6,6.04
vinaya.wason82@example.com,7,6.39
vinaya.wason82@example.com,8,8.27
turvi.borde83@example.com,1,8.54
turvi.borde83@example.com,2,6.73
turvi.borde83@example.com,3,8.13
turvi.borde83@example.com,4,8.06
turvi.borde83@example.com,5,9.85
turvi.borde83@example.com,6,9.69
turvi.borde83@example.com,7,6.52
turvi.borde83@example.com,8,7.75
henry.gopal84@example.com,1,8.65
henry.gopal84@example.com,2,9.25
henry.gopal84@example.com,3,9.69
henry.gopal84@example.com,4,7.78
henry.gopal84@example.com,5,9.69
henry.gopal84@example.com,6,7.27
henry.gopal84@example.com,7,7.67
henry.gopal84@example.com,8,7.02
sai.prabhu85@example.com,1,8.15
sai.prabhu85@example.com,2,6.19
sai.prabhu85@example.com,3,9.12
sai.prabhu85@example.com,4,6.51
sai.prabhu85@example.com,5,7.36
sai.prabhu85@example.com,6,8.77
sai.prabhu85@example.com,7,8.54
sai.prabhu85@example.com,8,8.49
victor.upadhyay86@example.com,1,8.93
victor.upadhyay86@example.com,2,7.7
victor.upadhyay86@example.com,3,8.22
victor.upadhyay86@example.com,4,6.72
victor.upadhyay86@example.com,5,7.71
victor.upadhyay86@example.com,6,6.16
victor.upadhyay86@example.com,7,6.31
victor.upadhyay86@example.com,8,7.55
falan.dalal87@example.com,1,9.77
falan.dalal87@example.com,2,8.66
falan.dalal87@example.com,3,6.92
falan.dalal87@example.com,4,6.24
falan.dalal87@example.com,5,9.5
falan.dalal87@example.com,6,7.43
falan.dalal87@example.com,7,7.16
falan.dalal87@example.com,8,7.64
neelima.datta88@example.com,1,7.92
neelima.datta88@example.com,2,7.61
neelima.datta88@example.com,3,9.84
neelima.datta88@example.com,4,7.04
neelima.datta88@example.com,5,9.23
neelima.datta88@example.com,6,9.03
neelima.datta88@example.com,7,8.05
neelima.datta88@example.com,8,9.02
oeshi.pathak89@example.com,1,7.98
oeshi.pathak89@example.com,2,8.29
oeshi.pathak89@example.com,3,7.65
oeshi.pathak89@example.com,4,8.65
oeshi.pathak89@example.com,5,6.44
oeshi.pathak89@example.com,6,9.28
oeshi.pathak89@example.com,7,6.16
oeshi.pathak89@example.com,8,9.14
chanchal.dora90@example.com,1,6.83
chanchal.dora90@example.com,2,9.23
chanchal.dora90@example.com,3,7.86
chanchal.dora90@example.com,4,8.74
chanchal.dora90@example.com,5,7.94
chanchal.dora90@example.com,6,6.65
chanchal.dora90@example.com,7,9.94
chanchal.dora90@example.com,8,6.01
finn.master91@example.com,1,7.76
finn.master91@example.com,2,8.2
finn.master91@example.com,3,7.38
finn.master91@example.com,4,7.5
finn.master91@example.com,5,9.15
finn.master91@example.com,6,7.73
finn.master91@example.com,7,6.66
finn.master91@example.com,8,9.2
timothy.kaul92@example.com,1,6.88
timothy.kaul92@example.com,2,6.68
timothy.kaul92@example.com,3,7.97
timothy.kaul92@example.com,4,9.89
timothy.kaul92@example.com,5,9.76
timothy.kaul92@example.com,6,7.61
timothy.kaul92@example.com,7,8.28
timothy.kaul92@example.com,8,6.6
wyatt.batra93@example.com,1,6.93
wyatt.batra93@example.com,2,6.18
wyatt.batra93@example.com,3,7.94
wyatt.batra93@example.com,4,7.46
wyatt.batra93@example.com,5,8.52
wyatt.batra93@example.com,6,8.25
wyatt.batra93@example.com,7,8.69
wyatt.batra93@example.com,8,8.95
chaaya.shenoy94@example.com,1,7.24
chaaya.shenoy94@example.com,2,7.9
chaaya.shenoy94@example.com,3,7.36
chaaya.shenoy94@example.com,4,9.3
chaaya.shenoy94@example.com,5,6.11
chaaya.shenoy94@example.com,6,9.42
chaaya.shenoy94@example.com,7,6.15
chaaya.shenoy94@example.com,8,9.73
lopa.parmer95@example.com,1,7.62
lopa.parmer95@example.com,2,6.95
lopa.parmer95@example.com,3,6.87
lopa.parmer95@example.com,4,9.08
lopa.parmer95@example.com,5,8.53
lopa.parmer95@example.com,6,9.92
lopa.parmer95@example.com,7,7.59
lopa.parmer95@example.com,8,8.24
matthew.raju96@example.com,1,7.08
matthew.raju96@example.com,2,9.52
matthew.raju96@example.com,3,9.86
matthew.raju96@example.com,4,9.53
matthew.raju96@example.com,5,7.95
matthew.raju96@example.com,6,9.47
matthew.raju96@example.com,7,8.4
matthew.raju96@example.com,8,9.91
abdul.upadhyay97@example.com,1,8.18
abdul.upadhyay97@example.com,2,8.41
abdul.upadhyay97@example.com,3,6.99
abdul.upadhyay97@example.com,4,6.04
abdul.upadhyay97@example.com,5,6.77
abdul.upadhyay97@example.com,6,7.12
abdul.upadhyay97@example.com,7,8.31
abdul.upadhyay97@example.com,8,6.13
abhiram.wadhwa98@example.com,1,7.32
abhiram.wadhwa98@example.com,2,8.29
abhiram.wadhwa98@example.com,3,8.72
abhiram.wadhwa98@example.com,4,9.23
abhiram.wadhwa98@example.com,5,9.07
abhiram.wadhwa98@example.com,6,6.9
abhiram.wadhwa98@example.com,7,8.47
abhiram.wadhwa98@example.com,8,8.13
ubika.sankaran99@example.com,1,9.72
ubika.sankaran99@example.com,2,6.49
ubika.sankaran99@example.com,3,6.15
ubika.sankaran99@example.com,4,8.25
ubika.sankaran99@example.com,5,8.79
ubika.sankaran99@example.com,6,6.5
ubika.sankaran99@example.com,7,7.59
ubika.sankaran99@example.com,8,7.33
ekiya.jhaveri100@example.com,1,8.28
ekiya.jhaveri100@example.com,2,6.51
ekiya.jhaveri100@example.com,3,7.94
ekiya.jhaveri100@example.com,4,9.99
ekiya.jhaveri100@example.com,5,6.55
ekiya.jhaveri100@example.com,6,8.78
ekiya.jhaveri100@example.com,7,8.27
ekiya.jhaveri100@example.com,8,7.38
yasti.krish101@example.com,1,6.47
yasti.krish101@example.com,2,7.18
yasti.krish101@example.com,3,7.76
yasti.krish101@example.com,4,8.3
yasti.krish101@example.com,5,8.55
yasti.krish101@example.com,6,7.86
yasti.krish101@example.com,7,7.28
yasti.krish101@example.com,8,9.23
anita.dhillon102@example.com,1,7.88
anita.dhillon102@example.com,2,6.73
anita.dhillon102@example.com,3,8.08
anita.dhillon102@example.com,4,9.94
anita.dhillon102@example.com,5,7.97
anita.dhillon102@example.com,6,6.96
anita.dhillon102@example.com,7,9.8
anita.dhillon102@example.com,8,8.56
hema.rastogi103@example.com,1,7.91
hema.rastogi103@example.com,2,9.21
hema.rastogi103@example.com,3,6.91
hema.rastogi103@example.com,4,7.32
hema.rastogi103@example.com,5,9.47
hema.rastogi103@example.com,6,7.58
hema.rastogi103@example.com,7,6.08
hema.rastogi103@example.com,8,9.84
suhani.dutt104@example.com,1,6.12
suhani.dutt104@example.com,2,9.81
suhani.dutt104@example.com,3,6.85
suhani.dutt104@example.com,4,8.02
suhani.dutt104@example.com,5,7.25
suhani.dutt104@example.com,6,7.56
suhani.dutt104@example.com,7,7.43
suhani.dutt104@example.com,8,8.32
gautam.kari105@example.com,1,7.96
gautam.kari105@example.com,2,7.8
gautam.kari105@example.com,3,6.17
gautam.kari105@example.com,4,9.46
gautam.kari105@example.com,5,8.39
gautam.kari105@example.com,6,8.42
gautam.kari105@example.com,7,9.25
gautam.kari105@example.com,8,7.03
eta.prabhu106@example.com,1,7.8
eta.prabhu106@example.com,2,8.48
eta.prabhu106@example.com,3,7.71
eta.prabhu106@example.com,4,8.72
eta.prabhu106@example.com,5,6.23
eta.prabhu106@example.com,6,6.85
eta.prabhu106@example.com,7,9.48
eta.prabhu106@example.com,8,6.07
avni.sinha107@example.com,1,7.43
avni.sinha107@example.com,2,9.69
avni.sinha107@example.com,3,8.19
avni.sinha107@example.com,4,7.59
avni.sinha107@example.com,5,8.14
avni.sinha107@example.com,6,7.11
avni.sinha107@example.com,7,9.37
avni.sinha107@example.com,8,6.89
onveer.hayer108@example.com,1,7.26
onveer.hayer108@example.com,2,6.45
onveer.hayer108@example.com,3,8.07
onveer.hayer108@example.com,4,7.96
onveer.hayer108@example.com,5,9.59
onveer.hayer108@example.com,6,9.05
onveer.hayer108@example.com,7,7.19
onveer.hayer108@example.com,8,9.45
praneel.ganesan109@example.com,1,6.07
praneel.ganesan109@example.com,2,8.09
praneel.ganesan109@example.com,3,6.88
praneel.ganesan109@example.com,4,7.69
praneel.ganesan109@example.com,5,8.49
praneel.ganesan109@example.com,6,8.01
praneel.ganesan109@example.com,7,9.26
praneel.ganesan109@example.com,8,7.18
rudra.kala110@example.com,1,8.09
rudra.kala110@example.com,2,7.25
rudra.kala110@example.com,3,9.78
rudra.kala110@example.com,4,8.62
rudra.kala110@example.com,5,6.86
rudra.kala110@example.com,6,7.3
rudra.kala110@example.com,7,8.88
rudra.kala110@example.com,8,9.12
hardik.buch111@example.com,1,9.51
hardik.buch111@example.com,2,9.8
hardik.buch111@example.com,3,8.99
hardik.buch111@example.com,4,9.63
hardik.buch111@example.com,5,9.77
hardik.buch111@example.com,6,9.69
hardik.buch111@example.com,7,9.88
hardik.buch111@example.com,8,8.01
irya.wadhwa112@example.com,1,6.63
irya.wadhwa112@example.com,2,6.69
irya.wadhwa112@example.com,3,8.98
irya.wadhwa112@example.com,4,8.62
irya.wadhwa112@example.com,5,7.0
irya.wadhwa112@example.com,6,6.27
irya.wadhwa112@example.com,7,9.22
irya.wadhwa112@example.com,8,9.05
xiti.vora113@example.com,1,7.4
xiti.vora113@example.com,2,6.75
xiti.vora113@example.com,3,6.08
xiti.vora113@example.com,4,8.91
xiti.vora113@example.com,5,7.87
xiti.vora113@example.com,6,9.88
xiti.vora113@example.com,7,8.4
xiti.vora113@example.com,8,9.18
divya.sridhar114@example.com,1,6.47
divya.sridhar114@example.com,2,8.25
divya.sridhar114@example.com,3,7.12
divya.sridhar114@example.com,4,6.47
divya.sridhar114@example.com,5,8.7
divya.sridhar114@example.com,6,9.69
divya.sridhar114@example.com,7,7.66
divya.sridhar114@example.com,8,9.91
gunbir.dyal115@example.com,1,8.19
gunbir.dyal115@example.com,2,7.41
gunbir.dyal115@example.com,3,9.2
gunbir.dyal115@example.com,4,9.66
gunbir.dyal115@example.com,5,6.46
gunbir.dyal115@example.com,6,7.97
gunbir.dyal115@example.com,7,6.73
gunbir.dyal115@example.com,8,8.1
warinder.kant116@example.com,1,8.05
warinder.kant116@example.com,2,6.74
warinder.kant116@example.com,3,8.53
warinder.kant116@example.com,4,9.7
warinder.kant116@example.com,5,6.58
warinder.kant116@example.com,6,9.13
warinder.kant116@example.com,7,9.61
warinder.kant116@example.com,8,6.26
chanakya.batra117@example.com,1,8.54
chanakya.batra117@example.com,2,7.08
chanakya.batra117@example.com,3,8.41
chanakya.batra117@example.com,4,6.61
chanakya.batra117@example.com,5,6.07
chanakya.batra117@example.com,6,9.9
chanakya.batra117@example.com,7,7.86
chanakya.batra117@example.com,8,6.53
ayushman.bhatia118@example.com,1,7.44
ayushman.bhatia118@example.com,2,6.12
ayushman.bhatia118@example.com,3,6.26
ayushman.bhatia118@example.com,4,6.64
ayushman.bhatia118@example.com,5,8.56
ayushman.bhatia118@example.com,6,6.88
ayushman.bhatia118@example.com,7,7.06
ayushman.bhatia118@example.com,8,8.64
mohammed.sachdeva119@example.com,1,7.37
mohammed.sachdeva119@example.com,2,9.04
mohammed.sachdeva119@example.com,3,8.88
mohammed.sachdeva119@example.com,4,8.13
mohammed.sachdeva119@example.com,5,7.52
mohammed.sachdeva119@example.com,6,7.86
mohammed.sachdeva119@example.com,7,7.0
mohammed.sachdeva119@example.com,8,7.96
chanchal.acharya120@example.com,1,8.75
chanchal.acharya120@example.com,2,8.73
chanchal.acharya120@example.com,3,6.79
chanchal.acharya120@example.com,4,7.44
chanchal.acharya120@example.com,5,7.13
chanchal.acharya120@example.com,6,7.57
chanchal.acharya120@example.com,7,9.85
chanchal.acharya120@example.com,8,8.52
dayita.bhalla121@example.com,1,8.78
dayita.bhalla121@example.com,2,6.12
dayita.bhalla121@example.com,3,6.78
dayita.bhalla121@example.com,4,8.29
dayita.bhalla121@example.com,5,7.2
dayita.bhalla121@example.com,6,9.23
dayita.bhalla121@example.com,7,9.12
dayita.bhalla121@example.com,8,9.78
krisha.apte122@example.com,1,7.64
krisha.apte122@example.com,2,9.42
krisha.apte122@example.com,3,8.68
krisha.apte122@example.com,4,8.38
krisha.apte122@example.com,5,7.49
krisha.apte122@example.com,6,8.27
krisha.apte122@example.com,7,6.66
krisha.apte122@example.com,8,9.11
radhika.nair123@example.com,1,7.4
radhika.nair123@example.com,2,8.23
radhika.nair123@example.com,3,7.66
radhika.nair123@example.com,4,7.21
radhika.nair123@example.com,5,7.21
radhika.nair123@example.com,6,9.45
radhika.nair123@example.com,7,6.88
radhika.nair123@example.com,8,7.19
agastya.padmanabhan124@example.com,1,6.71
agastya.padmanabhan124@example.com,2,6.81
agastya.padmanabhan124@example.com,3,8.37
agastya.padmanabhan124@example.com,4,8.2
agastya.padmanabhan124@example.com,5,9.34
agastya.padmanabhan124@example.com,6,8.68
agastya.padmanabhan124@example.com,7,6.59
agastya.padmanabhan124@example.com,8,8.08
pratyush.kalita125@example.com,1,8.4
pratyush.kalita125@example.com,2,9.98
pratyush.kalita125@example.com,3,6.08
pratyush.kalita125@example.com,4,6.16
pratyush.kalita125@example.com,5,9.75
pratyush.kalita125@example.com,6,8.44
pratyush.kalita125@example.com,7,8.54
pratyush.kalita125@example.com,8,6.9
pranav.jain126@example.com,1,9.89
pranav.jain126@example.com,2,6.96
pranav.jain126@example.com,3,7.37
pranav.jain126@example.com,4,6.21
pranav.jain126@example.com,5,7.3
pranav.jain126@example.com,6,6.76
pranav.jain126@example.com,7,8.6
pranav.jain126@example.com,8,6.69
urvashi.bansal127@example.com,1,6.36
urvashi.bansal127@example.com,2,9.47
urvashi.bansal127@example.com,3,9.61
urvashi.bansal127@example.com,4,8.17
urvashi.bansal127@example.com,5,7.13
urvashi.bansal127@example.com,6,8.77
urvashi.bansal127@example.com,7,8.14
urvashi.bansal127@example.com,8,9.83
indali.bains128@example.com,1,6.16
indali.bains128@example.com,2,7.03
indali.bains128@example.com,3,7.69
indali.bains128@example.com,4,7.74
indali.bains128@example.com,5,6.75
indali.bains128@example.com,6,7.71
indali.bains128@example.com,7,9.82
indali.bains128@example.com,8,8.43
anusha.anne129@example.com,1,9.69
anusha.anne129@example.com,2,9.19
anusha.anne129@example.com,3,7.14
anusha.anne129@example.com,4,7.04
anusha.anne129@example.com,5,9.91
anusha.anne129@example.com,6,8.04
anusha.anne129@example.com,7,9.74
anusha.anne129@example.com,8,7.46
pushti.jha130@example.com,1,7.18
pushti.jha130@example.com,2,8.97
pushti.jha130@example.com,3,6.22
pushti.jha130@example.com,4,6.55
pushti.jha130@example.com,5,8.72
pushti.jha130@example.com,6,6.71
pushti.jha130@example.com,7,9.02
pushti.jha130@example.com,8,8.31
anmol.narasimhan131@example.com,1,7.55
anmol.narasimhan131@example.com,2,7.13
anmol.narasimhan131@example.com,3,7.31
anmol.narasimhan131@example.com,4,7.24
anmol.narasimhan131@example.com,5,6.55
anmol.narasimhan131@example.com,6,8.06
anmol.narasimhan131@example.com,7,7.66
anmol.narasimhan131@example.com,8,8.23
ryan.dhar132@example.com,1,6.01
ryan.dhar132@example.com,2,9.82
ryan.dhar132@example.com,3,9.03
ryan.dhar132@example.com,4,6.71
ryan.dhar132@example.com,5,8.43
ryan.dhar132@example.com,6,7.2
ryan.dhar132@example.com,7,6.96
ryan.dhar132@example.com,8,7.79
brinda.dara133@example.com,1,8.37
brinda.dara133@example.com,2,9.34
brinda.dara133@example.com,3,7.05
brinda.dara133@example.com,4,9.4
brinda.dara133@example.com,5,9.34
brinda.dara133@example.com,6,7.17
brinda.dara133@example.com,7,9.19
brinda.dara133@example.com,8,7.34
divya.salvi134@example.com,1,8.62
divya.salvi134@example.com,2,7.72
divya.salvi134@example.com,3,8.19
divya.salvi134@example.com,4,9.1
divya.salvi134@example.com,5,7.85
divya.salvi134@example.com,6,6.56
divya.salvi134@example.com,7,6.46
divya.salvi134@example.com,8,8.58
farhan.comar135@example.com,1,7.64
farhan.comar135@example.com,2,8.97
farhan.comar135@example.com,3,8.62
farhan.comar135@example.com,4,7.61
farhan.comar135@example.com,5,8.35
farhan.comar135@example.com,6,6.74
farhan.comar135@example.com,7,9.16
farhan.comar135@example.com,8,7.13
lajita.minhas136@example.com,1,8.91
lajita.minhas136@example.com,2,6.79
lajita.minhas136@example.com,3,9.02
lajita.minhas136@example.com,4,8.34
lajita.minhas136@example.com,5,9.5
lajita.minhas136@example.com,6,9.78
lajita.minhas136@example.com,7,8.87
lajita.minhas136@example.com,8,9.35
widisha.gole137@example.com,1,8.5
widisha.gole137@example.com,2,6.37
widisha.gole137@example.com,3,9.09
widisha.gole137@example.com,4,8.5
widisha.gole137@example.com,5,8.43
widisha.gole137@example.com,6,7.27
widisha.gole137@example.com,7,9.03
widisha.gole137@example.com,8,7.62
rehaan.padmanabhan138@example.com,1,7.71
rehaan.padmanabhan138@example.com,2,8.54
rehaan.padmanabhan138@example.com,3,6.05
rehaan.padmanabhan138@example.com,4,9.57
rehaan.padmanabhan138@example.com,5,6.63
rehaan.padmanabhan138@example.com,6,6.23
rehaan.padmanabhan138@example.com,7,9.54
rehaan.padmanabhan138@example.com,8,6.89
eta.magar139@example.com,1,7.17
eta.magar139@example.com,2,6.94
eta.magar139@example.com,3,6.56
eta.magar139@example.com,4,8.26
eta.magar139@example.com,5,8.87
eta.magar139@example.com,6,7.4
eta.magar139@example.com,7,7.8
eta.magar139@example.com,8,9.63
sanaya.khurana140@example.com,1,8.37
sanaya.khurana140@example.com,2,6.27
sanaya.khurana140@example.com,3,6.24
sanaya.khurana140@example.com,4,9.84
sanaya.khurana140@example.com,5,8.2
sanaya.khurana140@example.com,6,8.14
sanaya.khurana140@example.com,7,6.81
sanaya.khurana140@example.com,8,8.2
panini.parmar141@example.com,1,7.32
panini.parmar141@example.com,2,6.35
panini.parmar141@example.com,3,8.18
panini.parmar141@example.com,4,9.52
panini.parmar141@example.com,5,8.79
panini.parmar141@example.com,6,9.28
panini.parmar141@example.com,7,7.53
panini.parmar141@example.com,8,7.1
vaishnavi.kala142@example.com,1,8.55
vaishnavi.kala142@example.com,2,9.0
vaishnavi.kala142@example.com,3,9.15
vaishnavi.kala142@example.com,4,9.72
vaishnavi.kala142@example.com,5,7.67
vaishnavi.kala142@example.com,6,7.88
vaishnavi.kala142@example.com,7,7.8
vaishnavi.kala142@example.com,8,9.64
bhavini.nagy143@example.com,1,7.65
bhavini.nagy143@example.com,2,9.61
bhavini.nagy143@example.com,3,7.48
bhavini.nagy143@example.com,4,6.53
bhavini.nagy143@example.com,5,9.66
bhavini.nagy143@example.com,6,9.89
bhavini.nagy143@example.com,7,6.41
bhavini.nagy143@example.com,8,7.62
bhavika.banik144@example.com,1,9.62
bhavika.banik144@example.com,2,6.28
bhavika.banik144@example.com,3,7.9
bhavika.banik144@example.com,4,7.08
bhavika.banik144@example.com,5,9.79
bhavika.banik144@example.com,6,8.33
bhavika.banik144@example.com,7,7.45
bhavika.banik144@example.com,8,6.09
xalak.madan145@example.com,1,8.75
xalak.madan145@example.com,2,7.0
xalak.madan145@example.com,3,6.99
xalak.madan145@example.com,4,9.0
xalak.madan145@example.com,5,8.65
xalak.madan145@example.com,6,6.6
xalak.madan145@example.com,7,8.29
xalak.madan145@example.com,8,7.78
gayathri.bose146@example.com,1,7.18
gayathri.bose146@example.com,2,7.37
gayathri.bose146@example.com,3,6.25
gayathri.bose146@example.com,4,7.87
gayathri.bose146@example.com,5,9.23
gayathri.bose146@example.com,6,7.05
gayathri.bose146@example.com,7,8.93
gayathri.bose146@example.com,8,9.31
dipta.khanna147@example.com,1,9.59
dipta.khanna147@example.com,2,7.47
dipta.khanna147@example.com,3,8.68
dipta.khanna147@example.com,4,9.58
dipta.khanna147@example.com,5,9.82
dipta.khanna147@example.com,6,6.84
dipta.khanna147@example.com,7,9.77
dipta.khanna147@example.com,8,8.55
nilima.merchant148@example.com,1,8.94
nilima.merchant148@example.com,2,7.68
nilima.merchant148@example.com,3,9.75
nilima.merchant148@example.com,4,8.45
nilima.merchant148@example.com,5,8.28
nilima.merchant148@example.com,6,7.89
nilima.merchant148@example.com,7,6.04
nilima.merchant148@example.com,8,9.44
viraj.sama149@example.com,1,8.41
viraj.sama149@example.com,2,6.58
viraj.sama149@example.com,3,7.46
viraj.sama149@example.com,4,6.14
viraj.sama149@example.com,5,9.99
viraj.sama149@example.com,6,8.44
viraj.sama149@example.com,7,9.75
viraj.sama149@example.com,8,8.44
chaitanya.basu150@example.com,1,6.35
chaitanya.basu150@example.com,2,9.09
chaitanya.basu150@example.com,3,6.05
chaitanya.basu150@example.com,4,8.79
chaitanya.basu150@example.com,5,9.88
chaitanya.basu150@example.com,6,6.25
chaitanya.basu150@example.com,7,6.47
chaitanya.basu150@example.com,8,8.68
ojasvi.dugar151@example.com,1,6.69
ojasvi.dugar151@example.com,2,6.2
ojasvi.dugar151@example.com,3,8.22
ojasvi.dugar151@example.com,4,8.01
ojasvi.dugar151@example.com,5,7.48
ojasvi.dugar151@example.com,6,9.7
ojasvi.dugar151@example.com,7,7.21
ojasvi.dugar151@example.com,8,7.94
champak.padmanabhan152@example.com,1,9.7
champak.padmanabhan152@example.com,2,7.56
champak.padmanabhan152@example.com,3,8.96
champak.padmanabhan152@example.com,4,9.88
champak.padmanabhan152@example.com,5,7.26
champak.padmanabhan152@example.com,6,6.08
champak.padmanabhan152@example.com,7,8.03
champak.padmanabhan152@example.com,8,6.17
vihaan.balay153@example.com,1,7.5
vihaan.balay153@example.com,2,6.08
vihaan.balay153@example.com,3,6.86
vihaan.balay153@example.com,4,9.82
vihaan.balay153@example.com,5,9.77
vihaan.balay153@example.com,6,7.21
vihaan.balay153@example.com,7,6.35
vihaan.balay153@example.com,8,9.38
darpan.mutti154@example.com,1,7.96
darpan.mutti154@example.com,2,6.77
darpan.mutti154@example.com,3,7.85
darpan.mutti154@example.com,4,8.84
darpan.mutti154@example.com,5,6.44
darpan.mutti154@example.com,6,6.47
darpan.mutti154@example.com,7,8.6
darpan.mutti154@example.com,8,8.67
zinal.trivedi155@example.com,1,7.8
zinal.trivedi155@example.com,2,7.55
zinal.trivedi155@example.com,3,8.89
zinal.trivedi155@example.com,4,6.45
zinal.trivedi155@example.com,5,7.16
zinal.trivedi155@example.com,6,8.75
zinal.trivedi155@example.com,7,9.01
zinal.trivedi155@example.com,8,7.84
lakshit.kadakia156@example.com,1,9.9
lakshit.kadakia156@example.com,2,7.27
lakshit.kadakia156@example.com,3,7.44
lakshit.kadakia156@example.com,4,9.89
lakshit.kadakia156@example.com,5,9.84
lakshit.kadakia156@example.com,6,7.9
lakshit.kadakia156@example.com,7,7.06
lakshit.kadakia156@example.com,8,8.46
yauvani.chaudhry157@example.com,1,7.56
yauvani.chaudhry157@example.com,2,6.61
yauvani.chaudhry157@example.com,3,9.19
yauvani.chaudhry157@example.com,4,6.99
yauvani.chaudhry157@example.com,5,8.65
yauvani.chaudhry157@example.com,6,9.71
yauvani.chaudhry157@example.com,7,8.19
yauvani.chaudhry157@example.com,8,9.58
aarna.patla158@example.com,1,9.65
aarna.patla158@example.com,2,7.41
aarna.patla158@example.com,3,9.6
aarna.patla158@example.com,4,8.37
aarna.patla158@example.com,5,9.58
aarna.patla158@example.com,6,8.85
aarna.patla158@example.com,7,6.34
aarna.patla158@example.com,8,7.13
keya.natarajan159@example.com,1,6.97
keya.natarajan159@example.com,2,8.98
keya.natarajan159@example.com,3,9.69
keya.natarajan159@example.com,4,6.9
keya.natarajan159@example.com,5,6.33
keya.natarajan159@example.com,6,8.96
keya.natarajan159@example.com,7,8.53
keya.natarajan159@example.com,8,8.28
forum.bala160@example.com,1,9.45
forum.bala160@example.com,2,6.64
forum.bala160@example.com,3,6.53
forum.bala160@example.com,4,9.95
forum.bala160@example.com,5,6.89
forum.bala160@example.com,6,9.22
forum.bala160@example.com,7,9.86
forum.bala160@example.com,8,7.3
wahab.murthy161@example.com,1,6.01
wahab.murthy161@example.com,2,6.95
wahab.murthy161@example.com,3,7.65
wahab.murthy161@example.com,4,9.5
wahab.murthy161@example.com,5,8.06
wahab.murthy161@example.com,6,8.2
wahab.murthy161@example.com,7,7.96
wahab.murthy161@example.com,8,8.57
aadi.warrior162@example.com,1,8.01
aadi.warrior162@example.com,2,7.38
aadi.warrior162@example.com,3,7.25
aadi.warrior162@example.com,4,7.94
aadi.warrior162@example.com,5,7.87
aadi.warrior162@example.com,6,6.18
aadi.warrior162@example.com,7,8.47
aadi.warrior162@example.com,8,9.9
kashvi.rastogi163@example.com,1,6.84
kashvi.rastogi163@example.com,2,7.5
kashvi.rastogi163@example.com,3,8.11
kashvi.rastogi163@example.com,4,8.84
kashvi.rastogi163@example.com,5,6.57
kashvi.rastogi163@example.com,6,8.62
kashvi.rastogi163@example.com,7,8.69
kashvi.rastogi163@example.com,8,8.23
azaan.issac164@example.com,1,8.4
azaan.issac164@example.com,2,8.82
azaan.issac164@example.com,3,8.78
azaan.issac164@example.com,4,6.8
azaan.issac164@example.com,5,8.86
azaan.issac164@example.com,6,7.1
azaan.issac164@example.com,7,8.17
azaan.issac164@example.com,8,9.45
ganga.das165@example.com,1,8.47
ganga.das165@example.com,2,7.31
ganga.das165@example.com,3,8.79
ganga.das165@example.com,4,6.03
ganga.das165@example.com,5,6.81
ganga.das165@example.com,6,9.44
ganga.das165@example.com,7,8.08
ganga.das165@example.com,8,9.23
nisha.thakur166@example.com,1,7.96
nisha.thakur166@example.com,2,7.44
nisha.thakur166@example.com,3,8.87
nisha.thakur166@example.com,4,9.26
nisha.thakur166@example.com,5,7.5
nisha.thakur166@example.com,6,7.13
nisha.thakur166@example.com,7,8.54
nisha.thakur166@example.com,8,8.35
eesha.kalla167@example.com,1,8.43
eesha.kalla167@example.com,2,6.32
eesha.kalla167@example.com,3,9.25
eesha.kalla167@example.com,4,7.64
eesha.kalla167@example.com,5,9.08
eesha.kalla167@example.com,6,6.94
eesha.kalla167@example.com,7,8.25
eesha.kalla167@example.com,8,9.67
ekansh.comar168@example.com,1,9.67
ekansh.comar168@example.com,2,9.03
ekansh.comar168@example.com,3,8.42
ekansh.comar168@example.com,4,6.48
ekansh.comar168@example.com,5,8.91
ekansh.comar168@example.com,6,7.45
ekansh.comar168@example.com,7,7.76
ekansh.comar168@example.com,8,7.33
shivansh.bains169@example.com,1,6.84
shivansh.bains169@example.com,2,6.36
shivansh.bains169@example.com,3,9.55
shivansh.bains169@example.com,4,8.13
shivansh.bains169@example.com,5,8.14
shivansh.bains169@example.com,6,9.07
shivansh.bains169@example.com,7,6.38
shivansh.bains169@example.com,8,6.4
tejas.wason170@example.com,1,6.67
tejas.wason170@example.com,2,9.0
tejas.wason170@example.com,3,8.91
tejas.wason170@example.com,4,9.04
tejas.wason170@example.com,5,6.49
tejas.wason170@example.com,6,8.24
tejas.wason170@example.com,7,6.3
tejas.wason170@example.com,8,7.76
maya.sengupta171@example.com,1,8.81
maya.sengupta171@example.com,2,6.88
maya.sengupta171@example.com,3,7.07
maya.sengupta171@example.com,4,8.57
maya.sengupta171@example.com,5,8.74
maya.sengupta171@example.com,6,8.21
maya.sengupta171@example.com,7,8.24
maya.sengupta171@example.com,8,6.7
falan.malhotra172@example.com,1,6.91
falan.malhotra172@example.com,2,9.31
falan.malhotra172@example.com,3,7.26
falan.malhotra172@example.com,4,9.27
falan.malhotra172@example.com,5,7.37
falan.malhotra172@example.com,6,7.29
falan.malhotra172@example.com,7,9.55
falan.malhotra172@example.com,8,9.91
pahal.raju173@example.com,1,8.22
pahal.raju173@example.com,2,6.1
pahal.raju173@example.com,3,9.4
pahal.raju173@example.com,4,9.57
pahal.raju173@example.com,5,9.84
pahal.raju173@example.com,6,7.19
pahal.raju173@example.com,7,9.9
pahal.raju173@example.com,8,8.9
balveer.jani174@example.com,1,6.09
balveer.jani174@example.com,2,6.83
balveer.jani174@example.com,3,7.3
balveer.jani174@example.com,4,7.76
balveer.jani174@example.com,5,8.23
balveer.jani174@example.com,6,8.65
balveer.jani174@example.com,7,9.88
balveer.jani174@example.com,8,9.2
ayaan.kapoor175@example.com,1,9.05
ayaan.kapoor175@example.com,2,9.75
ayaan.kapoor175@example.com,3,9.82
ayaan.kapoor175@example.com,4,6.48
ayaan.kapoor175@example.com,5,6.41
ayaan.kapoor175@example.com,6,6.15
ayaan.kapoor175@example.com,7,7.4
ayaan.kapoor175@example.com,8,6.02
kritika.pall176@example.com,1,8.1
kritika.pall176@example.com,2,6.14
kritika.pall176@example.com,3,7.24
kritika.pall176@example.com,4,6.66
kritika.pall176@example.com,5,9.29
kritika.pall176@example.com,6,8.08
kritika.pall176@example.com,7,7.56
kritika.pall176@example.com,8,9.03
lipika.bahri177@example.com,1,8.97
lipika.bahri177@example.com,2,7.2
lipika.bahri177@example.com,3,6.17
lipika.bahri177@example.com,4,7.23
lipika.bahri177@example.com,5,6.37
lipika.bahri177@example.com,6,9.29
lipika.bahri177@example.com,7,9.15
lipika.bahri177@example.com,8,8.64
xiti.sami178@example.com,1,9.73
xiti.sami178@example.com,2,7.73
xiti.sami178@example.com,3,9.56
xiti.sami178@example.com,4,7.64
xiti.sami178@example.com,5,9.88
xiti.sami178@example.com,6,6.12
xiti.sami178@example.com,7,9.49
xiti.sami178@example.com,8,6.62
kashvi.kaur179@example.com,1,7.27
kashvi.kaur179@example.com,2,8.81
kashvi.kaur179@example.com,3,9.69
kashvi.kaur179@example.com,4,7.31
kashvi.kaur179@example.com,5,9.52
kashvi.kaur179@example.com,6,8.05
kashvi.kaur179@example.com,7,9.78
kashvi.kaur179@example.com,8,7.65
rachita.sengupta180@example.com,1,7.8
rachita.sengupta180@example.com,2,9.8
rachita.sengupta180@example.com,3,6.75
rachita.sengupta180@example.com,4,8.96
rachita.sengupta180@example.com,5,6.6
rachita.sengupta180@example.com,6,8.48
rachita.sengupta180@example.com,7,6.45
rachita.sengupta180@example.com,8,8.74
hritik.ben181@example.com,1,7.06
hritik.ben181@example.com,2,7.66
hritik.ben181@example.com,3,9.5
hritik.ben181@example.com,4,6.94
hritik.ben181@example.com,5,6.25
hritik.ben181@example.com,6,7.68
hritik.ben181@example.com,7,9.31
hritik.ben181@example.com,8,7.21
balvan.sheth182@example.com,1,7.63
balvan.sheth182@example.com,2,6.33
balvan.sheth182@example.com,3,9.61
balvan.sheth182@example.com,4,9.27
balvan.sheth182@example.com,5,7.56
balvan.sheth182@example.com,6,8.73
balvan.sheth182@example.com,7,8.89
balvan.sheth182@example.com,8,8.62
balhaar.bala183@example.com,1,6.39
balhaar.bala183@example.com,2,6.27
balhaar.bala183@example.com,3,7.11
balhaar.bala183@example.com,4,9.96
balhaar.bala183@example.com,5,7.29
balhaar.bala183@example.com,6,9.99
balhaar.bala183@example.com,7,9.52
balhaar.bala183@example.com,8,6.31
guneet.cherian184@example.com,1,6.88
guneet.cherian184@example.com,2,9.71
guneet.cherian184@example.com,3,8.37
guneet.cherian184@example.com,4,7.76
guneet.cherian184@example.com,5,6.02
guneet.cherian184@example.com,6,9.87
guneet.cherian184@example.com,7,8.45
guneet.cherian184@example.com,8,9.4
parth.mani185@example.com,1,9.14
parth.mani185@example.com,2,9.83
parth.mani185@example.com,3,9.85
parth.mani185@example.com,4,6.52
parth.mani185@example.com,5,7.67
parth.mani185@example.com,6,8.83
parth.mani185@example.com,7,8.34
parth.mani185@example.com,8,8.21
raksha.raju186@example.com,1,7.84
raksha.raju186@example.com,2,8.65
raksha.raju186@example.com,3,9.59
raksha.raju186@example.com,4,8.69
raksha.raju186@example.com,5,8.2
raksha.raju186@example.com,6,6.21
raksha.raju186@example.com,7,7.95
raksha.raju186@example.com,8,7.39
shivansh.kara187@example.com,1,9.27
shivansh.kara187@example.com,2,8.75
shivansh.kara187@example.com,3,8.16
shivansh.kara187@example.com,4,9.74
shivansh.kara187@example.com,5,7.52
shivansh.kara187@example.com,6,9.11
shivansh.kara187@example.com,7,6.81
shivansh.kara187@example.com,8,9.39
vrinda.kapoor188@example.com,1,7.35
vrinda.kapoor188@example.com,2,6.14
vrinda.kapoor188@example.com,3,7.31
vrinda.kapoor188@example.com,4,8.16
vrinda.kapoor188@example.com,5,8.64
vrinda.kapoor188@example.com,6,9.87
vrinda.kapoor188@example.com,7,7.14
vrinda.kapoor188@example.com,8,7.47
pavani.tak189@example.com,1,6.79
pavani.tak189@example.com,2,9.28
pavani.tak189@example.com,3,6.33
pavani.tak189@example.com,4,8.55
pavani.tak189@example.com,5,8.85
pavani.tak189@example.com,6,7.33
pavani.tak189@example.com,7,8.51
pavani.tak189@example.com,8,9.47
zarna.rege190@example.com,1,8.45
zarna.rege190@example.com,2,7.78
zarna.rege190@example.com,3,8.94
zarna.rege190@example.com,4,7.5
zarna.rege190@example.com,5,6.0
zarna.rege190@example.com,6,8.23
zarna.rege190@example.com,7,6.76
zarna.rege190@example.com,8,7.94
anjali.prasad191@example.com,1,7.97
anjali.prasad191@example.com,2,7.8
anjali.prasad191@example.com,3,7.78
anjali.prasad191@example.com,4,7.46
anjali.prasad191@example.com,5,9.74
anjali.prasad191@example.com,6,7.07
anjali.prasad191@example.com,7,6.67
anjali.prasad191@example.com,8,6.43
advay.bath192@example.com,1,6.71
advay.bath192@example.com,2,9.36
advay.bath192@example.com,3,7.53
advay.bath192@example.com,4,6.7
advay.bath192@example.com,5,8.33
advay.bath192@example.com,6,7.69
advay.bath192@example.com,7,8.4
advay.bath192@example.com,8,7.9
ojasvi.bumb193@example.com,1,8.22
ojasvi.bumb193@example.com,2,7.42
ojasvi.bumb193@example.com,3,8.43
ojasvi.bumb193@example.com,4,8.2
ojasvi.bumb193@example.com,5,7.98
ojasvi.bumb193@example.com,6,8.14
ojasvi.bumb193@example.com,7,9.09
ojasvi.bumb193@example.com,8,8.84
nitara.misra194@example.com,1,6.35
nitara.misra194@example.com,2,6.44
nitara.misra194@example.com,3,9.98
nitara.misra194@example.com,4,9.87
nitara.misra194@example.com,5,7.41
nitara.misra194@example.com,6,8.61
nitara.misra194@example.com,7,8.47
nitara.misra194@example.com,8,6.47
onveer.ray195@example.com,1,9.61
onveer.ray195@example.com,2,8.01
onveer.ray195@example.com,3,6.93
onveer.ray195@example.com,4,7.95
onveer.ray195@example.com,5,9.59
onveer.ray195@example.com,6,7.29
onveer.ray195@example.com,7,9.67
onveer.ray195@example.com,8,9.4
logan.johal196@example.com,1,7.63
logan.johal196@example.com,2,8.35
logan.johal196@example.com,3,7.12
logan.johal196@example.com,4,7.79
logan.johal196@example.com,5,7.41
logan.johal196@example.com,6,6.62
logan.johal196@example.com,7,9.31
logan.johal196@example.com,8,9.95
mitali.handa197@example.com,1,8.21
mitali.handa197@example.com,2,8.1
mitali.handa197@example.com,3,7.78
mitali.handa197@example.com,4,6.28
mitali.handa197@example.com,5,6.72
mitali.handa197@example.com,6,7.68
mitali.handa197@example.com,7,6.31
mitali.handa197@example.com,8,7.5
benjamin.konda198@example.com,1,9.44
benjamin.konda198@example.com,2,6.66
benjamin.konda198@example.com,3,9.31
benjamin.konda198@example.com,4,6.2
benjamin.konda198@example.com,5,9.44
benjamin.konda198@example.com,6,7.34
benjamin.konda198@example.com,7,8.5
benjamin.konda198@example.com,8,8.57
bakhshi.lad199@example.com,1,9.51
bakhshi.lad199@example.com,2,6.0
bakhshi.lad199@example.com,3,9.48
bakhshi.lad199@example.com,4,7.14
bakhshi.lad199@example.com,5,6.45
bakhshi.lad199@example.com,6,7.99
bakhshi.lad199@example.com,7,6.1
bakhshi.lad199@example.com,8,9.16
jagat.vyas200@example.com,1,6.94
jagat.vyas200@example.com,2,7.7
jagat.vyas200@example.com,3,9.25
jagat.vyas200@example.com,4,9.14
jagat.vyas200@example.com,5,8.72
jagat.vyas200@example.com,6,9.56
jagat.vyas200@example.com,7,8.42
jagat.vyas200@example.com,8,8.52
vedhika.singh201@example.com,1,8.31
vedhika.singh201@example.com,2,7.57
vedhika.singh201@example.com,3,6.7
vedhika.singh201@example.com,4,9.87
vedhika.singh201@example.com,5,8.32
vedhika.singh201@example.com,6,7.3
vedhika.singh201@example.com,7,8.96
vedhika.singh201@example.com,8,7.01
dakshesh.deshmukh202@example.com,1,9.29
dakshesh.deshmukh202@example.com,2,7.11
dakshesh.deshmukh202@example.com,3,8.04
dakshesh.deshmukh202@example.com,4,7.89
dakshesh.deshmukh202@example.com,5,8.48
dakshesh.deshmukh202@example.com,6,8.16
dakshesh.deshmukh202@example.com,7,6.34
dakshesh.deshmukh202@example.com,8,6.8
gaurika.borde203@example.com,1,8.55
gaurika.borde203@example.com,2,6.92
gaurika.borde203@example.com,3,8.85
gaurika.borde203@example.com,4,9.25
gaurika.borde203@example.com,5,8.72
gaurika.borde203@example.com,6,8.96
gaurika.borde203@example.com,7,7.77
gaurika.borde203@example.com,8,9.19
balhaar.kohli204@example.com,1,7.74
balhaar.kohli204@example.com,2,9.76
balhaar.kohli204@example.com,3,9.99
balhaar.kohli204@example.com,4,8.26
balhaar.kohli204@example.com,5,8.43
balhaar.kohli204@example.com,6,9.48
balhaar.kohli204@example.com,7,6.52
balhaar.kohli204@example.com,8,8.74
jyoti.kapadia205@example.com,1,9.4
jyoti.kapadia205@example.com,2,7.57
jyoti.kapadia205@example.com,3,8.59
jyoti.kapadia205@example.com,4,7.66
jyoti.kapadia205@example.com,5,6.17
jyoti.kapadia205@example.com,6,6.69
jyoti.kapadia205@example.com,7,9.14
jyoti.kapadia205@example.com,8,7.42
ronith.sen206@example.com,1,9.69
ronith.sen206@example.com,2,7.22
ronith.sen206@example.com,3,6.32
ronith.sen206@example.com,4,9.88
ronith.sen206@example.com,5,7.03
ronith.sen206@example.com,6,6.37
ronith.sen206@example.com,7,8.02
ronith.sen206@example.com,8,9.47
wahab.shroff207@example.com,1,7.11
wahab.shroff207@example.com,2,8.49
wahab.shroff207@example.com,3,8.7
wahab.shroff207@example.com,4,8.52
wahab.shroff207@example.com,5,9.24
wahab.shroff207@example.com,6,9.37
wahab.shroff207@example.com,7,9.51
wahab.shroff207@example.com,8,9.53
kala.shenoy208@example.com,1,9.83
kala.shenoy208@example.com,2,9.87
kala.shenoy208@example.com,3,6.42
kala.shenoy208@example.com,4,9.09
kala.shenoy208@example.com,5,7.22
kala.shenoy208@example.com,6,8.12
kala.shenoy208@example.com,7,9.24
kala.shenoy208@example.com,8,7.52
jalsa.chatterjee209@example.com,1,9.23
jalsa.chatterjee209@example.com,2,7.94
jalsa.chatterjee209@example.com,3,7.91
jalsa.chatterjee209@example.com,4,6.16
jalsa.chatterjee209@example.com,5,6.96
jalsa.chatterjee209@example.com,6,8.29
jalsa.chatterjee209@example.com,7,6.32
jalsa.chatterjee209@example.com,8,9.65
jasmit.roy210@example.com,1,8.44
jasmit.roy210@example.com,2,7.96
jasmit.roy210@example.com,3,7.59
jasmit.roy210@example.com,4,7.17
jasmit.roy210@example.com,5,6.64
jasmit.roy210@example.com,6,6.11
jasmit.roy210@example.com,7,9.51
jasmit.roy210@example.com,8,9.93
aahana.misra211@example.com,1,6.21
aahana.misra211@example.com,2,7.46
aahana.misra211@example.com,3,6.54
aahana.misra211@example.com,4,7.81
aahana.misra211@example.com,5,7.74
aahana.misra211@example.com,6,8.46
aahana.misra211@example.com,7,9.32
aahana.misra211@example.com,8,8.51
priya.vala212@example.com,1,6.16
priya.vala212@example.com,2,8.06
priya.vala212@example.com,3,9.09
priya.vala212@example.com,4,6.85
priya.vala212@example.com,5,6.63
priya.vala212@example.com,6,7.02
priya.vala212@example.com,7,7.57
priya.vala212@example.com,8,9.3
suhani.goswami213@example.com,1,7.41
suhani.goswami213@example.com,2,7.13
suhani.goswami213@example.com,3,6.46
suhani.goswami213@example.com,4,7.3
suhani.goswami213@example.com,5,7.98
suhani.goswami213@example.com,6,7.19
suhani.goswami213@example.com,7,6.52
suhani.goswami213@example.com,8,8.14
faras.pal214@example.com,1,6.04
faras.pal214@example.com,2,8.61
faras.pal214@example.com,3,8.2
faras.pal214@example.com,4,6.59
faras.pal214@example.com,5,6.75
faras.pal214@example.com,6,8.86
faras.pal214@example.com,7,9.81
faras.pal214@example.com,8,9.92
jonathan.balay215@example.com,1,9.32
jonathan.balay215@example.com,2,7.53
jonathan.balay215@example.com,3,8.27
jonathan.balay215@example.com,4,9.96
jonathan.balay215@example.com,5,7.19
jonathan.balay215@example.com,6,9.66
jonathan.balay215@example.com,7,7.45
jonathan.balay215@example.com,8,7.85
chatura.nagar216@example.com,1,9.72
chatura.nagar216@example.com,2,6.78
chatura.nagar216@example.com,3,7.13
chatura.nagar216@example.com,4,8.98
chatura.nagar216@example.com,5,9.57
chatura.nagar216@example.com,6,7.71
chatura.nagar216@example.com,7,8.83
chatura.nagar216@example.com,8,6.81
zarna.contractor217@example.com,1,8.05
zarna.contractor217@example.com,2,6.85
zarna.contractor217@example.com,3,8.98
zarna.contractor217@example.com,4,6.56
zarna.contractor217@example.com,5,8.57
zarna.contractor217@example.com,6,8.18
zarna.contractor217@example.com,7,8.62
zarna.contractor217@example.com,8,9.91
damyanti.keer218@example.com,1,7.12
damyanti.keer218@example.com,2,7.86
damyanti.keer218@example.com,3,8.72
damyanti.keer218@example.com,4,8.22
damyanti.keer218@example.com,5,9.71
damyanti.keer218@example.com,6,7.9
damyanti.keer218@example.com,7,6.54
damyanti.keer218@example.com,8,7.91
irya.walia219@example.com,1,7.1
irya.walia219@example.com,2,9.2
irya.walia219@example.com,3,8.12
irya.walia219@example.com,4,9.95
irya.walia219@example.com,5,8.14
irya.walia219@example.com,6,8.95
irya.walia219@example.com,7,8.8
irya.walia219@example.com,8,7.78
patrick.subramaniam220@example.com,1,8.02
patrick.subramaniam220@example.com,2,9.02
patrick.subramaniam220@example.com,3,9.09
patrick.subramaniam220@example.com,4,9.61
patrick.subramaniam220@example.com,5,7.86
patrick.subramaniam220@example.com,6,8.61
patrick.subramaniam220@example.com,7,7.92
patrick.subramaniam220@example.com,8,6.2
vrinda.vaidya221@example.com,1,7.1
vrinda.vaidya221@example.com,2,6.56
vrinda.vaidya221@example.com,3,6.99
vrinda.vaidya221@example.com,4,8.97
vrinda.vaidya221@example.com,5,8.25
vrinda.vaidya221@example.com,6,9.52
vrinda.vaidya221@example.com,7,9.2
vrinda.vaidya221@example.com,8,9.9
elijah.handa222@example.com,1,9.87
elijah.handa222@example.com,2,8.66
elijah.handa222@example.com,3,9.64
elijah.handa222@example.com,4,9.96
elijah.handa222@example.com,5,6.45
elijah.handa222@example.com,6,8.76
elijah.handa222@example.com,7,7.54
elijah.handa222@example.com,8,7.36
benjamin.pandit223@example.com,1,6.76
benjamin.pandit223@example.com,2,7.13
benjamin.pandit223@example.com,3,8.65
benjamin.pandit223@example.com,4,6.06
benjamin.pandit223@example.com,5,9.05
benjamin.pandit223@example.com,6,8.84
benjamin.pandit223@example.com,7,7.07
benjamin.pandit223@example.com,8,6.64
balvan.kannan224@example.com,1,9.07
balvan.kannan224@example.com,2,8.76
balvan.kannan224@example.com,3,9.81
balvan.kannan224@example.com,4,8.11
balvan.kannan224@example.com,5,8.16
balvan.kannan224@example.com,6,6.07
balvan.kannan224@example.com,7,6.21
balvan.kannan224@example.com,8,7.46
kevin.bhandari225@example.com,1,9.21
kevin.bhandari225@example.com,2,9.3
kevin.bhandari225@example.com,3,9.39
kevin.bhandari225@example.com,4,9.08
kevin.bhandari225@example.com,5,6.39
kevin.bhandari225@example.com,6,8.43
kevin.bhandari225@example.com,7,9.05
kevin.bhandari225@example.com,8,6.65
dhriti.nayar226@example.com,1,9.42
dhriti.nayar226@example.com,2,8.78
dhriti.nayar226@example.com,3,6.66
dhriti.nayar226@example.com,4,8.52
dhriti.nayar226@example.com,5,6.12
dhriti.nayar226@example.com,6,7.07
dhriti.nayar226@example.com,7,9.24
dhriti.nayar226@example.com,8,7.25
arunima.bajwa227@example.com,1,8.23
arunima.bajwa227@example.com,2,8.58
arunima.bajwa227@example.com,3,7.63
arunima.bajwa227@example.com,4,7.87
arunima.bajwa227@example.com,5,8.1
arunima.bajwa227@example.com,6,7.07
arunima.bajwa227@example.com,7,6.6
arunima.bajwa227@example.com,8,7.32
omaja.tella228@example.com,1,6.2
omaja.tella228@example.com,2,8.67
omaja.tella228@example.com,3,6.6
omaja.tella228@example.com,4,8.44
omaja.tella228@example.com,5,7.6
omaja.tella228@example.com,6,7.06
omaja.tella228@example.com,7,7.14
omaja.tella228@example.com,8,9.45
charita.gara229@example.com,1,6.21
charita.gara229@example.com,2,9.04
charita.gara229@example.com,3,7.63
charita.gara229@example.com,4,7.13
charita.gara229@example.com,5,9.08
charita.gara229@example.com,6,6.42
charita.gara229@example.com,7,8.34
charita.gara229@example.com,8,7.49
upma.kumar230@example.com,1,6.38
upma.kumar230@example.com,2,7.5
upma.kumar230@example.com,3,7.37
upma.kumar230@example.com,4,6.42
upma.kumar230@example.com,5,8.61
upma.kumar230@example.com,6,7.06
upma.kumar230@example.com,7,6.59
upma.kumar230@example.com,8,8.73
ojasvi.aggarwal231@example.com,1,7.37
ojasvi.aggarwal231@example.com,2,7.97
ojasvi.aggarwal231@example.com,3,6.79
ojasvi.aggarwal231@example.com,4,9.33
ojasvi.aggarwal231@example.com,5,7.85
ojasvi.aggarwal231@example.com,6,7.51
ojasvi.aggarwal231@example.com,7,7.95
ojasvi.aggarwal231@example.com,8,7.91
dalbir.ram232@example.com,1,8.81
dalbir.ram232@example.com,2,7.34
dalbir.ram232@example.com,3,9.24
dalbir.ram232@example.com,4,6.5
dalbir.ram232@example.com,5,7.14
dalbir.ram232@example.com,6,6.45
dalbir.ram232@example.com,7,7.27
dalbir.ram232@example.com,8,8.89
raagini.mitra233@example.com,1,6.06
raagini.mitra233@example.com,2,9.14
raagini.mitra233@example.com,3,8.84
raagini.mitra233@example.com,4,7.65
raagini.mitra233@example.com,5,8.3
raagini.mitra233@example.com,6,8.06
raagini.mitra233@example.com,7,6.85
raagini.mitra233@example.com,8,7.03
inaya.bumb234@example.com,1,9.95
inaya.bumb234@example.com,2,8.34
inaya.bumb234@example.com,3,6.44
inaya.bumb234@example.com,4,7.7
inaya.bumb234@example.com,5,8.37
inaya.bumb234@example.com,6,7.45
inaya.bumb234@example.com,7,7.25
inaya.bumb234@example.com,8,8.05
pratyush.batra235@example.com,1,7.26
pratyush.batra235@example.com,2,8.72
pratyush.batra235@example.com,3,8.84
pratyush.batra235@example.com,4,9.47
pratyush.batra235@example.com,5,7.58
pratyush.batra235@example.com,6,7.94
pratyush.batra235@example.com,7,9.21
pratyush.batra235@example.com,8,7.88
chasmum.sengupta236@example.com,1,9.89
chasmum.sengupta236@example.com,2,9.74
chasmum.sengupta236@example.com,3,8.31
chasmum.sengupta236@example.com,4,9.0
chasmum.sengupta236@example.com,5,8.89
chasmum.sengupta236@example.com,6,9.99
chasmum.sengupta236@example.com,7,7.7
chasmum.sengupta236@example.com,8,7.64
janani.chatterjee237@example.com,1,8.23
janani.chatterjee237@example.com,2,9.7
janani.chatterjee237@example.com,3,8.41
janani.chatterjee237@example.com,4,8.82
janani.chatterjee237@example.com,5,9.65
janani.chatterjee237@example.com,6,9.54
janani.chatterjee237@example.com,7,9.7
janani.chatterjee237@example.com,8,6.99
pavani.lata238@example.com,1,8.48
pavani.lata238@example.com,2,8.24
pavani.lata238@example.com,3,7.54
pavani.lata238@example.com,4,9.03
pavani.lata238@example.com,5,8.87
pavani.lata238@example.com,6,9.61
pavani.lata238@example.com,7,7.91
pavani.lata238@example.com,8,6.33
omkaar.bawa239@example.com,1,8.57
omkaar.bawa239@example.com,2,6.59
omkaar.bawa239@example.com,3,9.53
omkaar.bawa239@example.com,4,7.06
omkaar.bawa239@example.com,5,6.66
omkaar.bawa239@example.com,6,7.87
omkaar.bawa239@example.com,7,8.49
omkaar.bawa239@example.com,8,8.18
deepa.palla240@example.com,1,7.21
deepa.palla240@example.com,2,7.39
deepa.palla240@example.com,3,8.9
deepa.palla240@example.com,4,9.52
deepa.palla240@example.com,5,6.31
deepa.palla240@example.com,6,6.31
deepa.palla240@example.com,7,9.51
deepa.palla240@example.com,8,9.1
tamanna.walia241@example.com,1,7.44
tamanna.walia241@example.com,2,8.59
tamanna.walia241@example.com,3,7.76
tamanna.walia241@example.com,4,7.02
tamanna.walia241@example.com,5,9.79
tamanna.walia241@example.com,6,7.82
tamanna.walia241@example.com,7,7.36
tamanna.walia241@example.com,8,6.62
rachita.mangal242@example.com,1,8.13
rachita.mangal242@example.com,2,8.02
rachita.mangal242@example.com,3,9.6
rachita.mangal242@example.com,4,7.75
rachita.mangal242@example.com,5,7.33
rachita.mangal242@example.com,6,9.72
rachita.mangal242@example.com,7,6.6
rachita.mangal242@example.com,8,8.21
urvi.bath243@example.com,1,6.05
urvi.bath243@example.com,2,6.85
urvi.bath243@example.com,3,7.33
urvi.bath243@example.com,4,8.82
urvi.bath243@example.com,5,9.57
urvi.bath243@example.com,6,6.53
urvi.bath243@example.com,7,8.42
urvi.bath243@example.com,8,6.31
charvi.mand244@example.com,1,6.83
charvi.mand244@example.com,2,7.85
charvi.mand244@example.com,3,7.09
charvi.mand244@example.com,4,7.74
charvi.mand244@example.com,5,8.82
charvi.mand244@example.com,6,6.11
charvi.mand244@example.com,7,9.48
charvi.mand244@example.com,8,6.18
omya.chaudhry245@example.com,1,7.72
omya.chaudhry245@example.com,2,9.1
omya.chaudhry245@example.com,3,6.15
omya.chaudhry245@example.com,4,8.59
omya.chaudhry245@example.com,5,7.39
omya.chaudhry245@example.com,6,8.21
omya.chaudhry245@example.com,7,8.14
omya.chaudhry245@example.com,8,7.1
caleb.loyal246@example.com,1,6.39
caleb.loyal246@example.com,2,7.34
caleb.loyal246@example.com,3,9.93
caleb.loyal246@example.com,4,8.02
caleb.loyal246@example.com,5,6.78
caleb.loyal246@example.com,6,7.58
caleb.loyal246@example.com,7,9.02
caleb.loyal246@example.com,8,9.46
samesh.kala247@example.com,1,8.4
samesh.kala247@example.com,2,9.78
samesh.kala247@example.com,3,8.54
samesh.kala247@example.com,4,7.85
samesh.kala247@example.com,5,6.38
samesh.kala247@example.com,6,6.0
samesh.kala247@example.com,7,8.43
samesh.kala247@example.com,8,8.56
krish.bains248@example.com,1,6.89
krish.bains248@example.com,2,9.25
krish.bains248@example.com,3,9.66
krish.bains248@example.com,4,8.83
krish.bains248@example.com,5,7.88
krish.bains248@example.com,6,6.35
krish.bains248@example.com,7,8.91
krish.bains248@example.com,8,8.72
ijaya.gala249@example.com,1,9.81
ijaya.gala249@example.com,2,6.97
ijaya.gala249@example.com,3,6.2
ijaya.gala249@example.com,4,6.9
ijaya.gala249@example.com,5,8.09
ijaya.gala249@example.com,6,9.34
ijaya.gala249@example.com,7,9.81
ijaya.gala249@example.com,8,7.49
rishi.radhakrishnan250@example.com,1,7.32
rishi.radhakrishnan250@example.com,2,8.36
rishi.radhakrishnan250@example.com,3,8.64
rishi.radhakrishnan250@example.com,4,8.39
rishi.radhakrishnan250@example.com,5,8.52
rishi.radhakrishnan250@example.com,6,8.36
rishi.radhakrishnan250@example.com,7,7.85
rishi.radhakrishnan250@example.com,8,6.97
pooja.natt251@example.com,1,6.51
pooja.natt251@example.com,2,7.48
pooja.natt251@example.com,3,8.91
pooja.natt251@example.com,4,8.44
pooja.natt251@example.com,5,6.85
pooja.natt251@example.com,6,8.37
pooja.natt251@example.com,7,6.12
pooja.natt251@example.com,8,7.76
vanya.ranganathan252@example.com,1,7.5
vanya.ranganathan252@example.com,2,6.22
vanya.ranganathan252@example.com,3,7.03
vanya.ranganathan252@example.com,4,9.56
vanya.ranganathan252@example.com,5,8.77
vanya.ranganathan252@example.com,6,8.2
vanya.ranganathan252@example.com,7,8.93
vanya.ranganathan252@example.com,8,7.81
zinal.hayer253@example.com,1,7.36
zinal.hayer253@example.com,2,9.53
zinal.hayer253@example.com,3,7.21
zinal.hayer253@example.com,4,7.4
zinal.hayer253@example.com,5,7.87
zinal.hayer253@example.com,6,6.19
zinal.hayer253@example.com,7,6.97
zinal.hayer253@example.com,8,7.26
om.salvi254@example.com,1,7.69
om.salvi254@example.com,2,7.54
om.salvi254@example.com,3,6.62
om.salvi254@example.com,4,8.45
om.salvi254@example.com,5,9.54
om.salvi254@example.com,6,8.87
om.salvi254@example.com,7,9.54
om.salvi254@example.com,8,7.3
luke.chakrabarti255@example.com,1,6.68
luke.chakrabarti255@example.com,2,9.05
luke.chakrabarti255@example.com,3,9.35
luke.chakrabarti255@example.com,4,9.45
luke.chakrabarti255@example.com,5,6.15
luke.chakrabarti255@example.com,6,8.87
luke.chakrabarti255@example.com,7,9.25
luke.chakrabarti255@example.com,8,9.87
chatresh.nigam256@example.com,1,8.03
chatresh.nigam256@example.com,2,8.96
chatresh.nigam256@example.com,3,9.03
chatresh.nigam256@example.com,4,8.36
chatresh.nigam256@example.com,5,6.83
chatresh.nigam256@example.com,6,7.05
chatresh.nigam256@example.com,7,7.24
chatresh.nigam256@example.com,8,8.77
vincent.chada257@example.com,1,8.44
vincent.chada257@example.com,2,7.0
vincent.chada257@example.com,3,9.03
vincent.chada257@example.com,4,7.88
vincent.chada257@example.com,5,6.39
vincent.chada257@example.com,6,7.68
vincent.chada257@example.com,7,8.28
vincent.chada257@example.com,8,9.47
ekiya.singhal258@example.com,1,6.87
ekiya.singhal258@example.com,2,8.16
ekiya.singhal258@example.com,3,8.89
ekiya.singhal258@example.com,4,8.52
ekiya.singhal258@example.com,5,6.29
ekiya.singhal258@example.com,6,9.92
ekiya.singhal258@example.com,7,8.6
ekiya.singhal258@example.com,8,9.05
timothy.sibal259@example.com,1,9.82
timothy.sibal259@example.com,2,6.06
timothy.sibal259@example.com,3,7.8
timothy.sibal259@example.com,4,8.93
timothy.sibal259@example.com,5,8.93
timothy.sibal259@example.com,6,6.26
timothy.sibal259@example.com,7,8.6
timothy.sibal259@example.com,8,9.52
kashish.ghosh260@example.com,1,7.63
kashish.ghosh260@example.com,2,7.76
kashish.ghosh260@example.com,3,9.79
kashish.ghosh260@example.com,4,6.15
kashish.ghosh260@example.com,5,9.23
kashish.ghosh260@example.com,6,6.01
kashish.ghosh260@example.com,7,6.96
kashish.ghosh260@example.com,8,8.99
alexander.rastogi261@example.com,1,6.91
alexander.rastogi261@example.com,2,8.91
alexander.rastogi261@example.com,3,6.81
alexander.rastogi261@example.com,4,6.92
alexander.rastogi261@example.com,5,8.55
alexander.rastogi261@example.com,6,8.73
alexander.rastogi261@example.com,7,6.0
alexander.rastogi261@example.com,8,7.94
adweta.choudhry262@example.com,1,8.4
adweta.choudhry262@example.com,2,8.49
adweta.choudhry262@example.com,3,9.44
adweta.choudhry262@example.com,4,7.92
adweta.choudhry262@example.com,5,9.54
adweta.choudhry262@example.com,6,6.74
adweta.choudhry262@example.com,7,9.85
adweta.choudhry262@example.com,8,8.16
devika.chana263@example.com,1,7.39
devika.chana263@example.com,2,8.9
devika.chana263@example.com,3,8.98
devika.chana263@example.com,4,7.84
devika.chana263@example.com,5,6.82
devika.chana263@example.com,6,9.07
devika.chana263@example.com,7,7.23
devika.chana263@example.com,8,7.55
harsh.shanker264@example.com,1,7.78
harsh.shanker264@example.com,2,8.47
harsh.shanker264@example.com,3,9.41
harsh.shanker264@example.com,4,9.03
harsh.shanker264@example.com,5,7.46
harsh.shanker264@example.com,6,6.23
harsh.shanker264@example.com,7,9.05
harsh.shanker264@example.com,8,7.44
alka.date265@example.com,1,7.49
alka.date265@example.com,2,6.02
alka.date265@example.com,3,9.96
alka.date265@example.com,4,6.16
alka.date265@example.com,5,6.77
alka.date265@example.com,6,7.26
alka.date265@example.com,7,6.97
alka.date265@example.com,8,6.2
samesh.natt266@example.com,1,8.68
samesh.natt266@example.com,2,6.44
samesh.natt266@example.com,3,7.18
samesh.natt266@example.com,4,6.94
samesh.natt266@example.com,5,6.96
samesh.natt266@example.com,6,7.26
samesh.natt266@example.com,7,6.19
samesh.natt266@example.com,8,7.24
yashoda.nagi267@example.com,1,9.93
yashoda.nagi267@example.com,2,6.75
yashoda.nagi267@example.com,3,7.59
yashoda.nagi267@example.com,4,7.01
yashoda.nagi267@example.com,5,9.82
yashoda.nagi267@example.com,6,9.38
yashoda.nagi267@example.com,7,6.52
yashoda.nagi267@example.com,8,8.92
michael.keer268@example.com,1,8.78
michael.keer268@example.com,2,6.69
michael.keer268@example.com,3,8.69
michael.keer268@example.com,4,9.43
michael.keer268@example.com,5,9.91
michael.keer268@example.com,6,7.6
michael.keer268@example.com,7,6.6
michael.keer268@example.com,8,7.89
jeremiah.batta269@example.com,1,9.09
jeremiah.batta269@example.com,2,6.56
jeremiah.batta269@example.com,3,9.49
jeremiah.batta269@example.com,4,7.93
jeremiah.batta269@example.com,5,6.3
jeremiah.batta269@example.com,6,9.54
jeremiah.batta269@example.com,7,8.57
jeremiah.batta269@example.com,8,9.2
yashoda.dugar270@example.com,1,8.54
yashoda.dugar270@example.com,2,8.42
yashoda.dugar270@example.com,3,7.05
yashoda.dugar270@example.com,4,6.32
yashoda.dugar270@example.com,5,6.3
yashoda.dugar270@example.com,6,6.34
yashoda.dugar270@example.com,7,6.67
yashoda.dugar270@example.com,8,9.23
william.rastogi271@example.com,1,9.74
william.rastogi271@example.com,2,7.92
william.rastogi271@example.com,3,7.22
william.rastogi271@example.com,4,8.42
william.rastogi271@example.com,5,7.7
william.rastogi271@example.com,6,9.38
william.rastogi271@example.com,7,7.65
william.rastogi271@example.com,8,8.52
yamini.grover272@example.com,1,7.42
yamini.grover272@example.com,2,9.92
yamini.grover272@example.com,3,8.36
yamini.grover272@example.com,4,8.12
yamini.grover272@example.com,5,7.85
yamini.grover272@example.com,6,8.28
yamini.grover272@example.com,7,9.71
yamini.grover272@example.com,8,7.6
barkha.kohli273@example.com,1,6.15
barkha.kohli273@example.com,2,8.06
barkha.kohli273@example.com,3,7.55
barkha.kohli273@example.com,4,7.87
barkha.kohli273@example.com,5,6.76
barkha.kohli273@example.com,6,9.93
barkha.kohli273@example.com,7,9.76
barkha.kohli273@example.com,8,6.5
ekbal.pradhan274@example.com,1,6.55
ekbal.pradhan274@example.com,2,8.38
ekbal.pradhan274@example.com,3,8.43
ekbal.pradhan274@example.com,4,8.27
ekbal.pradhan274@example.com,5,7.98
ekbal.pradhan274@example.com,6,7.69
ekbal.pradhan274@example.com,7,7.39
ekbal.pradhan274@example.com,8,6.65
upma.borah275@example.com,1,7.34
upma.borah275@example.com,2,6.44
upma.borah275@example.com,3,7.24
upma.borah275@example.com,4,8.2
upma.borah275@example.com,5,6.13
upma.borah275@example.com,6,8.31
upma.borah275@example.com,7,6.15
upma.borah275@example.com,8,6.74
banjeet.kara276@example.com,1,8.6
banjeet.kara276@example.com,2,6.92
banjeet.kara276@example.com,3,9.49
banjeet.kara276@example.com,4,8.62
banjeet.kara276@example.com,5,7.64
banjeet.kara276@example.com,6,7.52
banjeet.kara276@example.com,7,9.43
banjeet.kara276@example.com,8,8.29
deepa.dhillon277@example.com,1,9.63
deepa.dhillon277@example.com,2,8.94
deepa.dhillon277@example.com,3,9.13
deepa.dhillon277@example.com,4,8.39
deepa.dhillon277@example.com,5,7.45
deepa.dhillon277@example.com,6,8.68
deepa.dhillon277@example.com,7,6.12
deepa.dhillon277@example.com,8,9.18
sai.mall278@example.com,1,9.1
sai.mall278@example.com,2,9.81
sai.mall278@example.com,3,8.74
sai.mall278@example.com,4,6.28
sai.mall278@example.com,5,7.3
sai.mall278@example.com,6,7.05
sai.mall278@example.com,7,8.88
sai.mall278@example.com,8,8.3
shivani.lata279@example.com,1,7.4
shivani.lata279@example.com,2,7.85
shivani.lata279@example.com,3,7.22
shivani.lata279@example.com,4,8.59
shivani.lata279@example.com,5,8.63
shivani.lata279@example.com,6,6.92
shivani.lata279@example.com,7,8.19
shivani.lata279@example.com,8,8.65
madhav.master280@example.com,1,8.62
madhav.master280@example.com,2,6.96
madhav.master280@example.com,3,8.33
madhav.master280@example.com,4,6.25
madhav.master280@example.com,5,7.51
madhav.master280@example.com,6,8.63
madhav.master280@example.com,7,9.16
madhav.master280@example.com,8,8.64
jagvi.gole281@example.com,1,7.08
jagvi.gole281@example.com,2,8.27
jagvi.gole281@example.com,3,7.01
jagvi.gole281@example.com,4,8.76
jagvi.gole281@example.com,5,6.05
jagvi.gole281@example.com,6,6.25
jagvi.gole281@example.com,7,7.01
jagvi.gole281@example.com,8,6.06
vihaan.subramanian282@example.com,1,8.51
vihaan.subramanian282@example.com,2,9.59
vihaan.subramanian282@example.com,3,7.06
vihaan.subramanian282@example.com,4,9.03
vihaan.subramanian282@example.com,5,7.34
vihaan.subramanian282@example.com,6,6.97
vihaan.subramanian282@example.com,7,6.12
vihaan.subramanian282@example.com,8,8.67
vincent.comar283@example.com,1,7.08
vincent.comar283@example.com,2,8.45
vincent.comar283@example.com,3,9.28
vincent.comar283@example.com,4,8.65
vincent.comar283@example.com,5,8.48
vincent.comar283@example.com,6,7.02
vincent.comar283@example.com,7,7.09
vincent.comar283@example.com,8,9.75
suhani.vyas284@example.com,1,7.93
suhani.vyas284@example.com,2,9.54
suhani.vyas284@example.com,3,8.04
suhani.vyas284@example.com,4,6.8
suhani.vyas284@example.com,5,9.54
suhani.vyas284@example.com,6,8.66
suhani.vyas284@example.com,7,7.88
suhani.vyas284@example.com,8,6.69
vritti.raja285@example.com,1,8.65
vritti.raja285@example.com,2,9.19
vritti.raja285@example.com,3,7.47
vritti.raja285@example.com,4,9.34
vritti.raja285@example.com,5,9.49
vritti.raja285@example.com,6,8.51
vritti.raja285@example.com,7,6.81
vritti.raja285@example.com,8,9.87
ekta.badami286@example.com,1,7.11
ekta.badami286@example.com,2,6.06
ekta.badami286@example.com,3,9.66
ekta.badami286@example.com,4,9.74
ekta.badami286@example.com,5,6.62
ekta.badami286@example.com,6,9.3
ekta.badami286@example.com,7,7.88
ekta.badami286@example.com,8,6.45
samar.sha287@example.com,1,7.24
samar.sha287@example.com,2,9.67
samar.sha287@example.com,3,6.0
samar.sha287@example.com,4,6.51
samar.sha287@example.com,5,6.01
samar.sha287@example.com,6,9.34
samar.sha287@example.com,7,7.98
samar.sha287@example.com,8,8.76
varsha.ben288@example.com,1,9.36
varsha.ben288@example.com,2,9.57
varsha.ben288@example.com,3,7.77
varsha.ben288@example.com,4,8.27
varsha.ben288@example.com,5,8.37
varsha.ben288@example.com,6,8.16
varsha.ben288@example.com,7,8.03
varsha.ben288@example.com,8,7.95
jack.barman289@example.com,1,9.79
jack.barman289@example.com,2,8.01
jack.barman289@example.com,3,9.36
jack.barman289@example.com,4,6.62
jack.barman289@example.com,5,8.23
jack.barman289@example.com,6,8.18
jack.barman289@example.com,7,7.22
jack.barman289@example.com,8,8.23
bimala.om290@example.com,1,8.96
bimala.om290@example.com,2,6.74
bimala.om290@example.com,3,6.72
bimala.om290@example.com,4,7.18
bimala.om290@example.com,5,9.8
bimala.om290@example.com,6,9.02
bimala.om290@example.com,7,7.94
bimala.om290@example.com,8,9.75
yashawini.ben291@example.com,1,9.49
yashawini.ben291@example.com,2,6.44
yashawini.ben291@example.com,3,6.3
yashawini.ben291@example.com,4,6.62
yashawini.ben291@example.com,5,6.9
yashawini.ben291@example.com,6,9.98
yashawini.ben291@example.com,7,6.52
yashawini.ben291@example.com,8,7.84
saumya.dar292@example.com,1,9.83
saumya.dar292@example.com,2,7.47
saumya.dar292@example.com,3,8.46
saumya.dar292@example.com,4,9.89
saumya.dar292@example.com,5,7.76
saumya.dar292@example.com,6,9.88
saumya.dar292@example.com,7,8.88
saumya.dar292@example.com,8,8.68
harsh.keer293@example.com,1,9.26
harsh.keer293@example.com,2,7.08
harsh.keer293@example.com,3,7.15
harsh.keer293@example.com,4,8.16
harsh.keer293@example.com,5,6.32
harsh.keer293@example.com,6,7.44
harsh.keer293@example.com,7,7.29
harsh.keer293@example.com,8,8.46
krishna.sur294@example.com,1,8.24
krishna.sur294@example.com,2,9.43
krishna.sur294@example.com,3,7.59
krishna.sur294@example.com,4,9.19
krishna.sur294@example.com,5,9.32
krishna.sur294@example.com,6,8.79
krishna.sur294@example.com,7,6.21
krishna.sur294@example.com,8,6.91
mohini.ratti295@example.com,1,7.64
mohini.ratti295@example.com,2,8.67
mohini.ratti295@example.com,3,6.06
mohini.ratti295@example.com,4,9.28
mohini.ratti295@example.com,5,9.64
mohini.ratti295@example.com,6,6.25
mohini.ratti295@example.com,7,6.5
mohini.ratti295@example.com,8,9.02
hema.karan296@example.com,1,7.22
hema.karan296@example.com,2,6.5
hema.karan296@example.com,3,7.4
hema.karan296@example.com,4,9.74
hema.karan296@example.com,5,8.16
hema.karan296@example.com,6,6.97
hema.karan296@example.com,7,8.08
hema.karan296@example.com,8,8.9
rachita.saha297@example.com,1,8.27
rachita.saha297@example.com,2,9.23
rachita.saha297@example.com,3,9.39
rachita.saha297@example.com,4,7.37
rachita.saha297@example.com,5,7.08
rachita.saha297@example.com,6,6.21
rachita.saha297@example.com,7,9.05
rachita.saha297@example.com,8,8.58
peter.raja298@example.com,1,6.59
peter.raja298@example.com,2,6.21
peter.raja298@example.com,3,8.38
peter.raja298@example.com,4,7.05
peter.raja298@example.com,5,7.88
peter.raja298@example.com,6,8.08
peter.raja298@example.com,7,8.55
peter.raja298@example.com,8,6.5
devansh.kade299@example.com,1,9.52
devansh.kade299@example.com,2,9.27
devansh.kade299@example.com,3,7.38
devansh.kade299@example.com,4,7.13
devansh.kade299@example.com,5,6.5
devansh.kade299@example.com,6,8.91
devansh.kade299@example.com,7,8.95
devansh.kade299@example.com,8,7.89
rajeshri.gopal300@example.com,1,9.51
rajeshri.gopal300@example.com,2,7.63
rajeshri.gopal300@example.com,3,6.7
rajeshri.gopal300@example.com,4,9.64
rajeshri.gopal300@example.com,5,7.4
rajeshri.gopal300@example.com,6,9.43
rajeshri.gopal300@example.com,7,7.49
rajeshri.gopal300@example.com,8,7.78
nikita.seth301@example.com,1,8.71
nikita.seth301@example.com,2,9.49
nikita.seth301@example.com,3,9.57
nikita.seth301@example.com,4,7.62
nikita.seth301@example.com,5,6.68
nikita.seth301@example.com,6,8.58
nikita.seth301@example.com,7,9.07
nikita.seth301@example.com,8,6.72
reyansh.narang302@example.com,1,8.8
reyansh.narang302@example.com,2,7.98
reyansh.narang302@example.com,3,8.87
reyansh.narang302@example.com,4,9.46
reyansh.narang302@example.com,5,7.95
reyansh.narang302@example.com,6,6.93
reyansh.narang302@example.com,7,9.67
reyansh.narang302@example.com,8,8.16
advay.peri303@example.com,1,7.99
advay.peri303@example.com,2,7.29
advay.peri303@example.com,3,6.78
advay.peri303@example.com,4,8.07
advay.peri303@example.com,5,7.85
advay.peri303@example.com,6,7.86
advay.peri303@example.com,7,9.92
advay.peri303@example.com,8,6.78
gauri.luthra304@example.com,1,8.24
gauri.luthra304@example.com,2,9.8
gauri.luthra304@example.com,3,9.31
gauri.luthra304@example.com,4,6.1
gauri.luthra304@example.com,5,7.67
gauri.luthra304@example.com,6,7.25
gauri.luthra304@example.com,7,6.03
gauri.luthra304@example.com,8,9.72
pratyush.d’alia305@example.com,1,7.29
pratyush.d’alia305@example.com,2,6.22
pratyush.d’alia305@example.com,3,8.41
pratyush.d’alia305@example.com,4,9.74
pratyush.d’alia305@example.com,5,7.97
pratyush.d’alia305@example.com,6,6.76
pratyush.d’alia305@example.com,7,7.37
pratyush.d’alia305@example.com,8,7.5
pooja.pillay306@example.com,1,8.15
pooja.pillay306@example.com,2,8.83
pooja.pillay306@example.com,3,8.44
pooja.pillay306@example.com,4,7.15
pooja.pillay306@example.com,5,9.39
pooja.pillay306@example.com,6,7.44
pooja.pillay306@example.com,7,7.81
pooja.pillay306@example.com,8,9.25
kamya.sawhney307@example.com,1,7.14
kamya.sawhney307@example.com,2,6.29
kamya.sawhney307@example.com,3,9.26
kamya.sawhney307@example.com,4,9.79
kamya.sawhney307@example.com,5,9.92
kamya.sawhney307@example.com,6,7.12
kamya.sawhney307@example.com,7,9.72
kamya.sawhney307@example.com,8,8.15
indali.talwar308@example.com,1,6.8
indali.talwar308@example.com,2,6.88
indali.talwar308@example.com,3,6.67
indali.talwar308@example.com,4,7.19
indali.talwar308@example.com,5,6.59
indali.talwar308@example.com,6,8.1
indali.talwar308@example.com,7,9.05
indali.talwar308@example.com,8,8.48
oeshi.modi309@example.com,1,9.64
oeshi.modi309@example.com,2,7.91
oeshi.modi309@example.com,3,8.61
oeshi.modi309@example.com,4,9.76
oeshi.modi309@example.com,5,7.68
oeshi.modi309@example.com,6,8.8
oeshi.modi309@example.com,7,9.56
oeshi.modi309@example.com,8,8.95
gautam.rastogi310@example.com,1,8.37
gautam.rastogi310@example.com,2,9.11
gautam.rastogi310@example.com,3,8.41
gautam.rastogi310@example.com,4,9.55
gautam.rastogi310@example.com,5,9.21
gautam.rastogi310@example.com,6,8.13
gautam.rastogi310@example.com,7,9.3
gautam.rastogi310@example.com,8,6.82
abhimanyu.subramaniam311@example.com,1,6.21
abhimanyu.subramaniam311@example.com,2,6.61
abhimanyu.subramaniam311@example.com,3,6.42
abhimanyu.subramaniam311@example.com,4,8.17
abhimanyu.subramaniam311@example.com,5,7.51
abhimanyu.subramaniam311@example.com,6,6.7
abhimanyu.subramaniam311@example.com,7,7.06
abhimanyu.subramaniam311@example.com,8,7.66
vamakshi.mand312@example.com,1,7.49
vamakshi.mand312@example.com,2,9.85
vamakshi.mand312@example.com,3,7.86
vamakshi.mand312@example.com,4,6.77
vamakshi.mand312@example.com,5,8.24
vamakshi.mand312@example.com,6,7.3
vamakshi.mand312@example.com,7,7.3
vamakshi.mand312@example.com,8,9.16
vamakshi.toor313@example.com,1,8.02
vamakshi.toor313@example.com,2,9.4
vamakshi.toor313@example.com,3,9.71
vamakshi.toor313@example.com,4,7.46
vamakshi.toor313@example.com,5,8.79
vamakshi.toor313@example.com,6,8.35
vamakshi.toor313@example.com,7,9.4
vamakshi.toor313@example.com,8,6.4
praneel.deshpande314@example.com,1,9.42
praneel.deshpande314@example.com,2,8.84
praneel.deshpande314@example.com,3,7.75
praneel.deshpande314@example.com,4,7.03
praneel.deshpande314@example.com,5,7.65
praneel.deshpande314@example.com,6,7.08
praneel.deshpande314@example.com,7,8.52
praneel.deshpande314@example.com,8,9.78
raksha.mahal315@example.com,1,8.31
raksha.mahal315@example.com,2,9.77
raksha.mahal315@example.com,3,9.83
raksha.mahal315@example.com,4,8.22
raksha.mahal315@example.com,5,7.38
raksha.mahal315@example.com,6,6.37
raksha.mahal315@example.com,7,9.61
raksha.mahal315@example.com,8,6.45
mekhala.bala316@example.com,1,7.55
mekhala.bala316@example.com,2,8.36
mekhala.bala316@example.com,3,8.96
mekhala.bala316@example.com,4,6.32
mekhala.bala316@example.com,5,7.52
mekhala.bala316@example.com,6,7.81
mekhala.bala316@example.com,7,6.79
mekhala.bala316@example.com,8,6.02
ekalinga.bir317@example.com,1,8.23
ekalinga.bir317@example.com,2,8.68
ekalinga.bir317@example.com,3,8.63
ekalinga.bir317@example.com,4,6.64
ekalinga.bir317@example.com,5,9.45
ekalinga.bir317@example.com,6,7.05
ekalinga.bir317@example.com,7,9.29
ekalinga.bir317@example.com,8,6.91
jacob.madan318@example.com,1,8.45
jacob.madan318@example.com,2,9.38
jacob.madan318@example.com,3,9.27
jacob.madan318@example.com,4,6.87
jacob.madan318@example.com,5,6.61
jacob.madan318@example.com,6,9.87
jacob.madan318@example.com,7,8.93
jacob.madan318@example.com,8,8.49
isha.suri319@example.com,1,7.72
isha.suri319@example.com,2,7.72
isha.suri319@example.com,3,8.21
isha.suri319@example.com,4,8.22
isha.suri319@example.com,5,8.75
isha.suri319@example.com,6,8.7
isha.suri319@example.com,7,7.34
isha.suri319@example.com,8,7.76
jagat.muni320@example.com,1,7.58
jagat.muni320@example.com,2,6.18
jagat.muni320@example.com,3,9.99
jagat.muni320@example.com,4,7.37
jagat.muni320@example.com,5,9.78
jagat.muni320@example.com,6,7.63
jagat.muni320@example.com,7,7.75
jagat.muni320@example.com,8,8.73
ranveer.bakshi321@example.com,1,6.22
ranveer.bakshi321@example.com,2,6.21
ranveer.bakshi321@example.com,3,9.29
ranveer.bakshi321@example.com,4,7.9
ranveer.bakshi321@example.com,5,8.92
ranveer.bakshi321@example.com,6,8.56
ranveer.bakshi321@example.com,7,6.14
ranveer.bakshi321@example.com,8,6.03
ridhi.bora322@example.com,1,8.7
ridhi.bora322@example.com,2,9.87
ridhi.bora322@example.com,3,7.77
ridhi.bora322@example.com,4,8.44
ridhi.bora322@example.com,5,8.29
ridhi.bora322@example.com,6,6.37
ridhi.bora322@example.com,7,7.38
ridhi.bora322@example.com,8,6.42
jagdish.lalla323@example.com,1,9.86
jagdish.lalla323@example.com,2,8.97
jagdish.lalla323@example.com,3,9.78
jagdish.lalla323@example.com,4,6.63
jagdish.lalla323@example.com,5,7.58
jagdish.lalla323@example.com,6,6.45
jagdish.lalla323@example.com,7,6.25
jagdish.lalla323@example.com,8,7.02
hredhaan.dhar324@example.com,1,7.65
hredhaan.dhar324@example.com,2,8.77
hredhaan.dhar324@example.com,3,6.78
hredhaan.dhar324@example.com,4,7.41
hredhaan.dhar324@example.com,5,8.39
hredhaan.dhar324@example.com,6,6.73
hredhaan.dhar324@example.com,7,9.2
hredhaan.dhar324@example.com,8,7.89
gaurika.aggarwal325@example.com,1,9.99
gaurika.aggarwal325@example.com,2,7.73
gaurika.aggarwal325@example.com,3,8.9
gaurika.aggarwal325@example.com,4,6.31
gaurika.aggarwal325@example.com,5,7.14
gaurika.aggarwal325@example.com,6,9.53
gaurika.aggarwal325@example.com,7,8.16
gaurika.aggarwal325@example.com,8,7.2
jagvi.nigam326@example.com,1,6.27
jagvi.nigam326@example.com,2,7.97
jagvi.nigam326@example.com,3,6.63
jagvi.nigam326@example.com,4,8.32
jagvi.nigam326@example.com,5,8.55
jagvi.nigam326@example.com,6,9.21
jagvi.nigam326@example.com,7,6.99
jagvi.nigam326@example.com,8,9.63
sneha.kunda327@example.com,1,7.09
sneha.kunda327@example.com,2,9.94
sneha.kunda327@example.com,3,7.11
sneha.kunda327@example.com,4,9.5
sneha.kunda327@example.com,5,8.74
sneha.kunda327@example.com,6,8.51
sneha.kunda327@example.com,7,9.67
sneha.kunda327@example.com,8,7.44
zehaan.dutta328@example.com,1,8.56
zehaan.dutta328@example.com,2,7.1
zehaan.dutta328@example.com,3,9.35
zehaan.dutta328@example.com,4,7.71
zehaan.dutta328@example.com,5,9.37
zehaan.dutta328@example.com,6,8.98
zehaan.dutta328@example.com,7,8.88
zehaan.dutta328@example.com,8,9.32
girish.murty329@example.com,1,9.59
girish.murty329@example.com,2,8.16
girish.murty329@example.com,3,8.2
girish.murty329@example.com,4,6.76
girish.murty329@example.com,5,6.84
girish.murty329@example.com,6,9.0
girish.murty329@example.com,7,6.69
girish.murty329@example.com,8,9.98
rajata.pau330@example.com,1,7.41
rajata.pau330@example.com,2,8.91
rajata.pau330@example.com,3,8.4
rajata.pau330@example.com,4,8.06
rajata.pau330@example.com,5,7.95
rajata.pau330@example.com,6,9.8
rajata.pau330@example.com,7,6.84
rajata.pau330@example.com,8,9.55
saksham.deol331@example.com,1,8.68
saksham.deol331@example.com,2,7.07
saksham.deol331@example.com,3,8.72
saksham.deol331@example.com,4,8.19
saksham.deol331@example.com,5,8.99
saksham.deol331@example.com,6,8.43
saksham.deol331@example.com,7,6.85
saksham.deol331@example.com,8,9.31
logan.keer332@example.com,1,8.64
logan.keer332@example.com,2,6.46
logan.keer332@example.com,3,7.51
logan.keer332@example.com,4,6.68
logan.keer332@example.com,5,8.99
logan.keer332@example.com,6,7.0
logan.keer332@example.com,7,6.66
logan.keer332@example.com,8,7.41
harshil.chadha333@example.com,1,9.38
harshil.chadha333@example.com,2,9.29
harshil.chadha333@example.com,3,6.27
harshil.chadha333@example.com,4,6.92
harshil.chadha333@example.com,5,7.2
harshil.chadha333@example.com,6,6.18
harshil.chadha333@example.com,7,8.52
harshil.chadha333@example.com,8,6.94
mugdha.tank334@example.com,1,8.98
mugdha.tank334@example.com,2,8.45
mugdha.tank334@example.com,3,9.13
mugdha.tank334@example.com,4,6.08
mugdha.tank334@example.com,5,7.83
mugdha.tank334@example.com,6,8.89
mugdha.tank334@example.com,7,9.37
mugdha.tank334@example.com,8,8.08
vasana.bail335@example.com,1,9.11
vasana.bail335@example.com,2,8.72
vasana.bail335@example.com,3,8.64
vasana.bail335@example.com,4,8.65
vasana.bail335@example.com,5,8.17
vasana.bail335@example.com,6,7.86
vasana.bail335@example.com,7,9.89
vasana.bail335@example.com,8,7.14
chaitanya.pandey336@example.com,1,7.31
chaitanya.pandey336@example.com,2,7.59
chaitanya.pandey336@example.com,3,6.36
chaitanya.pandey336@example.com,4,7.13
chaitanya.pandey336@example.com,5,9.38
chaitanya.pandey336@example.com,6,8.11
chaitanya.pandey336@example.com,7,8.02
chaitanya.pandey336@example.com,8,7.6
sneha.chada337@example.com,1,6.74
sneha.chada337@example.com,2,8.48
sneha.chada337@example.com,3,6.25
sneha.chada337@example.com,4,6.56
sneha.chada337@example.com,5,7.12
sneha.chada337@example.com,6,7.69
sneha.chada337@example.com,7,6.58
sneha.chada337@example.com,8,6.76
suhani.pai338@example.com,1,7.42
suhani.pai338@example.com,2,8.39
suhani.pai338@example.com,3,6.9
suhani.pai338@example.com,4,9.31
suhani.pai338@example.com,5,9.66
suhani.pai338@example.com,6,7.03
suhani.pai338@example.com,7,7.74
suhani.pai338@example.com,8,9.06
bhanumati.din339@example.com,1,8.27
bhanumati.din339@example.com,2,7.8
bhanumati.din339@example.com,3,6.64
bhanumati.din339@example.com,4,6.67
bhanumati.din339@example.com,5,9.98
bhanumati.din339@example.com,6,7.31
bhanumati.din339@example.com,7,7.04
bhanumati.din339@example.com,8,7.67
joshua.bhat340@example.com,1,6.68
joshua.bhat340@example.com,2,9.95
joshua.bhat340@example.com,3,9.21
joshua.bhat340@example.com,4,7.84
joshua.bhat340@example.com,5,9.57
joshua.bhat340@example.com,6,8.72
joshua.bhat340@example.com,7,6.07
joshua.bhat340@example.com,8,6.59
zayyan.narula341@example.com,1,9.76
zayyan.narula341@example.com,2,7.11
zayyan.narula341@example.com,3,7.11
zayyan.narula341@example.com,4,8.64
zayyan.narula341@example.com,5,9.04
zayyan.narula341@example.com,6,7.8
zayyan.narula341@example.com,7,9.32
zayyan.narula341@example.com,8,9.74
chameli.warrior342@example.com,1,9.26
chameli.warrior342@example.com,2,8.76
chameli.warrior342@example.com,3,8.04
chameli.warrior342@example.com,4,6.21
chameli.warrior342@example.com,5,7.22
chameli.warrior342@example.com,6,7.19
chameli.warrior342@example.com,7,9.34
chameli.warrior342@example.com,8,6.61
aarav.bose343@example.com,1,8.83
aarav.bose343@example.com,2,6.91
aarav.bose343@example.com,3,8.2
aarav.bose343@example.com,4,6.68
aarav.bose343@example.com,5,9.18
aarav.bose343@example.com,6,7.52
aarav.bose343@example.com,7,6.82
aarav.bose343@example.com,8,9.33
bhavya.kuruvilla344@example.com,1,6.96
bhavya.kuruvilla344@example.com,2,6.89
bhavya.kuruvilla344@example.com,3,7.54
bhavya.kuruvilla344@example.com,4,8.37
bhavya.kuruvilla344@example.com,5,9.91
bhavya.kuruvilla344@example.com,6,8.07
bhavya.kuruvilla344@example.com,7,9.42
bhavya.kuruvilla344@example.com,8,6.45
ishani.sahota345@example.com,1,7.94
ishani.sahota345@example.com,2,6.78
ishani.sahota345@example.com,3,9.85
ishani.sahota345@example.com,4,6.84
ishani.sahota345@example.com,5,8.61
ishani.sahota345@example.com,6,8.43
ishani.sahota345@example.com,7,6.84
ishani.sahota345@example.com,8,8.16
bhanumati.halder346@example.com,1,8.46
bhanumati.halder346@example.com,2,8.34
bhanumati.halder346@example.com,3,8.78
bhanumati.halder346@example.com,4,6.48
bhanumati.halder346@example.com,5,7.47
bhanumati.halder346@example.com,6,7.11
bhanumati.halder346@example.com,7,9.78
bhanumati.halder346@example.com,8,9.41
gauri.gupta347@example.com,1,7.52
gauri.gupta347@example.com,2,9.62
gauri.gupta347@example.com,3,8.98
gauri.gupta347@example.com,4,9.14
gauri.gupta347@example.com,5,9.64
gauri.gupta347@example.com,6,6.63
gauri.gupta347@example.com,7,9.15
gauri.gupta347@example.com,8,7.58
lucky.nigam348@example.com,1,6.46
lucky.nigam348@example.com,2,8.21
lucky.nigam348@example.com,3,7.02
lucky.nigam348@example.com,4,9.07
lucky.nigam348@example.com,5,8.6
lucky.nigam348@example.com,6,8.0
lucky.nigam348@example.com,7,8.16
lucky.nigam348@example.com,8,6.81
tanmayi.sandhu349@example.com,1,6.58
tanmayi.sandhu349@example.com,2,9.5
tanmayi.sandhu349@example.com,3,9.71
tanmayi.sandhu349@example.com,4,7.62
tanmayi.sandhu349@example.com,5,6.75
tanmayi.sandhu349@example.com,6,9.64
tanmayi.sandhu349@example.com,7,8.54
tanmayi.sandhu349@example.com,8,6.08
dayamai.arya350@example.com,1,7.2
dayamai.arya350@example.com,2,7.48
dayamai.arya350@example.com,3,8.4
dayamai.arya350@example.com,4,6.93
dayamai.arya350@example.com,5,9.88
dayamai.arya350@example.com,6,6.58
dayamai.arya350@example.com,7,7.87
dayamai.arya350@example.com,8,7.98
keya.jha351@example.com,1,7.37
keya.jha351@example.com,2,7.86
keya.jha351@example.com,3,8.83
keya.jha351@example.com,4,6.98
keya.jha351@example.com,5,7.9
keya.jha351@example.com,6,8.7
keya.jha351@example.com,7,7.84
keya.jha351@example.com,8,8.2
vincent.sundaram352@example.com,1,7.13
vincent.sundaram352@example.com,2,8.23
vincent.sundaram352@example.com,3,8.94
vincent.sundaram352@example.com,4,6.91
vincent.sundaram352@example.com,5,7.29
vincent.sundaram352@example.com,6,7.04
vincent.sundaram352@example.com,7,7.11
vincent.sundaram352@example.com,8,8.96
alexander.gola353@example.com,1,7.59
alexander.gola353@example.com,2,6.95
alexander.gola353@example.com,3,9.28
alexander.gola353@example.com,4,6.69
alexander.gola353@example.com,5,7.1
alexander.gola353@example.com,6,8.53
alexander.gola353@example.com,7,9.57
alexander.gola353@example.com,8,9.28
shaurya.verma354@example.com,1,8.41
shaurya.verma354@example.com,2,6.44
shaurya.verma354@example.com,3,6.34
shaurya.verma354@example.com,4,7.17
shaurya.verma354@example.com,5,9.04
shaurya.verma354@example.com,6,6.43
shaurya.verma354@example.com,7,7.53
shaurya.verma354@example.com,8,6.67
vansha.sami355@example.com,1,9.83
vansha.sami355@example.com,2,9.42
vansha.sami355@example.com,3,6.4
vansha.sami355@example.com,4,9.62
vansha.sami355@example.com,5,8.14
vansha.sami355@example.com,6,7.81
vansha.sami355@example.com,7,9.98
vansha.sami355@example.com,8,8.4
siddharth.nair356@example.com,1,8.36
siddharth.nair356@example.com,2,7.64
siddharth.nair356@example.com,3,7.45
siddharth.nair356@example.com,4,6.24
siddharth.nair356@example.com,5,9.62
siddharth.nair356@example.com,6,8.6
siddharth.nair356@example.com,7,7.33
siddharth.nair356@example.com,8,9.31
bhavna.mohanty357@example.com,1,9.78
bhavna.mohanty357@example.com,2,7.82
bhavna.mohanty357@example.com,3,7.29
bhavna.mohanty357@example.com,4,7.27
bhavna.mohanty357@example.com,5,9.49
bhavna.mohanty357@example.com,6,9.99
bhavna.mohanty357@example.com,7,6.79
bhavna.mohanty357@example.com,8,7.29
bhavini.acharya358@example.com,1,7.89
bhavini.acharya358@example.com,2,9.3
bhavini.acharya358@example.com,3,7.94
bhavini.acharya358@example.com,4,6.46
bhavini.acharya358@example.com,5,9.01
bhavini.acharya358@example.com,6,6.03
bhavini.acharya358@example.com,7,7.02
bhavini.acharya358@example.com,8,9.29
harinakshi.das359@example.com,1,9.33
harinakshi.das359@example.com,2,9.34
harinakshi.das359@example.com,3,6.36
harinakshi.das359@example.com,4,6.94
harinakshi.das359@example.com,5,8.85
harinakshi.das359@example.com,6,7.61
harinakshi.das359@example.com,7,7.72
harinakshi.das359@example.com,8,8.14
anvi.raju360@example.com,1,7.08
anvi.raju360@example.com,2,8.32
anvi.raju360@example.com,3,9.47
anvi.raju360@example.com,4,7.77
anvi.raju360@example.com,5,6.02
anvi.raju360@example.com,6,9.37
anvi.raju360@example.com,7,6.27
anvi.raju360@example.com,8,7.57
garima.mand361@example.com,1,8.96
garima.mand361@example.com,2,8.53
garima.mand361@example.com,3,9.18
garima.mand361@example.com,4,6.52
garima.mand361@example.com,5,7.75
garima.mand361@example.com,6,7.81
garima.mand361@example.com,7,8.66
garima.mand361@example.com,8,7.86
sachi.kalla362@example.com,1,7.59
sachi.kalla362@example.com,2,9.45
sachi.kalla362@example.com,3,7.33
sachi.kalla362@example.com,4,7.33
sachi.kalla362@example.com,5,6.4
sachi.kalla362@example.com,6,8.59
sachi.kalla362@example.com,7,8.58
sachi.kalla362@example.com,8,7.46
tanay.bhargava363@example.com,1,7.23
tanay.bhargava363@example.com,2,6.03
tanay.bhargava363@example.com,3,9.7
tanay.bhargava363@example.com,4,9.92
tanay.bhargava363@example.com,5,8.08
tanay.bhargava363@example.com,6,8.27
tanay.bhargava363@example.com,7,7.66
tanay.bhargava363@example.com,8,6.3
aadi.kunda364@example.com,1,9.93
aadi.kunda364@example.com,2,9.3
aadi.kunda364@example.com,3,7.24
aadi.kunda364@example.com,4,6.6
aadi.kunda364@example.com,5,9.98
aadi.kunda364@example.com,6,9.4
aadi.kunda364@example.com,7,6.87
aadi.kunda364@example.com,8,8.08
jonathan.nadig365@example.com,1,7.63
jonathan.nadig365@example.com,2,8.83
jonathan.nadig365@example.com,3,9.49
jonathan.nadig365@example.com,4,7.54
jonathan.nadig365@example.com,5,7.99
jonathan.nadig365@example.com,6,8.03
jonathan.nadig365@example.com,7,6.1
jonathan.nadig365@example.com,8,6.39
jonathan.manne366@example.com,1,9.8
jonathan.manne366@example.com,2,8.61
jonathan.manne366@example.com,3,8.24
jonathan.manne366@example.com,4,6.32
jonathan.manne366@example.com,5,6.15
jonathan.manne366@example.com,6,6.04
jonathan.manne366@example.com,7,9.38
jonathan.manne366@example.com,8,6.61
anmol.date367@example.com,1,9.97
anmol.date367@example.com,2,6.78
anmol.date367@example.com,3,8.66
anmol.date367@example.com,4,9.31
anmol.date367@example.com,5,8.91
anmol.date367@example.com,6,9.24
anmol.date367@example.com,7,8.74
anmol.date367@example.com,8,6.25
yug.deo368@example.com,1,6.06
yug.deo368@example.com,2,6.74
yug.deo368@example.com,3,6.48
yug.deo368@example.com,4,8.45
yug.deo368@example.com,5,9.62
yug.deo368@example.com,6,7.55
yug.deo368@example.com,7,8.03
yug.deo368@example.com,8,9.78
adya.anand369@example.com,1,8.43
adya.anand369@example.com,2,7.45
adya.anand369@example.com,3,6.71
adya.anand369@example.com,4,8.24
adya.anand369@example.com,5,9.71
adya.anand369@example.com,6,8.48
adya.anand369@example.com,7,7.43
adya.anand369@example.com,8,8.47
vritti.krishnan370@example.com,1,6.22
vritti.krishnan370@example.com,2,7.09
vritti.krishnan370@example.com,3,6.71
vritti.krishnan370@example.com,4,7.75
vritti.krishnan370@example.com,5,6.56
vritti.krishnan370@example.com,6,6.94
vritti.krishnan370@example.com,7,7.93
vritti.krishnan370@example.com,8,9.29
gaurav.bava371@example.com,1,7.52
gaurav.bava371@example.com,2,8.25
gaurav.bava371@example.com,3,6.21
gaurav.bava371@example.com,4,6.77
gaurav.bava371@example.com,5,6.49
gaurav.bava371@example.com,6,7.58
gaurav.bava371@example.com,7,7.94
gaurav.bava371@example.com,8,7.37
rajata.chakraborty372@example.com,1,6.83
rajata.chakraborty372@example.com,2,7.39
rajata.chakraborty372@example.com,3,7.13
rajata.chakraborty372@example.com,4,7.45
rajata.chakraborty372@example.com,5,6.57
rajata.chakraborty372@example.com,6,7.61
rajata.chakraborty372@example.com,7,9.33
rajata.chakraborty372@example.com,8,7.46
nirja.bakshi373@example.com,1,9.42
nirja.bakshi373@example.com,2,8.52
nirja.bakshi373@example.com,3,6.85
nirja.bakshi373@example.com,4,6.96
nirja.bakshi373@example.com,5,6.64
nirja.bakshi373@example.com,6,9.9
nirja.bakshi373@example.com,7,9.4
nirja.bakshi373@example.com,8,9.64
orinder.chana374@example.com,1,6.43
orinder.chana374@example.com,2,8.39
orinder.chana374@example.com,3,6.34
orinder.chana374@example.com,4,6.45
orinder.chana374@example.com,5,6.72
orinder.chana374@example.com,6,8.66
orinder.chana374@example.com,7,6.26
orinder.chana374@example.com,8,9.6
anirudh.kanda375@example.com,1,9.46
anirudh.kanda375@example.com,2,8.94
anirudh.kanda375@example.com,3,6.69
anirudh.kanda375@example.com,4,9.39
anirudh.kanda375@example.com,5,9.27
anirudh.kanda375@example.com,6,9.3
anirudh.kanda375@example.com,7,6.16
anirudh.kanda375@example.com,8,7.49
ishita.prasad376@example.com,1,9.83
ishita.prasad376@example.com,2,6.81
ishita.prasad376@example.com,3,8.11
ishita.prasad376@example.com,4,6.43
ishita.prasad376@example.com,5,6.86
ishita.prasad376@example.com,6,8.81
ishita.prasad376@example.com,7,6.64
ishita.prasad376@example.com,8,9.1
hemang.varty377@example.com,1,9.2
hemang.varty377@example.com,2,9.25
hemang.varty377@example.com,3,8.79
hemang.varty377@example.com,4,6.46
hemang.varty377@example.com,5,9.83
hemang.varty377@example.com,6,6.13
hemang.varty377@example.com,7,9.38
hemang.varty377@example.com,8,9.11
aarini.hayre378@example.com,1,9.51
aarini.hayre378@example.com,2,9.75
aarini.hayre378@example.com,3,9.14
aarini.hayre378@example.com,4,8.01
aarini.hayre378@example.com,5,9.08
aarini.hayre378@example.com,6,6.46
aarini.hayre378@example.com,7,8.97
aarini.hayre378@example.com,8,6.28
eiravati.doctor379@example.com,1,7.48
eiravati.doctor379@example.com,2,6.88
eiravati.doctor379@example.com,3,6.45
eiravati.doctor379@example.com,4,7.66
eiravati.doctor379@example.com,5,6.24
eiravati.doctor379@example.com,6,6.7
eiravati.doctor379@example.com,7,9.77
eiravati.doctor379@example.com,8,8.9
charita.bhagat380@example.com,1,7.9
charita.bhagat380@example.com,2,7.43
charita.bhagat380@example.com,3,6.01
charita.bhagat380@example.com,4,9.59
charita.bhagat380@example.com,5,9.42
charita.bhagat380@example.com,6,7.71
charita.bhagat380@example.com,7,8.67
charita.bhagat380@example.com,8,9.39
vrinda.sabharwal381@example.com,1,6.61
vrinda.sabharwal381@example.com,2,7.58
vrinda.sabharwal381@example.com,3,6.03
vrinda.sabharwal381@example.com,4,6.06
vrinda.sabharwal381@example.com,5,6.63
vrinda.sabharwal381@example.com,6,7.12
vrinda.sabharwal381@example.com,7,8.35
vrinda.sabharwal381@example.com,8,7.07
libni.rai382@example.com,1,7.74
libni.rai382@example.com,2,8.0
libni.rai382@example.com,3,9.49
libni.rai382@example.com,4,8.2
libni.rai382@example.com,5,8.01
libni.rai382@example.com,6,8.52
libni.rai382@example.com,7,9.83
libni.rai382@example.com,8,7.57
meera.bhatnagar383@example.com,1,8.1
meera.bhatnagar383@example.com,2,8.73
meera.bhatnagar383@example.com,3,7.31
meera.bhatnagar383@example.com,4,8.55
meera.bhatnagar383@example.com,5,6.27
meera.bhatnagar383@example.com,6,7.29
meera.bhatnagar383@example.com,7,7.85
meera.bhatnagar383@example.com,8,8.34
chakradhar.sheth384@example.com,1,6.84
chakradhar.sheth384@example.com,2,7.88
chakradhar.sheth384@example.com,3,7.97
chakradhar.sheth384@example.com,4,8.03
chakradhar.sheth384@example.com,5,8.71
chakradhar.sheth384@example.com,6,8.68
chakradhar.sheth384@example.com,7,8.71
chakradhar.sheth384@example.com,8,7.67
hemani.bhatnagar385@example.com,1,8.48
hemani.bhatnagar385@example.com,2,9.86
hemani.bhatnagar385@example.com,3,7.83
hemani.bhatnagar385@example.com,4,7.99
hemani.bhatnagar385@example.com,5,9.56
hemani.bhatnagar385@example.com,6,7.57
hemani.bhatnagar385@example.com,7,6.58
hemani.bhatnagar385@example.com,8,8.06
nimrat.mutti386@example.com,1,8.64
nimrat.mutti386@example.com,2,9.44
nimrat.mutti386@example.com,3,6.13
nimrat.mutti386@example.com,4,8.13
nimrat.mutti386@example.com,5,8.83
nimrat.mutti386@example.com,6,6.05
nimrat.mutti386@example.com,7,9.22
nimrat.mutti386@example.com,8,7.65
osha.lalla387@example.com,1,9.89
osha.lalla387@example.com,2,6.7
osha.lalla387@example.com,3,9.51
osha.lalla387@example.com,4,6.58
osha.lalla387@example.com,5,6.65
osha.lalla387@example.com,6,9.76
osha.lalla387@example.com,7,6.31
osha.lalla387@example.com,8,8.32
amara.keer388@example.com,1,7.96
amara.keer388@example.com,2,9.43
amara.keer388@example.com,3,7.54
amara.keer388@example.com,4,7.24
amara.keer388@example.com,5,8.45
amara.keer388@example.com,6,9.11
amara.keer388@example.com,7,8.34
amara.keer388@example.com,8,6.39
falak.hegde389@example.com,1,6.65
falak.hegde389@example.com,2,7.97
falak.hegde389@example.com,3,6.51
falak.hegde389@example.com,4,8.46
falak.hegde389@example.com,5,6.59
falak.hegde389@example.com,6,6.35
falak.hegde389@example.com,7,8.36
falak.hegde389@example.com,8,7.06
chakradev.sarma390@example.com,1,9.98
chakradev.sarma390@example.com,2,9.34
chakradev.sarma390@example.com,3,8.77
chakradev.sarma390@example.com,4,6.76
chakradev.sarma390@example.com,5,6.81
chakradev.sarma390@example.com,6,6.5
chakradev.sarma390@example.com,7,7.35
chakradev.sarma390@example.com,8,7.76
isaac.biswas391@example.com,1,7.64
isaac.biswas391@example.com,2,8.48
isaac.biswas391@example.com,3,9.29
isaac.biswas391@example.com,4,9.64
isaac.biswas391@example.com,5,7.55
isaac.biswas391@example.com,6,6.06
isaac.biswas391@example.com,7,6.71
isaac.biswas391@example.com,8,9.87
nilima.luthra392@example.com,1,6.87
nilima.luthra392@example.com,2,6.08
nilima.luthra392@example.com,3,7.9
nilima.luthra392@example.com,4,9.24
nilima.luthra392@example.com,5,8.96
nilima.luthra392@example.com,6,8.35
nilima.luthra392@example.com,7,9.23
nilima.luthra392@example.com,8,9.09
nidhi.dora393@example.com,1,7.79
nidhi.dora393@example.com,2,9.17
nidhi.dora393@example.com,3,7.32
nidhi.dora393@example.com,4,6.82
nidhi.dora393@example.com,5,7.47
nidhi.dora393@example.com,6,9.61
nidhi.dora393@example.com,7,7.6
nidhi.dora393@example.com,8,7.4
qasim.shankar394@example.com,1,9.77
qasim.shankar394@example.com,2,7.72
qasim.shankar394@example.com,3,9.08
qasim.shankar394@example.com,4,8.4
qasim.shankar394@example.com,5,6.76
qasim.shankar394@example.com,6,8.08
qasim.shankar394@example.com,7,6.98
qasim.shankar394@example.com,8,9.34
yamini.soman395@example.com,1,6.81
yamini.soman395@example.com,2,9.29
yamini.soman395@example.com,3,6.77
yamini.soman395@example.com,4,8.92
yamini.soman395@example.com,5,9.27
yamini.soman395@example.com,6,8.92
yamini.soman395@example.com,7,8.44
yamini.soman395@example.com,8,8.84
utkarsh.goel396@example.com,1,6.26
utkarsh.goel396@example.com,2,8.83
utkarsh.goel396@example.com,3,8.42
utkarsh.goel396@example.com,4,7.5
utkarsh.goel396@example.com,5,9.83
utkarsh.goel396@example.com,6,6.46
utkarsh.goel396@example.com,7,9.64
utkarsh.goel396@example.com,8,6.5
ekaraj.deo397@example.com,1,8.65
ekaraj.deo397@example.com,2,7.3
ekaraj.deo397@example.com,3,8.28
ekaraj.deo397@example.com,4,8.18
ekaraj.deo397@example.com,5,9.45
ekaraj.deo397@example.com,6,9.71
ekaraj.deo397@example.com,7,8.01
ekaraj.deo397@example.com,8,9.83
vyanjana.goyal398@example.com,1,7.8
vyanjana.goyal398@example.com,2,8.67
vyanjana.goyal398@example.com,3,6.46
vyanjana.goyal398@example.com,4,8.33
vyanjana.goyal398@example.com,5,6.91
vyanjana.goyal398@example.com,6,7.13
vyanjana.goyal398@example.com,7,6.54
vyanjana.goyal398@example.com,8,8.49
kritika.dubey399@example.com,1,6.05
kritika.dubey399@example.com,2,7.6
kritika.dubey399@example.com,3,6.71
kritika.dubey399@example.com,4,9.68
kritika.dubey399@example.com,5,9.54
kritika.dubey399@example.com,6,8.36
kritika.dubey399@example.com,7,9.14
kritika.dubey399@example.com,8,9.13
kashish.lata400@example.com,1,8.1
kashish.lata400@example.com,2,7.3
kashish.lata400@example.com,3,6.28
kashish.lata400@example.com,4,7.54
kashish.lata400@example.com,5,7.95
kashish.lata400@example.com,6,7.96
kashish.lata400@example.com,7,7.55
kashish.lata400@example.com,8,6.67
ayushman.majumdar401@example.com,1,6.24
ayushman.majumdar401@example.com,2,9.92
ayushman.majumdar401@example.com,3,9.51
ayushman.majumdar401@example.com,4,8.54
ayushman.majumdar401@example.com,5,8.59
ayushman.majumdar401@example.com,6,6.73
ayushman.majumdar401@example.com,7,8.47
ayushman.majumdar401@example.com,8,9.22
jairaj.bhatti402@example.com,1,9.31
jairaj.bhatti402@example.com,2,8.75
jairaj.bhatti402@example.com,3,6.79
jairaj.bhatti402@example.com,4,9.76
jairaj.bhatti402@example.com,5,9.14
jairaj.bhatti402@example.com,6,8.74
jairaj.bhatti402@example.com,7,9.96
jairaj.bhatti402@example.com,8,6.59
qushi.chhabra403@example.com,1,8.36
qushi.chhabra403@example.com,2,6.74
qushi.chhabra403@example.com,3,8.3
qushi.chhabra403@example.com,4,8.19
qushi.chhabra403@example.com,5,9.61
qushi.chhabra403@example.com,6,9.45
qushi.chhabra403@example.com,7,6.75
qushi.chhabra403@example.com,8,6.38
avi.sahni404@example.com,1,7.84
avi.sahni404@example.com,2,6.04
avi.sahni404@example.com,3,6.25
avi.sahni404@example.com,4,8.38
avi.sahni404@example.com,5,7.55
avi.sahni404@example.com,6,7.38
avi.sahni404@example.com,7,9.05
avi.sahni404@example.com,8,8.27
yuvraj.sabharwal405@example.com,1,6.01
yuvraj.sabharwal405@example.com,2,9.3
yuvraj.sabharwal405@example.com,3,8.61
yuvraj.sabharwal405@example.com,4,9.93
yuvraj.sabharwal405@example.com,5,8.44
yuvraj.sabharwal405@example.com,6,8.6
yuvraj.sabharwal405@example.com,7,8.27
yuvraj.sabharwal405@example.com,8,7.22
om.anne406@example.com,1,8.92
om.anne406@example.com,2,9.82
om.anne406@example.com,3,6.72
om.anne406@example.com,4,6.92
om.anne406@example.com,5,6.56
om.anne406@example.com,6,6.24
om.anne406@example.com,7,6.89
om.anne406@example.com,8,8.87
warjas.ranganathan407@example.com,1,6.34
warjas.ranganathan407@example.com,2,8.65
warjas.ranganathan407@example.com,3,6.22
warjas.ranganathan407@example.com,4,8.76
warjas.ranganathan407@example.com,5,8.78
warjas.ranganathan407@example.com,6,9.69
warjas.ranganathan407@example.com,7,9.35
warjas.ranganathan407@example.com,8,6.19
maya.contractor408@example.com,1,8.14
maya.contractor408@example.com,2,9.28
maya.contractor408@example.com,3,6.92
maya.contractor408@example.com,4,7.57
maya.contractor408@example.com,5,8.69
maya.contractor408@example.com,6,8.3
maya.contractor408@example.com,7,9.91
maya.contractor408@example.com,8,6.56
eesha.ben409@example.com,1,6.54
eesha.ben409@example.com,2,7.86
eesha.ben409@example.com,3,7.14
eesha.ben409@example.com,4,7.59
eesha.ben409@example.com,5,9.84
eesha.ben409@example.com,6,8.95
eesha.ben409@example.com,7,7.53
eesha.ben409@example.com,8,6.55
varsha.golla410@example.com,1,7.11
varsha.golla410@example.com,2,6.1
varsha.golla410@example.com,3,6.7
varsha.golla410@example.com,4,9.53
varsha.golla410@example.com,5,7.72
varsha.golla410@example.com,6,7.6
varsha.golla410@example.com,7,7.46
varsha.golla410@example.com,8,6.97
yashoda.kota411@example.com,1,9.72
yashoda.kota411@example.com,2,7.21
yashoda.kota411@example.com,3,6.3
yashoda.kota411@example.com,4,8.12
yashoda.kota411@example.com,5,8.43
yashoda.kota411@example.com,6,8.18
yashoda.kota411@example.com,7,7.8
yashoda.kota411@example.com,8,6.36
advay.tank412@example.com,1,6.5
advay.tank412@example.com,2,9.43
advay.tank412@example.com,3,8.61
advay.tank412@example.com,4,9.9
advay.tank412@example.com,5,7.24
advay.tank412@example.com,6,7.93
advay.tank412@example.com,7,7.96
advay.tank412@example.com,8,6.36
meghana.batra413@example.com,1,8.9
meghana.batra413@example.com,2,7.36
meghana.batra413@example.com,3,7.88
meghana.batra413@example.com,4,6.78
meghana.batra413@example.com,5,7.27
meghana.batra413@example.com,6,7.6
meghana.batra413@example.com,7,6.38
meghana.batra413@example.com,8,6.37
mahika.krish414@example.com,1,8.08
mahika.krish414@example.com,2,6.67
mahika.krish414@example.com,3,8.81
mahika.krish414@example.com,4,8.88
mahika.krish414@example.com,5,8.78
mahika.krish414@example.com,6,6.65
mahika.krish414@example.com,7,6.11
mahika.krish414@example.com,8,8.94
onveer.varty415@example.com,1,6.85
onveer.varty415@example.com,2,8.61
onveer.varty415@example.com,3,9.9
onveer.varty415@example.com,4,6.2
onveer.varty415@example.com,5,6.54
onveer.varty415@example.com,6,8.94
onveer.varty415@example.com,7,8.95
onveer.varty415@example.com,8,9.98
ganga.patla416@example.com,1,6.65
ganga.patla416@example.com,2,6.5
ganga.patla416@example.com,3,9.58
ganga.patla416@example.com,4,7.62
ganga.patla416@example.com,5,7.44
ganga.patla416@example.com,6,9.14
ganga.patla416@example.com,7,7.95
ganga.patla416@example.com,8,8.28
harrison.din417@example.com,1,8.16
harrison.din417@example.com,2,7.22
harrison.din417@example.com,3,8.84
harrison.din417@example.com,4,6.82
harrison.din417@example.com,5,8.51
harrison.din417@example.com,6,7.26
harrison.din417@example.com,7,8.11
harrison.din417@example.com,8,8.85
yahvi.dyal418@example.com,1,9.32
yahvi.dyal418@example.com,2,7.22
yahvi.dyal418@example.com,3,6.24
yahvi.dyal418@example.com,4,9.73
yahvi.dyal418@example.com,5,8.99
yahvi.dyal418@example.com,6,8.72
yahvi.dyal418@example.com,7,8.84
yahvi.dyal418@example.com,8,6.84
manbir.chana419@example.com,1,9.38
manbir.chana419@example.com,2,9.8
manbir.chana419@example.com,3,9.91
manbir.chana419@example.com,4,7.72
manbir.chana419@example.com,5,8.12
manbir.chana419@example.com,6,9.41
manbir.chana419@example.com,7,8.18
manbir.chana419@example.com,8,8.56
vivaan.mitter420@example.com,1,9.55
vivaan.mitter420@example.com,2,7.85
vivaan.mitter420@example.com,3,6.77
vivaan.mitter420@example.com,4,8.04
vivaan.mitter420@example.com,5,8.46
vivaan.mitter420@example.com,6,7.24
vivaan.mitter420@example.com,7,9.61
vivaan.mitter420@example.com,8,7.66
max.more421@example.com,1,6.57
max.more421@example.com,2,7.76
max.more421@example.com,3,9.27
max.more421@example.com,4,6.05
max.more421@example.com,5,6.27
max.more421@example.com,6,7.12
max.more421@example.com,7,9.22
max.more421@example.com,8,9.84
yahvi.raju422@example.com,1,7.32
yahvi.raju422@example.com,2,7.89
yahvi.raju422@example.com,3,6.08
yahvi.raju422@example.com,4,9.47
yahvi.raju422@example.com,5,8.34
yahvi.raju422@example.com,6,8.52
yahvi.raju422@example.com,7,9.68
yahvi.raju422@example.com,8,9.73
keya.dave423@example.com,1,8.8
keya.dave423@example.com,2,9.49
keya.dave423@example.com,3,6.77
keya.dave423@example.com,4,6.65
keya.dave423@example.com,5,9.63
keya.dave423@example.com,6,9.21
keya.dave423@example.com,7,9.94
keya.dave423@example.com,8,8.46
nidra.prakash424@example.com,1,9.09
nidra.prakash424@example.com,2,6.74
nidra.prakash424@example.com,3,8.47
nidra.prakash424@example.com,4,8.8
nidra.prakash424@example.com,5,8.94
nidra.prakash424@example.com,6,6.78
nidra.prakash424@example.com,7,9.79
nidra.prakash424@example.com,8,8.5
meera.natarajan425@example.com,1,7.13
meera.natarajan425@example.com,2,6.29
meera.natarajan425@example.com,3,8.47
meera.natarajan425@example.com,4,7.36
meera.natarajan425@example.com,5,7.25
meera.natarajan425@example.com,6,6.39
meera.natarajan425@example.com,7,7.46
meera.natarajan425@example.com,8,6.47
chanakya.sodhi426@example.com,1,8.8
chanakya.sodhi426@example.com,2,7.53
chanakya.sodhi426@example.com,3,8.49
chanakya.sodhi426@example.com,4,9.89
chanakya.sodhi426@example.com,5,8.33
chanakya.sodhi426@example.com,6,7.71
chanakya.sodhi426@example.com,7,9.46
chanakya.sodhi426@example.com,8,6.6
falak.upadhyay427@example.com,1,9.57
falak.upadhyay427@example.com,2,9.66
falak.upadhyay427@example.com,3,8.03
falak.upadhyay427@example.com,4,7.84
falak.upadhyay427@example.com,5,6.62
falak.upadhyay427@example.com,6,8.72
falak.upadhyay427@example.com,7,8.74
falak.upadhyay427@example.com,8,7.82
arya.saini428@example.com,1,7.18
arya.saini428@example.com,2,6.9
arya.saini428@example.com,3,8.25
arya.saini428@example.com,4,7.18
arya.saini428@example.com,5,7.12
arya.saini428@example.com,6,7.11
arya.saini428@example.com,7,7.57
arya.saini428@example.com,8,8.12
dalbir.viswanathan429@example.com,1,8.73
dalbir.viswanathan429@example.com,2,7.8
dalbir.viswanathan429@example.com,3,7.99
dalbir.viswanathan429@example.com,4,9.16
dalbir.viswanathan429@example.com,5,8.34
dalbir.viswanathan429@example.com,6,6.24
dalbir.viswanathan429@example.com,7,8.25
dalbir.viswanathan429@example.com,8,8.47
rudra.pandya430@example.com,1,9.46
rudra.pandya430@example.com,2,8.44
rudra.pandya430@example.com,3,8.41
rudra.pandya430@example.com,4,7.61
rudra.pandya430@example.com,5,6.73
rudra.pandya430@example.com,6,7.57
rudra.pandya430@example.com,7,9.37
rudra.pandya430@example.com,8,7.98
vedhika.pant431@example.com,1,8.9
vedhika.pant431@example.com,2,7.05
vedhika.pant431@example.com,3,7.08
vedhika.pant431@example.com,4,9.91
vedhika.pant431@example.com,5,8.62
vedhika.pant431@example.com,6,7.87
vedhika.pant431@example.com,7,7.32
vedhika.pant431@example.com,8,7.99
nidhi.krishna432@example.com,1,9.41
nidhi.krishna432@example.com,2,8.58
nidhi.krishna432@example.com,3,9.94
nidhi.krishna432@example.com,4,7.5
nidhi.krishna432@example.com,5,8.11
nidhi.krishna432@example.com,6,7.24
nidhi.krishna432@example.com,7,7.12
nidhi.krishna432@example.com,8,7.7
darika.malhotra433@example.com,1,9.15
darika.malhotra433@example.com,2,7.32
darika.malhotra433@example.com,3,8.81
darika.malhotra433@example.com,4,7.33
darika.malhotra433@example.com,5,7.53
darika.malhotra433@example.com,6,7.9
darika.malhotra433@example.com,7,8.88
darika.malhotra433@example.com,8,7.05
kiaan.venkatesh434@example.com,1,8.21
kiaan.venkatesh434@example.com,2,8.99
kiaan.venkatesh434@example.com,3,7.38
kiaan.venkatesh434@example.com,4,7.87
kiaan.venkatesh434@example.com,5,7.59
kiaan.venkatesh434@example.com,6,6.61
kiaan.venkatesh434@example.com,7,8.47
kiaan.venkatesh434@example.com,8,8.47
avi.palan435@example.com,1,9.54
avi.palan435@example.com,2,7.91
avi.palan435@example.com,3,8.98
avi.palan435@example.com,4,7.14
avi.palan435@example.com,5,8.47
avi.palan435@example.com,6,7.96
avi.palan435@example.com,7,9.88
avi.palan435@example.com,8,6.29
vaishnavi.deshpande436@example.com,1,9.79
vaishnavi.deshpande436@example.com,2,6.96
vaishnavi.deshpande436@example.com,3,8.85
vaishnavi.deshpande436@example.com,4,9.75
vaishnavi.deshpande436@example.com,5,6.71
vaishnavi.deshpande436@example.com,6,6.44
vaishnavi.deshpande436@example.com,7,9.14
vaishnavi.deshpande436@example.com,8,6.01
jagdish.shan437@example.com,1,6.84
jagdish.shan437@example.com,2,6.38
jagdish.shan437@example.com,3,8.41
jagdish.shan437@example.com,4,6.54
jagdish.shan437@example.com,5,9.96
jagdish.shan437@example.com,6,9.8
jagdish.shan437@example.com,7,8.55
jagdish.shan437@example.com,8,7.76
dakshesh.dhingra438@example.com,1,8.79
dakshesh.dhingra438@example.com,2,6.97
dakshesh.dhingra438@example.com,3,8.65
dakshesh.dhingra438@example.com,4,7.58
dakshesh.dhingra438@example.com,5,8.59
dakshesh.dhingra438@example.com,6,6.36
dakshesh.dhingra438@example.com,7,6.05
dakshesh.dhingra438@example.com,8,7.87
aadhya.thakur439@example.com,1,9.09
aadhya.thakur439@example.com,2,8.86
aadhya.thakur439@example.com,3,6.42
aadhya.thakur439@example.com,4,6.7
aadhya.thakur439@example.com,5,6.75
aadhya.thakur439@example.com,6,8.45
aadhya.thakur439@example.com,7,8.27
aadhya.thakur439@example.com,8,8.53
anvi.shukla440@example.com,1,7.53
anvi.shukla440@example.com,2,8.49
anvi.shukla440@example.com,3,8.97
anvi.shukla440@example.com,4,9.27
anvi.shukla440@example.com,5,6.29
anvi.shukla440@example.com,6,9.21
anvi.shukla440@example.com,7,8.95
anvi.shukla440@example.com,8,7.18
hema.prashad441@example.com,1,7.15
hema.prashad441@example.com,2,6.9
hema.prashad441@example.com,3,6.56
hema.prashad441@example.com,4,7.46
hema.prashad441@example.com,5,6.94
hema.prashad441@example.com,6,6.83
hema.prashad441@example.com,7,8.62
hema.prashad441@example.com,8,6.2
chasmum.lanka442@example.com,1,7.87
chasmum.lanka442@example.com,2,9.3
chasmum.lanka442@example.com,3,6.67
chasmum.lanka442@example.com,4,7.82
chasmum.lanka442@example.com,5,7.31
chasmum.lanka442@example.com,6,7.42
chasmum.lanka442@example.com,7,6.99
chasmum.lanka442@example.com,8,6.39
samarth.sethi443@example.com,1,6.06
samarth.sethi443@example.com,2,9.96
samarth.sethi443@example.com,3,8.15
samarth.sethi443@example.com,4,7.54
samarth.sethi443@example.com,5,9.17
samarth.sethi443@example.com,6,6.59
samarth.sethi443@example.com,7,7.47
samarth.sethi443@example.com,8,6.27
lakshmi.banik444@example.com,1,6.46
lakshmi.banik444@example.com,2,9.67
lakshmi.banik444@example.com,3,7.89
lakshmi.banik444@example.com,4,8.58
lakshmi.banik444@example.com,5,8.85
lakshmi.banik444@example.com,6,9.55
lakshmi.banik444@example.com,7,7.07
lakshmi.banik444@example.com,8,9.62
harini.prabhakar445@example.com,1,7.38
harini.prabhakar445@example.com,2,8.04
harini.prabhakar445@example.com,3,6.01
harini.prabhakar445@example.com,4,7.68
harini.prabhakar445@example.com,5,7.28
harini.prabhakar445@example.com,6,8.2
harini.prabhakar445@example.com,7,7.43
harini.prabhakar445@example.com,8,9.37
yamini.manne446@example.com,1,7.71
yamini.manne446@example.com,2,9.08
yamini.manne446@example.com,3,6.2
yamini.manne446@example.com,4,9.35
yamini.manne446@example.com,5,7.73
yamini.manne446@example.com,6,9.05
yamini.manne446@example.com,7,7.79
yamini.manne446@example.com,8,7.6
ansh.behl447@example.com,1,9.76
ansh.behl447@example.com,2,7.08
ansh.behl447@example.com,3,7.36
ansh.behl447@example.com,4,9.11
ansh.behl447@example.com,5,7.17
ansh.behl447@example.com,6,7.51
ansh.behl447@example.com,7,7.25
ansh.behl447@example.com,8,7.32
liam.gupta448@example.com,1,9.49
liam.gupta448@example.com,2,9.67
liam.gupta448@example.com,3,9.31
liam.gupta448@example.com,4,9.79
liam.gupta448@example.com,5,7.51
liam.gupta448@example.com,6,7.45
liam.gupta448@example.com,7,8.07
liam.gupta448@example.com,8,8.49
leela.mohan449@example.com,1,9.41
leela.mohan449@example.com,2,8.5
leela.mohan449@example.com,3,7.45
leela.mohan449@example.com,4,8.45
leela.mohan449@example.com,5,9.44
leela.mohan449@example.com,6,8.69
leela.mohan449@example.com,7,7.37
leela.mohan449@example.com,8,7.2
pahal.andra450@example.com,1,7.89
pahal.andra450@example.com,2,7.01
pahal.andra450@example.com,3,6.27
pahal.andra450@example.com,4,8.42
pahal.andra450@example.com,5,6.67
pahal.andra450@example.com,6,9.17
pahal.andra450@example.com,7,9.03
pahal.andra450@example.com,8,8.14
darsh.aggarwal451@example.com,1,7.12
darsh.aggarwal451@example.com,2,9.15
darsh.aggarwal451@example.com,3,6.22
darsh.aggarwal451@example.com,4,9.53
darsh.aggarwal451@example.com,5,9.1
darsh.aggarwal451@example.com,6,9.23
darsh.aggarwal451@example.com,7,6.94
darsh.aggarwal451@example.com,8,9.58
siya.gaba452@example.com,1,6.78
siya.gaba452@example.com,2,8.64
siya.gaba452@example.com,3,6.91
siya.gaba452@example.com,4,6.98
siya.gaba452@example.com,5,8.97
siya.gaba452@example.com,6,9.45
siya.gaba452@example.com,7,6.31
siya.gaba452@example.com,8,6.93
shivansh.sathe453@example.com,1,9.98
shivansh.sathe453@example.com,2,9.0
shivansh.sathe453@example.com,3,8.95
shivansh.sathe453@example.com,4,8.7
shivansh.sathe453@example.com,5,6.41
shivansh.sathe453@example.com,6,6.83
shivansh.sathe453@example.com,7,7.17
shivansh.sathe453@example.com,8,9.68
daksha.sane454@example.com,1,6.73
daksha.sane454@example.com,2,8.06
daksha.sane454@example.com,3,9.2
daksha.sane454@example.com,4,9.79
daksha.sane454@example.com,5,7.71
daksha.sane454@example.com,6,6.0
daksha.sane454@example.com,7,7.57
daksha.sane454@example.com,8,7.7
upasna.minhas455@example.com,1,6.81
upasna.minhas455@example.com,2,7.86
upasna.minhas455@example.com,3,7.23
upasna.minhas455@example.com,4,7.3
upasna.minhas455@example.com,5,9.25
upasna.minhas455@example.com,6,8.34
upasna.minhas455@example.com,7,6.6
upasna.minhas455@example.com,8,8.17
sanya.mutti456@example.com,1,7.59
sanya.mutti456@example.com,2,8.42
sanya.mutti456@example.com,3,7.38
sanya.mutti456@example.com,4,7.17
sanya.mutti456@example.com,5,7.54
sanya.mutti456@example.com,6,9.01
sanya.mutti456@example.com,7,6.24
sanya.mutti456@example.com,8,8.22
rudra.deol457@example.com,1,6.57
rudra.deol457@example.com,2,9.27
rudra.deol457@example.com,3,7.8
rudra.deol457@example.com,4,8.18
rudra.deol457@example.com,5,7.97
rudra.deol457@example.com,6,6.79
rudra.deol457@example.com,7,6.39
rudra.deol457@example.com,8,7.27
osha.soni458@example.com,1,9.74
osha.soni458@example.com,2,8.34
osha.soni458@example.com,3,7.19
osha.soni458@example.com,4,7.09
osha.soni458@example.com,5,6.11
osha.soni458@example.com,6,7.35
osha.soni458@example.com,7,9.95
osha.soni458@example.com,8,8.09
manthan.dasgupta459@example.com,1,6.08
manthan.dasgupta459@example.com,2,9.32
manthan.dasgupta459@example.com,3,7.22
manthan.dasgupta459@example.com,4,6.3
manthan.dasgupta459@example.com,5,6.76
manthan.dasgupta459@example.com,6,9.17
manthan.dasgupta459@example.com,7,7.66
manthan.dasgupta459@example.com,8,6.94
dalaja.ahuja460@example.com,1,9.31
dalaja.ahuja460@example.com,2,9.79
dalaja.ahuja460@example.com,3,7.99
dalaja.ahuja460@example.com,4,7.59
dalaja.ahuja460@example.com,5,6.23
dalaja.ahuja460@example.com,6,9.42
dalaja.ahuja460@example.com,7,9.42
dalaja.ahuja460@example.com,8,7.36
inaya.vora461@example.com,1,9.1
inaya.vora461@example.com,2,7.63
inaya.vora461@example.com,3,7.17
inaya.vora461@example.com,4,6.59
inaya.vora461@example.com,5,6.21
inaya.vora461@example.com,6,6.53
inaya.vora461@example.com,7,9.5
inaya.vora461@example.com,8,9.15
jagdish.radhakrishnan462@example.com,1,7.65
jagdish.radhakrishnan462@example.com,2,8.64
jagdish.radhakrishnan462@example.com,3,6.31
jagdish.radhakrishnan462@example.com,4,9.97
jagdish.radhakrishnan462@example.com,5,9.8
jagdish.radhakrishnan462@example.com,6,7.2
jagdish.radhakrishnan462@example.com,7,8.49
jagdish.radhakrishnan462@example.com,8,8.46
anya.kashyap463@example.com,1,9.09
anya.kashyap463@example.com,2,7.58
anya.kashyap463@example.com,3,7.31
anya.kashyap463@example.com,4,7.39
anya.kashyap463@example.com,5,7.51
anya.kashyap463@example.com,6,6.8
anya.kashyap463@example.com,7,8.75
anya.kashyap463@example.com,8,9.02
anvi.bajaj464@example.com,1,8.43
anvi.bajaj464@example.com,2,9.87
anvi.bajaj464@example.com,3,8.69
anvi.bajaj464@example.com,4,8.74
anvi.bajaj464@example.com,5,9.12
anvi.bajaj464@example.com,6,7.39
anvi.bajaj464@example.com,7,7.22
anvi.bajaj464@example.com,8,7.53
vedika.trivedi465@example.com,1,8.02
vedika.trivedi465@example.com,2,8.19
vedika.trivedi465@example.com,3,9.06
vedika.trivedi465@example.com,4,8.71
vedika.trivedi465@example.com,5,7.01
vedika.trivedi465@example.com,6,8.82
vedika.trivedi465@example.com,7,7.78
vedika.trivedi465@example.com,8,7.83
harrison.mandal466@example.com,1,7.82
harrison.mandal466@example.com,2,6.95
harrison.mandal466@example.com,3,6.83
harrison.mandal466@example.com,4,7.64
harrison.mandal466@example.com,5,6.08
harrison.mandal466@example.com,6,7.04
harrison.mandal466@example.com,7,6.96
harrison.mandal466@example.com,8,6.23
matthew.raman467@example.com,1,8.85
matthew.raman467@example.com,2,7.55
matthew.raman467@example.com,3,9.65
matthew.raman467@example.com,4,6.4
matthew.raman467@example.com,5,7.03
matthew.raman467@example.com,6,7.38
matthew.raman467@example.com,7,8.8
matthew.raman467@example.com,8,6.04
urvashi.kibe468@example.com,1,6.8
urvashi.kibe468@example.com,2,9.97
urvashi.kibe468@example.com,3,8.45
urvashi.kibe468@example.com,4,9.2
urvashi.kibe468@example.com,5,8.29
urvashi.kibe468@example.com,6,9.81
urvashi.kibe468@example.com,7,9.66
urvashi.kibe468@example.com,8,6.38
jhalak.sankaran469@example.com,1,6.83
jhalak.sankaran469@example.com,2,7.84
jhalak.sankaran469@example.com,3,7.99
jhalak.sankaran469@example.com,4,7.53
jhalak.sankaran469@example.com,5,7.98
jhalak.sankaran469@example.com,6,7.03
jhalak.sankaran469@example.com,7,9.61
jhalak.sankaran469@example.com,8,8.79
gagan.babu470@example.com,1,7.92
gagan.babu470@example.com,2,8.99
gagan.babu470@example.com,3,6.21
gagan.babu470@example.com,4,7.07
gagan.babu470@example.com,5,6.31
gagan.babu470@example.com,6,8.38
gagan.babu470@example.com,7,9.83
gagan.babu470@example.com,8,9.73
qadim.banerjee471@example.com,1,8.03
qadim.banerjee471@example.com,2,7.85
qadim.banerjee471@example.com,3,7.17
qadim.banerjee471@example.com,4,6.23
qadim.banerjee471@example.com,5,9.55
qadim.banerjee471@example.com,6,9.65
qadim.banerjee471@example.com,7,7.03
qadim.banerjee471@example.com,8,8.92
jackson.narayanan472@example.com,1,8.67
jackson.narayanan472@example.com,2,6.29
jackson.narayanan472@example.com,3,8.39
jackson.narayanan472@example.com,4,8.54
jackson.narayanan472@example.com,5,9.23
jackson.narayanan472@example.com,6,7.86
jackson.narayanan472@example.com,7,7.91
jackson.narayanan472@example.com,8,6.34
aradhana.dhar473@example.com,1,6.51
aradhana.dhar473@example.com,2,8.19
aradhana.dhar473@example.com,3,8.19
aradhana.dhar473@example.com,4,9.84
aradhana.dhar473@example.com,5,6.5
aradhana.dhar473@example.com,6,9.89
aradhana.dhar473@example.com,7,9.89
aradhana.dhar473@example.com,8,9.03
qadim.bath474@example.com,1,9.95
qadim.bath474@example.com,2,7.27
qadim.bath474@example.com,3,7.37
qadim.bath474@example.com,4,8.57
qadim.bath474@example.com,5,7.19
qadim.bath474@example.com,6,9.04
qadim.bath474@example.com,7,9.35
qadim.bath474@example.com,8,7.81
chandani.hayer475@example.com,1,6.8
chandani.hayer475@example.com,2,8.98
chandani.hayer475@example.com,3,9.17
chandani.hayer475@example.com,4,8.13
chandani.hayer475@example.com,5,8.08
chandani.hayer475@example.com,6,9.68
chandani.hayer475@example.com,7,8.12
chandani.hayer475@example.com,8,7.29
aadhya.gopal476@example.com,1,9.93
aadhya.gopal476@example.com,2,6.9
aadhya.gopal476@example.com,3,8.93
aadhya.gopal476@example.com,4,9.51
aadhya.gopal476@example.com,5,6.51
aadhya.gopal476@example.com,6,6.87
aadhya.gopal476@example.com,7,9.05
aadhya.gopal476@example.com,8,7.0
dipta.mander477@example.com,1,9.69
dipta.mander477@example.com,2,6.64
dipta.mander477@example.com,3,7.81
dipta.mander477@example.com,4,9.11
dipta.mander477@example.com,5,9.3
dipta.mander477@example.com,6,8.75
dipta.mander477@example.com,7,8.83
dipta.mander477@example.com,8,6.3
ekapad.radhakrishnan478@example.com,1,6.45
ekapad.radhakrishnan478@example.com,2,7.28
ekapad.radhakrishnan478@example.com,3,7.66
ekapad.radhakrishnan478@example.com,4,6.41
ekapad.radhakrishnan478@example.com,5,7.95
ekapad.radhakrishnan478@example.com,6,9.18
ekapad.radhakrishnan478@example.com,7,6.28
ekapad.radhakrishnan478@example.com,8,7.11
arunima.sankar479@example.com,1,8.71
arunima.sankar479@example.com,2,8.03
arunima.sankar479@example.com,3,6.04
arunima.sankar479@example.com,4,6.19
arunima.sankar479@example.com,5,9.48
arunima.sankar479@example.com,6,9.0
arunima.sankar479@example.com,7,8.76
arunima.sankar479@example.com,8,8.06
yutika.sandhu480@example.com,1,8.63
yutika.sandhu480@example.com,2,8.17
yutika.sandhu480@example.com,3,8.63
yutika.sandhu480@example.com,4,6.35
yutika.sandhu480@example.com,5,9.81
yutika.sandhu480@example.com,6,7.64
yutika.sandhu480@example.com,7,7.77
yutika.sandhu480@example.com,8,6.35
ekapad.ramachandran481@example.com,1,6.64
ekapad.ramachandran481@example.com,2,8.78
ekapad.ramachandran481@example.com,3,7.11
ekapad.ramachandran481@example.com,4,10.0
ekapad.ramachandran481@example.com,5,6.38
ekapad.ramachandran481@example.com,6,8.24
ekapad.ramachandran481@example.com,7,6.91
ekapad.ramachandran481@example.com,8,9.36
abha.talwar482@example.com,1,8.73
abha.talwar482@example.com,2,8.0
abha.talwar482@example.com,3,8.45
abha.talwar482@example.com,4,6.55
abha.talwar482@example.com,5,7.73
abha.talwar482@example.com,6,7.12
abha.talwar482@example.com,7,9.07
abha.talwar482@example.com,8,6.8
warda.mohanty483@example.com,1,6.94
warda.mohanty483@example.com,2,6.75
warda.mohanty483@example.com,3,9.92
warda.mohanty483@example.com,4,7.66
warda.mohanty483@example.com,5,9.68
warda.mohanty483@example.com,6,7.99
warda.mohanty483@example.com,7,8.18
warda.mohanty483@example.com,8,6.29
ikshita.bir484@example.com,1,9.2
ikshita.bir484@example.com,2,8.72
ikshita.bir484@example.com,3,6.85
ikshita.bir484@example.com,4,7.16
ikshita.bir484@example.com,5,7.64
ikshita.bir484@example.com,6,8.3
ikshita.bir484@example.com,7,8.09
ikshita.bir484@example.com,8,8.1
fitan.palla485@example.com,1,7.8
fitan.palla485@example.com,2,8.24
fitan.palla485@example.com,3,8.54
fitan.palla485@example.com,4,7.35
fitan.palla485@example.com,5,6.45
fitan.palla485@example.com,6,7.76
fitan.palla485@example.com,7,9.18
fitan.palla485@example.com,8,6.69
mugdha.ramachandran486@example.com,1,7.62
mugdha.ramachandran486@example.com,2,9.45
mugdha.ramachandran486@example.com,3,7.09
mugdha.ramachandran486@example.com,4,8.37
mugdha.ramachandran486@example.com,5,7.31
mugdha.ramachandran486@example.com,6,9.13
mugdha.ramachandran486@example.com,7,8.18
mugdha.ramachandran486@example.com,8,6.8
arya.sunder487@example.com,1,6.92
arya.sunder487@example.com,2,9.1
arya.sunder487@example.com,3,6.96
arya.sunder487@example.com,4,8.08
arya.sunder487@example.com,5,7.47
arya.sunder487@example.com,6,9.2
arya.sunder487@example.com,7,9.55
arya.sunder487@example.com,8,6.21
abha.grover488@example.com,1,6.59
abha.grover488@example.com,2,9.77
abha.grover488@example.com,3,7.39
abha.grover488@example.com,4,8.5
abha.grover488@example.com,5,6.64
abha.grover488@example.com,6,6.62
abha.grover488@example.com,7,7.52
abha.grover488@example.com,8,9.5
noah.agate489@example.com,1,7.47
noah.agate489@example.com,2,7.06
noah.agate489@example.com,3,7.46
noah.agate489@example.com,4,9.16
noah.agate489@example.com,5,8.5
noah.agate489@example.com,6,7.26
noah.agate489@example.com,7,7.13
noah.agate489@example.com,8,6.42
kamya.gour490@example.com,1,6.05
kamya.gour490@example.com,2,6.87
kamya.gour490@example.com,3,6.89
kamya.gour490@example.com,4,6.95
kamya.gour490@example.com,5,6.01
kamya.gour490@example.com,6,7.34
kamya.gour490@example.com,7,9.34
kamya.gour490@example.com,8,9.08
vivaan.shanker491@example.com,1,8.22
vivaan.shanker491@example.com,2,9.98
vivaan.shanker491@example.com,3,9.48
vivaan.shanker491@example.com,4,7.59
vivaan.shanker491@example.com,5,9.0
vivaan.shanker491@example.com,6,7.29
vivaan.shanker491@example.com,7,7.61
vivaan.shanker491@example.com,8,7.95
vritti.de492@example.com,1,8.02
vritti.de492@example.com,2,8.15
vritti.de492@example.com,3,9.57
vritti.de492@example.com,4,7.21
vritti.de492@example.com,5,6.68
vritti.de492@example.com,6,7.43
vritti.de492@example.com,7,7.6
vritti.de492@example.com,8,6.35
mohini.bal493@example.com,1,6.44
mohini.bal493@example.com,2,8.41
mohini.bal493@example.com,3,6.97
mohini.bal493@example.com,4,7.5
mohini.bal493@example.com,5,7.44
mohini.bal493@example.com,6,7.23
mohini.bal493@example.com,7,9.12
mohini.bal493@example.com,8,8.01
akshay.pandey494@example.com,1,8.24
akshay.pandey494@example.com,2,8.67
akshay.pandey494@example.com,3,8.22
akshay.pandey494@example.com,4,7.8
akshay.pandey494@example.com,5,8.08
akshay.pandey494@example.com,6,6.65
akshay.pandey494@example.com,7,6.32
akshay.pandey494@example.com,8,8.82
amrita.anne495@example.com,1,7.95
amrita.anne495@example.com,2,8.98
amrita.anne495@example.com,3,9.48
amrita.anne495@example.com,4,9.32
amrita.anne495@example.com,5,9.35
amrita.anne495@example.com,6,7.28
amrita.anne495@example.com,7,7.63
amrita.anne495@example.com,8,7.94
aradhana.more496@example.com,1,8.16
aradhana.more496@example.com,2,8.33
aradhana.more496@example.com,3,6.92
aradhana.more496@example.com,4,6.84
aradhana.more496@example.com,5,9.3
aradhana.more496@example.com,6,9.71
aradhana.more496@example.com,7,9.7
aradhana.more496@example.com,8,9.54
sanya.ram497@example.com,1,8.02
sanya.ram497@example.com,2,8.93
sanya.ram497@example.com,3,6.95
sanya.ram497@example.com,4,8.86
sanya.ram497@example.com,5,9.78
sanya.ram497@example.com,6,6.53
sanya.ram497@example.com,7,8.25
sanya.ram497@example.com,8,7.51
hemang.goyal498@example.com,1,8.89
hemang.goyal498@example.com,2,6.55
hemang.goyal498@example.com,3,6.86
hemang.goyal498@example.com,4,8.57
hemang.goyal498@example.com,5,6.52
hemang.goyal498@example.com,6,6.77
hemang.goyal498@example.com,7,7.0
hemang.goyal498@example.com,8,8.4
fariq.nayak499@example.com,1,7.92
fariq.nayak499@example.com,2,8.26
fariq.nayak499@example.com,3,7.87
fariq.nayak499@example.com,4,7.96
fariq.nayak499@example.com,5,9.25
fariq.nayak499@example.com,6,9.26
fariq.nayak499@example.com,7,8.28
fariq.nayak499@example.com,8,9.03
