id,drive_id,student_id,is_eligible,reason,status
1,1,1,False,Branch ECE not in allowed list,Excluded
2,1,2,True,Meets all eligibility criteria,Eligible
3,1,3,False,CGPA 5.64 below cutoff 7.01,Excluded
4,1,4,False,Branch CIVIL not in allowed list,Excluded
5,1,5,True,Meets all eligibility criteria,Eligible
6,1,6,False,Branch ECE not in allowed list; Has a prior offer; drive excludes already-placed students,Excluded
7,1,7,False,CGPA 5.94 below cutoff 7.01,Excluded
8,1,8,True,Meets all eligibility criteria,Eligible
9,1,9,False,Branch ECE not in allowed list,Excluded
10,1,10,False,CGPA 5.81 below cutoff 7.01; Branch ECE not in allowed list,Excluded
11,1,11,True,Meets all eligibility criteria,Eligible
12,1,12,False,CGPA 6.23 below cutoff 7.01; Branch CIVIL not in allowed list,Excluded
13,1,13,False,Branch CIVIL not in allowed list,Excluded
14,1,14,False,CGPA 6.6 below cutoff 7.01; Branch ECE not in allowed list,Excluded
15,1,15,False,CGPA 6.49 below cutoff 7.01,Excluded
16,1,16,True,Meets all eligibility criteria,Eligible
17,1,17,True,Meets all eligibility criteria,Eligible
18,1,18,True,Meets all eligibility criteria,Eligible
19,1,19,False,Branch CIVIL not in allowed list,Excluded
20,1,20,True,Meets all eligibility criteria,Eligible
21,1,21,True,Meets all eligibility criteria,Eligible
22,1,22,True,Meets all eligibility criteria,Eligible
23,1,23,True,Meets all eligibility criteria,Eligible
24,1,24,False,CGPA 6.02 below cutoff 7.01; Branch ECE not in allowed list; 2 backlogs exceeds max 1,Excluded
25,1,25,False,CGPA 6.82 below cutoff 7.01,Excluded
26,1,26,False,CGPA 6.69 below cutoff 7.01,Excluded
27,1,27,False,Branch CIVIL not in allowed list,Excluded
28,1,28,False,CGPA 6.19 below cutoff 7.01,Excluded
29,1,29,True,Meets all eligibility criteria,Eligible
30,1,30,True,Meets all eligibility criteria,Eligible
31,1,31,True,Meets all eligibility criteria,Eligible
32,1,32,False,Branch CIVIL not in allowed list,Excluded
33,1,33,False,CGPA 6.24 below cutoff 7.01,Excluded
34,1,34,False,Branch CIVIL not in allowed list,Excluded
35,1,35,False,Branch ECE not in allowed list,Excluded
36,1,36,False,Has a prior offer; drive excludes already-placed students,Excluded
37,1,37,True,Meets all eligibility criteria,Eligible
38,1,38,False,CGPA 5.76 below cutoff 7.01; Has a prior offer; drive excludes already-placed students,Excluded
39,1,39,False,CGPA 6.57 below cutoff 7.01,Excluded
40,1,40,True,Meets all eligibility criteria,Eligible
41,1,41,True,Meets all eligibility criteria,Eligible
42,1,42,False,Branch CIVIL not in allowed list,Excluded
43,1,43,True,Meets all eligibility criteria,Eligible
44,1,44,True,Meets all eligibility criteria,Eligible
45,1,45,True,Meets all eligibility criteria,Eligible
46,1,46,True,Meets all eligibility criteria,Eligible
47,1,47,False,3 backlogs exceeds max 1,Excluded
48,1,48,True,Meets all eligibility criteria,Eligible
49,1,49,True,Meets all eligibility criteria,Eligible
50,1,50,False,3 backlogs exceeds max 1,Excluded
51,1,51,False,CGPA 6.2 below cutoff 7.01,Excluded
52,1,52,False,CGPA 5.77 below cutoff 7.01,Excluded
53,1,53,False,Has a prior offer; drive excludes already-placed students,Excluded
54,1,54,False,CGPA 6.34 below cutoff 7.01; Branch CIVIL not in allowed list,Excluded
55,1,55,False,Has a prior offer; drive excludes already-placed students,Excluded
56,1,56,False,CGPA 5.87 below cutoff 7.01,Excluded
57,1,57,False,CGPA 6.67 below cutoff 7.01; Branch ECE not in allowed list,Excluded
58,1,58,False,CGPA 6.09 below cutoff 7.01,Excluded
59,1,59,True,Meets all eligibility criteria,Eligible
60,1,60,False,CGPA 5.83 below cutoff 7.01; Branch ECE not in allowed list,Excluded
61,1,61,False,Branch ECE not in allowed list,Excluded
62,1,62,True,Meets all eligibility criteria,Eligible
63,1,63,False,Branch CIVIL not in allowed list,Excluded
64,1,64,False,CGPA 6.1 below cutoff 7.01,Excluded
65,1,65,False,CGPA 6.73 below cutoff 7.01; Branch CIVIL not in allowed list,Excluded
66,1,66,True,Meets all eligibility criteria,Eligible
67,1,67,False,Has a prior offer; drive excludes already-placed students,Excluded
68,1,68,False,CGPA 7.0 below cutoff 7.01; Branch ECE not in allowed list,Excluded
69,1,69,False,Has a prior offer; drive excludes already-placed students,Excluded
70,1,70,False,2 backlogs exceeds max 1,Excluded
71,1,71,True,Meets all eligibility criteria,Eligible
72,1,72,True,Meets all eligibility criteria,Eligible
73,1,73,False,CGPA 6.62 below cutoff 7.01,Excluded
74,1,74,False,2 backlogs exceeds max 1,Excluded
75,1,75,False,2 backlogs exceeds max 1,Excluded
76,1,76,False,CGPA 6.99 below cutoff 7.01; Branch CIVIL not in allowed list; 2 backlogs exceeds max 1,Excluded
77,1,77,False,CGPA 6.7 below cutoff 7.01,Excluded
78,1,78,True,Meets all eligibility criteria,Eligible
79,1,79,True,Meets all eligibility criteria,Eligible
80,1,80,False,CGPA 6.98 below cutoff 7.01; Branch ECE not in allowed list,Excluded
81,1,81,False,3 backlogs exceeds max 1,Excluded
82,1,82,False,CGPA 6.02 below cutoff 7.01; 3 backlogs exceeds max 1,Excluded
83,1,83,False,CGPA 6.69 below cutoff 7.01,Excluded
84,1,84,False,CGPA 6.91 below cutoff 7.01,Excluded
85,1,85,False,Branch CIVIL not in allowed list; Has a prior offer; drive excludes already-placed students,Excluded
86,1,86,False,Branch CIVIL not in allowed list,Excluded
87,1,87,False,CGPA 6.39 below cutoff 7.01; Branch CIVIL not in allowed list,Excluded
88,1,88,False,Branch ECE not in allowed list,Excluded
89,1,89,False,Branch ECE not in allowed list,Excluded
90,1,90,False,Branch CIVIL not in allowed list; 2 backlogs exceeds max 1,Excluded
91,1,91,True,Meets all eligibility criteria,Eligible
92,1,92,False,CGPA 6.45 below cutoff 7.01,Excluded
93,1,93,True,Meets all eligibility criteria,Eligible
94,1,94,False,Branch CIVIL not in allowed list,Excluded
95,1,95,True,Meets all eligibility criteria,Eligible
96,1,96,False,CGPA 6.51 below cutoff 7.01,Excluded
97,1,97,True,Meets all eligibility criteria,Eligible
98,1,98,False,Branch CIVIL not in allowed list,Excluded
99,1,99,False,CGPA 6.6 below cutoff 7.01,Excluded
100,1,100,False,CGPA 6.48 below cutoff 7.01; Branch CIVIL not in allowed list,Excluded
101,1,101,False,2 backlogs exceeds max 1,Excluded
102,1,102,True,Meets all eligibility criteria,Eligible
103,1,103,False,Branch CIVIL not in allowed list,Excluded
104,1,104,True,Meets all eligibility criteria,Eligible
105,1,105,False,Branch CIVIL not in allowed list,Excluded
106,1,106,False,Branch ECE not in allowed list; Has a prior offer; drive excludes already-placed students,Excluded
107,1,107,False,CGPA 6.79 below cutoff 7.01; Branch ECE not in allowed list; Has a prior offer; drive excludes already-placed students,Excluded
108,1,108,False,CGPA 6.18 below cutoff 7.01,Excluded
109,1,109,False,Has a prior offer; drive excludes already-placed students,Excluded
110,1,110,False,Has a prior offer; drive excludes already-placed students,Excluded
111,1,111,True,Meets all eligibility criteria,Eligible
112,1,112,False,CGPA 6.84 below cutoff 7.01,Excluded
113,1,113,True,Meets all eligibility criteria,Eligible
114,1,114,False,Branch ECE not in allowed list,Excluded
115,1,115,True,Meets all eligibility criteria,Eligible
116,1,116,False,2 backlogs exceeds max 1,Excluded
117,1,117,False,CGPA 5.88 below cutoff 7.01; Has a prior offer; drive excludes already-placed students,Excluded
118,1,118,False,Branch ECE not in allowed list,Excluded
119,1,119,True,Meets all eligibility criteria,Eligible
120,1,120,True,Meets all eligibility criteria,Eligible
121,1,121,False,CGPA 5.81 below cutoff 7.01; 2 backlogs exceeds max 1,Excluded
122,1,122,False,CGPA 6.4 below cutoff 7.01,Excluded
123,1,123,True,Meets all eligibility criteria,Eligible
124,1,124,True,Meets all eligibility criteria,Eligible
125,1,125,False,Branch ECE not in allowed list,Excluded
126,1,126,True,Meets all eligibility criteria,Eligible
127,1,127,False,CGPA 6.39 below cutoff 7.01; Branch CIVIL not in allowed list; Has a prior offer; drive excludes already-placed students,Excluded
128,1,128,True,Meets all eligibility criteria,Eligible
129,1,129,True,Meets all eligibility criteria,Eligible
130,1,130,False,CGPA 5.81 below cutoff 7.01,Excluded
131,1,131,False,CGPA 5.97 below cutoff 7.01; Branch CIVIL not in allowed list; 3 backlogs exceeds max 1,Excluded
132,1,132,False,Branch CIVIL not in allowed list,Excluded
133,1,133,True,Meets all eligibility criteria,Eligible
134,1,134,True,Meets all eligibility criteria,Eligible
135,1,135,True,Meets all eligibility criteria,Eligible
136,1,136,False,Branch ECE not in allowed list,Excluded
137,1,137,False,Branch ECE not in allowed list,Excluded
138,1,138,False,CGPA 6.74 below cutoff 7.01,Excluded
139,1,139,True,Meets all eligibility criteria,Eligible
140,1,140,True,Meets all eligibility criteria,Eligible
141,1,141,False,Branch CIVIL not in allowed list,Excluded
142,1,142,False,Branch CIVIL not in allowed list,Excluded
143,1,143,False,Branch ECE not in allowed list,Excluded
144,1,144,False,CGPA 6.37 below cutoff 7.01,Excluded
145,1,145,False,CGPA 6.47 below cutoff 7.01; Branch CIVIL not in allowed list,Excluded
146,1,146,True,Meets all eligibility criteria,Eligible
147,1,147,False,Branch CIVIL not in allowed list,Excluded
148,1,148,False,CGPA 5.7 below cutoff 7.01; Branch ECE not in allowed list,Excluded
149,1,149,True,Meets all eligibility criteria,Eligible
150,1,150,True,Meets all eligibility criteria,Eligible
151,1,151,True,Meets all eligibility criteria,Eligible
152,1,152,True,Meets all eligibility criteria,Eligible
153,1,153,True,Meets all eligibility criteria,Eligible
154,1,154,True,Meets all eligibility criteria,Eligible
155,1,155,False,Branch ECE not in allowed list; 2 backlogs exceeds max 1,Excluded
156,1,156,False,CGPA 6.87 below cutoff 7.01; Has a prior offer; drive excludes already-placed students,Excluded
157,1,157,False,Branch ECE not in allowed list; Has a prior offer; drive excludes already-placed students,Excluded
158,1,158,False,CGPA 6.58 below cutoff 7.01,Excluded
159,1,159,True,Meets all eligibility criteria,Eligible
160,1,160,False,CGPA 6.77 below cutoff 7.01,Excluded
161,1,161,False,CGPA 6.69 below cutoff 7.01,Excluded
162,1,162,False,CGPA 6.39 below cutoff 7.01,Excluded
163,1,163,False,CGPA 6.7 below cutoff 7.01,Excluded
164,1,164,False,Branch ECE not in allowed list,Excluded
165,1,165,False,Branch ECE not in allowed list,Excluded
166,1,166,True,Meets all eligibility criteria,Eligible
167,1,167,False,CGPA 6.63 below cutoff 7.01; Branch CIVIL not in allowed list,Excluded
168,1,168,False,CGPA 5.59 below cutoff 7.01; Branch ECE not in allowed list; Has a prior offer; drive excludes already-placed students,Excluded
169,1,169,False,Branch CIVIL not in allowed list,Excluded
170,1,170,False,CGPA 6.32 below cutoff 7.01; Branch CIVIL not in allowed list,Excluded
171,1,171,False,Branch ECE not in allowed list; Has a prior offer; drive excludes already-placed students,Excluded
172,1,172,False,CGPA 6.22 below cutoff 7.01,Excluded
173,1,173,False,Has a prior offer; drive excludes already-placed students,Excluded
174,1,174,False,CGPA 6.64 below cutoff 7.01,Excluded
175,1,175,False,CGPA 5.51 below cutoff 7.01; Has a prior offer; drive excludes already-placed students,Excluded
176,1,176,True,Meets all eligibility criteria,Eligible
177,1,177,False,CGPA 5.73 below cutoff 7.01,Excluded
178,1,178,False,Branch CIVIL not in allowed list,Excluded
179,1,179,True,Meets all eligibility criteria,Eligible
180,1,180,False,CGPA 6.51 below cutoff 7.01,Excluded
181,1,181,False,Branch CIVIL not in allowed list,Excluded
182,1,182,False,CGPA 6.73 below cutoff 7.01,Excluded
183,1,183,False,CGPA 6.15 below cutoff 7.01,Excluded
184,1,184,False,CGPA 6.11 below cutoff 7.01,Excluded
185,1,185,False,Branch ECE not in allowed list,Excluded
186,1,186,False,3 backlogs exceeds max 1,Excluded
187,1,187,True,Meets all eligibility criteria,Eligible
188,1,188,False,CGPA 6.95 below cutoff 7.01; Branch CIVIL not in allowed list,Excluded
189,1,189,False,CGPA 6.55 below cutoff 7.01,Excluded
190,1,190,True,Meets all eligibility criteria,Eligible
191,1,191,True,Meets all eligibility criteria,Eligible
192,1,192,True,Meets all eligibility criteria,Eligible
193,1,193,True,Meets all eligibility criteria,Eligible
194,1,194,False,CGPA 5.84 below cutoff 7.01; Branch ECE not in allowed list,Excluded
195,1,195,False,Branch ECE not in allowed list,Excluded
196,1,196,False,Branch CIVIL not in allowed list,Excluded
197,1,197,False,CGPA 5.66 below cutoff 7.01; Branch CIVIL not in allowed list,Excluded
198,1,198,True,Meets all eligibility criteria,Eligible
199,1,199,True,Meets all eligibility criteria,Eligible
200,1,200,False,CGPA 5.63 below cutoff 7.01,Excluded
201,1,201,True,Meets all eligibility criteria,Eligible
202,1,202,False,CGPA 6.31 below cutoff 7.01,Excluded
203,1,203,False,CGPA 6.58 below cutoff 7.01; 2 backlogs exceeds max 1,Excluded
204,1,204,False,CGPA 6.64 below cutoff 7.01,Excluded
205,1,205,True,Meets all eligibility criteria,Eligible
206,1,206,False,CGPA 6.85 below cutoff 7.01; Branch CIVIL not in allowed list; 3 backlogs exceeds max 1,Excluded
207,1,207,False,CGPA 6.86 below cutoff 7.01; 3 backlogs exceeds max 1,Excluded
208,1,208,False,Branch CIVIL not in allowed list; Has a prior offer; drive excludes already-placed students,Excluded
209,1,209,True,Meets all eligibility criteria,Eligible
210,1,210,False,3 backlogs exceeds max 1,Excluded
211,1,211,True,Meets all eligibility criteria,Eligible
212,1,212,False,CGPA 6.49 below cutoff 7.01; Branch ECE not in allowed list,Excluded
213,1,213,False,Has a prior offer; drive excludes already-placed students,Excluded
214,1,214,True,Meets all eligibility criteria,Eligible
215,1,215,False,Branch ECE not in allowed list,Excluded
216,1,216,False,CGPA 6.29 below cutoff 7.01,Excluded
217,1,217,False,Branch ECE not in allowed list,Excluded
218,1,218,False,CGPA 6.83 below cutoff 7.01,Excluded
219,1,219,False,CGPA 6.13 below cutoff 7.01; Branch CIVIL not in allowed list; 3 backlogs exceeds max 1,Excluded
220,1,220,False,Has a prior offer; drive excludes already-placed students,Excluded
221,1,221,True,Meets all eligibility criteria,Eligible
222,1,222,True,Meets all eligibility criteria,Eligible
223,1,223,False,CGPA 5.99 below cutoff 7.01,Excluded
224,1,224,False,2 backlogs exceeds max 1; Has a prior offer; drive excludes already-placed students,Excluded
225,1,225,False,Branch ECE not in allowed list; 2 backlogs exceeds max 1,Excluded
226,1,226,False,CGPA 6.13 below cutoff 7.01; Branch ECE not in allowed list; 2 backlogs exceeds max 1; Has a prior offer; drive excludes already-placed students,Excluded
227,1,227,False,CGPA 6.56 below cutoff 7.01,Excluded
228,1,228,True,Meets all eligibility criteria,Eligible
229,1,229,False,Branch CIVIL not in allowed list; 2 backlogs exceeds max 1,Excluded
230,1,230,False,Branch ECE not in allowed list; 2 backlogs exceeds max 1,Excluded
231,1,231,False,CGPA 6.48 below cutoff 7.01; Has a prior offer; drive excludes already-placed students,Excluded
232,1,232,False,Branch CIVIL not in allowed list; Has a prior offer; drive excludes already-placed students,Excluded
233,1,233,False,CGPA 6.74 below cutoff 7.01; 3 backlogs exceeds max 1,Excluded
234,1,234,True,Meets all eligibility criteria,Eligible
235,1,235,False,CGPA 6.6 below cutoff 7.01; Has a prior offer; drive excludes already-placed students,Excluded
236,1,236,True,Meets all eligibility criteria,Eligible
237,1,237,False,CGPA 6.16 below cutoff 7.01; 2 backlogs exceeds max 1,Excluded
238,1,238,False,CGPA 6.15 below cutoff 7.01; Branch ECE not in allowed list; Has a prior offer; drive excludes already-placed students,Excluded
239,1,239,False,Branch ECE not in allowed list,Excluded
240,1,240,False,CGPA 5.57 below cutoff 7.01,Excluded
241,1,241,False,CGPA 6.01 below cutoff 7.01,Excluded
242,1,242,False,CGPA 5.99 below cutoff 7.01,Excluded
243,1,243,False,Branch ECE not in allowed list,Excluded
244,1,244,False,CGPA 5.64 below cutoff 7.01; 3 backlogs exceeds max 1,Excluded
245,1,245,False,2 backlogs exceeds max 1,Excluded
246,1,246,False,CGPA 6.17 below cutoff 7.01,Excluded
247,1,247,True,Meets all eligibility criteria,Eligible
248,1,248,False,Branch CIVIL not in allowed list,Excluded
249,1,249,False,Branch CIVIL not in allowed list,Excluded
250,1,250,True,Meets all eligibility criteria,Eligible
251,1,251,False,CGPA 5.93 below cutoff 7.01; Branch CIVIL not in allowed list,Excluded
252,1,252,False,CGPA 6.19 below cutoff 7.01; 2 backlogs exceeds max 1,Excluded
253,1,253,False,CGPA 5.92 below cutoff 7.01; Branch CIVIL not in allowed list,Excluded
254,1,254,True,Meets all eligibility criteria,Eligible
255,1,255,False,CGPA 6.05 below cutoff 7.01; Branch CIVIL not in allowed list,Excluded
256,1,256,False,3 backlogs exceeds max 1,Excluded
257,1,257,False,Branch CIVIL not in allowed list,Excluded
258,1,258,False,CGPA 5.99 below cutoff 7.01; Branch ECE not in allowed list,Excluded
259,1,259,True,Meets all eligibility criteria,Eligible
260,1,260,False,Branch CIVIL not in allowed list,Excluded
261,1,261,False,CGPA 6.31 below cutoff 7.01; Branch ECE not in allowed list,Excluded
262,1,262,False,CGPA 6.32 below cutoff 7.01; Branch CIVIL not in allowed list; Has a prior offer; drive excludes already-placed students,Excluded
263,1,263,False,3 backlogs exceeds max 1,Excluded
264,1,264,True,Meets all eligibility criteria,Eligible
265,1,265,False,CGPA 6.96 below cutoff 7.01; 2 backlogs exceeds max 1,Excluded
266,1,266,False,CGPA 6.2 below cutoff 7.01; Has a prior offer; drive excludes already-placed students,Excluded
267,1,267,True,Meets all eligibility criteria,Eligible
268,1,268,False,CGPA 6.47 below cutoff 7.01; Branch ECE not in allowed list; Has a prior offer; drive excludes already-placed students,Excluded
269,1,269,True,Meets all eligibility criteria,Eligible
270,1,270,False,CGPA 6.49 below cutoff 7.01; 3 backlogs exceeds max 1,Excluded
271,1,271,False,Branch ECE not in allowed list,Excluded
272,1,272,False,CGPA 5.53 below cutoff 7.01,Excluded
273,1,273,False,Branch CIVIL not in allowed list; Has a prior offer; drive excludes already-placed students,Excluded
274,1,274,True,Meets all eligibility criteria,Eligible
275,1,275,True,Meets all eligibility criteria,Eligible
276,1,276,True,Meets all eligibility criteria,Eligible
277,1,277,False,Branch CIVIL not in allowed list; Has a prior offer; drive excludes already-placed students,Excluded
278,1,278,True,Meets all eligibility criteria,Eligible
279,1,279,False,Branch ECE not in allowed list,Excluded
280,1,280,False,CGPA 6.26 below cutoff 7.01,Excluded
281,1,281,False,Branch CIVIL not in allowed list,Excluded
282,1,282,False,CGPA 6.56 below cutoff 7.01,Excluded
283,1,283,True,Meets all eligibility criteria,Eligible
284,1,284,True,Meets all eligibility criteria,Eligible
285,1,285,True,Meets all eligibility criteria,Eligible
286,1,286,True,Meets all eligibility criteria,Eligible
287,1,287,False,CGPA 6.86 below cutoff 7.01,Excluded
288,1,288,False,CGPA 6.9 below cutoff 7.01,Excluded
289,1,289,False,CGPA 5.85 below cutoff 7.01,Excluded
290,1,290,False,Branch CIVIL not in allowed list,Excluded
291,1,291,False,Branch ECE not in allowed list,Excluded
292,1,292,False,CGPA 6.18 below cutoff 7.01,Excluded
293,1,293,False,CGPA 5.88 below cutoff 7.01,Excluded
294,1,294,True,Meets all eligibility criteria,Eligible
295,1,295,False,Branch ECE not in allowed list,Excluded
296,1,296,False,Has a prior offer; drive excludes already-placed students,Excluded
297,1,297,False,Branch CIVIL not in allowed list,Excluded
298,1,298,True,Meets all eligibility criteria,Eligible
299,1,299,False,Branch CIVIL not in allowed list,Excluded
300,1,300,False,CGPA 6.08 below cutoff 7.01,Excluded
301,1,301,True,Meets all eligibility criteria,Eligible
302,1,302,False,3 backlogs exceeds max 1,Excluded
303,1,303,False,Branch ECE not in allowed list,Excluded
304,1,304,False,CGPA 6.46 below cutoff 7.01; 2 backlogs exceeds max 1,Excluded
305,1,305,False,CGPA 6.12 below cutoff 7.01,Excluded
306,1,306,False,2 backlogs exceeds max 1,Excluded
307,1,307,True,Meets all eligibility criteria,Eligible
308,1,308,True,Meets all eligibility criteria,Eligible
309,1,309,True,Meets all eligibility criteria,Eligible
310,1,310,True,Meets all eligibility criteria,Eligible
311,1,311,True,Meets all eligibility criteria,Eligible
312,1,312,False,Branch ECE not in allowed list,Excluded
313,1,313,True,Meets all eligibility criteria,Eligible
314,1,314,False,CGPA 6.63 below cutoff 7.01; Branch ECE not in allowed list,Excluded
315,1,315,False,Has a prior offer; drive excludes already-placed students,Excluded
316,1,316,False,CGPA 6.22 below cutoff 7.01,Excluded
317,1,317,False,CGPA 5.91 below cutoff 7.01; 2 backlogs exceeds max 1,Excluded
318,1,318,False,Branch ECE not in allowed list,Excluded
319,1,319,False,CGPA 5.87 below cutoff 7.01; Branch ECE not in allowed list,Excluded
320,1,320,True,Meets all eligibility criteria,Eligible
321,1,321,True,Meets all eligibility criteria,Eligible
322,1,322,False,2 backlogs exceeds max 1,Excluded
323,1,323,False,CGPA 6.17 below cutoff 7.01; 2 backlogs exceeds max 1,Excluded
324,1,324,True,Meets all eligibility criteria,Eligible
325,1,325,True,Meets all eligibility criteria,Eligible
326,1,326,False,Branch CIVIL not in allowed list,Excluded
327,1,327,True,Meets all eligibility criteria,Eligible
328,1,328,False,Branch CIVIL not in allowed list,Excluded
329,1,329,False,2 backlogs exceeds max 1,Excluded
330,1,330,True,Meets all eligibility criteria,Eligible
331,1,331,True,Meets all eligibility criteria,Eligible
332,1,332,False,Branch CIVIL not in allowed list,Excluded
333,1,333,True,Meets all eligibility criteria,Eligible
334,1,334,False,Branch CIVIL not in allowed list,Excluded
335,1,335,True,Meets all eligibility criteria,Eligible
336,1,336,True,Meets all eligibility criteria,Eligible
337,1,337,False,Branch ECE not in allowed list,Excluded
338,1,338,True,Meets all eligibility criteria,Eligible
339,1,339,False,Branch CIVIL not in allowed list,Excluded
340,1,340,True,Meets all eligibility criteria,Eligible
341,1,341,True,Meets all eligibility criteria,Eligible
342,1,342,False,Branch ECE not in allowed list,Excluded
343,1,343,False,CGPA 5.86 below cutoff 7.01,Excluded
344,1,344,False,CGPA 5.96 below cutoff 7.01; Branch ECE not in allowed list,Excluded
345,1,345,True,Meets all eligibility criteria,Eligible
346,1,346,False,2 backlogs exceeds max 1,Excluded
347,1,347,False,2 backlogs exceeds max 1,Excluded
348,1,348,False,Branch CIVIL not in allowed list,Excluded
349,1,349,False,CGPA 6.14 below cutoff 7.01,Excluded
350,1,350,False,CGPA 6.56 below cutoff 7.01; Branch ECE not in allowed list,Excluded
351,1,351,False,CGPA 5.65 below cutoff 7.01,Excluded
352,1,352,True,Meets all eligibility criteria,Eligible
353,1,353,True,Meets all eligibility criteria,Eligible
354,1,354,True,Meets all eligibility criteria,Eligible
355,1,355,False,CGPA 6.67 below cutoff 7.01,Excluded
356,1,356,True,Meets all eligibility criteria,Eligible
357,1,357,True,Meets all eligibility criteria,Eligible
358,1,358,False,Branch CIVIL not in allowed list,Excluded
359,1,359,False,CGPA 6.81 below cutoff 7.01,Excluded
360,1,360,False,Branch ECE not in allowed list,Excluded
361,1,361,False,Has a prior offer; drive excludes already-placed students,Excluded
362,1,362,True,Meets all eligibility criteria,Eligible
363,1,363,False,CGPA 5.89 below cutoff 7.01; Branch CIVIL not in allowed list,Excluded
364,1,364,True,Meets all eligibility criteria,Eligible
365,1,365,False,CGPA 6.93 below cutoff 7.01,Excluded
366,1,366,False,CGPA 6.08 below cutoff 7.01,Excluded
367,1,367,True,Meets all eligibility criteria,Eligible
368,1,368,True,Meets all eligibility criteria,Eligible
369,1,369,False,CGPA 6.51 below cutoff 7.01; 2 backlogs exceeds max 1,Excluded
370,1,370,False,CGPA 6.63 below cutoff 7.01,Excluded
371,1,371,False,CGPA 6.86 below cutoff 7.01,Excluded
372,1,372,False,Branch CIVIL not in allowed list,Excluded
373,1,373,True,Meets all eligibility criteria,Eligible
374,1,374,False,CGPA 5.63 below cutoff 7.01; Branch CIVIL not in allowed list,Excluded
375,1,375,False,CGPA 6.45 below cutoff 7.01; Has a prior offer; drive excludes already-placed students,Excluded
376,1,376,False,Branch CIVIL not in allowed list,Excluded
377,1,377,False,Branch ECE not in allowed list; Has a prior offer; drive excludes already-placed students,Excluded
378,1,378,False,CGPA 5.77 below cutoff 7.01,Excluded
379,1,379,False,Branch CIVIL not in allowed list,Excluded
380,1,380,False,3 backlogs exceeds max 1,Excluded
381,1,381,False,CGPA 5.98 below cutoff 7.01,Excluded
382,1,382,False,CGPA 6.13 below cutoff 7.01,Excluded
383,1,383,False,Branch ECE not in allowed list; 2 backlogs exceeds max 1,Excluded
384,1,384,False,CGPA 6.35 below cutoff 7.01,Excluded
385,1,385,False,CGPA 6.89 below cutoff 7.01,Excluded
386,1,386,False,CGPA 6.58 below cutoff 7.01,Excluded
387,1,387,False,Branch CIVIL not in allowed list,Excluded
388,1,388,False,CGPA 5.54 below cutoff 7.01,Excluded
389,1,389,True,Meets all eligibility criteria,Eligible
390,1,390,False,CGPA 6.38 below cutoff 7.01,Excluded
391,1,391,True,Meets all eligibility criteria,Eligible
392,1,392,False,CGPA 6.08 below cutoff 7.01; Branch ECE not in allowed list,Excluded
393,1,393,True,Meets all eligibility criteria,Flagged
394,1,394,False,CGPA 5.68 below cutoff 7.01; Branch CIVIL not in allowed list,Excluded
395,1,395,True,Meets all eligibility criteria,Eligible
396,1,396,True,Meets all eligibility criteria,Eligible
397,1,397,True,Meets all eligibility criteria,Eligible
398,1,398,True,Meets all eligibility criteria,Eligible
399,1,399,False,CGPA 5.99 below cutoff 7.01; Branch ECE not in allowed list,Excluded
400,1,400,False,Branch ECE not in allowed list,Excluded
401,1,401,False,Branch CIVIL not in allowed list,Excluded
402,1,402,False,CGPA 6.27 below cutoff 7.01,Excluded
403,1,403,False,Branch CIVIL not in allowed list,Excluded
404,1,404,True,Meets all eligibility criteria,Eligible
405,1,405,True,Meets all eligibility criteria,Eligible
406,1,406,True,Meets all eligibility criteria,Eligible
407,1,407,True,Meets all eligibility criteria,Eligible
408,1,408,False,Branch CIVIL not in allowed list,Excluded
409,1,409,True,Meets all eligibility criteria,Eligible
410,1,410,False,CGPA 6.84 below cutoff 7.01; Branch ECE not in allowed list; 2 backlogs exceeds max 1,Excluded
411,1,411,True,Meets all eligibility criteria,Eligible
412,1,412,False,Branch ECE not in allowed list,Excluded
413,1,413,False,2 backlogs exceeds max 1,Excluded
414,1,414,False,Branch ECE not in allowed list; Has a prior offer; drive excludes already-placed students,Excluded
415,1,415,False,Branch CIVIL not in allowed list,Excluded
416,1,416,True,Meets all eligibility criteria,Eligible
417,1,417,False,CGPA 5.99 below cutoff 7.01; Has a prior offer; drive excludes already-placed students,Excluded
418,1,418,False,Has a prior offer; drive excludes already-placed students,Excluded
419,1,419,False,CGPA 6.99 below cutoff 7.01; Branch CIVIL not in allowed list; Has a prior offer; drive excludes already-placed students,Excluded
420,1,420,False,2 backlogs exceeds max 1,Excluded
421,1,421,True,Meets all eligibility criteria,Eligible
422,1,422,False,2 backlogs exceeds max 1,Excluded
423,1,423,True,Meets all eligibility criteria,Eligible
424,1,424,False,2 backlogs exceeds max 1,Excluded
425,1,425,False,CGPA 6.34 below cutoff 7.01; Branch ECE not in allowed list; Has a prior offer; drive excludes already-placed students,Excluded
426,1,426,False,Branch ECE not in allowed list,Excluded
427,1,427,True,Meets all eligibility criteria,Eligible
428,1,428,False,CGPA 6.37 below cutoff 7.01,Excluded
429,1,429,False,CGPA 6.66 below cutoff 7.01; Branch CIVIL not in allowed list,Excluded
430,1,430,True,Meets all eligibility criteria,Eligible
431,1,431,False,Has a prior offer; drive excludes already-placed students,Excluded
432,1,432,True,Meets all eligibility criteria,Eligible
433,1,433,False,CGPA 6.62 below cutoff 7.01,Excluded
434,1,434,False,Branch CIVIL not in allowed list; Has a prior offer; drive excludes already-placed students,Excluded
435,1,435,False,Has a prior offer; drive excludes already-placed students,Excluded
436,1,436,False,CGPA 6.88 below cutoff 7.01,Excluded
437,1,437,False,Branch ECE not in allowed list,Excluded
438,1,438,False,CGPA 6.49 below cutoff 7.01,Excluded
439,1,439,True,Meets all eligibility criteria,Eligible
440,1,440,True,Meets all eligibility criteria,Eligible
441,1,441,True,Meets all eligibility criteria,Eligible
442,1,442,False,CGPA 5.85 below cutoff 7.01,Excluded
443,1,443,False,CGPA 6.41 below cutoff 7.01,Excluded
444,1,444,False,Branch CIVIL not in allowed list,Excluded
445,1,445,True,Meets all eligibility criteria,Eligible
446,1,446,True,Meets all eligibility criteria,Eligible
447,1,447,False,CGPA 6.89 below cutoff 7.01; Branch ECE not in allowed list,Excluded
448,1,448,False,Branch ECE not in allowed list; Has a prior offer; drive excludes already-placed students,Excluded
449,1,449,False,2 backlogs exceeds max 1; Has a prior offer; drive excludes already-placed students,Excluded
450,1,450,False,Branch CIVIL not in allowed list,Excluded
451,1,451,False,3 backlogs exceeds max 1,Excluded
452,1,452,False,Branch CIVIL not in allowed list,Excluded
453,1,453,False,CGPA 6.1 below cutoff 7.01,Excluded
454,1,454,True,Meets all eligibility criteria,Eligible
455,1,455,False,Branch CIVIL not in allowed list,Excluded
456,1,456,True,Meets all eligibility criteria,Eligible
457,1,457,False,CGPA 6.35 below cutoff 7.01,Excluded
458,1,458,True,Meets all eligibility criteria,Eligible
459,1,459,False,CGPA 5.95 below cutoff 7.01,Excluded
460,1,460,False,CGPA 5.72 below cutoff 7.01,Excluded
461,1,461,False,CGPA 6.48 below cutoff 7.01,Excluded
462,1,462,False,CGPA 6.8 below cutoff 7.01; Branch CIVIL not in allowed list,Excluded
463,1,463,False,Branch ECE not in allowed list,Excluded
464,1,464,False,CGPA 6.14 below cutoff 7.01,Excluded
465,1,465,False,CGPA 5.77 below cutoff 7.01; Branch CIVIL not in allowed list; 2 backlogs exceeds max 1,Excluded
466,1,466,False,Branch ECE not in allowed list,Excluded
467,1,467,True,Meets all eligibility criteria,Eligible
468,1,468,True,Meets all eligibility criteria,Eligible
469,1,469,False,CGPA 6.85 below cutoff 7.01,Excluded
470,1,470,True,Meets all eligibility criteria,Eligible
471,1,471,False,CGPA 6.42 below cutoff 7.01; Has a prior offer; drive excludes already-placed students,Excluded
472,1,472,False,Branch ECE not in allowed list,Excluded
473,1,473,True,Meets all eligibility criteria,Eligible
474,1,474,False,Branch ECE not in allowed list,Excluded
475,1,475,False,CGPA 5.57 below cutoff 7.01; Branch CIVIL not in allowed list; 2 backlogs exceeds max 1,Excluded
476,1,476,False,Branch CIVIL not in allowed list; 2 backlogs exceeds max 1,Excluded
477,1,477,False,Branch ECE not in allowed list,Excluded
478,1,478,False,Branch ECE not in allowed list,Excluded
479,1,479,False,Branch CIVIL not in allowed list,Excluded
480,1,480,False,CGPA 6.94 below cutoff 7.01; Branch ECE not in allowed list; Has a prior offer; drive excludes already-placed students,Excluded
481,1,481,True,Meets all eligibility criteria,Eligible
482,1,482,False,Branch ECE not in allowed list,Excluded
483,1,483,False,CGPA 6.54 below cutoff 7.01,Excluded
484,1,484,True,Meets all eligibility criteria,Eligible
485,1,485,False,Branch ECE not in allowed list,Excluded
486,1,486,True,Meets all eligibility criteria,Eligible
487,1,487,False,Has a prior offer; drive excludes already-placed students,Excluded
488,1,488,False,CGPA 5.53 below cutoff 7.01; Branch CIVIL not in allowed list; Has a prior offer; drive excludes already-placed students,Excluded
489,1,489,False,CGPA 6.18 below cutoff 7.01; Has a prior offer; drive excludes already-placed students,Excluded
490,1,490,False,2 backlogs exceeds max 1,Excluded
491,1,491,False,CGPA 5.53 below cutoff 7.01,Excluded
492,1,492,False,CGPA 6.74 below cutoff 7.01; 3 backlogs exceeds max 1,Excluded
493,1,493,True,Meets all eligibility criteria,Eligible
494,1,494,True,Meets all eligibility criteria,Eligible
495,1,495,True,Meets all eligibility criteria,Flagged
496,1,496,False,Branch CIVIL not in allowed list,Excluded
497,1,497,False,Branch CIVIL not in allowed list; Has a prior offer; drive excludes already-placed students,Excluded
498,1,498,False,Has a prior offer; drive excludes already-placed students,Excluded
499,1,499,False,CGPA 6.27 below cutoff 7.01,Excluded
500,1,500,True,Meets all eligibility criteria,Eligible
501,2,1,True,Meets all eligibility criteria,Eligible
502,2,2,True,Meets all eligibility criteria,Eligible
503,2,3,False,CGPA 5.64 below cutoff 8.11,Excluded
504,2,4,False,CGPA 8.03 below cutoff 8.11; Branch CIVIL not in allowed list; 1 backlogs exceeds max 0,Excluded
505,2,5,False,CGPA 7.52 below cutoff 8.11,Excluded
506,2,6,False,CGPA 7.03 below cutoff 8.11,Excluded
507,2,7,False,CGPA 5.94 below cutoff 8.11; 1 backlogs exceeds max 0,Excluded
508,2,8,False,Branch EEE not in allowed list,Excluded
509,2,9,True,Meets all eligibility criteria,Eligible
510,2,10,False,CGPA 5.81 below cutoff 8.11,Excluded
511,2,11,False,Branch EEE not in allowed list,Excluded
512,2,12,False,CGPA 6.23 below cutoff 8.11; Branch CIVIL not in allowed list,Excluded
513,2,13,False,Branch CIVIL not in allowed list,Excluded
514,2,14,False,CGPA 6.6 below cutoff 8.11,Excluded
515,2,15,False,CGPA 6.49 below cutoff 8.11,Excluded
516,2,16,True,Meets all eligibility criteria,Eligible
517,2,17,False,CGPA 8.05 below cutoff 8.11; 1 backlogs exceeds max 0,Excluded
518,2,18,True,Meets all eligibility criteria,Eligible
519,2,19,False,Branch CIVIL not in allowed list,Excluded
520,2,20,True,Meets all eligibility criteria,Flagged
521,2,21,False,1 backlogs exceeds max 0,Excluded
522,2,22,False,Branch EEE not in allowed list,Excluded
523,2,23,False,CGPA 7.61 below cutoff 8.11,Excluded
524,2,24,False,CGPA 6.02 below cutoff 8.11; 2 backlogs exceeds max 0,Excluded
525,2,25,False,CGPA 6.82 below cutoff 8.11,Excluded
526,2,26,False,CGPA 6.69 below cutoff 8.11,Excluded
527,2,27,False,Branch CIVIL not in allowed list,Excluded
528,2,28,False,CGPA 6.19 below cutoff 8.11; 1 backlogs exceeds max 0,Excluded
529,2,29,True,Meets all eligibility criteria,Flagged
530,2,30,True,Meets all eligibility criteria,Eligible
531,2,31,False,Branch EEE not in allowed list,Excluded
532,2,32,False,CGPA 7.9 below cutoff 8.11; Branch CIVIL not in allowed list,Excluded
533,2,33,False,CGPA 6.24 below cutoff 8.11,Excluded
534,2,34,False,Branch CIVIL not in allowed list; 1 backlogs exceeds max 0,Excluded
535,2,35,False,CGPA 7.3 below cutoff 8.11,Excluded
536,2,36,False,CGPA 7.53 below cutoff 8.11,Excluded
537,2,37,False,CGPA 7.99 below cutoff 8.11,Excluded
538,2,38,False,CGPA 5.76 below cutoff 8.11,Excluded
539,2,39,False,CGPA 6.57 below cutoff 8.11,Excluded
540,2,40,False,Branch EEE not in allowed list,Excluded
541,2,41,True,Meets all eligibility criteria,Eligible
542,2,42,False,CGPA 7.41 below cutoff 8.11; Branch CIVIL not in allowed list,Excluded
543,2,43,False,Branch EEE not in allowed list,Excluded
544,2,44,True,Meets all eligibility criteria,Eligible
545,2,45,False,CGPA 7.4 below cutoff 8.11,Excluded
546,2,46,True,Meets all eligibility criteria,Eligible
547,2,47,False,3 backlogs exceeds max 0,Excluded
548,2,48,False,CGPA 7.67 below cutoff 8.11; 1 backlogs exceeds max 0,Excluded
549,2,49,False,Branch EEE not in allowed list,Excluded
550,2,50,False,3 backlogs exceeds max 0,Excluded
551,2,51,False,CGPA 6.2 below cutoff 8.11,Excluded
552,2,52,False,CGPA 5.77 below cutoff 8.11,Excluded
553,2,53,True,Meets all eligibility criteria,Eligible
554,2,54,False,CGPA 6.34 below cutoff 8.11; Branch CIVIL not in allowed list,Excluded
555,2,55,True,Meets all eligibility criteria,Eligible
556,2,56,False,CGPA 5.87 below cutoff 8.11,Excluded
557,2,57,False,CGPA 6.67 below cutoff 8.11,Excluded
558,2,58,False,CGPA 6.09 below cutoff 8.11; Branch EEE not in allowed list,Excluded
559,2,59,True,Meets all eligibility criteria,Eligible
560,2,60,False,CGPA 5.83 below cutoff 8.11,Excluded
561,2,61,False,1 backlogs exceeds max 0,Excluded
562,2,62,False,1 backlogs exceeds max 0,Excluded
563,2,63,False,Branch CIVIL not in allowed list,Excluded
564,2,64,False,CGPA 6.1 below cutoff 8.11,Excluded
565,2,65,False,CGPA 6.73 below cutoff 8.11; Branch CIVIL not in allowed list,Excluded
566,2,66,False,Branch EEE not in allowed list,Excluded
567,2,67,False,Branch EEE not in allowed list,Excluded
568,2,68,False,CGPA 7.0 below cutoff 8.11,Excluded
569,2,69,False,CGPA 7.98 below cutoff 8.11,Excluded
570,2,70,False,2 backlogs exceeds max 0,Excluded
571,2,71,True,Meets all eligibility criteria,Flagged
572,2,72,False,1 backlogs exceeds max 0,Excluded
573,2,73,False,CGPA 6.62 below cutoff 8.11,Excluded
574,2,74,False,2 backlogs exceeds max 0,Excluded
575,2,75,False,2 backlogs exceeds max 0,Excluded
576,2,76,False,CGPA 6.99 below cutoff 8.11; Branch CIVIL not in allowed list; 2 backlogs exceeds max 0,Excluded
577,2,77,False,CGPA 6.7 below cutoff 8.11; 1 backlogs exceeds max 0,Excluded
578,2,78,False,Branch EEE not in allowed list,Excluded
579,2,79,True,Meets all eligibility criteria,Eligible
580,2,80,False,CGPA 6.98 below cutoff 8.11; 1 backlogs exceeds max 0,Excluded
581,2,81,False,CGPA 7.3 below cutoff 8.11; 3 backlogs exceeds max 0,Excluded
582,2,82,False,CGPA 6.02 below cutoff 8.11; 3 backlogs exceeds max 0,Excluded
583,2,83,False,CGPA 6.69 below cutoff 8.11; Branch EEE not in allowed list,Excluded
584,2,84,False,CGPA 6.91 below cutoff 8.11,Excluded
585,2,85,False,CGPA 8.09 below cutoff 8.11; Branch CIVIL not in allowed list,Excluded
586,2,86,False,Branch CIVIL not in allowed list,Excluded
587,2,87,False,CGPA 6.39 below cutoff 8.11; Branch CIVIL not in allowed list,Excluded
588,2,88,True,Meets all eligibility criteria,Eligible
589,2,89,False,CGPA 7.34 below cutoff 8.11,Excluded
590,2,90,False,CGPA 7.39 below cutoff 8.11; Branch CIVIL not in allowed list; 2 backlogs exceeds max 0,Excluded
591,2,91,True,Meets all eligibility criteria,Eligible
592,2,92,False,CGPA 6.45 below cutoff 8.11; 1 backlogs exceeds max 0,Excluded
593,2,93,False,CGPA 7.49 below cutoff 8.11,Excluded
594,2,94,False,Branch CIVIL not in allowed list; 1 backlogs exceeds max 0,Excluded
595,2,95,True,Meets all eligibility criteria,Eligible
596,2,96,False,CGPA 6.51 below cutoff 8.11,Excluded
597,2,97,False,CGPA 7.64 below cutoff 8.11; 1 backlogs exceeds max 0,Excluded
598,2,98,False,Branch CIVIL not in allowed list,Excluded
599,2,99,False,CGPA 6.6 below cutoff 8.11,Excluded
600,2,100,False,CGPA 6.48 below cutoff 8.11; Branch CIVIL not in allowed list; 1 backlogs exceeds max 0,Excluded
601,2,101,False,CGPA 8.01 below cutoff 8.11; 2 backlogs exceeds max 0,Excluded
602,2,102,False,CGPA 7.59 below cutoff 8.11,Excluded
603,2,103,False,Branch CIVIL not in allowed list,Excluded
604,2,104,True,Meets all eligibility criteria,Eligible
605,2,105,False,CGPA 7.53 below cutoff 8.11; Branch CIVIL not in allowed list; 1 backlogs exceeds max 0,Excluded
606,2,106,False,CGPA 7.85 below cutoff 8.11,Excluded
607,2,107,False,CGPA 6.79 below cutoff 8.11,Excluded
608,2,108,False,CGPA 6.18 below cutoff 8.11,Excluded
609,2,109,False,CGPA 7.37 below cutoff 8.11; Branch EEE not in allowed list,Excluded
610,2,110,True,Meets all eligibility criteria,Eligible
611,2,111,False,Branch EEE not in allowed list,Excluded
612,2,112,False,CGPA 6.84 below cutoff 8.11; Branch EEE not in allowed list,Excluded
613,2,113,False,CGPA 7.96 below cutoff 8.11,Excluded
614,2,114,False,CGPA 7.46 below cutoff 8.11,Excluded
615,2,115,False,CGPA 7.32 below cutoff 8.11; Branch EEE not in allowed list,Excluded
616,2,116,False,CGPA 7.9 below cutoff 8.11; 2 backlogs exceeds max 0,Excluded
617,2,117,False,CGPA 5.88 below cutoff 8.11; Branch EEE not in allowed list,Excluded
618,2,118,False,CGPA 7.21 below cutoff 8.11,Excluded
619,2,119,False,CGPA 7.21 below cutoff 8.11; Branch EEE not in allowed list; 1 backlogs exceeds max 0,Excluded
620,2,120,False,CGPA 7.62 below cutoff 8.11; 1 backlogs exceeds max 0,Excluded
621,2,121,False,CGPA 5.81 below cutoff 8.11; 2 backlogs exceeds max 0,Excluded
622,2,122,False,CGPA 6.4 below cutoff 8.11,Excluded
623,2,123,True,Meets all eligibility criteria,Eligible
624,2,124,True,Meets all eligibility criteria,Eligible
625,2,125,True,Meets all eligibility criteria,Eligible
626,2,126,False,Branch EEE not in allowed list,Excluded
627,2,127,False,CGPA 6.39 below cutoff 8.11; Branch CIVIL not in allowed list,Excluded
628,2,128,False,1 backlogs exceeds max 0,Excluded
629,2,129,False,CGPA 8.05 below cutoff 8.11,Excluded
630,2,130,False,CGPA 5.81 below cutoff 8.11,Excluded
631,2,131,False,CGPA 5.97 below cutoff 8.11; Branch CIVIL not in allowed list; 3 backlogs exceeds max 0,Excluded
632,2,132,False,CGPA 7.46 below cutoff 8.11; Branch CIVIL not in allowed list; 1 backlogs exceeds max 0,Excluded
633,2,133,False,Branch EEE not in allowed list; 1 backlogs exceeds max 0,Excluded
634,2,134,True,Meets all eligibility criteria,Flagged
635,2,135,False,CGPA 7.53 below cutoff 8.11; 1 backlogs exceeds max 0,Excluded
636,2,136,False,CGPA 7.01 below cutoff 8.11,Excluded
637,2,137,False,CGPA 7.1 below cutoff 8.11,Excluded
638,2,138,False,CGPA 6.74 below cutoff 8.11,Excluded
639,2,139,False,CGPA 7.33 below cutoff 8.11,Excluded
640,2,140,True,Meets all eligibility criteria,Eligible
641,2,141,False,CGPA 7.32 below cutoff 8.11; Branch CIVIL not in allowed list,Excluded
642,2,142,False,CGPA 7.99 below cutoff 8.11; Branch CIVIL not in allowed list,Excluded
643,2,143,True,Meets all eligibility criteria,Eligible
644,2,144,False,CGPA 6.37 below cutoff 8.11,Excluded
645,2,145,False,CGPA 6.47 below cutoff 8.11; Branch CIVIL not in allowed list,Excluded
646,2,146,False,CGPA 7.86 below cutoff 8.11,Excluded
647,2,147,False,CGPA 7.12 below cutoff 8.11; Branch CIVIL not in allowed list,Excluded
648,2,148,False,CGPA 5.7 below cutoff 8.11,Excluded
649,2,149,False,1 backlogs exceeds max 0,Excluded
650,2,150,False,CGPA 7.61 below cutoff 8.11,Excluded
651,2,151,True,Meets all eligibility criteria,Eligible
652,2,152,False,CGPA 8.1 below cutoff 8.11,Excluded
653,2,153,True,Meets all eligibility criteria,Eligible
654,2,154,False,CGPA 7.37 below cutoff 8.11,Excluded
655,2,155,False,CGPA 7.21 below cutoff 8.11; 2 backlogs exceeds max 0,Excluded
656,2,156,False,CGPA 6.87 below cutoff 8.11,Excluded
657,2,157,True,Meets all eligibility criteria,Eligible
658,2,158,False,CGPA 6.58 below cutoff 8.11,Excluded
659,2,159,True,Meets all eligibility criteria,Eligible
660,2,160,False,CGPA 6.77 below cutoff 8.11; 1 backlogs exceeds max 0,Excluded
661,2,161,False,CGPA 6.69 below cutoff 8.11; 1 backlogs exceeds max 0,Excluded
662,2,162,False,CGPA 6.39 below cutoff 8.11,Excluded
663,2,163,False,CGPA 6.7 below cutoff 8.11,Excluded
664,2,164,False,1 backlogs exceeds max 0,Excluded
665,2,165,True,Meets all eligibility criteria,Eligible
666,2,166,False,CGPA 7.47 below cutoff 8.11; Branch EEE not in allowed list,Excluded
667,2,167,False,CGPA 6.63 below cutoff 8.11; Branch CIVIL not in allowed list,Excluded
668,2,168,False,CGPA 5.59 below cutoff 8.11; 1 backlogs exceeds max 0,Excluded
669,2,169,False,Branch CIVIL not in allowed list,Excluded
670,2,170,False,CGPA 6.32 below cutoff 8.11; Branch CIVIL not in allowed list,Excluded
671,2,171,False,CGPA 7.62 below cutoff 8.11,Excluded
672,2,172,False,CGPA 6.22 below cutoff 8.11; Branch EEE not in allowed list,Excluded
673,2,173,False,CGPA 7.3 below cutoff 8.11; 1 backlogs exceeds max 0,Excluded
674,2,174,False,CGPA 6.64 below cutoff 8.11; Branch EEE not in allowed list,Excluded
675,2,175,False,CGPA 5.51 below cutoff 8.11; Branch EEE not in allowed list; 1 backlogs exceeds max 0,Excluded
676,2,176,False,CGPA 7.83 below cutoff 8.11; Branch EEE not in allowed list,Excluded
677,2,177,False,CGPA 5.73 below cutoff 8.11,Excluded
678,2,178,False,Branch CIVIL not in allowed list,Excluded
679,2,179,True,Meets all eligibility criteria,Eligible
680,2,180,False,CGPA 6.51 below cutoff 8.11; 1 backlogs exceeds max 0,Excluded
681,2,181,False,Branch CIVIL not in allowed list,Excluded
682,2,182,False,CGPA 6.73 below cutoff 8.11; Branch EEE not in allowed list; 1 backlogs exceeds max 0,Excluded
683,2,183,False,CGPA 6.15 below cutoff 8.11,Excluded
684,2,184,False,CGPA 6.11 below cutoff 8.11; Branch EEE not in allowed list,Excluded
685,2,185,False,CGPA 7.78 below cutoff 8.11; 1 backlogs exceeds max 0,Excluded
686,2,186,False,Branch EEE not in allowed list; 3 backlogs exceeds max 0,Excluded
687,2,187,False,CGPA 7.68 below cutoff 8.11,Excluded
688,2,188,False,CGPA 6.95 below cutoff 8.11; Branch CIVIL not in allowed list,Excluded
689,2,189,False,CGPA 6.55 below cutoff 8.11; 1 backlogs exceeds max 0,Excluded
690,2,190,False,Branch EEE not in allowed list; 1 backlogs exceeds max 0,Excluded
691,2,191,True,Meets all eligibility criteria,Eligible
692,2,192,False,Branch EEE not in allowed list; 1 backlogs exceeds max 0,Excluded
693,2,193,False,CGPA 7.56 below cutoff 8.11; Branch EEE not in allowed list; 1 backlogs exceeds max 0,Excluded
694,2,194,False,CGPA 5.84 below cutoff 8.11; 1 backlogs exceeds max 0,Excluded
695,2,195,False,CGPA 7.29 below cutoff 8.11,Excluded
696,2,196,False,CGPA 7.21 below cutoff 8.11; Branch CIVIL not in allowed list,Excluded
697,2,197,False,CGPA 5.66 below cutoff 8.11; Branch CIVIL not in allowed list,Excluded
698,2,198,False,Branch EEE not in allowed list; 1 backlogs exceeds max 0,Excluded
699,2,199,True,Meets all eligibility criteria,Eligible
700,2,200,False,CGPA 5.63 below cutoff 8.11,Excluded
701,2,201,False,CGPA 7.44 below cutoff 8.11; Branch EEE not in allowed list,Excluded
702,2,202,False,CGPA 6.31 below cutoff 8.11,Excluded
703,2,203,False,CGPA 6.58 below cutoff 8.11; 2 backlogs exceeds max 0,Excluded
704,2,204,False,CGPA 6.64 below cutoff 8.11,Excluded
705,2,205,False,Branch EEE not in allowed list,Excluded
706,2,206,False,CGPA 6.85 below cutoff 8.11; Branch CIVIL not in allowed list; 3 backlogs exceeds max 0,Excluded
707,2,207,False,CGPA 6.86 below cutoff 8.11; Branch EEE not in allowed list; 3 backlogs exceeds max 0,Excluded
708,2,208,False,CGPA 8.07 below cutoff 8.11; Branch CIVIL not in allowed list,Excluded
709,2,209,True,Meets all eligibility criteria,Eligible
710,2,210,False,3 backlogs exceeds max 0,Excluded
711,2,211,True,Meets all eligibility criteria,Eligible
712,2,212,False,CGPA 6.49 below cutoff 8.11,Excluded
713,2,213,True,Meets all eligibility criteria,Eligible
714,2,214,False,Branch EEE not in allowed list,Excluded
715,2,215,True,Meets all eligibility criteria,Eligible
716,2,216,False,CGPA 6.29 below cutoff 8.11,Excluded
717,2,217,False,1 backlogs exceeds max 0,Excluded
718,2,218,False,CGPA 6.83 below cutoff 8.11; 1 backlogs exceeds max 0,Excluded
719,2,219,False,CGPA 6.13 below cutoff 8.11; Branch CIVIL not in allowed list; 3 backlogs exceeds max 0,Excluded
720,2,220,False,CGPA 7.29 below cutoff 8.11; 1 backlogs exceeds max 0,Excluded
721,2,221,False,CGPA 7.28 below cutoff 8.11,Excluded
722,2,222,False,Branch EEE not in allowed list,Excluded
723,2,223,False,CGPA 5.99 below cutoff 8.11,Excluded
724,2,224,False,CGPA 8.03 below cutoff 8.11; 2 backlogs exceeds max 0,Excluded
725,2,225,False,2 backlogs exceeds max 0,Excluded
726,2,226,False,CGPA 6.13 below cutoff 8.11; 2 backlogs exceeds max 0,Excluded
727,2,227,False,CGPA 6.56 below cutoff 8.11; Branch EEE not in allowed list,Excluded
728,2,228,True,Meets all eligibility criteria,Eligible
729,2,229,False,Branch CIVIL not in allowed list; 2 backlogs exceeds max 0,Excluded
730,2,230,False,2 backlogs exceeds max 0,Excluded
731,2,231,False,CGPA 6.48 below cutoff 8.11,Excluded
732,2,232,False,Branch CIVIL not in allowed list,Excluded
733,2,233,False,CGPA 6.74 below cutoff 8.11; Branch EEE not in allowed list; 3 backlogs exceeds max 0,Excluded
734,2,234,True,Meets all eligibility criteria,Eligible
735,2,235,False,CGPA 6.6 below cutoff 8.11,Excluded
736,2,236,True,Meets all eligibility criteria,Eligible
737,2,237,False,CGPA 6.16 below cutoff 8.11; 2 backlogs exceeds max 0,Excluded
738,2,238,False,CGPA 6.15 below cutoff 8.11,Excluded
739,2,239,True,Meets all eligibility criteria,Eligible
740,2,240,False,CGPA 5.57 below cutoff 8.11,Excluded
741,2,241,False,CGPA 6.01 below cutoff 8.11; Branch EEE not in allowed list,Excluded
742,2,242,False,CGPA 5.99 below cutoff 8.11,Excluded
743,2,243,True,Meets all eligibility criteria,Eligible
744,2,244,False,CGPA 5.64 below cutoff 8.11; Branch EEE not in allowed list; 3 backlogs exceeds max 0,Excluded
745,2,245,False,CGPA 7.71 below cutoff 8.11; 2 backlogs exceeds max 0,Excluded
746,2,246,False,CGPA 6.17 below cutoff 8.11,Excluded
747,2,247,True,Meets all eligibility criteria,Eligible
748,2,248,False,CGPA 7.77 below cutoff 8.11; Branch CIVIL not in allowed list,Excluded
749,2,249,False,Branch CIVIL not in allowed list; 1 backlogs exceeds max 0,Excluded
750,2,250,False,Branch EEE not in allowed list,Excluded
751,2,251,False,CGPA 5.93 below cutoff 8.11; Branch CIVIL not in allowed list,Excluded
752,2,252,False,CGPA 6.19 below cutoff 8.11; 2 backlogs exceeds max 0,Excluded
753,2,253,False,CGPA 5.92 below cutoff 8.11; Branch CIVIL not in allowed list,Excluded
754,2,254,False,CGPA 8.0 below cutoff 8.11,Excluded
755,2,255,False,CGPA 6.05 below cutoff 8.11; Branch CIVIL not in allowed list,Excluded
756,2,256,False,3 backlogs exceeds max 0,Excluded
757,2,257,False,CGPA 8.1 below cutoff 8.11; Branch CIVIL not in allowed list,Excluded
758,2,258,False,CGPA 5.99 below cutoff 8.11; 1 backlogs exceeds max 0,Excluded
759,2,259,False,CGPA 8.08 below cutoff 8.11; 1 backlogs exceeds max 0,Excluded
760,2,260,False,Branch CIVIL not in allowed list,Excluded
761,2,261,False,CGPA 6.31 below cutoff 8.11; 1 backlogs exceeds max 0,Excluded
762,2,262,False,CGPA 6.32 below cutoff 8.11; Branch CIVIL not in allowed list,Excluded
763,2,263,False,3 backlogs exceeds max 0,Excluded
764,2,264,False,CGPA 7.19 below cutoff 8.11,Excluded
765,2,265,False,CGPA 6.96 below cutoff 8.11; 2 backlogs exceeds max 0,Excluded
766,2,266,False,CGPA 6.2 below cutoff 8.11; 1 backlogs exceeds max 0,Excluded
767,2,267,False,CGPA 7.49 below cutoff 8.11,Excluded
768,2,268,False,CGPA 6.47 below cutoff 8.11,Excluded
769,2,269,True,Meets all eligibility criteria,Eligible
770,2,270,False,CGPA 6.49 below cutoff 8.11; 3 backlogs exceeds max 0,Excluded
771,2,271,False,1 backlogs exceeds max 0,Excluded
772,2,272,False,CGPA 5.53 below cutoff 8.11; 1 backlogs exceeds max 0,Excluded
773,2,273,False,Branch CIVIL not in allowed list,Excluded
774,2,274,True,Meets all eligibility criteria,Eligible
775,2,275,True,Meets all eligibility criteria,Eligible
776,2,276,False,CGPA 7.38 below cutoff 8.11,Excluded
777,2,277,False,Branch CIVIL not in allowed list,Excluded
778,2,278,True,Meets all eligibility criteria,Eligible
779,2,279,False,CGPA 7.28 below cutoff 8.11,Excluded
780,2,280,False,CGPA 6.26 below cutoff 8.11,Excluded
781,2,281,False,Branch CIVIL not in allowed list,Excluded
782,2,282,False,CGPA 6.56 below cutoff 8.11,Excluded
783,2,283,True,Meets all eligibility criteria,Eligible
784,2,284,False,Branch EEE not in allowed list; 1 backlogs exceeds max 0,Excluded
785,2,285,False,CGPA 8.04 below cutoff 8.11,Excluded
786,2,286,True,Meets all eligibility criteria,Eligible
787,2,287,False,CGPA 6.86 below cutoff 8.11,Excluded
788,2,288,False,CGPA 6.9 below cutoff 8.11,Excluded
789,2,289,False,CGPA 5.85 below cutoff 8.11; 1 backlogs exceeds max 0,Excluded
790,2,290,False,CGPA 7.23 below cutoff 8.11; Branch CIVIL not in allowed list,Excluded
791,2,291,True,Meets all eligibility criteria,Eligible
792,2,292,False,CGPA 6.18 below cutoff 8.11,Excluded
793,2,293,False,CGPA 5.88 below cutoff 8.11,Excluded
794,2,294,True,Meets all eligibility criteria,Eligible
795,2,295,True,Meets all eligibility criteria,Eligible
796,2,296,True,Meets all eligibility criteria,Eligible
797,2,297,False,Branch CIVIL not in allowed list,Excluded
798,2,298,True,Meets all eligibility criteria,Flagged
799,2,299,False,Branch CIVIL not in allowed list,Excluded
800,2,300,False,CGPA 6.08 below cutoff 8.11; 1 backlogs exceeds max 0,Excluded
801,2,301,True,Meets all eligibility criteria,Eligible
802,2,302,False,3 backlogs exceeds max 0,Excluded
803,2,303,False,CGPA 7.41 below cutoff 8.11,Excluded
804,2,304,False,CGPA 6.46 below cutoff 8.11; Branch EEE not in allowed list; 2 backlogs exceeds max 0,Excluded
805,2,305,False,CGPA 6.12 below cutoff 8.11,Excluded
806,2,306,False,2 backlogs exceeds max 0,Excluded
807,2,307,False,Branch EEE not in allowed list,Excluded
808,2,308,False,1 backlogs exceeds max 0,Excluded
809,2,309,False,CGPA 7.35 below cutoff 8.11,Excluded
810,2,310,False,1 backlogs exceeds max 0,Excluded
811,2,311,False,1 backlogs exceeds max 0,Excluded
812,2,312,False,CGPA 8.07 below cutoff 8.11,Excluded
813,2,313,False,CGPA 7.38 below cutoff 8.11,Excluded
814,2,314,False,CGPA 6.63 below cutoff 8.11,Excluded
815,2,315,True,Meets all eligibility criteria,Eligible
816,2,316,False,CGPA 6.22 below cutoff 8.11,Excluded
817,2,317,False,CGPA 5.91 below cutoff 8.11; Branch EEE not in allowed list; 2 backlogs exceeds max 0,Excluded
818,2,318,False,CGPA 7.37 below cutoff 8.11,Excluded
819,2,319,False,CGPA 5.87 below cutoff 8.11,Excluded
820,2,320,False,1 backlogs exceeds max 0,Excluded
821,2,321,True,Meets all eligibility criteria,Eligible
822,2,322,False,2 backlogs exceeds max 0,Excluded
823,2,323,False,CGPA 6.17 below cutoff 8.11; 2 backlogs exceeds max 0,Excluded
824,2,324,True,Meets all eligibility criteria,Eligible
825,2,325,True,Meets all eligibility criteria,Eligible
826,2,326,False,CGPA 7.75 below cutoff 8.11; Branch CIVIL not in allowed list,Excluded
827,2,327,True,Meets all eligibility criteria,Eligible
828,2,328,False,CGPA 8.07 below cutoff 8.11; Branch CIVIL not in allowed list,Excluded
829,2,329,False,CGPA 7.12 below cutoff 8.11; 2 backlogs exceeds max 0,Excluded
830,2,330,False,CGPA 7.78 below cutoff 8.11; Branch EEE not in allowed list,Excluded
831,2,331,True,Meets all eligibility criteria,Eligible
832,2,332,False,CGPA 7.05 below cutoff 8.11; Branch CIVIL not in allowed list; 1 backlogs exceeds max 0,Excluded
833,2,333,True,Meets all eligibility criteria,Eligible
834,2,334,False,Branch CIVIL not in allowed list,Excluded
835,2,335,False,CGPA 7.65 below cutoff 8.11,Excluded
836,2,336,True,Meets all eligibility criteria,Eligible
837,2,337,True,Meets all eligibility criteria,Eligible
838,2,338,True,Meets all eligibility criteria,Eligible
839,2,339,False,CGPA 7.11 below cutoff 8.11; Branch CIVIL not in allowed list; 1 backlogs exceeds max 0,Excluded
840,2,340,False,Branch EEE not in allowed list,Excluded
841,2,341,True,Meets all eligibility criteria,Eligible
842,2,342,False,CGPA 7.15 below cutoff 8.11; 1 backlogs exceeds max 0,Excluded
843,2,343,False,CGPA 5.86 below cutoff 8.11,Excluded
844,2,344,False,CGPA 5.96 below cutoff 8.11,Excluded
845,2,345,False,Branch EEE not in allowed list,Excluded
846,2,346,False,2 backlogs exceeds max 0,Excluded
847,2,347,False,2 backlogs exceeds max 0,Excluded
848,2,348,False,CGPA 7.13 below cutoff 8.11; Branch CIVIL not in allowed list; 1 backlogs exceeds max 0,Excluded
849,2,349,False,CGPA 6.14 below cutoff 8.11; Branch EEE not in allowed list,Excluded
850,2,350,False,CGPA 6.56 below cutoff 8.11,Excluded
851,2,351,False,CGPA 5.65 below cutoff 8.11; Branch EEE not in allowed list,Excluded
852,2,352,True,Meets all eligibility criteria,Eligible
853,2,353,True,Meets all eligibility criteria,Eligible
854,2,354,False,CGPA 7.75 below cutoff 8.11,Excluded
855,2,355,False,CGPA 6.67 below cutoff 8.11,Excluded
856,2,356,True,Meets all eligibility criteria,Eligible
857,2,357,True,Meets all eligibility criteria,Eligible
858,2,358,False,Branch CIVIL not in allowed list,Excluded
859,2,359,False,CGPA 6.81 below cutoff 8.11,Excluded
860,2,360,True,Meets all eligibility criteria,Eligible
861,2,361,False,1 backlogs exceeds max 0,Excluded
862,2,362,False,CGPA 7.99 below cutoff 8.11,Excluded
863,2,363,False,CGPA 5.89 below cutoff 8.11; Branch CIVIL not in allowed list,Excluded
864,2,364,False,CGPA 7.35 below cutoff 8.11,Excluded
865,2,365,False,CGPA 6.93 below cutoff 8.11; Branch EEE not in allowed list,Excluded
866,2,366,False,CGPA 6.08 below cutoff 8.11; 1 backlogs exceeds max 0,Excluded
867,2,367,True,Meets all eligibility criteria,Eligible
868,2,368,False,CGPA 7.83 below cutoff 8.11,Excluded
869,2,369,False,CGPA 6.51 below cutoff 8.11; 2 backlogs exceeds max 0,Excluded
870,2,370,False,CGPA 6.63 below cutoff 8.11,Excluded
871,2,371,False,CGPA 6.86 below cutoff 8.11,Excluded
872,2,372,False,Branch CIVIL not in allowed list,Excluded
873,2,373,False,1 backlogs exceeds max 0,Excluded
874,2,374,False,CGPA 5.63 below cutoff 8.11; Branch CIVIL not in allowed list,Excluded
875,2,375,False,CGPA 6.45 below cutoff 8.11,Excluded
876,2,376,False,Branch CIVIL not in allowed list,Excluded
877,2,377,True,Meets all eligibility criteria,Eligible
878,2,378,False,CGPA 5.77 below cutoff 8.11; Branch EEE not in allowed list,Excluded
879,2,379,False,Branch CIVIL not in allowed list,Excluded
880,2,380,False,3 backlogs exceeds max 0,Excluded
881,2,381,False,CGPA 5.98 below cutoff 8.11,Excluded
882,2,382,False,CGPA 6.13 below cutoff 8.11; Branch EEE not in allowed list,Excluded
883,2,383,False,2 backlogs exceeds max 0,Excluded
884,2,384,False,CGPA 6.35 below cutoff 8.11,Excluded
885,2,385,False,CGPA 6.89 below cutoff 8.11; Branch EEE not in allowed list,Excluded
886,2,386,False,CGPA 6.58 below cutoff 8.11,Excluded
887,2,387,False,Branch CIVIL not in allowed list; 1 backlogs exceeds max 0,Excluded
888,2,388,False,CGPA 5.54 below cutoff 8.11,Excluded
889,2,389,False,Branch EEE not in allowed list,Excluded
890,2,390,False,CGPA 6.38 below cutoff 8.11,Excluded
891,2,391,True,Meets all eligibility criteria,Eligible
892,2,392,False,CGPA 6.08 below cutoff 8.11,Excluded
893,2,393,False,CGPA 7.15 below cutoff 8.11,Excluded
894,2,394,False,CGPA 5.68 below cutoff 8.11; Branch CIVIL not in allowed list,Excluded
895,2,395,False,CGPA 7.84 below cutoff 8.11,Excluded
896,2,396,True,Meets all eligibility criteria,Eligible
897,2,397,True,Meets all eligibility criteria,Flagged
898,2,398,False,CGPA 8.03 below cutoff 8.11,Excluded
899,2,399,False,CGPA 5.99 below cutoff 8.11,Excluded
900,2,400,True,Meets all eligibility criteria,Eligible
901,2,401,False,Branch CIVIL not in allowed list,Excluded
902,2,402,False,CGPA 6.27 below cutoff 8.11,Excluded
903,2,403,False,Branch CIVIL not in allowed list,Excluded
904,2,404,False,CGPA 7.48 below cutoff 8.11; Branch EEE not in allowed list,Excluded
905,2,405,False,CGPA 7.76 below cutoff 8.11; Branch EEE not in allowed list,Excluded
906,2,406,True,Meets all eligibility criteria,Eligible
907,2,407,False,CGPA 7.65 below cutoff 8.11,Excluded
908,2,408,False,CGPA 7.04 below cutoff 8.11; Branch CIVIL not in allowed list,Excluded
909,2,409,True,Meets all eligibility criteria,Eligible
910,2,410,False,CGPA 6.84 below cutoff 8.11; 2 backlogs exceeds max 0,Excluded
911,2,411,False,Branch EEE not in allowed list,Excluded
912,2,412,False,1 backlogs exceeds max 0,Excluded
913,2,413,False,CGPA 7.94 below cutoff 8.11; Branch EEE not in allowed list; 2 backlogs exceeds max 0,Excluded
914,2,414,True,Meets all eligibility criteria,Eligible
915,2,415,False,Branch CIVIL not in allowed list,Excluded
916,2,416,True,Meets all eligibility criteria,Eligible
917,2,417,False,CGPA 5.99 below cutoff 8.11; 1 backlogs exceeds max 0,Excluded
918,2,418,True,Meets all eligibility criteria,Eligible
919,2,419,False,CGPA 6.99 below cutoff 8.11; Branch CIVIL not in allowed list,Excluded
920,2,420,False,CGPA 7.98 below cutoff 8.11; Branch EEE not in allowed list; 2 backlogs exceeds max 0,Excluded
921,2,421,True,Meets all eligibility criteria,Eligible
922,2,422,False,2 backlogs exceeds max 0,Excluded
923,2,423,False,CGPA 7.91 below cutoff 8.11; 1 backlogs exceeds max 0,Excluded
924,2,424,False,2 backlogs exceeds max 0,Excluded
925,2,425,False,CGPA 6.34 below cutoff 8.11; 1 backlogs exceeds max 0,Excluded
926,2,426,False,CGPA 8.06 below cutoff 8.11,Excluded
927,2,427,True,Meets all eligibility criteria,Eligible
928,2,428,False,CGPA 6.37 below cutoff 8.11,Excluded
929,2,429,False,CGPA 6.66 below cutoff 8.11; Branch CIVIL not in allowed list,Excluded
930,2,430,False,CGPA 8.06 below cutoff 8.11; 1 backlogs exceeds max 0,Excluded
931,2,431,False,1 backlogs exceeds max 0,Excluded
932,2,432,True,Meets all eligibility criteria,Eligible
933,2,433,False,CGPA 6.62 below cutoff 8.11,Excluded
934,2,434,False,Branch CIVIL not in allowed list,Excluded
935,2,435,True,Meets all eligibility criteria,Eligible
936,2,436,False,CGPA 6.88 below cutoff 8.11,Excluded
937,2,437,True,Meets all eligibility criteria,Eligible
938,2,438,False,CGPA 6.49 below cutoff 8.11,Excluded
939,2,439,True,Meets all eligibility criteria,Flagged
940,2,440,False,1 backlogs exceeds max 0,Excluded
941,2,441,False,Branch EEE not in allowed list,Excluded
942,2,442,False,CGPA 5.85 below cutoff 8.11,Excluded
943,2,443,False,CGPA 6.41 below cutoff 8.11,Excluded
944,2,444,False,CGPA 7.49 below cutoff 8.11; Branch CIVIL not in allowed list,Excluded
945,2,445,True,Meets all eligibility criteria,Eligible
946,2,446,False,CGPA 7.37 below cutoff 8.11,Excluded
947,2,447,False,CGPA 6.89 below cutoff 8.11,Excluded
948,2,448,False,CGPA 8.1 below cutoff 8.11,Excluded
949,2,449,False,2 backlogs exceeds max 0,Excluded
950,2,450,False,CGPA 7.34 below cutoff 8.11; Branch CIVIL not in allowed list; 1 backlogs exceeds max 0,Excluded
951,2,451,False,CGPA 7.39 below cutoff 8.11; Branch EEE not in allowed list; 3 backlogs exceeds max 0,Excluded
952,2,452,False,Branch CIVIL not in allowed list,Excluded
953,2,453,False,CGPA 6.1 below cutoff 8.11; 1 backlogs exceeds max 0,Excluded
954,2,454,False,CGPA 7.27 below cutoff 8.11,Excluded
955,2,455,False,Branch CIVIL not in allowed list,Excluded
956,2,456,False,CGPA 7.21 below cutoff 8.11; Branch EEE not in allowed list,Excluded
957,2,457,False,CGPA 6.35 below cutoff 8.11; 1 backlogs exceeds max 0,Excluded
958,2,458,False,CGPA 7.39 below cutoff 8.11; 1 backlogs exceeds max 0,Excluded
959,2,459,False,CGPA 5.95 below cutoff 8.11,Excluded
960,2,460,False,CGPA 5.72 below cutoff 8.11; Branch EEE not in allowed list; 1 backlogs exceeds max 0,Excluded
961,2,461,False,CGPA 6.48 below cutoff 8.11; 1 backlogs exceeds max 0,Excluded
962,2,462,False,CGPA 6.8 below cutoff 8.11; Branch CIVIL not in allowed list; 1 backlogs exceeds max 0,Excluded
963,2,463,True,Meets all eligibility criteria,Flagged
964,2,464,False,CGPA 6.14 below cutoff 8.11,Excluded
965,2,465,False,CGPA 5.77 below cutoff 8.11; Branch CIVIL not in allowed list; 2 backlogs exceeds max 0,Excluded
966,2,466,False,CGPA 7.42 below cutoff 8.11,Excluded
967,2,467,False,Branch EEE not in allowed list,Excluded
968,2,468,False,CGPA 7.19 below cutoff 8.11; Branch EEE not in allowed list; 1 backlogs exceeds max 0,Excluded
969,2,469,False,CGPA 6.85 below cutoff 8.11; Branch EEE not in allowed list; 1 backlogs exceeds max 0,Excluded
970,2,470,True,Meets all eligibility criteria,Eligible
971,2,471,False,CGPA 6.42 below cutoff 8.11; Branch EEE not in allowed list,Excluded
972,2,472,True,Meets all eligibility criteria,Eligible
973,2,473,False,1 backlogs exceeds max 0,Excluded
974,2,474,False,CGPA 8.01 below cutoff 8.11,Excluded
975,2,475,False,CGPA 5.57 below cutoff 8.11; Branch CIVIL not in allowed list; 2 backlogs exceeds max 0,Excluded
976,2,476,False,Branch CIVIL not in allowed list; 2 backlogs exceeds max 0,Excluded
977,2,477,False,CGPA 7.28 below cutoff 8.11,Excluded
978,2,478,False,CGPA 7.9 below cutoff 8.11,Excluded
979,2,479,False,CGPA 7.74 below cutoff 8.11; Branch CIVIL not in allowed list,Excluded
980,2,480,False,CGPA 6.94 below cutoff 8.11,Excluded
981,2,481,False,1 backlogs exceeds max 0,Excluded
982,2,482,False,1 backlogs exceeds max 0,Excluded
983,2,483,False,CGPA 6.54 below cutoff 8.11,Excluded
984,2,484,False,Branch EEE not in allowed list,Excluded
985,2,485,False,CGPA 7.71 below cutoff 8.11,Excluded
986,2,486,False,CGPA 7.96 below cutoff 8.11,Excluded
987,2,487,False,CGPA 7.86 below cutoff 8.11; 1 backlogs exceeds max 0,Excluded
988,2,488,False,CGPA 5.53 below cutoff 8.11; Branch CIVIL not in allowed list,Excluded
989,2,489,False,CGPA 6.18 below cutoff 8.11; Branch EEE not in allowed list,Excluded
990,2,490,False,Branch EEE not in allowed list; 2 backlogs exceeds max 0,Excluded
991,2,491,False,CGPA 5.53 below cutoff 8.11,Excluded
992,2,492,False,CGPA 6.74 below cutoff 8.11; 3 backlogs exceeds max 0,Excluded
993,2,493,False,1 backlogs exceeds max 0,Excluded
994,2,494,False,CGPA 7.86 below cutoff 8.11,Excluded
995,2,495,False,CGPA 7.09 below cutoff 8.11; 1 backlogs exceeds max 0,Excluded
996,2,496,False,CGPA 7.57 below cutoff 8.11; Branch CIVIL not in allowed list,Excluded
997,2,497,False,Branch CIVIL not in allowed list,Excluded
998,2,498,False,CGPA 7.21 below cutoff 8.11,Excluded
999,2,499,False,CGPA 6.27 below cutoff 8.11; Branch EEE not in allowed list,Excluded
1000,2,500,False,CGPA 8.05 below cutoff 8.11; 1 backlogs exceeds max 0,Excluded
1001,3,1,True,Meets all eligibility criteria,Eligible
1002,3,2,True,Meets all eligibility criteria,Eligible
1003,3,3,False,CGPA 5.64 below cutoff 6.38,Excluded
1004,3,4,True,Meets all eligibility criteria,Eligible
1005,3,5,True,Meets all eligibility criteria,Eligible
1006,3,6,False,Has a prior offer; drive excludes already-placed students,Excluded
1007,3,7,False,CGPA 5.94 below cutoff 6.38,Excluded
1008,3,8,True,Meets all eligibility criteria,Eligible
1009,3,9,True,Meets all eligibility criteria,Eligible
1010,3,10,False,CGPA 5.81 below cutoff 6.38,Excluded
1011,3,11,True,Meets all eligibility criteria,Eligible
1012,3,12,False,CGPA 6.23 below cutoff 6.38,Excluded
1013,3,13,True,Meets all eligibility criteria,Eligible
1014,3,14,True,Meets all eligibility criteria,Eligible
1015,3,15,True,Meets all eligibility criteria,Flagged
1016,3,16,True,Meets all eligibility criteria,Eligible
1017,3,17,True,Meets all eligibility criteria,Eligible
1018,3,18,True,Meets all eligibility criteria,Eligible
1019,3,19,True,Meets all eligibility criteria,Eligible
1020,3,20,True,Meets all eligibility criteria,Eligible
1021,3,21,True,Meets all eligibility criteria,Eligible
1022,3,22,True,Meets all eligibility criteria,Eligible
1023,3,23,True,Meets all eligibility criteria,Eligible
1024,3,24,False,CGPA 6.02 below cutoff 6.38,Excluded
1025,3,25,True,Meets all eligibility criteria,Eligible
1026,3,26,True,Meets all eligibility criteria,Eligible
1027,3,27,True,Meets all eligibility criteria,Eligible
1028,3,28,False,CGPA 6.19 below cutoff 6.38,Excluded
1029,3,29,True,Meets all eligibility criteria,Eligible
1030,3,30,True,Meets all eligibility criteria,Eligible
1031,3,31,True,Meets all eligibility criteria,Eligible
1032,3,32,True,Meets all eligibility criteria,Eligible
1033,3,33,False,CGPA 6.24 below cutoff 6.38,Excluded
1034,3,34,True,Meets all eligibility criteria,Eligible
1035,3,35,True,Meets all eligibility criteria,Eligible
1036,3,36,False,Has a prior offer; drive excludes already-placed students,Excluded
1037,3,37,True,Meets all eligibility criteria,Eligible
1038,3,38,False,CGPA 5.76 below cutoff 6.38; Has a prior offer; drive excludes already-placed students,Excluded
1039,3,39,True,Meets all eligibility criteria,Eligible
1040,3,40,True,Meets all eligibility criteria,Eligible
1041,3,41,True,Meets all eligibility criteria,Eligible
1042,3,42,True,Meets all eligibility criteria,Eligible
1043,3,43,True,Meets all eligibility criteria,Eligible
1044,3,44,True,Meets all eligibility criteria,Eligible
1045,3,45,True,Meets all eligibility criteria,Eligible
1046,3,46,True,Meets all eligibility criteria,Eligible
1047,3,47,False,3 backlogs exceeds max 2,Excluded
1048,3,48,True,Meets all eligibility criteria,Eligible
1049,3,49,True,Meets all eligibility criteria,Eligible
1050,3,50,False,3 backlogs exceeds max 2,Excluded
1051,3,51,False,CGPA 6.2 below cutoff 6.38,Excluded
1052,3,52,False,CGPA 5.77 below cutoff 6.38,Excluded
1053,3,53,False,Has a prior offer; drive excludes already-placed students,Excluded
1054,3,54,False,CGPA 6.34 below cutoff 6.38,Excluded
1055,3,55,False,Has a prior offer; drive excludes already-placed students,Excluded
1056,3,56,False,CGPA 5.87 below cutoff 6.38,Excluded
1057,3,57,True,Meets all eligibility criteria,Eligible
1058,3,58,False,CGPA 6.09 below cutoff 6.38,Excluded
1059,3,59,True,Meets all eligibility criteria,Eligible
1060,3,60,False,CGPA 5.83 below cutoff 6.38,Excluded
1061,3,61,True,Meets all eligibility criteria,Eligible
1062,3,62,True,Meets all eligibility criteria,Eligible
1063,3,63,True,Meets all eligibility criteria,Eligible
1064,3,64,False,CGPA 6.1 below cutoff 6.38,Excluded
1065,3,65,True,Meets all eligibility criteria,Eligible
1066,3,66,True,Meets all eligibility criteria,Eligible
1067,3,67,False,Has a prior offer; drive excludes already-placed students,Excluded
1068,3,68,True,Meets all eligibility criteria,Eligible
1069,3,69,False,Has a prior offer; drive excludes already-placed students,Excluded
1070,3,70,True,Meets all eligibility criteria,Eligible
1071,3,71,True,Meets all eligibility criteria,Eligible
1072,3,72,True,Meets all eligibility criteria,Eligible
1073,3,73,True,Meets all eligibility criteria,Eligible
1074,3,74,True,Meets all eligibility criteria,Eligible
1075,3,75,True,Meets all eligibility criteria,Eligible
1076,3,76,True,Meets all eligibility criteria,Eligible
1077,3,77,True,Meets all eligibility criteria,Eligible
1078,3,78,True,Meets all eligibility criteria,Eligible
1079,3,79,True,Meets all eligibility criteria,Eligible
1080,3,80,True,Meets all eligibility criteria,Eligible
1081,3,81,False,3 backlogs exceeds max 2,Excluded
1082,3,82,False,CGPA 6.02 below cutoff 6.38; 3 backlogs exceeds max 2,Excluded
1083,3,83,True,Meets all eligibility criteria,Eligible
1084,3,84,True,Meets all eligibility criteria,Eligible
1085,3,85,False,Has a prior offer; drive excludes already-placed students,Excluded
1086,3,86,True,Meets all eligibility criteria,Eligible
1087,3,87,True,Meets all eligibility criteria,Flagged
1088,3,88,True,Meets all eligibility criteria,Eligible
1089,3,89,True,Meets all eligibility criteria,Eligible
1090,3,90,True,Meets all eligibility criteria,Eligible
1091,3,91,True,Meets all eligibility criteria,Eligible
1092,3,92,True,Meets all eligibility criteria,Flagged
1093,3,93,True,Meets all eligibility criteria,Eligible
1094,3,94,True,Meets all eligibility criteria,Eligible
1095,3,95,True,Meets all eligibility criteria,Eligible
1096,3,96,True,Meets all eligibility criteria,Flagged
1097,3,97,True,Meets all eligibility criteria,Eligible
1098,3,98,True,Meets all eligibility criteria,Eligible
1099,3,99,True,Meets all eligibility criteria,Eligible
1100,3,100,True,Meets all eligibility criteria,Flagged
1101,3,101,True,Meets all eligibility criteria,Eligible
1102,3,102,True,Meets all eligibility criteria,Eligible
1103,3,103,True,Meets all eligibility criteria,Eligible
1104,3,104,True,Meets all eligibility criteria,Eligible
1105,3,105,True,Meets all eligibility criteria,Eligible
1106,3,106,False,Has a prior offer; drive excludes already-placed students,Excluded
1107,3,107,False,Has a prior offer; drive excludes already-placed students,Excluded
1108,3,108,False,CGPA 6.18 below cutoff 6.38,Excluded
1109,3,109,False,Has a prior offer; drive excludes already-placed students,Excluded
1110,3,110,False,Has a prior offer; drive excludes already-placed students,Excluded
1111,3,111,True,Meets all eligibility criteria,Eligible
1112,3,112,True,Meets all eligibility criteria,Eligible
1113,3,113,True,Meets all eligibility criteria,Eligible
1114,3,114,True,Meets all eligibility criteria,Eligible
1115,3,115,True,Meets all eligibility criteria,Eligible
1116,3,116,True,Meets all eligibility criteria,Eligible
1117,3,117,False,CGPA 5.88 below cutoff 6.38; Has a prior offer; drive excludes already-placed students,Excluded
1118,3,118,True,Meets all eligibility criteria,Eligible
1119,3,119,True,Meets all eligibility criteria,Eligible
1120,3,120,True,Meets all eligibility criteria,Eligible
1121,3,121,False,CGPA 5.81 below cutoff 6.38,Excluded
1122,3,122,True,Meets all eligibility criteria,Flagged
1123,3,123,True,Meets all eligibility criteria,Eligible
1124,3,124,True,Meets all eligibility criteria,Eligible
1125,3,125,True,Meets all eligibility criteria,Eligible
1126,3,126,True,Meets all eligibility criteria,Eligible
1127,3,127,False,Has a prior offer; drive excludes already-placed students,Excluded
1128,3,128,True,Meets all eligibility criteria,Eligible
1129,3,129,True,Meets all eligibility criteria,Eligible
1130,3,130,False,CGPA 5.81 below cutoff 6.38,Excluded
1131,3,131,False,CGPA 5.97 below cutoff 6.38; 3 backlogs exceeds max 2,Excluded
1132,3,132,True,Meets all eligibility criteria,Eligible
1133,3,133,True,Meets all eligibility criteria,Eligible
1134,3,134,True,Meets all eligibility criteria,Eligible
1135,3,135,True,Meets all eligibility criteria,Eligible
1136,3,136,True,Meets all eligibility criteria,Eligible
1137,3,137,True,Meets all eligibility criteria,Eligible
1138,3,138,True,Meets all eligibility criteria,Eligible
1139,3,139,True,Meets all eligibility criteria,Eligible
1140,3,140,True,Meets all eligibility criteria,Eligible
1141,3,141,True,Meets all eligibility criteria,Eligible
1142,3,142,True,Meets all eligibility criteria,Eligible
1143,3,143,True,Meets all eligibility criteria,Eligible
1144,3,144,False,CGPA 6.37 below cutoff 6.38,Excluded
1145,3,145,True,Meets all eligibility criteria,Flagged
1146,3,146,True,Meets all eligibility criteria,Eligible
1147,3,147,True,Meets all eligibility criteria,Eligible
1148,3,148,False,CGPA 5.7 below cutoff 6.38,Excluded
1149,3,149,True,Meets all eligibility criteria,Eligible
1150,3,150,True,Meets all eligibility criteria,Eligible
1151,3,151,True,Meets all eligibility criteria,Eligible
1152,3,152,True,Meets all eligibility criteria,Eligible
1153,3,153,True,Meets all eligibility criteria,Eligible
1154,3,154,True,Meets all eligibility criteria,Eligible
1155,3,155,True,Meets all eligibility criteria,Eligible
1156,3,156,False,Has a prior offer; drive excludes already-placed students,Excluded
1157,3,157,False,Has a prior offer; drive excludes already-placed students,Excluded
1158,3,158,True,Meets all eligibility criteria,Eligible
1159,3,159,True,Meets all eligibility criteria,Eligible
1160,3,160,True,Meets all eligibility criteria,Eligible
1161,3,161,True,Meets all eligibility criteria,Eligible
1162,3,162,True,Meets all eligibility criteria,Flagged
1163,3,163,True,Meets all eligibility criteria,Eligible
1164,3,164,True,Meets all eligibility criteria,Eligible
1165,3,165,True,Meets all eligibility criteria,Eligible
1166,3,166,True,Meets all eligibility criteria,Eligible
1167,3,167,True,Meets all eligibility criteria,Eligible
1168,3,168,False,CGPA 5.59 below cutoff 6.38; Has a prior offer; drive excludes already-placed students,Excluded
1169,3,169,True,Meets all eligibility criteria,Eligible
1170,3,170,False,CGPA 6.32 below cutoff 6.38,Excluded
1171,3,171,False,Has a prior offer; drive excludes already-placed students,Excluded
1172,3,172,False,CGPA 6.22 below cutoff 6.38,Excluded
1173,3,173,False,Has a prior offer; drive excludes already-placed students,Excluded
1174,3,174,True,Meets all eligibility criteria,Eligible
1175,3,175,False,CGPA 5.51 below cutoff 6.38; Has a prior offer; drive excludes already-placed students,Excluded
1176,3,176,True,Meets all eligibility criteria,Eligible
1177,3,177,False,CGPA 5.73 below cutoff 6.38,Excluded
1178,3,178,True,Meets all eligibility criteria,Eligible
1179,3,179,True,Meets all eligibility criteria,Eligible
1180,3,180,True,Meets all eligibility criteria,Flagged
1181,3,181,True,Meets all eligibility criteria,Eligible
1182,3,182,True,Meets all eligibility criteria,Eligible
1183,3,183,False,CGPA 6.15 below cutoff 6.38,Excluded
1184,3,184,False,CGPA 6.11 below cutoff 6.38,Excluded
1185,3,185,True,Meets all eligibility criteria,Eligible
1186,3,186,False,3 backlogs exceeds max 2,Excluded
1187,3,187,True,Meets all eligibility criteria,Eligible
1188,3,188,True,Meets all eligibility criteria,Eligible
1189,3,189,True,Meets all eligibility criteria,Eligible
1190,3,190,True,Meets all eligibility criteria,Eligible
1191,3,191,True,Meets all eligibility criteria,Eligible
1192,3,192,True,Meets all eligibility criteria,Eligible
1193,3,193,True,Meets all eligibility criteria,Eligible
1194,3,194,False,CGPA 5.84 below cutoff 6.38,Excluded
1195,3,195,True,Meets all eligibility criteria,Eligible
1196,3,196,True,Meets all eligibility criteria,Eligible
1197,3,197,False,CGPA 5.66 below cutoff 6.38,Excluded
1198,3,198,True,Meets all eligibility criteria,Eligible
1199,3,199,True,Meets all eligibility criteria,Eligible
1200,3,200,False,CGPA 5.63 below cutoff 6.38,Excluded
1201,3,201,True,Meets all eligibility criteria,Eligible
1202,3,202,False,CGPA 6.31 below cutoff 6.38,Excluded
1203,3,203,True,Meets all eligibility criteria,Eligible
1204,3,204,True,Meets all eligibility criteria,Eligible
1205,3,205,True,Meets all eligibility criteria,Eligible
1206,3,206,False,3 backlogs exceeds max 2,Excluded
1207,3,207,False,3 backlogs exceeds max 2,Excluded
1208,3,208,False,Has a prior offer; drive excludes already-placed students,Excluded
1209,3,209,True,Meets all eligibility criteria,Eligible
1210,3,210,False,3 backlogs exceeds max 2,Excluded
1211,3,211,True,Meets all eligibility criteria,Eligible
1212,3,212,True,Meets all eligibility criteria,Flagged
1213,3,213,False,Has a prior offer; drive excludes already-placed students,Excluded
1214,3,214,True,Meets all eligibility criteria,Eligible
1215,3,215,True,Meets all eligibility criteria,Eligible
1216,3,216,False,CGPA 6.29 below cutoff 6.38,Excluded
1217,3,217,True,Meets all eligibility criteria,Eligible
1218,3,218,True,Meets all eligibility criteria,Eligible
1219,3,219,False,CGPA 6.13 below cutoff 6.38; 3 backlogs exceeds max 2,Excluded
1220,3,220,False,Has a prior offer; drive excludes already-placed students,Excluded
1221,3,221,True,Meets all eligibility criteria,Eligible
1222,3,222,True,Meets all eligibility criteria,Eligible
1223,3,223,False,CGPA 5.99 below cutoff 6.38,Excluded
1224,3,224,False,Has a prior offer; drive excludes already-placed students,Excluded
1225,3,225,True,Meets all eligibility criteria,Eligible
1226,3,226,False,CGPA 6.13 below cutoff 6.38; Has a prior offer; drive excludes already-placed students,Excluded
1227,3,227,True,Meets all eligibility criteria,Eligible
1228,3,228,True,Meets all eligibility criteria,Eligible
1229,3,229,True,Meets all eligibility criteria,Eligible
1230,3,230,True,Meets all eligibility criteria,Eligible
1231,3,231,False,Has a prior offer; drive excludes already-placed students,Excluded
1232,3,232,False,Has a prior offer; drive excludes already-placed students,Excluded
1233,3,233,False,3 backlogs exceeds max 2,Excluded
1234,3,234,True,Meets all eligibility criteria,Eligible
1235,3,235,False,Has a prior offer; drive excludes already-placed students,Excluded
1236,3,236,True,Meets all eligibility criteria,Eligible
1237,3,237,False,CGPA 6.16 below cutoff 6.38,Excluded
1238,3,238,False,CGPA 6.15 below cutoff 6.38; Has a prior offer; drive excludes already-placed students,Excluded
1239,3,239,True,Meets all eligibility criteria,Eligible
1240,3,240,False,CGPA 5.57 below cutoff 6.38,Excluded
1241,3,241,False,CGPA 6.01 below cutoff 6.38,Excluded
1242,3,242,False,CGPA 5.99 below cutoff 6.38,Excluded
1243,3,243,True,Meets all eligibility criteria,Eligible
1244,3,244,False,CGPA 5.64 below cutoff 6.38; 3 backlogs exceeds max 2,Excluded
1245,3,245,True,Meets all eligibility criteria,Eligible
1246,3,246,False,CGPA 6.17 below cutoff 6.38,Excluded
1247,3,247,True,Meets all eligibility criteria,Eligible
1248,3,248,True,Meets all eligibility criteria,Eligible
1249,3,249,True,Meets all eligibility criteria,Eligible
1250,3,250,True,Meets all eligibility criteria,Eligible
1251,3,251,False,CGPA 5.93 below cutoff 6.38,Excluded
1252,3,252,False,CGPA 6.19 below cutoff 6.38,Excluded
1253,3,253,False,CGPA 5.92 below cutoff 6.38,Excluded
1254,3,254,True,Meets all eligibility criteria,Eligible
1255,3,255,False,CGPA 6.05 below cutoff 6.38,Excluded
1256,3,256,False,3 backlogs exceeds max 2,Excluded
1257,3,257,True,Meets all eligibility criteria,Eligible
1258,3,258,False,CGPA 5.99 below cutoff 6.38,Excluded
1259,3,259,True,Meets all eligibility criteria,Eligible
1260,3,260,True,Meets all eligibility criteria,Eligible
1261,3,261,False,CGPA 6.31 below cutoff 6.38,Excluded
1262,3,262,False,CGPA 6.32 below cutoff 6.38; Has a prior offer; drive excludes already-placed students,Excluded
1263,3,263,False,3 backlogs exceeds max 2,Excluded
1264,3,264,True,Meets all eligibility criteria,Eligible
1265,3,265,True,Meets all eligibility criteria,Eligible
1266,3,266,False,CGPA 6.2 below cutoff 6.38; Has a prior offer; drive excludes already-placed students,Excluded
1267,3,267,True,Meets all eligibility criteria,Eligible
1268,3,268,False,Has a prior offer; drive excludes already-placed students,Excluded
1269,3,269,True,Meets all eligibility criteria,Eligible
1270,3,270,False,3 backlogs exceeds max 2,Excluded
1271,3,271,True,Meets all eligibility criteria,Eligible
1272,3,272,False,CGPA 5.53 below cutoff 6.38,Excluded
1273,3,273,False,Has a prior offer; drive excludes already-placed students,Excluded
1274,3,274,True,Meets all eligibility criteria,Eligible
1275,3,275,True,Meets all eligibility criteria,Eligible
1276,3,276,True,Meets all eligibility criteria,Eligible
1277,3,277,False,Has a prior offer; drive excludes already-placed students,Excluded
1278,3,278,True,Meets all eligibility criteria,Eligible
1279,3,279,True,Meets all eligibility criteria,Eligible
1280,3,280,False,CGPA 6.26 below cutoff 6.38,Excluded
1281,3,281,True,Meets all eligibility criteria,Eligible
1282,3,282,True,Meets all eligibility criteria,Eligible
1283,3,283,True,Meets all eligibility criteria,Eligible
1284,3,284,True,Meets all eligibility criteria,Eligible
1285,3,285,True,Meets all eligibility criteria,Eligible
1286,3,286,True,Meets all eligibility criteria,Eligible
1287,3,287,True,Meets all eligibility criteria,Eligible
1288,3,288,True,Meets all eligibility criteria,Eligible
1289,3,289,False,CGPA 5.85 below cutoff 6.38,Excluded
1290,3,290,True,Meets all eligibility criteria,Eligible
1291,3,291,True,Meets all eligibility criteria,Eligible
1292,3,292,False,CGPA 6.18 below cutoff 6.38,Excluded
1293,3,293,False,CGPA 5.88 below cutoff 6.38,Excluded
1294,3,294,True,Meets all eligibility criteria,Eligible
1295,3,295,True,Meets all eligibility criteria,Eligible
1296,3,296,False,Has a prior offer; drive excludes already-placed students,Excluded
1297,3,297,True,Meets all eligibility criteria,Eligible
1298,3,298,True,Meets all eligibility criteria,Eligible
1299,3,299,True,Meets all eligibility criteria,Eligible
1300,3,300,False,CGPA 6.08 below cutoff 6.38,Excluded
1301,3,301,True,Meets all eligibility criteria,Eligible
1302,3,302,False,3 backlogs exceeds max 2,Excluded
1303,3,303,True,Meets all eligibility criteria,Eligible
1304,3,304,True,Meets all eligibility criteria,Flagged
1305,3,305,False,CGPA 6.12 below cutoff 6.38,Excluded
1306,3,306,True,Meets all eligibility criteria,Eligible
1307,3,307,True,Meets all eligibility criteria,Eligible
1308,3,308,True,Meets all eligibility criteria,Eligible
1309,3,309,True,Meets all eligibility criteria,Eligible
1310,3,310,True,Meets all eligibility criteria,Eligible
1311,3,311,True,Meets all eligibility criteria,Eligible
1312,3,312,True,Meets all eligibility criteria,Eligible
1313,3,313,True,Meets all eligibility criteria,Eligible
1314,3,314,True,Meets all eligibility criteria,Eligible
1315,3,315,False,Has a prior offer; drive excludes already-placed students,Excluded
1316,3,316,False,CGPA 6.22 below cutoff 6.38,Excluded
1317,3,317,False,CGPA 5.91 below cutoff 6.38,Excluded
1318,3,318,True,Meets all eligibility criteria,Eligible
1319,3,319,False,CGPA 5.87 below cutoff 6.38,Excluded
1320,3,320,True,Meets all eligibility criteria,Eligible
1321,3,321,True,Meets all eligibility criteria,Eligible
1322,3,322,True,Meets all eligibility criteria,Eligible
1323,3,323,False,CGPA 6.17 below cutoff 6.38,Excluded
1324,3,324,True,Meets all eligibility criteria,Eligible
1325,3,325,True,Meets all eligibility criteria,Eligible
1326,3,326,True,Meets all eligibility criteria,Eligible
1327,3,327,True,Meets all eligibility criteria,Eligible
1328,3,328,True,Meets all eligibility criteria,Eligible
1329,3,329,True,Meets all eligibility criteria,Eligible
1330,3,330,True,Meets all eligibility criteria,Eligible
1331,3,331,True,Meets all eligibility criteria,Eligible
1332,3,332,True,Meets all eligibility criteria,Eligible
1333,3,333,True,Meets all eligibility criteria,Eligible
1334,3,334,True,Meets all eligibility criteria,Eligible
1335,3,335,True,Meets all eligibility criteria,Eligible
1336,3,336,True,Meets all eligibility criteria,Eligible
1337,3,337,True,Meets all eligibility criteria,Eligible
1338,3,338,True,Meets all eligibility criteria,Eligible
1339,3,339,True,Meets all eligibility criteria,Eligible
1340,3,340,True,Meets all eligibility criteria,Eligible
1341,3,341,True,Meets all eligibility criteria,Eligible
1342,3,342,True,Meets all eligibility criteria,Eligible
1343,3,343,False,CGPA 5.86 below cutoff 6.38,Excluded
1344,3,344,False,CGPA 5.96 below cutoff 6.38,Excluded
1345,3,345,True,Meets all eligibility criteria,Eligible
1346,3,346,True,Meets all eligibility criteria,Eligible
1347,3,347,True,Meets all eligibility criteria,Eligible
1348,3,348,True,Meets all eligibility criteria,Eligible
1349,3,349,False,CGPA 6.14 below cutoff 6.38,Excluded
1350,3,350,True,Meets all eligibility criteria,Eligible
1351,3,351,False,CGPA 5.65 below cutoff 6.38,Excluded
1352,3,352,True,Meets all eligibility criteria,Eligible
1353,3,353,True,Meets all eligibility criteria,Eligible
1354,3,354,True,Meets all eligibility criteria,Eligible
1355,3,355,True,Meets all eligibility criteria,Eligible
1356,3,356,True,Meets all eligibility criteria,Eligible
1357,3,357,True,Meets all eligibility criteria,Eligible
1358,3,358,True,Meets all eligibility criteria,Eligible
1359,3,359,True,Meets all eligibility criteria,Eligible
1360,3,360,True,Meets all eligibility criteria,Eligible
1361,3,361,False,Has a prior offer; drive excludes already-placed students,Excluded
1362,3,362,True,Meets all eligibility criteria,Eligible
1363,3,363,False,CGPA 5.89 below cutoff 6.38,Excluded
1364,3,364,True,Meets all eligibility criteria,Eligible
1365,3,365,True,Meets all eligibility criteria,Eligible
1366,3,366,False,CGPA 6.08 below cutoff 6.38,Excluded
1367,3,367,True,Meets all eligibility criteria,Eligible
1368,3,368,True,Meets all eligibility criteria,Eligible
1369,3,369,True,Meets all eligibility criteria,Flagged
1370,3,370,True,Meets all eligibility criteria,Eligible
1371,3,371,True,Meets all eligibility criteria,Eligible
1372,3,372,True,Meets all eligibility criteria,Eligible
1373,3,373,True,Meets all eligibility criteria,Eligible
1374,3,374,False,CGPA 5.63 below cutoff 6.38,Excluded
1375,3,375,False,Has a prior offer; drive excludes already-placed students,Excluded
1376,3,376,True,Meets all eligibility criteria,Eligible
1377,3,377,False,Has a prior offer; drive excludes already-placed students,Excluded
1378,3,378,False,CGPA 5.77 below cutoff 6.38,Excluded
1379,3,379,True,Meets all eligibility criteria,Eligible
1380,3,380,False,3 backlogs exceeds max 2,Excluded
1381,3,381,False,CGPA 5.98 below cutoff 6.38,Excluded
1382,3,382,False,CGPA 6.13 below cutoff 6.38,Excluded
1383,3,383,True,Meets all eligibility criteria,Eligible
1384,3,384,False,CGPA 6.35 below cutoff 6.38,Excluded
1385,3,385,True,Meets all eligibility criteria,Eligible
1386,3,386,True,Meets all eligibility criteria,Eligible
1387,3,387,True,Meets all eligibility criteria,Eligible
1388,3,388,False,CGPA 5.54 below cutoff 6.38,Excluded
1389,3,389,True,Meets all eligibility criteria,Eligible
1390,3,390,True,Meets all eligibility criteria,Flagged
1391,3,391,True,Meets all eligibility criteria,Eligible
1392,3,392,False,CGPA 6.08 below cutoff 6.38,Excluded
1393,3,393,True,Meets all eligibility criteria,Eligible
1394,3,394,False,CGPA 5.68 below cutoff 6.38,Excluded
1395,3,395,True,Meets all eligibility criteria,Eligible
1396,3,396,True,Meets all eligibility criteria,Eligible
1397,3,397,True,Meets all eligibility criteria,Eligible
1398,3,398,True,Meets all eligibility criteria,Eligible
1399,3,399,False,CGPA 5.99 below cutoff 6.38,Excluded
1400,3,400,True,Meets all eligibility criteria,Eligible
1401,3,401,True,Meets all eligibility criteria,Eligible
1402,3,402,False,CGPA 6.27 below cutoff 6.38,Excluded
1403,3,403,True,Meets all eligibility criteria,Eligible
1404,3,404,True,Meets all eligibility criteria,Eligible
1405,3,405,True,Meets all eligibility criteria,Eligible
1406,3,406,True,Meets all eligibility criteria,Eligible
1407,3,407,True,Meets all eligibility criteria,Eligible
1408,3,408,True,Meets all eligibility criteria,Eligible
1409,3,409,True,Meets all eligibility criteria,Eligible
1410,3,410,True,Meets all eligibility criteria,Eligible
1411,3,411,True,Meets all eligibility criteria,Eligible
1412,3,412,True,Meets all eligibility criteria,Eligible
1413,3,413,True,Meets all eligibility criteria,Eligible
1414,3,414,False,Has a prior offer; drive excludes already-placed students,Excluded
1415,3,415,True,Meets all eligibility criteria,Eligible
1416,3,416,True,Meets all eligibility criteria,Eligible
1417,3,417,False,CGPA 5.99 below cutoff 6.38; Has a prior offer; drive excludes already-placed students,Excluded
1418,3,418,False,Has a prior offer; drive excludes already-placed students,Excluded
1419,3,419,False,Has a prior offer; drive excludes already-placed students,Excluded
1420,3,420,True,Meets all eligibility criteria,Eligible
1421,3,421,True,Meets all eligibility criteria,Eligible
1422,3,422,True,Meets all eligibility criteria,Eligible
1423,3,423,True,Meets all eligibility criteria,Eligible
1424,3,424,True,Meets all eligibility criteria,Eligible
1425,3,425,False,CGPA 6.34 below cutoff 6.38; Has a prior offer; drive excludes already-placed students,Excluded
1426,3,426,True,Meets all eligibility criteria,Eligible
1427,3,427,True,Meets all eligibility criteria,Eligible
1428,3,428,False,CGPA 6.37 below cutoff 6.38,Excluded
1429,3,429,True,Meets all eligibility criteria,Eligible
1430,3,430,True,Meets all eligibility criteria,Eligible
1431,3,431,False,Has a prior offer; drive excludes already-placed students,Excluded
1432,3,432,True,Meets all eligibility criteria,Eligible
1433,3,433,True,Meets all eligibility criteria,Eligible
1434,3,434,False,Has a prior offer; drive excludes already-placed students,Excluded
1435,3,435,False,Has a prior offer; drive excludes already-placed students,Excluded
1436,3,436,True,Meets all eligibility criteria,Eligible
1437,3,437,True,Meets all eligibility criteria,Eligible
1438,3,438,True,Meets all eligibility criteria,Flagged
1439,3,439,True,Meets all eligibility criteria,Eligible
1440,3,440,True,Meets all eligibility criteria,Eligible
1441,3,441,True,Meets all eligibility criteria,Eligible
1442,3,442,False,CGPA 5.85 below cutoff 6.38,Excluded
1443,3,443,True,Meets all eligibility criteria,Flagged
1444,3,444,True,Meets all eligibility criteria,Eligible
1445,3,445,True,Meets all eligibility criteria,Eligible
1446,3,446,True,Meets all eligibility criteria,Eligible
1447,3,447,True,Meets all eligibility criteria,Eligible
1448,3,448,False,Has a prior offer; drive excludes already-placed students,Excluded
1449,3,449,False,Has a prior offer; drive excludes already-placed students,Excluded
1450,3,450,True,Meets all eligibility criteria,Eligible
1451,3,451,False,3 backlogs exceeds max 2,Excluded
1452,3,452,True,Meets all eligibility criteria,Eligible
1453,3,453,False,CGPA 6.1 below cutoff 6.38,Excluded
1454,3,454,True,Meets all eligibility criteria,Eligible
1455,3,455,True,Meets all eligibility criteria,Eligible
1456,3,456,True,Meets all eligibility criteria,Eligible
1457,3,457,False,CGPA 6.35 below cutoff 6.38,Excluded
1458,3,458,True,Meets all eligibility criteria,Eligible
1459,3,459,False,CGPA 5.95 below cutoff 6.38,Excluded
1460,3,460,False,CGPA 5.72 below cutoff 6.38,Excluded
1461,3,461,True,Meets all eligibility criteria,Flagged
1462,3,462,True,Meets all eligibility criteria,Eligible
1463,3,463,True,Meets all eligibility criteria,Eligible
1464,3,464,False,CGPA 6.14 below cutoff 6.38,Excluded
1465,3,465,False,CGPA 5.77 below cutoff 6.38,Excluded
1466,3,466,True,Meets all eligibility criteria,Eligible
1467,3,467,True,Meets all eligibility criteria,Eligible
1468,3,468,True,Meets all eligibility criteria,Eligible
1469,3,469,True,Meets all eligibility criteria,Eligible
1470,3,470,True,Meets all eligibility criteria,Eligible
1471,3,471,False,Has a prior offer; drive excludes already-placed students,Excluded
1472,3,472,True,Meets all eligibility criteria,Eligible
1473,3,473,True,Meets all eligibility criteria,Eligible
1474,3,474,True,Meets all eligibility criteria,Eligible
1475,3,475,False,CGPA 5.57 below cutoff 6.38,Excluded
1476,3,476,True,Meets all eligibility criteria,Eligible
1477,3,477,True,Meets all eligibility criteria,Eligible
1478,3,478,True,Meets all eligibility criteria,Eligible
1479,3,479,True,Meets all eligibility criteria,Eligible
1480,3,480,False,Has a prior offer; drive excludes already-placed students,Excluded
1481,3,481,True,Meets all eligibility criteria,Eligible
1482,3,482,True,Meets all eligibility criteria,Eligible
1483,3,483,True,Meets all eligibility criteria,Eligible
1484,3,484,True,Meets all eligibility criteria,Eligible
1485,3,485,True,Meets all eligibility criteria,Eligible
1486,3,486,True,Meets all eligibility criteria,Eligible
1487,3,487,False,Has a prior offer; drive excludes already-placed students,Excluded
1488,3,488,False,CGPA 5.53 below cutoff 6.38; Has a prior offer; drive excludes already-placed students,Excluded
1489,3,489,False,CGPA 6.18 below cutoff 6.38; Has a prior offer; drive excludes already-placed students,Excluded
1490,3,490,True,Meets all eligibility criteria,Eligible
1491,3,491,False,CGPA 5.53 below cutoff 6.38,Excluded
1492,3,492,False,3 backlogs exceeds max 2,Excluded
1493,3,493,True,Meets all eligibility criteria,Eligible
1494,3,494,True,Meets all eligibility criteria,Eligible
1495,3,495,True,Meets all eligibility criteria,Eligible
1496,3,496,True,Meets all eligibility criteria,Eligible
1497,3,497,False,Has a prior offer; drive excludes already-placed students,Excluded
1498,3,498,False,Has a prior offer; drive excludes already-placed students,Excluded
1499,3,499,False,CGPA 6.27 below cutoff 6.38,Excluded
1500,3,500,True,Meets all eligibility criteria,Eligible
1501,4,1,True,Meets all eligibility criteria,Eligible
1502,4,2,True,Meets all eligibility criteria,Eligible
1503,4,3,False,CGPA 5.64 below cutoff 6.6,Excluded
1504,4,4,False,Branch CIVIL not in allowed list,Excluded
1505,4,5,False,Branch CSE not in allowed list,Excluded
1506,4,6,False,Has a prior offer; drive excludes already-placed students,Excluded
1507,4,7,False,CGPA 5.94 below cutoff 6.6,Excluded
1508,4,8,False,Branch EEE not in allowed list,Excluded
1509,4,9,True,Meets all eligibility criteria,Eligible
1510,4,10,False,CGPA 5.81 below cutoff 6.6,Excluded
1511,4,11,False,Branch EEE not in allowed list,Excluded
1512,4,12,False,CGPA 6.23 below cutoff 6.6; Branch CIVIL not in allowed list,Excluded
1513,4,13,False,Branch CIVIL not in allowed list,Excluded
1514,4,14,True,Meets all eligibility criteria,Flagged
1515,4,15,False,CGPA 6.49 below cutoff 6.6; Branch CSE not in allowed list,Excluded
1516,4,16,False,Branch CSE not in allowed list,Excluded
1517,4,17,True,Meets all eligibility criteria,Eligible
1518,4,18,True,Meets all eligibility criteria,Eligible
1519,4,19,False,Branch CIVIL not in allowed list,Excluded
1520,4,20,True,Meets all eligibility criteria,Eligible
1521,4,21,True,Meets all eligibility criteria,Eligible
1522,4,22,False,Branch EEE not in allowed list,Excluded
1523,4,23,True,Meets all eligibility criteria,Eligible
1524,4,24,False,CGPA 6.02 below cutoff 6.6; 2 backlogs exceeds max 1,Excluded
1525,4,25,False,Branch CSE not in allowed list,Excluded
1526,4,26,True,Meets all eligibility criteria,Flagged
1527,4,27,False,Branch CIVIL not in allowed list,Excluded
1528,4,28,False,CGPA 6.19 below cutoff 6.6,Excluded
1529,4,29,False,Branch CSE not in allowed list,Excluded
1530,4,30,False,Branch CSE not in allowed list,Excluded
1531,4,31,False,Branch EEE not in allowed list,Excluded
1532,4,32,False,Branch CIVIL not in allowed list,Excluded
1533,4,33,False,CGPA 6.24 below cutoff 6.6,Excluded
1534,4,34,False,Branch CIVIL not in allowed list,Excluded
1535,4,35,True,Meets all eligibility criteria,Eligible
1536,4,36,False,Branch CSE not in allowed list; Has a prior offer; drive excludes already-placed students,Excluded
1537,4,37,False,Branch CSE not in allowed list,Excluded
1538,4,38,False,CGPA 5.76 below cutoff 6.6; Branch CSE not in allowed list; Has a prior offer; drive excludes already-placed students,Excluded
1539,4,39,False,CGPA 6.57 below cutoff 6.6,Excluded
1540,4,40,False,Branch EEE not in allowed list,Excluded
1541,4,41,False,Branch CSE not in allowed list,Excluded
1542,4,42,False,Branch CIVIL not in allowed list,Excluded
1543,4,43,False,Branch EEE not in allowed list,Excluded
1544,4,44,True,Meets all eligibility criteria,Eligible
1545,4,45,True,Meets all eligibility criteria,Eligible
1546,4,46,False,Branch CSE not in allowed list,Excluded
1547,4,47,False,3 backlogs exceeds max 1,Excluded
1548,4,48,False,Branch CSE not in allowed list,Excluded
1549,4,49,False,Branch EEE not in allowed list,Excluded
1550,4,50,False,3 backlogs exceeds max 1,Excluded
1551,4,51,False,CGPA 6.2 below cutoff 6.6; Branch CSE not in allowed list,Excluded
1552,4,52,False,CGPA 5.77 below cutoff 6.6; Branch CSE not in allowed list,Excluded
1553,4,53,False,Branch CSE not in allowed list; Has a prior offer; drive excludes already-placed students,Excluded
1554,4,54,False,CGPA 6.34 below cutoff 6.6; Branch CIVIL not in allowed list,Excluded
1555,4,55,False,Has a prior offer; drive excludes already-placed students,Excluded
1556,4,56,False,CGPA 5.87 below cutoff 6.6,Excluded
1557,4,57,True,Meets all eligibility criteria,Flagged
1558,4,58,False,CGPA 6.09 below cutoff 6.6; Branch EEE not in allowed list,Excluded
1559,4,59,True,Meets all eligibility criteria,Eligible
1560,4,60,False,CGPA 5.83 below cutoff 6.6,Excluded
1561,4,61,True,Meets all eligibility criteria,Eligible
1562,4,62,True,Meets all eligibility criteria,Eligible
1563,4,63,False,Branch CIVIL not in allowed list,Excluded
1564,4,64,False,CGPA 6.1 below cutoff 6.6; Branch CSE not in allowed list,Excluded
1565,4,65,False,Branch CIVIL not in allowed list,Excluded
1566,4,66,False,Branch EEE not in allowed list,Excluded
1567,4,67,False,Branch EEE not in allowed list; Has a prior offer; drive excludes already-placed students,Excluded
1568,4,68,True,Meets all eligibility criteria,Eligible
1569,4,69,False,Branch CSE not in allowed list; Has a prior offer; drive excludes already-placed students,Excluded
1570,4,70,False,2 backlogs exceeds max 1,Excluded
1571,4,71,True,Meets all eligibility criteria,Eligible
1572,4,72,False,Branch CSE not in allowed list,Excluded
1573,4,73,True,Meets all eligibility criteria,Flagged
1574,4,74,False,2 backlogs exceeds max 1,Excluded
1575,4,75,False,Branch CSE not in allowed list; 2 backlogs exceeds max 1,Excluded
1576,4,76,False,Branch CIVIL not in allowed list; 2 backlogs exceeds max 1,Excluded
1577,4,77,False,Branch CSE not in allowed list,Excluded
1578,4,78,False,Branch EEE not in allowed list,Excluded
1579,4,79,False,Branch CSE not in allowed list,Excluded
1580,4,80,True,Meets all eligibility criteria,Eligible
1581,4,81,False,3 backlogs exceeds max 1,Excluded
1582,4,82,False,CGPA 6.02 below cutoff 6.6; 3 backlogs exceeds max 1,Excluded
1583,4,83,False,Branch EEE not in allowed list,Excluded
1584,4,84,True,Meets all eligibility criteria,Eligible
1585,4,85,False,Branch CIVIL not in allowed list; Has a prior offer; drive excludes already-placed students,Excluded
1586,4,86,False,Branch CIVIL not in allowed list,Excluded
1587,4,87,False,CGPA 6.39 below cutoff 6.6; Branch CIVIL not in allowed list,Excluded
1588,4,88,True,Meets all eligibility criteria,Eligible
1589,4,89,True,Meets all eligibility criteria,Eligible
1590,4,90,False,Branch CIVIL not in allowed list; 2 backlogs exceeds max 1,Excluded
1591,4,91,True,Meets all eligibility criteria,Eligible
1592,4,92,False,CGPA 6.45 below cutoff 6.6,Excluded
1593,4,93,True,Meets all eligibility criteria,Eligible
1594,4,94,False,Branch CIVIL not in allowed list,Excluded
1595,4,95,False,Branch CSE not in allowed list,Excluded
1596,4,96,False,CGPA 6.51 below cutoff 6.6; Branch CSE not in allowed list,Excluded
1597,4,97,False,Branch CSE not in allowed list,Excluded
1598,4,98,False,Branch CIVIL not in allowed list,Excluded
1599,4,99,False,Branch CSE not in allowed list,Excluded
1600,4,100,False,CGPA 6.48 below cutoff 6.6; Branch CIVIL not in allowed list,Excluded
1601,4,101,False,Branch CSE not in allowed list; 2 backlogs exceeds max 1,Excluded
1602,4,102,True,Meets all eligibility criteria,Eligible
1603,4,103,False,Branch CIVIL not in allowed list,Excluded
1604,4,104,True,Meets all eligibility criteria,Eligible
1605,4,105,False,Branch CIVIL not in allowed list,Excluded
1606,4,106,False,Has a prior offer; drive excludes already-placed students,Excluded
1607,4,107,False,Has a prior offer; drive excludes already-placed students,Excluded
1608,4,108,False,CGPA 6.18 below cutoff 6.6,Excluded
1609,4,109,False,Branch EEE not in allowed list; Has a prior offer; drive excludes already-placed students,Excluded
1610,4,110,False,Has a prior offer; drive excludes already-placed students,Excluded
1611,4,111,False,Branch EEE not in allowed list,Excluded
1612,4,112,False,Branch EEE not in allowed list,Excluded
1613,4,113,True,Meets all eligibility criteria,Eligible
1614,4,114,True,Meets all eligibility criteria,Eligible
1615,4,115,False,Branch EEE not in allowed list,Excluded
1616,4,116,False,2 backlogs exceeds max 1,Excluded
1617,4,117,False,CGPA 5.88 below cutoff 6.6; Branch EEE not in allowed list; Has a prior offer; drive excludes already-placed students,Excluded
1618,4,118,True,Meets all eligibility criteria,Eligible
1619,4,119,False,Branch EEE not in allowed list,Excluded
1620,4,120,False,Branch CSE not in allowed list,Excluded
1621,4,121,False,CGPA 5.81 below cutoff 6.6; Branch CSE not in allowed list; 2 backlogs exceeds max 1,Excluded
1622,4,122,False,CGPA 6.4 below cutoff 6.6,Excluded
1623,4,123,True,Meets all eligibility criteria,Eligible
1624,4,124,True,Meets all eligibility criteria,Eligible
1625,4,125,True,Meets all eligibility criteria,Eligible
1626,4,126,False,Branch EEE not in allowed list,Excluded
1627,4,127,False,CGPA 6.39 below cutoff 6.6; Branch CIVIL not in allowed list; Has a prior offer; drive excludes already-placed students,Excluded
1628,4,128,True,Meets all eligibility criteria,Eligible
1629,4,129,True,Meets all eligibility criteria,Eligible
1630,4,130,False,CGPA 5.81 below cutoff 6.6; Branch CSE not in allowed list,Excluded
1631,4,131,False,CGPA 5.97 below cutoff 6.6; Branch CIVIL not in allowed list; 3 backlogs exceeds max 1,Excluded
1632,4,132,False,Branch CIVIL not in allowed list,Excluded
1633,4,133,False,Branch EEE not in allowed list,Excluded
1634,4,134,True,Meets all eligibility criteria,Eligible
1635,4,135,True,Meets all eligibility criteria,Eligible
1636,4,136,True,Meets all eligibility criteria,Eligible
1637,4,137,True,Meets all eligibility criteria,Eligible
1638,4,138,True,Meets all eligibility criteria,Flagged
1639,4,139,True,Meets all eligibility criteria,Eligible
1640,4,140,False,Branch CSE not in allowed list,Excluded
1641,4,141,False,Branch CIVIL not in allowed list,Excluded
1642,4,142,False,Branch CIVIL not in allowed list,Excluded
1643,4,143,True,Meets all eligibility criteria,Eligible
1644,4,144,False,CGPA 6.37 below cutoff 6.6,Excluded
1645,4,145,False,CGPA 6.47 below cutoff 6.6; Branch CIVIL not in allowed list,Excluded
1646,4,146,False,Branch CSE not in allowed list,Excluded
1647,4,147,False,Branch CIVIL not in allowed list,Excluded
1648,4,148,False,CGPA 5.7 below cutoff 6.6,Excluded
1649,4,149,False,Branch CSE not in allowed list,Excluded
1650,4,150,True,Meets all eligibility criteria,Eligible
1651,4,151,False,Branch CSE not in allowed list,Excluded
1652,4,152,True,Meets all eligibility criteria,Eligible
1653,4,153,True,Meets all eligibility criteria,Eligible
1654,4,154,True,Meets all eligibility criteria,Eligible
1655,4,155,False,2 backlogs exceeds max 1,Excluded
1656,4,156,False,Has a prior offer; drive excludes already-placed students,Excluded
1657,4,157,False,Has a prior offer; drive excludes already-placed students,Excluded
1658,4,158,False,CGPA 6.58 below cutoff 6.6,Excluded
1659,4,159,False,Branch CSE not in allowed list,Excluded
1660,4,160,False,Branch CSE not in allowed list,Excluded
1661,4,161,True,Meets all eligibility criteria,Flagged
1662,4,162,False,CGPA 6.39 below cutoff 6.6,Excluded
1663,4,163,False,Branch CSE not in allowed list,Excluded
1664,4,164,True,Meets all eligibility criteria,Eligible
1665,4,165,True,Meets all eligibility criteria,Eligible
1666,4,166,False,Branch EEE not in allowed list,Excluded
1667,4,167,False,Branch CIVIL not in allowed list,Excluded
1668,4,168,False,CGPA 5.59 below cutoff 6.6; Has a prior offer; drive excludes already-placed students,Excluded
1669,4,169,False,Branch CIVIL not in allowed list,Excluded
1670,4,170,False,CGPA 6.32 below cutoff 6.6; Branch CIVIL not in allowed list,Excluded
1671,4,171,False,Has a prior offer; drive excludes already-placed students,Excluded
1672,4,172,False,CGPA 6.22 below cutoff 6.6; Branch EEE not in allowed list,Excluded
1673,4,173,False,Branch CSE not in allowed list; Has a prior offer; drive excludes already-placed students,Excluded
1674,4,174,False,Branch EEE not in allowed list,Excluded
1675,4,175,False,CGPA 5.51 below cutoff 6.6; Branch EEE not in allowed list; Has a prior offer; drive excludes already-placed students,Excluded
1676,4,176,False,Branch EEE not in allowed list,Excluded
1677,4,177,False,CGPA 5.73 below cutoff 6.6,Excluded
1678,4,178,False,Branch CIVIL not in allowed list,Excluded
1679,4,179,False,Branch CSE not in allowed list,Excluded
1680,4,180,False,CGPA 6.51 below cutoff 6.6; Branch CSE not in allowed list,Excluded
1681,4,181,False,Branch CIVIL not in allowed list,Excluded
1682,4,182,False,Branch EEE not in allowed list,Excluded
1683,4,183,False,CGPA 6.15 below cutoff 6.6,Excluded
1684,4,184,False,CGPA 6.11 below cutoff 6.6; Branch EEE not in allowed list,Excluded
1685,4,185,True,Meets all eligibility criteria,Eligible
1686,4,186,False,Branch EEE not in allowed list; 3 backlogs exceeds max 1,Excluded
1687,4,187,True,Meets all eligibility criteria,Eligible
1688,4,188,False,Branch CIVIL not in allowed list,Excluded
1689,4,189,False,CGPA 6.55 below cutoff 6.6; Branch CSE not in allowed list,Excluded
1690,4,190,False,Branch EEE not in allowed list,Excluded
1691,4,191,False,Branch CSE not in allowed list,Excluded
1692,4,192,False,Branch EEE not in allowed list,Excluded
1693,4,193,False,Branch EEE not in allowed list,Excluded
1694,4,194,False,CGPA 5.84 below cutoff 6.6,Excluded
1695,4,195,True,Meets all eligibility criteria,Eligible
1696,4,196,False,Branch CIVIL not in allowed list,Excluded
1697,4,197,False,CGPA 5.66 below cutoff 6.6; Branch CIVIL not in allowed list,Excluded
1698,4,198,False,Branch EEE not in allowed list,Excluded
1699,4,199,True,Meets all eligibility criteria,Eligible
1700,4,200,False,CGPA 5.63 below cutoff 6.6; Branch CSE not in allowed list,Excluded
1701,4,201,False,Branch EEE not in allowed list,Excluded
1702,4,202,False,CGPA 6.31 below cutoff 6.6,Excluded
1703,4,203,False,CGPA 6.58 below cutoff 6.6; 2 backlogs exceeds max 1,Excluded
1704,4,204,False,Branch CSE not in allowed list,Excluded
1705,4,205,False,Branch EEE not in allowed list,Excluded
1706,4,206,False,Branch CIVIL not in allowed list; 3 backlogs exceeds max 1,Excluded
1707,4,207,False,Branch EEE not in allowed list; 3 backlogs exceeds max 1,Excluded
1708,4,208,False,Branch CIVIL not in allowed list; Has a prior offer; drive excludes already-placed students,Excluded
1709,4,209,False,Branch CSE not in allowed list,Excluded
1710,4,210,False,3 backlogs exceeds max 1,Excluded
1711,4,211,True,Meets all eligibility criteria,Eligible
1712,4,212,False,CGPA 6.49 below cutoff 6.6,Excluded
1713,4,213,False,Has a prior offer; drive excludes already-placed students,Excluded
1714,4,214,False,Branch EEE not in allowed list,Excluded
1715,4,215,True,Meets all eligibility criteria,Eligible
1716,4,216,False,CGPA 6.29 below cutoff 6.6,Excluded
1717,4,217,True,Meets all eligibility criteria,Eligible
1718,4,218,False,Branch CSE not in allowed list,Excluded
1719,4,219,False,CGPA 6.13 below cutoff 6.6; Branch CIVIL not in allowed list; 3 backlogs exceeds max 1,Excluded
1720,4,220,False,Has a prior offer; drive excludes already-placed students,Excluded
1721,4,221,False,Branch CSE not in allowed list,Excluded
1722,4,222,False,Branch EEE not in allowed list,Excluded
1723,4,223,False,CGPA 5.99 below cutoff 6.6; Branch CSE not in allowed list,Excluded
1724,4,224,False,2 backlogs exceeds max 1; Has a prior offer; drive excludes already-placed students,Excluded
1725,4,225,False,2 backlogs exceeds max 1,Excluded
1726,4,226,False,CGPA 6.13 below cutoff 6.6; 2 backlogs exceeds max 1; Has a prior offer; drive excludes already-placed students,Excluded
1727,4,227,False,CGPA 6.56 below cutoff 6.6; Branch EEE not in allowed list,Excluded
1728,4,228,True,Meets all eligibility criteria,Eligible
1729,4,229,False,Branch CIVIL not in allowed list; 2 backlogs exceeds max 1,Excluded
1730,4,230,False,2 backlogs exceeds max 1,Excluded
1731,4,231,False,CGPA 6.48 below cutoff 6.6; Has a prior offer; drive excludes already-placed students,Excluded
1732,4,232,False,Branch CIVIL not in allowed list; Has a prior offer; drive excludes already-placed students,Excluded
1733,4,233,False,Branch EEE not in allowed list; 3 backlogs exceeds max 1,Excluded
1734,4,234,False,Branch CSE not in allowed list,Excluded
1735,4,235,False,Has a prior offer; drive excludes already-placed students,Excluded
1736,4,236,True,Meets all eligibility criteria,Eligible
1737,4,237,False,CGPA 6.16 below cutoff 6.6; Branch CSE not in allowed list; 2 backlogs exceeds max 1,Excluded
1738,4,238,False,CGPA 6.15 below cutoff 6.6; Has a prior offer; drive excludes already-placed students,Excluded
1739,4,239,True,Meets all eligibility criteria,Eligible
1740,4,240,False,CGPA 5.57 below cutoff 6.6,Excluded
1741,4,241,False,CGPA 6.01 below cutoff 6.6; Branch EEE not in allowed list,Excluded
1742,4,242,False,CGPA 5.99 below cutoff 6.6,Excluded
1743,4,243,True,Meets all eligibility criteria,Eligible
1744,4,244,False,CGPA 5.64 below cutoff 6.6; Branch EEE not in allowed list; 3 backlogs exceeds max 1,Excluded
1745,4,245,False,Branch CSE not in allowed list; 2 backlogs exceeds max 1,Excluded
1746,4,246,False,CGPA 6.17 below cutoff 6.6,Excluded
1747,4,247,True,Meets all eligibility criteria,Eligible
1748,4,248,False,Branch CIVIL not in allowed list,Excluded
1749,4,249,False,Branch CIVIL not in allowed list,Excluded
1750,4,250,False,Branch EEE not in allowed list,Excluded
1751,4,251,False,CGPA 5.93 below cutoff 6.6; Branch CIVIL not in allowed list,Excluded
1752,4,252,False,CGPA 6.19 below cutoff 6.6; Branch CSE not in allowed list; 2 backlogs exceeds max 1,Excluded
1753,4,253,False,CGPA 5.92 below cutoff 6.6; Branch CIVIL not in allowed list,Excluded
1754,4,254,True,Meets all eligibility criteria,Eligible
1755,4,255,False,CGPA 6.05 below cutoff 6.6; Branch CIVIL not in allowed list,Excluded
1756,4,256,False,3 backlogs exceeds max 1,Excluded
1757,4,257,False,Branch CIVIL not in allowed list,Excluded
1758,4,258,False,CGPA 5.99 below cutoff 6.6,Excluded
1759,4,259,True,Meets all eligibility criteria,Eligible
1760,4,260,False,Branch CIVIL not in allowed list,Excluded
1761,4,261,False,CGPA 6.31 below cutoff 6.6,Excluded
1762,4,262,False,CGPA 6.32 below cutoff 6.6; Branch CIVIL not in allowed list; Has a prior offer; drive excludes already-placed students,Excluded
1763,4,263,False,Branch CSE not in allowed list; 3 backlogs exceeds max 1,Excluded
1764,4,264,True,Meets all eligibility criteria,Eligible
1765,4,265,False,2 backlogs exceeds max 1,Excluded
1766,4,266,False,CGPA 6.2 below cutoff 6.6; Branch CSE not in allowed list; Has a prior offer; drive excludes already-placed students,Excluded
1767,4,267,True,Meets all eligibility criteria,Eligible
1768,4,268,False,CGPA 6.47 below cutoff 6.6; Has a prior offer; drive excludes already-placed students,Excluded
1769,4,269,True,Meets all eligibility criteria,Eligible
1770,4,270,False,CGPA 6.49 below cutoff 6.6; Branch CSE not in allowed list; 3 backlogs exceeds max 1,Excluded
1771,4,271,True,Meets all eligibility criteria,Eligible
1772,4,272,False,CGPA 5.53 below cutoff 6.6,Excluded
1773,4,273,False,Branch CIVIL not in allowed list; Has a prior offer; drive excludes already-placed students,Excluded
1774,4,274,False,Branch CSE not in allowed list,Excluded
1775,4,275,True,Meets all eligibility criteria,Eligible
1776,4,276,False,Branch CSE not in allowed list,Excluded
1777,4,277,False,Branch CIVIL not in allowed list; Has a prior offer; drive excludes already-placed students,Excluded
1778,4,278,True,Meets all eligibility criteria,Eligible
1779,4,279,True,Meets all eligibility criteria,Eligible
1780,4,280,False,CGPA 6.26 below cutoff 6.6; Branch CSE not in allowed list,Excluded
1781,4,281,False,Branch CIVIL not in allowed list,Excluded
1782,4,282,False,CGPA 6.56 below cutoff 6.6,Excluded
1783,4,283,True,Meets all eligibility criteria,Eligible
1784,4,284,False,Branch EEE not in allowed list,Excluded
1785,4,285,True,Meets all eligibility criteria,Eligible
1786,4,286,False,Branch CSE not in allowed list,Excluded
1787,4,287,False,Branch CSE not in allowed list,Excluded
1788,4,288,False,Branch CSE not in allowed list,Excluded
1789,4,289,False,CGPA 5.85 below cutoff 6.6; Branch CSE not in allowed list,Excluded
1790,4,290,False,Branch CIVIL not in allowed list,Excluded
1791,4,291,True,Meets all eligibility criteria,Eligible
1792,4,292,False,CGPA 6.18 below cutoff 6.6; Branch CSE not in allowed list,Excluded
1793,4,293,False,CGPA 5.88 below cutoff 6.6; Branch CSE not in allowed list,Excluded
1794,4,294,True,Meets all eligibility criteria,Eligible
1795,4,295,True,Meets all eligibility criteria,Eligible
1796,4,296,False,Branch CSE not in allowed list; Has a prior offer; drive excludes already-placed students,Excluded
1797,4,297,False,Branch CIVIL not in allowed list,Excluded
1798,4,298,False,Branch CSE not in allowed list,Excluded
1799,4,299,False,Branch CIVIL not in allowed list,Excluded
1800,4,300,False,CGPA 6.08 below cutoff 6.6; Branch CSE not in allowed list,Excluded
1801,4,301,True,Meets all eligibility criteria,Eligible
1802,4,302,False,3 backlogs exceeds max 1,Excluded
1803,4,303,True,Meets all eligibility criteria,Eligible
1804,4,304,False,CGPA 6.46 below cutoff 6.6; Branch EEE not in allowed list; 2 backlogs exceeds max 1,Excluded
1805,4,305,False,CGPA 6.12 below cutoff 6.6; Branch CSE not in allowed list,Excluded
1806,4,306,False,Branch CSE not in allowed list; 2 backlogs exceeds max 1,Excluded
1807,4,307,False,Branch EEE not in allowed list,Excluded
1808,4,308,True,Meets all eligibility criteria,Eligible
1809,4,309,True,Meets all eligibility criteria,Eligible
1810,4,310,True,Meets all eligibility criteria,Eligible
1811,4,311,True,Meets all eligibility criteria,Eligible
1812,4,312,True,Meets all eligibility criteria,Eligible
1813,4,313,True,Meets all eligibility criteria,Eligible
1814,4,314,True,Meets all eligibility criteria,Flagged
1815,4,315,False,Branch CSE not in allowed list; Has a prior offer; drive excludes already-placed students,Excluded
1816,4,316,False,CGPA 6.22 below cutoff 6.6,Excluded
1817,4,317,False,CGPA 5.91 below cutoff 6.6; Branch EEE not in allowed list; 2 backlogs exceeds max 1,Excluded
1818,4,318,True,Meets all eligibility criteria,Eligible
1819,4,319,False,CGPA 5.87 below cutoff 6.6,Excluded
1820,4,320,True,Meets all eligibility criteria,Eligible
1821,4,321,True,Meets all eligibility criteria,Eligible
1822,4,322,False,Branch CSE not in allowed list; 2 backlogs exceeds max 1,Excluded
1823,4,323,False,CGPA 6.17 below cutoff 6.6; 2 backlogs exceeds max 1,Excluded
1824,4,324,False,Branch CSE not in allowed list,Excluded
1825,4,325,False,Branch CSE not in allowed list,Excluded
1826,4,326,False,Branch CIVIL not in allowed list,Excluded
1827,4,327,False,Branch CSE not in allowed list,Excluded
1828,4,328,False,Branch CIVIL not in allowed list,Excluded
1829,4,329,False,2 backlogs exceeds max 1,Excluded
1830,4,330,False,Branch EEE not in allowed list,Excluded
1831,4,331,False,Branch CSE not in allowed list,Excluded
1832,4,332,False,Branch CIVIL not in allowed list,Excluded
1833,4,333,False,Branch CSE not in allowed list,Excluded
1834,4,334,False,Branch CIVIL not in allowed list,Excluded
1835,4,335,True,Meets all eligibility criteria,Eligible
1836,4,336,True,Meets all eligibility criteria,Eligible
1837,4,337,True,Meets all eligibility criteria,Eligible
1838,4,338,False,Branch CSE not in allowed list,Excluded
1839,4,339,False,Branch CIVIL not in allowed list,Excluded
1840,4,340,False,Branch EEE not in allowed list,Excluded
1841,4,341,True,Meets all eligibility criteria,Eligible
1842,4,342,True,Meets all eligibility criteria,Eligible
1843,4,343,False,CGPA 5.86 below cutoff 6.6,Excluded
1844,4,344,False,CGPA 5.96 below cutoff 6.6,Excluded
1845,4,345,False,Branch EEE not in allowed list,Excluded
1846,4,346,False,2 backlogs exceeds max 1,Excluded
1847,4,347,False,Branch CSE not in allowed list; 2 backlogs exceeds max 1,Excluded
1848,4,348,False,Branch CIVIL not in allowed list,Excluded
1849,4,349,False,CGPA 6.14 below cutoff 6.6; Branch EEE not in allowed list,Excluded
1850,4,350,False,CGPA 6.56 below cutoff 6.6,Excluded
1851,4,351,False,CGPA 5.65 below cutoff 6.6; Branch EEE not in allowed list,Excluded
1852,4,352,True,Meets all eligibility criteria,Eligible
1853,4,353,False,Branch CSE not in allowed list,Excluded
1854,4,354,True,Meets all eligibility criteria,Eligible
1855,4,355,True,Meets all eligibility criteria,Flagged
1856,4,356,True,Meets all eligibility criteria,Eligible
1857,4,357,False,Branch CSE not in allowed list,Excluded
1858,4,358,False,Branch CIVIL not in allowed list,Excluded
1859,4,359,True,Meets all eligibility criteria,Eligible
1860,4,360,True,Meets all eligibility criteria,Eligible
1861,4,361,False,Has a prior offer; drive excludes already-placed students,Excluded
1862,4,362,True,Meets all eligibility criteria,Eligible
1863,4,363,False,CGPA 5.89 below cutoff 6.6; Branch CIVIL not in allowed list,Excluded
1864,4,364,True,Meets all eligibility criteria,Eligible
1865,4,365,False,Branch EEE not in allowed list,Excluded
1866,4,366,False,CGPA 6.08 below cutoff 6.6,Excluded
1867,4,367,True,Meets all eligibility criteria,Eligible
1868,4,368,True,Meets all eligibility criteria,Eligible
1869,4,369,False,CGPA 6.51 below cutoff 6.6; 2 backlogs exceeds max 1,Excluded
1870,4,370,True,Meets all eligibility criteria,Flagged
1871,4,371,True,Meets all eligibility criteria,Eligible
1872,4,372,False,Branch CIVIL not in allowed list,Excluded
1873,4,373,True,Meets all eligibility criteria,Eligible
1874,4,374,False,CGPA 5.63 below cutoff 6.6; Branch CIVIL not in allowed list,Excluded
1875,4,375,False,CGPA 6.45 below cutoff 6.6; Has a prior offer; drive excludes already-placed students,Excluded
1876,4,376,False,Branch CIVIL not in allowed list,Excluded
1877,4,377,False,Has a prior offer; drive excludes already-placed students,Excluded
1878,4,378,False,CGPA 5.77 below cutoff 6.6; Branch EEE not in allowed list,Excluded
1879,4,379,False,Branch CIVIL not in allowed list,Excluded
1880,4,380,False,3 backlogs exceeds max 1,Excluded
1881,4,381,False,CGPA 5.98 below cutoff 6.6; Branch CSE not in allowed list,Excluded
1882,4,382,False,CGPA 6.13 below cutoff 6.6; Branch EEE not in allowed list,Excluded
1883,4,383,False,2 backlogs exceeds max 1,Excluded
1884,4,384,False,CGPA 6.35 below cutoff 6.6,Excluded
1885,4,385,False,Branch EEE not in allowed list,Excluded
1886,4,386,False,CGPA 6.58 below cutoff 6.6; Branch CSE not in allowed list,Excluded
1887,4,387,False,Branch CIVIL not in allowed list,Excluded
1888,4,388,False,CGPA 5.54 below cutoff 6.6,Excluded
1889,4,389,False,Branch EEE not in allowed list,Excluded
1890,4,390,False,CGPA 6.38 below cutoff 6.6; Branch CSE not in allowed list,Excluded
1891,4,391,True,Meets all eligibility criteria,Eligible
1892,4,392,False,CGPA 6.08 below cutoff 6.6,Excluded
1893,4,393,True,Meets all eligibility criteria,Eligible
1894,4,394,False,CGPA 5.68 below cutoff 6.6; Branch CIVIL not in allowed list,Excluded
1895,4,395,True,Meets all eligibility criteria,Eligible
1896,4,396,True,Meets all eligibility criteria,Eligible
1897,4,397,True,Meets all eligibility criteria,Eligible
1898,4,398,False,Branch CSE not in allowed list,Excluded
1899,4,399,False,CGPA 5.99 below cutoff 6.6,Excluded
1900,4,400,True,Meets all eligibility criteria,Eligible
1901,4,401,False,Branch CIVIL not in allowed list,Excluded
1902,4,402,False,CGPA 6.27 below cutoff 6.6,Excluded
1903,4,403,False,Branch CIVIL not in allowed list,Excluded
1904,4,404,False,Branch EEE not in allowed list,Excluded
1905,4,405,False,Branch EEE not in allowed list,Excluded
1906,4,406,True,Meets all eligibility criteria,Eligible
1907,4,407,True,Meets all eligibility criteria,Eligible
1908,4,408,False,Branch CIVIL not in allowed list,Excluded
1909,4,409,True,Meets all eligibility criteria,Eligible
1910,4,410,False,2 backlogs exceeds max 1,Excluded
1911,4,411,False,Branch EEE not in allowed list,Excluded
1912,4,412,True,Meets all eligibility criteria,Eligible
1913,4,413,False,Branch EEE not in allowed list; 2 backlogs exceeds max 1,Excluded
1914,4,414,False,Has a prior offer; drive excludes already-placed students,Excluded
1915,4,415,False,Branch CIVIL not in allowed list,Excluded
1916,4,416,True,Meets all eligibility criteria,Eligible
1917,4,417,False,CGPA 5.99 below cutoff 6.6; Has a prior offer; drive excludes already-placed students,Excluded
1918,4,418,False,Has a prior offer; drive excludes already-placed students,Excluded
1919,4,419,False,Branch CIVIL not in allowed list; Has a prior offer; drive excludes already-placed students,Excluded
1920,4,420,False,Branch EEE not in allowed list; 2 backlogs exceeds max 1,Excluded
1921,4,421,True,Meets all eligibility criteria,Eligible
1922,4,422,False,Branch CSE not in allowed list; 2 backlogs exceeds max 1,Excluded
1923,4,423,False,Branch CSE not in allowed list,Excluded
1924,4,424,False,Branch CSE not in allowed list; 2 backlogs exceeds max 1,Excluded
1925,4,425,False,CGPA 6.34 below cutoff 6.6; Has a prior offer; drive excludes already-placed students,Excluded
1926,4,426,True,Meets all eligibility criteria,Eligible
1927,4,427,True,Meets all eligibility criteria,Eligible
1928,4,428,False,CGPA 6.37 below cutoff 6.6,Excluded
1929,4,429,False,Branch CIVIL not in allowed list,Excluded
1930,4,430,True,Meets all eligibility criteria,Eligible
1931,4,431,False,Has a prior offer; drive excludes already-placed students,Excluded
1932,4,432,True,Meets all eligibility criteria,Eligible
1933,4,433,True,Meets all eligibility criteria,Flagged
1934,4,434,False,Branch CIVIL not in allowed list; Has a prior offer; drive excludes already-placed students,Excluded
1935,4,435,False,Branch CSE not in allowed list; Has a prior offer; drive excludes already-placed students,Excluded
1936,4,436,True,Meets all eligibility criteria,Eligible
1937,4,437,True,Meets all eligibility criteria,Eligible
1938,4,438,False,CGPA 6.49 below cutoff 6.6,Excluded
1939,4,439,True,Meets all eligibility criteria,Eligible
1940,4,440,True,Meets all eligibility criteria,Eligible
1941,4,441,False,Branch EEE not in allowed list,Excluded
1942,4,442,False,CGPA 5.85 below cutoff 6.6; Branch CSE not in allowed list,Excluded
1943,4,443,False,CGPA 6.41 below cutoff 6.6,Excluded
1944,4,444,False,Branch CIVIL not in allowed list,Excluded
1945,4,445,False,Branch CSE not in allowed list,Excluded
1946,4,446,True,Meets all eligibility criteria,Eligible
1947,4,447,True,Meets all eligibility criteria,Eligible
1948,4,448,False,Has a prior offer; drive excludes already-placed students,Excluded
1949,4,449,False,Branch CSE not in allowed list; 2 backlogs exceeds max 1; Has a prior offer; drive excludes already-placed students,Excluded
1950,4,450,False,Branch CIVIL not in allowed list,Excluded
1951,4,451,False,Branch EEE not in allowed list; 3 backlogs exceeds max 1,Excluded
1952,4,452,False,Branch CIVIL not in allowed list,Excluded
1953,4,453,False,CGPA 6.1 below cutoff 6.6; Branch CSE not in allowed list,Excluded
1954,4,454,True,Meets all eligibility criteria,Eligible
1955,4,455,False,Branch CIVIL not in allowed list,Excluded
1956,4,456,False,Branch EEE not in allowed list,Excluded
1957,4,457,False,CGPA 6.35 below cutoff 6.6; Branch CSE not in allowed list,Excluded
1958,4,458,False,Branch CSE not in allowed list,Excluded
1959,4,459,False,CGPA 5.95 below cutoff 6.6,Excluded
1960,4,460,False,CGPA 5.72 below cutoff 6.6; Branch EEE not in allowed list,Excluded
1961,4,461,False,CGPA 6.48 below cutoff 6.6; Branch CSE not in allowed list,Excluded
1962,4,462,False,Branch CIVIL not in allowed list,Excluded
1963,4,463,True,Meets all eligibility criteria,Eligible
1964,4,464,False,CGPA 6.14 below cutoff 6.6,Excluded
1965,4,465,False,CGPA 5.77 below cutoff 6.6; Branch CIVIL not in allowed list; 2 backlogs exceeds max 1,Excluded
1966,4,466,True,Meets all eligibility criteria,Eligible
1967,4,467,False,Branch EEE not in allowed list,Excluded
1968,4,468,False,Branch EEE not in allowed list,Excluded
1969,4,469,False,Branch EEE not in allowed list,Excluded
1970,4,470,True,Meets all eligibility criteria,Eligible
1971,4,471,False,CGPA 6.42 below cutoff 6.6; Branch EEE not in allowed list; Has a prior offer; drive excludes already-placed students,Excluded
1972,4,472,True,Meets all eligibility criteria,Eligible
1973,4,473,True,Meets all eligibility criteria,Eligible
1974,4,474,True,Meets all eligibility criteria,Eligible
1975,4,475,False,CGPA 5.57 below cutoff 6.6; Branch CIVIL not in allowed list; 2 backlogs exceeds max 1,Excluded
1976,4,476,False,Branch CIVIL not in allowed list; 2 backlogs exceeds max 1,Excluded
1977,4,477,True,Meets all eligibility criteria,Eligible
1978,4,478,True,Meets all eligibility criteria,Eligible
1979,4,479,False,Branch CIVIL not in allowed list,Excluded
1980,4,480,False,Has a prior offer; drive excludes already-placed students,Excluded
1981,4,481,False,Branch CSE not in allowed list,Excluded
1982,4,482,True,Meets all eligibility criteria,Eligible
1983,4,483,False,CGPA 6.54 below cutoff 6.6,Excluded
1984,4,484,False,Branch EEE not in allowed list,Excluded
1985,4,485,True,Meets all eligibility criteria,Eligible
1986,4,486,True,Meets all eligibility criteria,Eligible
1987,4,487,False,Branch CSE not in allowed list; Has a prior offer; drive excludes already-placed students,Excluded
1988,4,488,False,CGPA 5.53 below cutoff 6.6; Branch CIVIL not in allowed list; Has a prior offer; drive excludes already-placed students,Excluded
1989,4,489,False,CGPA 6.18 below cutoff 6.6; Branch EEE not in allowed list; Has a prior offer; drive excludes already-placed students,Excluded
1990,4,490,False,Branch EEE not in allowed list; 2 backlogs exceeds max 1,Excluded
1991,4,491,False,CGPA 5.53 below cutoff 6.6; Branch CSE not in allowed list,Excluded
1992,4,492,False,Branch CSE not in allowed list; 3 backlogs exceeds max 1,Excluded
1993,4,493,True,Meets all eligibility criteria,Eligible
1994,4,494,True,Meets all eligibility criteria,Eligible
1995,4,495,False,Branch CSE not in allowed list,Excluded
1996,4,496,False,Branch CIVIL not in allowed list,Excluded
1997,4,497,False,Branch CIVIL not in allowed list; Has a prior offer; drive excludes already-placed students,Excluded
1998,4,498,False,Branch CSE not in allowed list; Has a prior offer; drive excludes already-placed students,Excluded
1999,4,499,False,CGPA 6.27 below cutoff 6.6; Branch EEE not in allowed list,Excluded
2000,4,500,False,Branch CSE not in allowed list,Excluded
2001,5,1,True,Meets all eligibility criteria,Eligible
2002,5,2,True,Meets all eligibility criteria,Eligible
2003,5,3,False,CGPA 5.64 below cutoff 7.57,Excluded
2004,5,4,True,Meets all eligibility criteria,Eligible
2005,5,5,False,CGPA 7.52 below cutoff 7.57,Excluded
2006,5,6,False,CGPA 7.03 below cutoff 7.57,Excluded
2007,5,7,False,CGPA 5.94 below cutoff 7.57,Excluded
2008,5,8,True,Meets all eligibility criteria,Eligible
2009,5,9,True,Meets all eligibility criteria,Eligible
2010,5,10,False,CGPA 5.81 below cutoff 7.57,Excluded
2011,5,11,True,Meets all eligibility criteria,Eligible
2012,5,12,False,CGPA 6.23 below cutoff 7.57,Excluded
2013,5,13,True,Meets all eligibility criteria,Eligible
2014,5,14,False,CGPA 6.6 below cutoff 7.57,Excluded
2015,5,15,False,CGPA 6.49 below cutoff 7.57,Excluded
2016,5,16,True,Meets all eligibility criteria,Eligible
2017,5,17,True,Meets all eligibility criteria,Eligible
2018,5,18,True,Meets all eligibility criteria,Eligible
2019,5,19,True,Meets all eligibility criteria,Eligible
2020,5,20,True,Meets all eligibility criteria,Eligible
2021,5,21,True,Meets all eligibility criteria,Eligible
2022,5,22,True,Meets all eligibility criteria,Eligible
2023,5,23,True,Meets all eligibility criteria,Flagged
2024,5,24,False,CGPA 6.02 below cutoff 7.57; 2 backlogs exceeds max 1,Excluded
2025,5,25,False,CGPA 6.82 below cutoff 7.57,Excluded
2026,5,26,False,CGPA 6.69 below cutoff 7.57,Excluded
2027,5,27,True,Meets all eligibility criteria,Eligible
2028,5,28,False,CGPA 6.19 below cutoff 7.57,Excluded
2029,5,29,True,Meets all eligibility criteria,Eligible
2030,5,30,True,Meets all eligibility criteria,Eligible
2031,5,31,True,Meets all eligibility criteria,Eligible
2032,5,32,True,Meets all eligibility criteria,Eligible
2033,5,33,False,CGPA 6.24 below cutoff 7.57,Excluded
2034,5,34,True,Meets all eligibility criteria,Eligible
2035,5,35,False,CGPA 7.3 below cutoff 7.57,Excluded
2036,5,36,False,CGPA 7.53 below cutoff 7.57,Excluded
2037,5,37,True,Meets all eligibility criteria,Eligible
2038,5,38,False,CGPA 5.76 below cutoff 7.57,Excluded
2039,5,39,False,CGPA 6.57 below cutoff 7.57,Excluded
2040,5,40,True,Meets all eligibility criteria,Eligible
2041,5,41,True,Meets all eligibility criteria,Eligible
2042,5,42,False,CGPA 7.41 below cutoff 7.57,Excluded
2043,5,43,True,Meets all eligibility criteria,Eligible
2044,5,44,True,Meets all eligibility criteria,Eligible
2045,5,45,False,CGPA 7.4 below cutoff 7.57,Excluded
2046,5,46,True,Meets all eligibility criteria,Eligible
2047,5,47,False,3 backlogs exceeds max 1,Excluded
2048,5,48,True,Meets all eligibility criteria,Flagged
2049,5,49,True,Meets all eligibility criteria,Eligible
2050,5,50,False,3 backlogs exceeds max 1,Excluded
2051,5,51,False,CGPA 6.2 below cutoff 7.57,Excluded
2052,5,52,False,CGPA 5.77 below cutoff 7.57,Excluded
2053,5,53,True,Meets all eligibility criteria,Eligible
2054,5,54,False,CGPA 6.34 below cutoff 7.57,Excluded
2055,5,55,True,Meets all eligibility criteria,Eligible
2056,5,56,False,CGPA 5.87 below cutoff 7.57,Excluded
2057,5,57,False,CGPA 6.67 below cutoff 7.57,Excluded
2058,5,58,False,CGPA 6.09 below cutoff 7.57,Excluded
2059,5,59,True,Meets all eligibility criteria,Eligible
2060,5,60,False,CGPA 5.83 below cutoff 7.57,Excluded
2061,5,61,True,Meets all eligibility criteria,Eligible
2062,5,62,True,Meets all eligibility criteria,Eligible
2063,5,63,True,Meets all eligibility criteria,Eligible
2064,5,64,False,CGPA 6.1 below cutoff 7.57,Excluded
2065,5,65,False,CGPA 6.73 below cutoff 7.57,Excluded
2066,5,66,True,Meets all eligibility criteria,Eligible
2067,5,67,True,Meets all eligibility criteria,Eligible
2068,5,68,False,CGPA 7.0 below cutoff 7.57,Excluded
2069,5,69,True,Meets all eligibility criteria,Eligible
2070,5,70,False,2 backlogs exceeds max 1,Excluded
2071,5,71,True,Meets all eligibility criteria,Eligible
2072,5,72,True,Meets all eligibility criteria,Eligible
2073,5,73,False,CGPA 6.62 below cutoff 7.57,Excluded
2074,5,74,False,2 backlogs exceeds max 1,Excluded
2075,5,75,False,2 backlogs exceeds max 1,Excluded
2076,5,76,False,CGPA 6.99 below cutoff 7.57; 2 backlogs exceeds max 1,Excluded
2077,5,77,False,CGPA 6.7 below cutoff 7.57,Excluded
2078,5,78,True,Meets all eligibility criteria,Eligible
2079,5,79,True,Meets all eligibility criteria,Eligible
2080,5,80,False,CGPA 6.98 below cutoff 7.57,Excluded
2081,5,81,False,CGPA 7.3 below cutoff 7.57; 3 backlogs exceeds max 1,Excluded
2082,5,82,False,CGPA 6.02 below cutoff 7.57; 3 backlogs exceeds max 1,Excluded
2083,5,83,False,CGPA 6.69 below cutoff 7.57,Excluded
2084,5,84,False,CGPA 6.91 below cutoff 7.57,Excluded
2085,5,85,True,Meets all eligibility criteria,Eligible
2086,5,86,True,Meets all eligibility criteria,Eligible
2087,5,87,False,CGPA 6.39 below cutoff 7.57,Excluded
2088,5,88,True,Meets all eligibility criteria,Eligible
2089,5,89,False,CGPA 7.34 below cutoff 7.57,Excluded
2090,5,90,False,CGPA 7.39 below cutoff 7.57; 2 backlogs exceeds max 1,Excluded
2091,5,91,True,Meets all eligibility criteria,Eligible
2092,5,92,False,CGPA 6.45 below cutoff 7.57,Excluded
2093,5,93,False,CGPA 7.49 below cutoff 7.57,Excluded
2094,5,94,True,Meets all eligibility criteria,Eligible
2095,5,95,True,Meets all eligibility criteria,Eligible
2096,5,96,False,CGPA 6.51 below cutoff 7.57,Excluded
2097,5,97,True,Meets all eligibility criteria,Flagged
2098,5,98,True,Meets all eligibility criteria,Eligible
2099,5,99,False,CGPA 6.6 below cutoff 7.57,Excluded
2100,5,100,False,CGPA 6.48 below cutoff 7.57,Excluded
2101,5,101,False,2 backlogs exceeds max 1,Excluded
2102,5,102,True,Meets all eligibility criteria,Flagged
2103,5,103,True,Meets all eligibility criteria,Eligible
2104,5,104,True,Meets all eligibility criteria,Eligible
2105,5,105,False,CGPA 7.53 below cutoff 7.57,Excluded
2106,5,106,True,Meets all eligibility criteria,Eligible
2107,5,107,False,CGPA 6.79 below cutoff 7.57,Excluded
2108,5,108,False,CGPA 6.18 below cutoff 7.57,Excluded
2109,5,109,False,CGPA 7.37 below cutoff 7.57,Excluded
2110,5,110,True,Meets all eligibility criteria,Eligible
2111,5,111,True,Meets all eligibility criteria,Eligible
2112,5,112,False,CGPA 6.84 below cutoff 7.57,Excluded
2113,5,113,True,Meets all eligibility criteria,Eligible
2114,5,114,False,CGPA 7.46 below cutoff 7.57,Excluded
2115,5,115,False,CGPA 7.32 below cutoff 7.57,Excluded
2116,5,116,False,2 backlogs exceeds max 1,Excluded
2117,5,117,False,CGPA 5.88 below cutoff 7.57,Excluded
2118,5,118,False,CGPA 7.21 below cutoff 7.57,Excluded
2119,5,119,False,CGPA 7.21 below cutoff 7.57,Excluded
2120,5,120,True,Meets all eligibility criteria,Flagged
2121,5,121,False,CGPA 5.81 below cutoff 7.57; 2 backlogs exceeds max 1,Excluded
2122,5,122,False,CGPA 6.4 below cutoff 7.57,Excluded
2123,5,123,True,Meets all eligibility criteria,Eligible
2124,5,124,True,Meets all eligibility criteria,Eligible
2125,5,125,True,Meets all eligibility criteria,Eligible
2126,5,126,True,Meets all eligibility criteria,Eligible
2127,5,127,False,CGPA 6.39 below cutoff 7.57,Excluded
2128,5,128,True,Meets all eligibility criteria,Eligible
2129,5,129,True,Meets all eligibility criteria,Eligible
2130,5,130,False,CGPA 5.81 below cutoff 7.57,Excluded
2131,5,131,False,CGPA 5.97 below cutoff 7.57; 3 backlogs exceeds max 1,Excluded
2132,5,132,False,CGPA 7.46 below cutoff 7.57,Excluded
2133,5,133,True,Meets all eligibility criteria,Eligible
2134,5,134,True,Meets all eligibility criteria,Eligible
2135,5,135,False,CGPA 7.53 below cutoff 7.57,Excluded
2136,5,136,False,CGPA 7.01 below cutoff 7.57,Excluded
2137,5,137,False,CGPA 7.1 below cutoff 7.57,Excluded
2138,5,138,False,CGPA 6.74 below cutoff 7.57,Excluded
2139,5,139,False,CGPA 7.33 below cutoff 7.57,Excluded
2140,5,140,True,Meets all eligibility criteria,Eligible
2141,5,141,False,CGPA 7.32 below cutoff 7.57,Excluded
2142,5,142,True,Meets all eligibility criteria,Eligible
2143,5,143,True,Meets all eligibility criteria,Eligible
2144,5,144,False,CGPA 6.37 below cutoff 7.57,Excluded
2145,5,145,False,CGPA 6.47 below cutoff 7.57,Excluded
2146,5,146,True,Meets all eligibility criteria,Eligible
2147,5,147,False,CGPA 7.12 below cutoff 7.57,Excluded
2148,5,148,False,CGPA 5.7 below cutoff 7.57,Excluded
2149,5,149,True,Meets all eligibility criteria,Eligible
2150,5,150,True,Meets all eligibility criteria,Flagged
2151,5,151,True,Meets all eligibility criteria,Eligible
2152,5,152,True,Meets all eligibility criteria,Eligible
2153,5,153,True,Meets all eligibility criteria,Eligible
2154,5,154,False,CGPA 7.37 below cutoff 7.57,Excluded
2155,5,155,False,CGPA 7.21 below cutoff 7.57; 2 backlogs exceeds max 1,Excluded
2156,5,156,False,CGPA 6.87 below cutoff 7.57,Excluded
2157,5,157,True,Meets all eligibility criteria,Eligible
2158,5,158,False,CGPA 6.58 below cutoff 7.57,Excluded
2159,5,159,True,Meets all eligibility criteria,Eligible
2160,5,160,False,CGPA 6.77 below cutoff 7.57,Excluded
2161,5,161,False,CGPA 6.69 below cutoff 7.57,Excluded
2162,5,162,False,CGPA 6.39 below cutoff 7.57,Excluded
2163,5,163,False,CGPA 6.7 below cutoff 7.57,Excluded
2164,5,164,True,Meets all eligibility criteria,Eligible
2165,5,165,True,Meets all eligibility criteria,Eligible
2166,5,166,False,CGPA 7.47 below cutoff 7.57,Excluded
2167,5,167,False,CGPA 6.63 below cutoff 7.57,Excluded
2168,5,168,False,CGPA 5.59 below cutoff 7.57,Excluded
2169,5,169,True,Meets all eligibility criteria,Eligible
2170,5,170,False,CGPA 6.32 below cutoff 7.57,Excluded
2171,5,171,True,Meets all eligibility criteria,Flagged
2172,5,172,False,CGPA 6.22 below cutoff 7.57,Excluded
2173,5,173,False,CGPA 7.3 below cutoff 7.57,Excluded
2174,5,174,False,CGPA 6.64 below cutoff 7.57,Excluded
2175,5,175,False,CGPA 5.51 below cutoff 7.57,Excluded
2176,5,176,True,Meets all eligibility criteria,Eligible
2177,5,177,False,CGPA 5.73 below cutoff 7.57,Excluded
2178,5,178,True,Meets all eligibility criteria,Eligible
2179,5,179,True,Meets all eligibility criteria,Eligible
2180,5,180,False,CGPA 6.51 below cutoff 7.57,Excluded
2181,5,181,True,Meets all eligibility criteria,Eligible
2182,5,182,False,CGPA 6.73 below cutoff 7.57,Excluded
2183,5,183,False,CGPA 6.15 below cutoff 7.57,Excluded
2184,5,184,False,CGPA 6.11 below cutoff 7.57,Excluded
2185,5,185,True,Meets all eligibility criteria,Eligible
2186,5,186,False,3 backlogs exceeds max 1,Excluded
2187,5,187,True,Meets all eligibility criteria,Flagged
2188,5,188,False,CGPA 6.95 below cutoff 7.57,Excluded
2189,5,189,False,CGPA 6.55 below cutoff 7.57,Excluded
2190,5,190,True,Meets all eligibility criteria,Eligible
2191,5,191,True,Meets all eligibility criteria,Eligible
2192,5,192,True,Meets all eligibility criteria,Eligible
2193,5,193,False,CGPA 7.56 below cutoff 7.57,Excluded
2194,5,194,False,CGPA 5.84 below cutoff 7.57,Excluded
2195,5,195,False,CGPA 7.29 below cutoff 7.57,Excluded
2196,5,196,False,CGPA 7.21 below cutoff 7.57,Excluded
2197,5,197,False,CGPA 5.66 below cutoff 7.57,Excluded
2198,5,198,True,Meets all eligibility criteria,Eligible
2199,5,199,True,Meets all eligibility criteria,Eligible
2200,5,200,False,CGPA 5.63 below cutoff 7.57,Excluded
2201,5,201,False,CGPA 7.44 below cutoff 7.57,Excluded
2202,5,202,False,CGPA 6.31 below cutoff 7.57,Excluded
2203,5,203,False,CGPA 6.58 below cutoff 7.57; 2 backlogs exceeds max 1,Excluded
2204,5,204,False,CGPA 6.64 below cutoff 7.57,Excluded
2205,5,205,True,Meets all eligibility criteria,Eligible
2206,5,206,False,CGPA 6.85 below cutoff 7.57; 3 backlogs exceeds max 1,Excluded
2207,5,207,False,CGPA 6.86 below cutoff 7.57; 3 backlogs exceeds max 1,Excluded
2208,5,208,True,Meets all eligibility criteria,Eligible
2209,5,209,True,Meets all eligibility criteria,Eligible
2210,5,210,False,3 backlogs exceeds max 1,Excluded
2211,5,211,True,Meets all eligibility criteria,Eligible
2212,5,212,False,CGPA 6.49 below cutoff 7.57,Excluded
2213,5,213,True,Meets all eligibility criteria,Eligible
2214,5,214,True,Meets all eligibility criteria,Eligible
2215,5,215,True,Meets all eligibility criteria,Eligible
2216,5,216,False,CGPA 6.29 below cutoff 7.57,Excluded
2217,5,217,True,Meets all eligibility criteria,Eligible
2218,5,218,False,CGPA 6.83 below cutoff 7.57,Excluded
2219,5,219,False,CGPA 6.13 below cutoff 7.57; 3 backlogs exceeds max 1,Excluded
2220,5,220,False,CGPA 7.29 below cutoff 7.57,Excluded
2221,5,221,False,CGPA 7.28 below cutoff 7.57,Excluded
2222,5,222,True,Meets all eligibility criteria,Eligible
2223,5,223,False,CGPA 5.99 below cutoff 7.57,Excluded
2224,5,224,False,2 backlogs exceeds max 1,Excluded
2225,5,225,False,2 backlogs exceeds max 1,Excluded
2226,5,226,False,CGPA 6.13 below cutoff 7.57; 2 backlogs exceeds max 1,Excluded
2227,5,227,False,CGPA 6.56 below cutoff 7.57,Excluded
2228,5,228,True,Meets all eligibility criteria,Eligible
2229,5,229,False,2 backlogs exceeds max 1,Excluded
2230,5,230,False,2 backlogs exceeds max 1,Excluded
2231,5,231,False,CGPA 6.48 below cutoff 7.57,Excluded
2232,5,232,True,Meets all eligibility criteria,Eligible
2233,5,233,False,CGPA 6.74 below cutoff 7.57; 3 backlogs exceeds max 1,Excluded
2234,5,234,True,Meets all eligibility criteria,Eligible
2235,5,235,False,CGPA 6.6 below cutoff 7.57,Excluded
2236,5,236,True,Meets all eligibility criteria,Eligible
2237,5,237,False,CGPA 6.16 below cutoff 7.57; 2 backlogs exceeds max 1,Excluded
2238,5,238,False,CGPA 6.15 below cutoff 7.57,Excluded
2239,5,239,True,Meets all eligibility criteria,Eligible
2240,5,240,False,CGPA 5.57 below cutoff 7.57,Excluded
2241,5,241,False,CGPA 6.01 below cutoff 7.57,Excluded
2242,5,242,False,CGPA 5.99 below cutoff 7.57,Excluded
2243,5,243,True,Meets all eligibility criteria,Eligible
2244,5,244,False,CGPA 5.64 below cutoff 7.57; 3 backlogs exceeds max 1,Excluded
2245,5,245,False,2 backlogs exceeds max 1,Excluded
2246,5,246,False,CGPA 6.17 below cutoff 7.57,Excluded
2247,5,247,True,Meets all eligibility criteria,Eligible
2248,5,248,True,Meets all eligibility criteria,Eligible
2249,5,249,True,Meets all eligibility criteria,Eligible
2250,5,250,True,Meets all eligibility criteria,Eligible
2251,5,251,False,CGPA 5.93 below cutoff 7.57,Excluded
2252,5,252,False,CGPA 6.19 below cutoff 7.57; 2 backlogs exceeds max 1,Excluded
2253,5,253,False,CGPA 5.92 below cutoff 7.57,Excluded
2254,5,254,True,Meets all eligibility criteria,Eligible
2255,5,255,False,CGPA 6.05 below cutoff 7.57,Excluded
2256,5,256,False,3 backlogs exceeds max 1,Excluded
2257,5,257,True,Meets all eligibility criteria,Eligible
2258,5,258,False,CGPA 5.99 below cutoff 7.57,Excluded
2259,5,259,True,Meets all eligibility criteria,Eligible
2260,5,260,True,Meets all eligibility criteria,Eligible
2261,5,261,False,CGPA 6.31 below cutoff 7.57,Excluded
2262,5,262,False,CGPA 6.32 below cutoff 7.57,Excluded
2263,5,263,False,3 backlogs exceeds max 1,Excluded
2264,5,264,False,CGPA 7.19 below cutoff 7.57,Excluded
2265,5,265,False,CGPA 6.96 below cutoff 7.57; 2 backlogs exceeds max 1,Excluded
2266,5,266,False,CGPA 6.2 below cutoff 7.57,Excluded
2267,5,267,False,CGPA 7.49 below cutoff 7.57,Excluded
2268,5,268,False,CGPA 6.47 below cutoff 7.57,Excluded
2269,5,269,True,Meets all eligibility criteria,Eligible
2270,5,270,False,CGPA 6.49 below cutoff 7.57; 3 backlogs exceeds max 1,Excluded
2271,5,271,True,Meets all eligibility criteria,Eligible
2272,5,272,False,CGPA 5.53 below cutoff 7.57,Excluded
2273,5,273,True,Meets all eligibility criteria,Eligible
2274,5,274,True,Meets all eligibility criteria,Eligible
2275,5,275,True,Meets all eligibility criteria,Eligible
2276,5,276,False,CGPA 7.38 below cutoff 7.57,Excluded
2277,5,277,True,Meets all eligibility criteria,Eligible
2278,5,278,True,Meets all eligibility criteria,Eligible
2279,5,279,False,CGPA 7.28 below cutoff 7.57,Excluded
2280,5,280,False,CGPA 6.26 below cutoff 7.57,Excluded
2281,5,281,True,Meets all eligibility criteria,Eligible
2282,5,282,False,CGPA 6.56 below cutoff 7.57,Excluded
2283,5,283,True,Meets all eligibility criteria,Eligible
2284,5,284,True,Meets all eligibility criteria,Eligible
2285,5,285,True,Meets all eligibility criteria,Eligible
2286,5,286,True,Meets all eligibility criteria,Eligible
2287,5,287,False,CGPA 6.86 below cutoff 7.57,Excluded
2288,5,288,False,CGPA 6.9 below cutoff 7.57,Excluded
2289,5,289,False,CGPA 5.85 below cutoff 7.57,Excluded
2290,5,290,False,CGPA 7.23 below cutoff 7.57,Excluded
2291,5,291,True,Meets all eligibility criteria,Eligible
2292,5,292,False,CGPA 6.18 below cutoff 7.57,Excluded
2293,5,293,False,CGPA 5.88 below cutoff 7.57,Excluded
2294,5,294,True,Meets all eligibility criteria,Eligible
2295,5,295,True,Meets all eligibility criteria,Eligible
2296,5,296,True,Meets all eligibility criteria,Eligible
2297,5,297,True,Meets all eligibility criteria,Eligible
2298,5,298,True,Meets all eligibility criteria,Eligible
2299,5,299,True,Meets all eligibility criteria,Eligible
2300,5,300,False,CGPA 6.08 below cutoff 7.57,Excluded
2301,5,301,True,Meets all eligibility criteria,Eligible
2302,5,302,False,3 backlogs exceeds max 1,Excluded
2303,5,303,False,CGPA 7.41 below cutoff 7.57,Excluded
2304,5,304,False,CGPA 6.46 below cutoff 7.57; 2 backlogs exceeds max 1,Excluded
2305,5,305,False,CGPA 6.12 below cutoff 7.57,Excluded
2306,5,306,False,2 backlogs exceeds max 1,Excluded
2307,5,307,True,Meets all eligibility criteria,Eligible
2308,5,308,True,Meets all eligibility criteria,Eligible
2309,5,309,False,CGPA 7.35 below cutoff 7.57,Excluded
2310,5,310,True,Meets all eligibility criteria,Eligible
2311,5,311,True,Meets all eligibility criteria,Eligible
2312,5,312,True,Meets all eligibility criteria,Eligible
2313,5,313,False,CGPA 7.38 below cutoff 7.57,Excluded
2314,5,314,False,CGPA 6.63 below cutoff 7.57,Excluded
2315,5,315,True,Meets all eligibility criteria,Eligible
2316,5,316,False,CGPA 6.22 below cutoff 7.57,Excluded
2317,5,317,False,CGPA 5.91 below cutoff 7.57; 2 backlogs exceeds max 1,Excluded
2318,5,318,False,CGPA 7.37 below cutoff 7.57,Excluded
2319,5,319,False,CGPA 5.87 below cutoff 7.57,Excluded
2320,5,320,True,Meets all eligibility criteria,Eligible
2321,5,321,True,Meets all eligibility criteria,Eligible
2322,5,322,False,2 backlogs exceeds max 1,Excluded
2323,5,323,False,CGPA 6.17 below cutoff 7.57; 2 backlogs exceeds max 1,Excluded
2324,5,324,True,Meets all eligibility criteria,Eligible
2325,5,325,True,Meets all eligibility criteria,Eligible
2326,5,326,True,Meets all eligibility criteria,Eligible
2327,5,327,True,Meets all eligibility criteria,Eligible
2328,5,328,True,Meets all eligibility criteria,Eligible
2329,5,329,False,CGPA 7.12 below cutoff 7.57; 2 backlogs exceeds max 1,Excluded
2330,5,330,True,Meets all eligibility criteria,Eligible
2331,5,331,True,Meets all eligibility criteria,Eligible
2332,5,332,False,CGPA 7.05 below cutoff 7.57,Excluded
2333,5,333,True,Meets all eligibility criteria,Eligible
2334,5,334,True,Meets all eligibility criteria,Eligible
2335,5,335,True,Meets all eligibility criteria,Flagged
2336,5,336,True,Meets all eligibility criteria,Eligible
2337,5,337,True,Meets all eligibility criteria,Eligible
2338,5,338,True,Meets all eligibility criteria,Eligible
2339,5,339,False,CGPA 7.11 below cutoff 7.57,Excluded
2340,5,340,True,Meets all eligibility criteria,Eligible
2341,5,341,True,Meets all eligibility criteria,Eligible
2342,5,342,False,CGPA 7.15 below cutoff 7.57,Excluded
2343,5,343,False,CGPA 5.86 below cutoff 7.57,Excluded
2344,5,344,False,CGPA 5.96 below cutoff 7.57,Excluded
2345,5,345,True,Meets all eligibility criteria,Eligible
2346,5,346,False,2 backlogs exceeds max 1,Excluded
2347,5,347,False,2 backlogs exceeds max 1,Excluded
2348,5,348,False,CGPA 7.13 below cutoff 7.57,Excluded
2349,5,349,False,CGPA 6.14 below cutoff 7.57,Excluded
2350,5,350,False,CGPA 6.56 below cutoff 7.57,Excluded
2351,5,351,False,CGPA 5.65 below cutoff 7.57,Excluded
2352,5,352,True,Meets all eligibility criteria,Eligible
2353,5,353,True,Meets all eligibility criteria,Eligible
2354,5,354,True,Meets all eligibility criteria,Eligible
2355,5,355,False,CGPA 6.67 below cutoff 7.57,Excluded
2356,5,356,True,Meets all eligibility criteria,Eligible
2357,5,357,True,Meets all eligibility criteria,Eligible
2358,5,358,True,Meets all eligibility criteria,Eligible
2359,5,359,False,CGPA 6.81 below cutoff 7.57,Excluded
2360,5,360,True,Meets all eligibility criteria,Eligible
2361,5,361,True,Meets all eligibility criteria,Eligible
2362,5,362,True,Meets all eligibility criteria,Eligible
2363,5,363,False,CGPA 5.89 below cutoff 7.57,Excluded
2364,5,364,False,CGPA 7.35 below cutoff 7.57,Excluded
2365,5,365,False,CGPA 6.93 below cutoff 7.57,Excluded
2366,5,366,False,CGPA 6.08 below cutoff 7.57,Excluded
2367,5,367,True,Meets all eligibility criteria,Eligible
2368,5,368,True,Meets all eligibility criteria,Eligible
2369,5,369,False,CGPA 6.51 below cutoff 7.57; 2 backlogs exceeds max 1,Excluded
2370,5,370,False,CGPA 6.63 below cutoff 7.57,Excluded
2371,5,371,False,CGPA 6.86 below cutoff 7.57,Excluded
2372,5,372,True,Meets all eligibility criteria,Eligible
2373,5,373,True,Meets all eligibility criteria,Eligible
2374,5,374,False,CGPA 5.63 below cutoff 7.57,Excluded
2375,5,375,False,CGPA 6.45 below cutoff 7.57,Excluded
2376,5,376,True,Meets all eligibility criteria,Eligible
2377,5,377,True,Meets all eligibility criteria,Eligible
2378,5,378,False,CGPA 5.77 below cutoff 7.57,Excluded
2379,5,379,True,Meets all eligibility criteria,Eligible
2380,5,380,False,3 backlogs exceeds max 1,Excluded
2381,5,381,False,CGPA 5.98 below cutoff 7.57,Excluded
2382,5,382,False,CGPA 6.13 below cutoff 7.57,Excluded
2383,5,383,False,2 backlogs exceeds max 1,Excluded
2384,5,384,False,CGPA 6.35 below cutoff 7.57,Excluded
2385,5,385,False,CGPA 6.89 below cutoff 7.57,Excluded
2386,5,386,False,CGPA 6.58 below cutoff 7.57,Excluded
2387,5,387,True,Meets all eligibility criteria,Eligible
2388,5,388,False,CGPA 5.54 below cutoff 7.57,Excluded
2389,5,389,True,Meets all eligibility criteria,Eligible
2390,5,390,False,CGPA 6.38 below cutoff 7.57,Excluded
2391,5,391,True,Meets all eligibility criteria,Eligible
2392,5,392,False,CGPA 6.08 below cutoff 7.57,Excluded
2393,5,393,False,CGPA 7.15 below cutoff 7.57,Excluded
2394,5,394,False,CGPA 5.68 below cutoff 7.57,Excluded
2395,5,395,True,Meets all eligibility criteria,Eligible
2396,5,396,True,Meets all eligibility criteria,Eligible
2397,5,397,True,Meets all eligibility criteria,Eligible
2398,5,398,True,Meets all eligibility criteria,Eligible
2399,5,399,False,CGPA 5.99 below cutoff 7.57,Excluded
2400,5,400,True,Meets all eligibility criteria,Eligible
2401,5,401,True,Meets all eligibility criteria,Eligible
2402,5,402,False,CGPA 6.27 below cutoff 7.57,Excluded
2403,5,403,True,Meets all eligibility criteria,Eligible
2404,5,404,False,CGPA 7.48 below cutoff 7.57,Excluded
2405,5,405,True,Meets all eligibility criteria,Eligible
2406,5,406,True,Meets all eligibility criteria,Eligible
2407,5,407,True,Meets all eligibility criteria,Flagged
2408,5,408,False,CGPA 7.04 below cutoff 7.57,Excluded
2409,5,409,True,Meets all eligibility criteria,Eligible
2410,5,410,False,CGPA 6.84 below cutoff 7.57; 2 backlogs exceeds max 1,Excluded
2411,5,411,True,Meets all eligibility criteria,Eligible
2412,5,412,True,Meets all eligibility criteria,Eligible
2413,5,413,False,2 backlogs exceeds max 1,Excluded
2414,5,414,True,Meets all eligibility criteria,Eligible
2415,5,415,True,Meets all eligibility criteria,Eligible
2416,5,416,True,Meets all eligibility criteria,Eligible
2417,5,417,False,CGPA 5.99 below cutoff 7.57,Excluded
2418,5,418,True,Meets all eligibility criteria,Eligible
2419,5,419,False,CGPA 6.99 below cutoff 7.57,Excluded
2420,5,420,False,2 backlogs exceeds max 1,Excluded
2421,5,421,True,Meets all eligibility criteria,Eligible
2422,5,422,False,2 backlogs exceeds max 1,Excluded
2423,5,423,True,Meets all eligibility criteria,Eligible
2424,5,424,False,2 backlogs exceeds max 1,Excluded
2425,5,425,False,CGPA 6.34 below cutoff 7.57,Excluded
2426,5,426,True,Meets all eligibility criteria,Eligible
2427,5,427,True,Meets all eligibility criteria,Eligible
2428,5,428,False,CGPA 6.37 below cutoff 7.57,Excluded
2429,5,429,False,CGPA 6.66 below cutoff 7.57,Excluded
2430,5,430,True,Meets all eligibility criteria,Eligible
2431,5,431,True,Meets all eligibility criteria,Eligible
2432,5,432,True,Meets all eligibility criteria,Eligible
2433,5,433,False,CGPA 6.62 below cutoff 7.57,Excluded
2434,5,434,True,Meets all eligibility criteria,Eligible
2435,5,435,True,Meets all eligibility criteria,Eligible
2436,5,436,False,CGPA 6.88 below cutoff 7.57,Excluded
2437,5,437,True,Meets all eligibility criteria,Eligible
2438,5,438,False,CGPA 6.49 below cutoff 7.57,Excluded
2439,5,439,True,Meets all eligibility criteria,Eligible
2440,5,440,True,Meets all eligibility criteria,Eligible
2441,5,441,True,Meets all eligibility criteria,Eligible
2442,5,442,False,CGPA 5.85 below cutoff 7.57,Excluded
2443,5,443,False,CGPA 6.41 below cutoff 7.57,Excluded
2444,5,444,False,CGPA 7.49 below cutoff 7.57,Excluded
2445,5,445,True,Meets all eligibility criteria,Eligible
2446,5,446,False,CGPA 7.37 below cutoff 7.57,Excluded
2447,5,447,False,CGPA 6.89 below cutoff 7.57,Excluded
2448,5,448,True,Meets all eligibility criteria,Eligible
2449,5,449,False,2 backlogs exceeds max 1,Excluded
2450,5,450,False,CGPA 7.34 below cutoff 7.57,Excluded
2451,5,451,False,CGPA 7.39 below cutoff 7.57; 3 backlogs exceeds max 1,Excluded
2452,5,452,True,Meets all eligibility criteria,Eligible
2453,5,453,False,CGPA 6.1 below cutoff 7.57,Excluded
2454,5,454,False,CGPA 7.27 below cutoff 7.57,Excluded
2455,5,455,True,Meets all eligibility criteria,Eligible
2456,5,456,False,CGPA 7.21 below cutoff 7.57,Excluded
2457,5,457,False,CGPA 6.35 below cutoff 7.57,Excluded
2458,5,458,False,CGPA 7.39 below cutoff 7.57,Excluded
2459,5,459,False,CGPA 5.95 below cutoff 7.57,Excluded
2460,5,460,False,CGPA 5.72 below cutoff 7.57,Excluded
2461,5,461,False,CGPA 6.48 below cutoff 7.57,Excluded
2462,5,462,False,CGPA 6.8 below cutoff 7.57,Excluded
2463,5,463,True,Meets all eligibility criteria,Eligible
2464,5,464,False,CGPA 6.14 below cutoff 7.57,Excluded
2465,5,465,False,CGPA 5.77 below cutoff 7.57; 2 backlogs exceeds max 1,Excluded
2466,5,466,False,CGPA 7.42 below cutoff 7.57,Excluded
2467,5,467,True,Meets all eligibility criteria,Eligible
2468,5,468,False,CGPA 7.19 below cutoff 7.57,Excluded
2469,5,469,False,CGPA 6.85 below cutoff 7.57,Excluded
2470,5,470,True,Meets all eligibility criteria,Eligible
2471,5,471,False,CGPA 6.42 below cutoff 7.57,Excluded
2472,5,472,True,Meets all eligibility criteria,Eligible
2473,5,473,True,Meets all eligibility criteria,Eligible
2474,5,474,True,Meets all eligibility criteria,Eligible
2475,5,475,False,CGPA 5.57 below cutoff 7.57; 2 backlogs exceeds max 1,Excluded
2476,5,476,False,2 backlogs exceeds max 1,Excluded
2477,5,477,False,CGPA 7.28 below cutoff 7.57,Excluded
2478,5,478,True,Meets all eligibility criteria,Eligible
2479,5,479,True,Meets all eligibility criteria,Eligible
2480,5,480,False,CGPA 6.94 below cutoff 7.57,Excluded
2481,5,481,True,Meets all eligibility criteria,Eligible
2482,5,482,True,Meets all eligibility criteria,Eligible
2483,5,483,False,CGPA 6.54 below cutoff 7.57,Excluded
2484,5,484,True,Meets all eligibility criteria,Eligible
2485,5,485,True,Meets all eligibility criteria,Flagged
2486,5,486,True,Meets all eligibility criteria,Eligible
2487,5,487,True,Meets all eligibility criteria,Eligible
2488,5,488,False,CGPA 5.53 below cutoff 7.57,Excluded
2489,5,489,False,CGPA 6.18 below cutoff 7.57,Excluded
2490,5,490,False,2 backlogs exceeds max 1,Excluded
2491,5,491,False,CGPA 5.53 below cutoff 7.57,Excluded
2492,5,492,False,CGPA 6.74 below cutoff 7.57; 3 backlogs exceeds max 1,Excluded
2493,5,493,True,Meets all eligibility criteria,Eligible
2494,5,494,True,Meets all eligibility criteria,Eligible
2495,5,495,False,CGPA 7.09 below cutoff 7.57,Excluded
2496,5,496,True,Meets all eligibility criteria,Flagged
2497,5,497,True,Meets all eligibility criteria,Eligible
2498,5,498,False,CGPA 7.21 below cutoff 7.57,Excluded
2499,5,499,False,CGPA 6.27 below cutoff 7.57,Excluded
2500,5,500,True,Meets all eligibility criteria,Eligible
2501,6,1,False,Branch ECE not in allowed list,Excluded
2502,6,2,False,Branch MECH not in allowed list,Excluded
2503,6,3,False,CGPA 5.64 below cutoff 7.24,Excluded
2504,6,4,True,Meets all eligibility criteria,Eligible
2505,6,5,True,Meets all eligibility criteria,Eligible
2506,6,6,False,CGPA 7.03 below cutoff 7.24; Branch ECE not in allowed list,Excluded
2507,6,7,False,CGPA 5.94 below cutoff 7.24; Branch MECH not in allowed list,Excluded
2508,6,8,True,Meets all eligibility criteria,Eligible
2509,6,9,False,Branch ECE not in allowed list,Excluded
2510,6,10,False,CGPA 5.81 below cutoff 7.24; Branch ECE not in allowed list,Excluded
2511,6,11,True,Meets all eligibility criteria,Eligible
2512,6,12,False,CGPA 6.23 below cutoff 7.24,Excluded
2513,6,13,True,Meets all eligibility criteria,Eligible
2514,6,14,False,CGPA 6.6 below cutoff 7.24; Branch ECE not in allowed list,Excluded
2515,6,15,False,CGPA 6.49 below cutoff 7.24,Excluded
2516,6,16,True,Meets all eligibility criteria,Eligible
2517,6,17,True,Meets all eligibility criteria,Eligible
2518,6,18,True,Meets all eligibility criteria,Eligible
2519,6,19,True,Meets all eligibility criteria,Eligible
2520,6,20,True,Meets all eligibility criteria,Eligible
2521,6,21,True,Meets all eligibility criteria,Eligible
2522,6,22,True,Meets all eligibility criteria,Eligible
2523,6,23,False,Branch MECH not in allowed list,Excluded
2524,6,24,False,CGPA 6.02 below cutoff 7.24; Branch ECE not in allowed list,Excluded
2525,6,25,False,CGPA 6.82 below cutoff 7.24,Excluded
2526,6,26,False,CGPA 6.69 below cutoff 7.24,Excluded
2527,6,27,True,Meets all eligibility criteria,Eligible
2528,6,28,False,CGPA 6.19 below cutoff 7.24; Branch MECH not in allowed list,Excluded
2529,6,29,True,Meets all eligibility criteria,Eligible
2530,6,30,True,Meets all eligibility criteria,Eligible
2531,6,31,True,Meets all eligibility criteria,Eligible
2532,6,32,True,Meets all eligibility criteria,Eligible
2533,6,33,False,CGPA 6.24 below cutoff 7.24; Branch MECH not in allowed list,Excluded
2534,6,34,True,Meets all eligibility criteria,Eligible
2535,6,35,False,Branch ECE not in allowed list,Excluded
2536,6,36,True,Meets all eligibility criteria,Eligible
2537,6,37,True,Meets all eligibility criteria,Eligible
2538,6,38,False,CGPA 5.76 below cutoff 7.24,Excluded
2539,6,39,False,CGPA 6.57 below cutoff 7.24,Excluded
2540,6,40,True,Meets all eligibility criteria,Eligible
2541,6,41,True,Meets all eligibility criteria,Eligible
2542,6,42,True,Meets all eligibility criteria,Eligible
2543,6,43,True,Meets all eligibility criteria,Eligible
2544,6,44,True,Meets all eligibility criteria,Eligible
2545,6,45,True,Meets all eligibility criteria,Eligible
2546,6,46,True,Meets all eligibility criteria,Eligible
2547,6,47,False,3 backlogs exceeds max 2,Excluded
2548,6,48,True,Meets all eligibility criteria,Eligible
2549,6,49,True,Meets all eligibility criteria,Eligible
2550,6,50,False,Branch MECH not in allowed list; 3 backlogs exceeds max 2,Excluded
2551,6,51,False,CGPA 6.2 below cutoff 7.24,Excluded
2552,6,52,False,CGPA 5.77 below cutoff 7.24,Excluded
2553,6,53,True,Meets all eligibility criteria,Eligible
2554,6,54,False,CGPA 6.34 below cutoff 7.24,Excluded
2555,6,55,False,Branch MECH not in allowed list,Excluded
2556,6,56,False,CGPA 5.87 below cutoff 7.24; Branch MECH not in allowed list,Excluded
2557,6,57,False,CGPA 6.67 below cutoff 7.24; Branch ECE not in allowed list,Excluded
2558,6,58,False,CGPA 6.09 below cutoff 7.24,Excluded
2559,6,59,False,Branch MECH not in allowed list,Excluded
2560,6,60,False,CGPA 5.83 below cutoff 7.24; Branch ECE not in allowed list,Excluded
2561,6,61,False,Branch ECE not in allowed list,Excluded
2562,6,62,False,Branch MECH not in allowed list,Excluded
2563,6,63,True,Meets all eligibility criteria,Eligible
2564,6,64,False,CGPA 6.1 below cutoff 7.24,Excluded
2565,6,65,False,CGPA 6.73 below cutoff 7.24,Excluded
2566,6,66,True,Meets all eligibility criteria,Eligible
2567,6,67,True,Meets all eligibility criteria,Eligible
2568,6,68,False,CGPA 7.0 below cutoff 7.24; Branch ECE not in allowed list,Excluded
2569,6,69,True,Meets all eligibility criteria,Eligible
2570,6,70,False,Branch MECH not in allowed list,Excluded
2571,6,71,True,Meets all eligibility criteria,Eligible
2572,6,72,True,Meets all eligibility criteria,Eligible
2573,6,73,False,CGPA 6.62 below cutoff 7.24; Branch MECH not in allowed list,Excluded
2574,6,74,True,Meets all eligibility criteria,Eligible
2575,6,75,True,Meets all eligibility criteria,Eligible
2576,6,76,False,CGPA 6.99 below cutoff 7.24,Excluded
2577,6,77,False,CGPA 6.7 below cutoff 7.24,Excluded
2578,6,78,True,Meets all eligibility criteria,Eligible
2579,6,79,True,Meets all eligibility criteria,Eligible
2580,6,80,False,CGPA 6.98 below cutoff 7.24; Branch ECE not in allowed list,Excluded
2581,6,81,False,Branch MECH not in allowed list; 3 backlogs exceeds max 2,Excluded
2582,6,82,False,CGPA 6.02 below cutoff 7.24; 3 backlogs exceeds max 2,Excluded
2583,6,83,False,CGPA 6.69 below cutoff 7.24,Excluded
2584,6,84,False,CGPA 6.91 below cutoff 7.24; Branch MECH not in allowed list,Excluded
2585,6,85,True,Meets all eligibility criteria,Eligible
2586,6,86,True,Meets all eligibility criteria,Eligible
2587,6,87,False,CGPA 6.39 below cutoff 7.24,Excluded
2588,6,88,False,Branch ECE not in allowed list,Excluded
2589,6,89,False,Branch ECE not in allowed list,Excluded
2590,6,90,True,Meets all eligibility criteria,Flagged
2591,6,91,False,Branch MECH not in allowed list,Excluded
2592,6,92,False,CGPA 6.45 below cutoff 7.24; Branch MECH not in allowed list,Excluded
2593,6,93,False,Branch MECH not in allowed list,Excluded
2594,6,94,True,Meets all eligibility criteria,Eligible
2595,6,95,True,Meets all eligibility criteria,Eligible
2596,6,96,False,CGPA 6.51 below cutoff 7.24,Excluded
2597,6,97,True,Meets all eligibility criteria,Eligible
2598,6,98,True,Meets all eligibility criteria,Eligible
2599,6,99,False,CGPA 6.6 below cutoff 7.24,Excluded
2600,6,100,False,CGPA 6.48 below cutoff 7.24,Excluded
2601,6,101,True,Meets all eligibility criteria,Eligible
2602,6,102,False,Branch MECH not in allowed list,Excluded
2603,6,103,True,Meets all eligibility criteria,Eligible
2604,6,104,True,Meets all eligibility criteria,Eligible
2605,6,105,True,Meets all eligibility criteria,Eligible
2606,6,106,False,Branch ECE not in allowed list,Excluded
2607,6,107,False,CGPA 6.79 below cutoff 7.24; Branch ECE not in allowed list,Excluded
2608,6,108,False,CGPA 6.18 below cutoff 7.24,Excluded
2609,6,109,True,Meets all eligibility criteria,Flagged
2610,6,110,False,Branch MECH not in allowed list,Excluded
2611,6,111,True,Meets all eligibility criteria,Eligible
2612,6,112,False,CGPA 6.84 below cutoff 7.24,Excluded
2613,6,113,True,Meets all eligibility criteria,Eligible
2614,6,114,False,Branch ECE not in allowed list,Excluded
2615,6,115,True,Meets all eligibility criteria,Flagged
2616,6,116,False,Branch MECH not in allowed list,Excluded
2617,6,117,False,CGPA 5.88 below cutoff 7.24,Excluded
2618,6,118,False,CGPA 7.21 below cutoff 7.24; Branch ECE not in allowed list,Excluded
2619,6,119,False,CGPA 7.21 below cutoff 7.24,Excluded
2620,6,120,True,Meets all eligibility criteria,Eligible
2621,6,121,False,CGPA 5.81 below cutoff 7.24,Excluded
2622,6,122,False,CGPA 6.4 below cutoff 7.24,Excluded
2623,6,123,True,Meets all eligibility criteria,Eligible
2624,6,124,False,Branch MECH not in allowed list,Excluded
2625,6,125,False,Branch ECE not in allowed list,Excluded
2626,6,126,True,Meets all eligibility criteria,Eligible
2627,6,127,False,CGPA 6.39 below cutoff 7.24,Excluded
2628,6,128,False,Branch MECH not in allowed list,Excluded
2629,6,129,False,Branch MECH not in allowed list,Excluded
2630,6,130,False,CGPA 5.81 below cutoff 7.24,Excluded
2631,6,131,False,CGPA 5.97 below cutoff 7.24; 3 backlogs exceeds max 2,Excluded
2632,6,132,True,Meets all eligibility criteria,Eligible
2633,6,133,True,Meets all eligibility criteria,Eligible
2634,6,134,True,Meets all eligibility criteria,Eligible
2635,6,135,False,Branch MECH not in allowed list,Excluded
2636,6,136,False,CGPA 7.01 below cutoff 7.24; Branch ECE not in allowed list,Excluded
2637,6,137,False,CGPA 7.1 below cutoff 7.24; Branch ECE not in allowed list,Excluded
2638,6,138,False,CGPA 6.74 below cutoff 7.24,Excluded
2639,6,139,True,Meets all eligibility criteria,Flagged
2640,6,140,True,Meets all eligibility criteria,Eligible
2641,6,141,True,Meets all eligibility criteria,Flagged
2642,6,142,True,Meets all eligibility criteria,Eligible
2643,6,143,False,Branch ECE not in allowed list,Excluded
2644,6,144,False,CGPA 6.37 below cutoff 7.24; Branch MECH not in allowed list,Excluded
2645,6,145,False,CGPA 6.47 below cutoff 7.24,Excluded
2646,6,146,True,Meets all eligibility criteria,Eligible
2647,6,147,False,CGPA 7.12 below cutoff 7.24,Excluded
2648,6,148,False,CGPA 5.7 below cutoff 7.24; Branch ECE not in allowed list,Excluded
2649,6,149,True,Meets all eligibility criteria,Eligible
2650,6,150,True,Meets all eligibility criteria,Eligible
2651,6,151,True,Meets all eligibility criteria,Eligible
2652,6,152,True,Meets all eligibility criteria,Eligible
2653,6,153,True,Meets all eligibility criteria,Eligible
2654,6,154,False,Branch MECH not in allowed list,Excluded
2655,6,155,False,CGPA 7.21 below cutoff 7.24; Branch ECE not in allowed list,Excluded
2656,6,156,False,CGPA 6.87 below cutoff 7.24; Branch MECH not in allowed list,Excluded
2657,6,157,False,Branch ECE not in allowed list,Excluded
2658,6,158,False,CGPA 6.58 below cutoff 7.24,Excluded
2659,6,159,True,Meets all eligibility criteria,Eligible
2660,6,160,False,CGPA 6.77 below cutoff 7.24,Excluded
2661,6,161,False,CGPA 6.69 below cutoff 7.24; Branch MECH not in allowed list,Excluded
2662,6,162,False,CGPA 6.39 below cutoff 7.24,Excluded
2663,6,163,False,CGPA 6.7 below cutoff 7.24,Excluded
2664,6,164,False,Branch ECE not in allowed list,Excluded
2665,6,165,False,Branch ECE not in allowed list,Excluded
2666,6,166,True,Meets all eligibility criteria,Eligible
2667,6,167,False,CGPA 6.63 below cutoff 7.24,Excluded
2668,6,168,False,CGPA 5.59 below cutoff 7.24; Branch ECE not in allowed list,Excluded
2669,6,169,True,Meets all eligibility criteria,Eligible
2670,6,170,False,CGPA 6.32 below cutoff 7.24,Excluded
2671,6,171,False,Branch ECE not in allowed list,Excluded
2672,6,172,False,CGPA 6.22 below cutoff 7.24,Excluded
2673,6,173,True,Meets all eligibility criteria,Flagged
2674,6,174,False,CGPA 6.64 below cutoff 7.24,Excluded
2675,6,175,False,CGPA 5.51 below cutoff 7.24,Excluded
2676,6,176,True,Meets all eligibility criteria,Eligible
2677,6,177,False,CGPA 5.73 below cutoff 7.24,Excluded
2678,6,178,True,Meets all eligibility criteria,Eligible
2679,6,179,True,Meets all eligibility criteria,Eligible
2680,6,180,False,CGPA 6.51 below cutoff 7.24,Excluded
2681,6,181,True,Meets all eligibility criteria,Eligible
2682,6,182,False,CGPA 6.73 below cutoff 7.24,Excluded
2683,6,183,False,CGPA 6.15 below cutoff 7.24; Branch MECH not in allowed list,Excluded
2684,6,184,False,CGPA 6.11 below cutoff 7.24,Excluded
2685,6,185,False,Branch ECE not in allowed list,Excluded
2686,6,186,False,3 backlogs exceeds max 2,Excluded
2687,6,187,False,Branch MECH not in allowed list,Excluded
2688,6,188,False,CGPA 6.95 below cutoff 7.24,Excluded
2689,6,189,False,CGPA 6.55 below cutoff 7.24,Excluded
2690,6,190,True,Meets all eligibility criteria,Eligible
2691,6,191,True,Meets all eligibility criteria,Eligible
2692,6,192,True,Meets all eligibility criteria,Eligible
2693,6,193,True,Meets all eligibility criteria,Eligible
2694,6,194,False,CGPA 5.84 below cutoff 7.24; Branch ECE not in allowed list,Excluded
2695,6,195,False,Branch ECE not in allowed list,Excluded
2696,6,196,False,CGPA 7.21 below cutoff 7.24,Excluded
2697,6,197,False,CGPA 5.66 below cutoff 7.24,Excluded
2698,6,198,True,Meets all eligibility criteria,Eligible
2699,6,199,True,Meets all eligibility criteria,Eligible
2700,6,200,False,CGPA 5.63 below cutoff 7.24,Excluded
2701,6,201,True,Meets all eligibility criteria,Eligible
2702,6,202,False,CGPA 6.31 below cutoff 7.24; Branch MECH not in allowed list,Excluded
2703,6,203,False,CGPA 6.58 below cutoff 7.24,Excluded
2704,6,204,False,CGPA 6.64 below cutoff 7.24,Excluded
2705,6,205,True,Meets all eligibility criteria,Eligible
2706,6,206,False,CGPA 6.85 below cutoff 7.24; 3 backlogs exceeds max 2,Excluded
2707,6,207,False,CGPA 6.86 below cutoff 7.24; 3 backlogs exceeds max 2,Excluded
2708,6,208,True,Meets all eligibility criteria,Eligible
2709,6,209,True,Meets all eligibility criteria,Eligible
2710,6,210,False,Branch MECH not in allowed list; 3 backlogs exceeds max 2,Excluded
2711,6,211,True,Meets all eligibility criteria,Eligible
2712,6,212,False,CGPA 6.49 below cutoff 7.24; Branch ECE not in allowed list,Excluded
2713,6,213,True,Meets all eligibility criteria,Eligible
2714,6,214,True,Meets all eligibility criteria,Eligible
2715,6,215,False,Branch ECE not in allowed list,Excluded
2716,6,216,False,CGPA 6.29 below cutoff 7.24; Branch MECH not in allowed list,Excluded
2717,6,217,False,Branch ECE not in allowed list,Excluded
2718,6,218,False,CGPA 6.83 below cutoff 7.24,Excluded
2719,6,219,False,CGPA 6.13 below cutoff 7.24; 3 backlogs exceeds max 2,Excluded
2720,6,220,False,Branch MECH not in allowed list,Excluded
2721,6,221,True,Meets all eligibility criteria,Flagged
2722,6,222,True,Meets all eligibility criteria,Eligible
2723,6,223,False,CGPA 5.99 below cutoff 7.24,Excluded
2724,6,224,True,Meets all eligibility criteria,Eligible
2725,6,225,False,Branch ECE not in allowed list,Excluded
2726,6,226,False,CGPA 6.13 below cutoff 7.24; Branch ECE not in allowed list,Excluded
2727,6,227,False,CGPA 6.56 below cutoff 7.24,Excluded
2728,6,228,False,Branch MECH not in allowed list,Excluded
2729,6,229,True,Meets all eligibility criteria,Eligible
2730,6,230,False,Branch ECE not in allowed list,Excluded
2731,6,231,False,CGPA 6.48 below cutoff 7.24,Excluded
2732,6,232,True,Meets all eligibility criteria,Eligible
2733,6,233,False,CGPA 6.74 below cutoff 7.24; 3 backlogs exceeds max 2,Excluded
2734,6,234,True,Meets all eligibility criteria,Eligible
2735,6,235,False,CGPA 6.6 below cutoff 7.24; Branch MECH not in allowed list,Excluded
2736,6,236,True,Meets all eligibility criteria,Eligible
2737,6,237,False,CGPA 6.16 below cutoff 7.24,Excluded
2738,6,238,False,CGPA 6.15 below cutoff 7.24; Branch ECE not in allowed list,Excluded
2739,6,239,False,Branch ECE not in allowed list,Excluded
2740,6,240,False,CGPA 5.57 below cutoff 7.24,Excluded
2741,6,241,False,CGPA 6.01 below cutoff 7.24,Excluded
2742,6,242,False,CGPA 5.99 below cutoff 7.24; Branch MECH not in allowed list,Excluded
2743,6,243,False,Branch ECE not in allowed list,Excluded
2744,6,244,False,CGPA 5.64 below cutoff 7.24; 3 backlogs exceeds max 2,Excluded
2745,6,245,True,Meets all eligibility criteria,Eligible
2746,6,246,False,CGPA 6.17 below cutoff 7.24; Branch MECH not in allowed list,Excluded
2747,6,247,False,Branch MECH not in allowed list,Excluded
2748,6,248,True,Meets all eligibility criteria,Eligible
2749,6,249,True,Meets all eligibility criteria,Eligible
2750,6,250,True,Meets all eligibility criteria,Eligible
2751,6,251,False,CGPA 5.93 below cutoff 7.24,Excluded
2752,6,252,False,CGPA 6.19 below cutoff 7.24,Excluded
2753,6,253,False,CGPA 5.92 below cutoff 7.24,Excluded
2754,6,254,False,Branch MECH not in allowed list,Excluded
2755,6,255,False,CGPA 6.05 below cutoff 7.24,Excluded
2756,6,256,False,Branch MECH not in allowed list; 3 backlogs exceeds max 2,Excluded
2757,6,257,True,Meets all eligibility criteria,Eligible
2758,6,258,False,CGPA 5.99 below cutoff 7.24; Branch ECE not in allowed list,Excluded
2759,6,259,False,Branch MECH not in allowed list,Excluded
2760,6,260,True,Meets all eligibility criteria,Eligible
2761,6,261,False,CGPA 6.31 below cutoff 7.24; Branch ECE not in allowed list,Excluded
2762,6,262,False,CGPA 6.32 below cutoff 7.24,Excluded
2763,6,263,False,3 backlogs exceeds max 2,Excluded
2764,6,264,False,CGPA 7.19 below cutoff 7.24,Excluded
2765,6,265,False,CGPA 6.96 below cutoff 7.24; Branch MECH not in allowed list,Excluded
2766,6,266,False,CGPA 6.2 below cutoff 7.24,Excluded
2767,6,267,False,Branch MECH not in allowed list,Excluded
2768,6,268,False,CGPA 6.47 below cutoff 7.24; Branch ECE not in allowed list,Excluded
2769,6,269,False,Branch MECH not in allowed list,Excluded
2770,6,270,False,CGPA 6.49 below cutoff 7.24; 3 backlogs exceeds max 2,Excluded
2771,6,271,False,Branch ECE not in allowed list,Excluded
2772,6,272,False,CGPA 5.53 below cutoff 7.24,Excluded
2773,6,273,True,Meets all eligibility criteria,Eligible
2774,6,274,True,Meets all eligibility criteria,Eligible
2775,6,275,False,Branch MECH not in allowed list,Excluded
2776,6,276,True,Meets all eligibility criteria,Flagged
2777,6,277,True,Meets all eligibility criteria,Eligible
2778,6,278,False,Branch MECH not in allowed list,Excluded
2779,6,279,False,Branch ECE not in allowed list,Excluded
2780,6,280,False,CGPA 6.26 below cutoff 7.24,Excluded
2781,6,281,True,Meets all eligibility criteria,Eligible
2782,6,282,False,CGPA 6.56 below cutoff 7.24,Excluded
2783,6,283,True,Meets all eligibility criteria,Eligible
2784,6,284,True,Meets all eligibility criteria,Eligible
2785,6,285,False,Branch MECH not in allowed list,Excluded
2786,6,286,True,Meets all eligibility criteria,Eligible
2787,6,287,False,CGPA 6.86 below cutoff 7.24,Excluded
2788,6,288,False,CGPA 6.9 below cutoff 7.24,Excluded
2789,6,289,False,CGPA 5.85 below cutoff 7.24,Excluded
2790,6,290,False,CGPA 7.23 below cutoff 7.24,Excluded
2791,6,291,False,Branch ECE not in allowed list,Excluded
2792,6,292,False,CGPA 6.18 below cutoff 7.24,Excluded
2793,6,293,False,CGPA 5.88 below cutoff 7.24,Excluded
2794,6,294,False,Branch MECH not in allowed list,Excluded
2795,6,295,False,Branch ECE not in allowed list,Excluded
2796,6,296,True,Meets all eligibility criteria,Eligible
2797,6,297,True,Meets all eligibility criteria,Eligible
2798,6,298,True,Meets all eligibility criteria,Eligible
2799,6,299,True,Meets all eligibility criteria,Eligible
2800,6,300,False,CGPA 6.08 below cutoff 7.24,Excluded
2801,6,301,True,Meets all eligibility criteria,Eligible
2802,6,302,False,Branch MECH not in allowed list; 3 backlogs exceeds max 2,Excluded
2803,6,303,False,Branch ECE not in allowed list,Excluded
2804,6,304,False,CGPA 6.46 below cutoff 7.24,Excluded
2805,6,305,False,CGPA 6.12 below cutoff 7.24,Excluded
2806,6,306,True,Meets all eligibility criteria,Eligible
2807,6,307,True,Meets all eligibility criteria,Eligible
2808,6,308,True,Meets all eligibility criteria,Eligible
2809,6,309,True,Meets all eligibility criteria,Flagged
2810,6,310,True,Meets all eligibility criteria,Eligible
2811,6,311,True,Meets all eligibility criteria,Eligible
2812,6,312,False,Branch ECE not in allowed list,Excluded
2813,6,313,True,Meets all eligibility criteria,Flagged
2814,6,314,False,CGPA 6.63 below cutoff 7.24; Branch ECE not in allowed list,Excluded
2815,6,315,True,Meets all eligibility criteria,Eligible
2816,6,316,False,CGPA 6.22 below cutoff 7.24; Branch MECH not in allowed list,Excluded
2817,6,317,False,CGPA 5.91 below cutoff 7.24,Excluded
2818,6,318,False,Branch ECE not in allowed list,Excluded
2819,6,319,False,CGPA 5.87 below cutoff 7.24; Branch ECE not in allowed list,Excluded
2820,6,320,True,Meets all eligibility criteria,Eligible
2821,6,321,True,Meets all eligibility criteria,Eligible
2822,6,322,True,Meets all eligibility criteria,Eligible
2823,6,323,False,CGPA 6.17 below cutoff 7.24; Branch MECH not in allowed list,Excluded
2824,6,324,True,Meets all eligibility criteria,Eligible
2825,6,325,True,Meets all eligibility criteria,Eligible
2826,6,326,True,Meets all eligibility criteria,Eligible
2827,6,327,True,Meets all eligibility criteria,Eligible
2828,6,328,True,Meets all eligibility criteria,Eligible
2829,6,329,False,CGPA 7.12 below cutoff 7.24; Branch MECH not in allowed list,Excluded
2830,6,330,True,Meets all eligibility criteria,Eligible
2831,6,331,True,Meets all eligibility criteria,Eligible
2832,6,332,False,CGPA 7.05 below cutoff 7.24,Excluded
2833,6,333,True,Meets all eligibility criteria,Eligible
2834,6,334,True,Meets all eligibility criteria,Eligible
2835,6,335,True,Meets all eligibility criteria,Eligible
2836,6,336,True,Meets all eligibility criteria,Eligible
2837,6,337,False,Branch ECE not in allowed list,Excluded
2838,6,338,True,Meets all eligibility criteria,Eligible
2839,6,339,False,CGPA 7.11 below cutoff 7.24,Excluded
2840,6,340,True,Meets all eligibility criteria,Eligible
2841,6,341,True,Meets all eligibility criteria,Eligible
2842,6,342,False,CGPA 7.15 below cutoff 7.24; Branch ECE not in allowed list,Excluded
2843,6,343,False,CGPA 5.86 below cutoff 7.24,Excluded
2844,6,344,False,CGPA 5.96 below cutoff 7.24; Branch ECE not in allowed list,Excluded
2845,6,345,True,Meets all eligibility criteria,Eligible
2846,6,346,False,Branch MECH not in allowed list,Excluded
2847,6,347,True,Meets all eligibility criteria,Eligible
2848,6,348,False,CGPA 7.13 below cutoff 7.24,Excluded
2849,6,349,False,CGPA 6.14 below cutoff 7.24,Excluded
2850,6,350,False,CGPA 6.56 below cutoff 7.24; Branch ECE not in allowed list,Excluded
2851,6,351,False,CGPA 5.65 below cutoff 7.24,Excluded
2852,6,352,False,Branch MECH not in allowed list,Excluded
2853,6,353,True,Meets all eligibility criteria,Eligible
2854,6,354,False,Branch MECH not in allowed list,Excluded
2855,6,355,False,CGPA 6.67 below cutoff 7.24; Branch MECH not in allowed list,Excluded
2856,6,356,True,Meets all eligibility criteria,Eligible
2857,6,357,True,Meets all eligibility criteria,Eligible
2858,6,358,True,Meets all eligibility criteria,Eligible
2859,6,359,False,CGPA 6.81 below cutoff 7.24,Excluded
2860,6,360,False,Branch ECE not in allowed list,Excluded
2861,6,361,True,Meets all eligibility criteria,Eligible
2862,6,362,False,Branch MECH not in allowed list,Excluded
2863,6,363,False,CGPA 5.89 below cutoff 7.24,Excluded
2864,6,364,False,Branch MECH not in allowed list,Excluded
2865,6,365,False,CGPA 6.93 below cutoff 7.24,Excluded
2866,6,366,False,CGPA 6.08 below cutoff 7.24; Branch MECH not in allowed list,Excluded
2867,6,367,False,Branch MECH not in allowed list,Excluded
2868,6,368,True,Meets all eligibility criteria,Eligible
2869,6,369,False,CGPA 6.51 below cutoff 7.24; Branch MECH not in allowed list,Excluded
2870,6,370,False,CGPA 6.63 below cutoff 7.24; Branch MECH not in allowed list,Excluded
2871,6,371,False,CGPA 6.86 below cutoff 7.24; Branch MECH not in allowed list,Excluded
2872,6,372,True,Meets all eligibility criteria,Eligible
2873,6,373,False,Branch MECH not in allowed list,Excluded
2874,6,374,False,CGPA 5.63 below cutoff 7.24,Excluded
2875,6,375,False,CGPA 6.45 below cutoff 7.24; Branch MECH not in allowed list,Excluded
2876,6,376,True,Meets all eligibility criteria,Eligible
2877,6,377,False,Branch ECE not in allowed list,Excluded
2878,6,378,False,CGPA 5.77 below cutoff 7.24,Excluded
2879,6,379,True,Meets all eligibility criteria,Eligible
2880,6,380,False,3 backlogs exceeds max 2,Excluded
2881,6,381,False,CGPA 5.98 below cutoff 7.24,Excluded
2882,6,382,False,CGPA 6.13 below cutoff 7.24,Excluded
2883,6,383,False,Branch ECE not in allowed list,Excluded
2884,6,384,False,CGPA 6.35 below cutoff 7.24; Branch MECH not in allowed list,Excluded
2885,6,385,False,CGPA 6.89 below cutoff 7.24,Excluded
2886,6,386,False,CGPA 6.58 below cutoff 7.24,Excluded
2887,6,387,True,Meets all eligibility criteria,Eligible
2888,6,388,False,CGPA 5.54 below cutoff 7.24,Excluded
2889,6,389,True,Meets all eligibility criteria,Eligible
2890,6,390,False,CGPA 6.38 below cutoff 7.24,Excluded
2891,6,391,False,Branch MECH not in allowed list,Excluded
2892,6,392,False,CGPA 6.08 below cutoff 7.24; Branch ECE not in allowed list,Excluded
2893,6,393,False,CGPA 7.15 below cutoff 7.24; Branch MECH not in allowed list,Excluded
2894,6,394,False,CGPA 5.68 below cutoff 7.24,Excluded
2895,6,395,False,Branch MECH not in allowed list,Excluded
2896,6,396,False,Branch MECH not in allowed list,Excluded
2897,6,397,False,Branch MECH not in allowed list,Excluded
2898,6,398,True,Meets all eligibility criteria,Eligible
2899,6,399,False,CGPA 5.99 below cutoff 7.24; Branch ECE not in allowed list,Excluded
2900,6,400,False,Branch ECE not in allowed list,Excluded
2901,6,401,True,Meets all eligibility criteria,Eligible
2902,6,402,False,CGPA 6.27 below cutoff 7.24; Branch MECH not in allowed list,Excluded
2903,6,403,True,Meets all eligibility criteria,Eligible
2904,6,404,True,Meets all eligibility criteria,Eligible
2905,6,405,True,Meets all eligibility criteria,Eligible
2906,6,406,False,Branch MECH not in allowed list,Excluded
2907,6,407,True,Meets all eligibility criteria,Eligible
2908,6,408,False,CGPA 7.04 below cutoff 7.24,Excluded
2909,6,409,True,Meets all eligibility criteria,Eligible
2910,6,410,False,CGPA 6.84 below cutoff 7.24; Branch ECE not in allowed list,Excluded
2911,6,411,True,Meets all eligibility criteria,Eligible
2912,6,412,False,Branch ECE not in allowed list,Excluded
2913,6,413,True,Meets all eligibility criteria,Eligible
2914,6,414,False,Branch ECE not in allowed list,Excluded
2915,6,415,True,Meets all eligibility criteria,Eligible
2916,6,416,False,Branch MECH not in allowed list,Excluded
2917,6,417,False,CGPA 5.99 below cutoff 7.24,Excluded
2918,6,418,True,Meets all eligibility criteria,Eligible
2919,6,419,False,CGPA 6.99 below cutoff 7.24,Excluded
2920,6,420,True,Meets all eligibility criteria,Eligible
2921,6,421,True,Meets all eligibility criteria,Eligible
2922,6,422,True,Meets all eligibility criteria,Eligible
2923,6,423,True,Meets all eligibility criteria,Eligible
2924,6,424,True,Meets all eligibility criteria,Eligible
2925,6,425,False,CGPA 6.34 below cutoff 7.24; Branch ECE not in allowed list,Excluded
2926,6,426,False,Branch ECE not in allowed list,Excluded
2927,6,427,True,Meets all eligibility criteria,Eligible
2928,6,428,False,CGPA 6.37 below cutoff 7.24,Excluded
2929,6,429,False,CGPA 6.66 below cutoff 7.24,Excluded
2930,6,430,True,Meets all eligibility criteria,Eligible
2931,6,431,False,Branch MECH not in allowed list,Excluded
2932,6,432,True,Meets all eligibility criteria,Eligible
2933,6,433,False,CGPA 6.62 below cutoff 7.24,Excluded
2934,6,434,True,Meets all eligibility criteria,Eligible
2935,6,435,True,Meets all eligibility criteria,Eligible
2936,6,436,False,CGPA 6.88 below cutoff 7.24; Branch MECH not in allowed list,Excluded
2937,6,437,False,Branch ECE not in allowed list,Excluded
2938,6,438,False,CGPA 6.49 below cutoff 7.24,Excluded
2939,6,439,False,Branch MECH not in allowed list,Excluded
2940,6,440,True,Meets all eligibility criteria,Eligible
2941,6,441,True,Meets all eligibility criteria,Eligible
2942,6,442,False,CGPA 5.85 below cutoff 7.24,Excluded
2943,6,443,False,CGPA 6.41 below cutoff 7.24,Excluded
2944,6,444,True,Meets all eligibility criteria,Eligible
2945,6,445,True,Meets all eligibility criteria,Eligible
2946,6,446,False,Branch MECH not in allowed list,Excluded
2947,6,447,False,CGPA 6.89 below cutoff 7.24; Branch ECE not in allowed list,Excluded
2948,6,448,False,Branch ECE not in allowed list,Excluded
2949,6,449,True,Meets all eligibility criteria,Eligible
2950,6,450,True,Meets all eligibility criteria,Flagged
2951,6,451,False,3 backlogs exceeds max 2,Excluded
2952,6,452,True,Meets all eligibility criteria,Eligible
2953,6,453,False,CGPA 6.1 below cutoff 7.24,Excluded
2954,6,454,True,Meets all eligibility criteria,Flagged
2955,6,455,True,Meets all eligibility criteria,Eligible
2956,6,456,False,CGPA 7.21 below cutoff 7.24,Excluded
2957,6,457,False,CGPA 6.35 below cutoff 7.24,Excluded
2958,6,458,True,Meets all eligibility criteria,Flagged
2959,6,459,False,CGPA 5.95 below cutoff 7.24; Branch MECH not in allowed list,Excluded
2960,6,460,False,CGPA 5.72 below cutoff 7.24,Excluded
2961,6,461,False,CGPA 6.48 below cutoff 7.24,Excluded
2962,6,462,False,CGPA 6.8 below cutoff 7.24,Excluded
2963,6,463,False,Branch ECE not in allowed list,Excluded
2964,6,464,False,CGPA 6.14 below cutoff 7.24,Excluded
2965,6,465,False,CGPA 5.77 below cutoff 7.24,Excluded
2966,6,466,False,Branch ECE not in allowed list,Excluded
2967,6,467,True,Meets all eligibility criteria,Eligible
2968,6,468,False,CGPA 7.19 below cutoff 7.24,Excluded
2969,6,469,False,CGPA 6.85 below cutoff 7.24,Excluded
2970,6,470,True,Meets all eligibility criteria,Eligible
2971,6,471,False,CGPA 6.42 below cutoff 7.24,Excluded
2972,6,472,False,Branch ECE not in allowed list,Excluded
2973,6,473,True,Meets all eligibility criteria,Eligible
2974,6,474,False,Branch ECE not in allowed list,Excluded
2975,6,475,False,CGPA 5.57 below cutoff 7.24,Excluded
2976,6,476,True,Meets all eligibility criteria,Eligible
2977,6,477,False,Branch ECE not in allowed list,Excluded
2978,6,478,False,Branch ECE not in allowed list,Excluded
2979,6,479,True,Meets all eligibility criteria,Eligible
2980,6,480,False,CGPA 6.94 below cutoff 7.24; Branch ECE not in allowed list,Excluded
2981,6,481,True,Meets all eligibility criteria,Eligible
2982,6,482,False,Branch ECE not in allowed list,Excluded
2983,6,483,False,CGPA 6.54 below cutoff 7.24,Excluded
2984,6,484,True,Meets all eligibility criteria,Eligible
2985,6,485,False,Branch ECE not in allowed list,Excluded
2986,6,486,False,Branch MECH not in allowed list,Excluded
2987,6,487,True,Meets all eligibility criteria,Eligible
2988,6,488,False,CGPA 5.53 below cutoff 7.24,Excluded
2989,6,489,False,CGPA 6.18 below cutoff 7.24,Excluded
2990,6,490,True,Meets all eligibility criteria,Eligible
2991,6,491,False,CGPA 5.53 below cutoff 7.24,Excluded
2992,6,492,False,CGPA 6.74 below cutoff 7.24; 3 backlogs exceeds max 2,Excluded
2993,6,493,True,Meets all eligibility criteria,Eligible
2994,6,494,False,Branch MECH not in allowed list,Excluded
2995,6,495,False,CGPA 7.09 below cutoff 7.24,Excluded
2996,6,496,True,Meets all eligibility criteria,Eligible
2997,6,497,True,Meets all eligibility criteria,Eligible
2998,6,498,False,CGPA 7.21 below cutoff 7.24,Excluded
2999,6,499,False,CGPA 6.27 below cutoff 7.24,Excluded
3000,6,500,True,Meets all eligibility criteria,Eligible
3001,7,1,True,Meets all eligibility criteria,Eligible
3002,7,2,True,Meets all eligibility criteria,Eligible
3003,7,3,False,CGPA 5.64 below cutoff 6.53; Branch IT not in allowed list,Excluded
3004,7,4,False,1 backlogs exceeds max 0,Excluded
3005,7,5,True,Meets all eligibility criteria,Eligible
3006,7,6,False,Has a prior offer; drive excludes already-placed students,Excluded
3007,7,7,False,CGPA 5.94 below cutoff 6.53; 1 backlogs exceeds max 0,Excluded
3008,7,8,True,Meets all eligibility criteria,Eligible
3009,7,9,True,Meets all eligibility criteria,Eligible
3010,7,10,False,CGPA 5.81 below cutoff 6.53,Excluded
3011,7,11,True,Meets all eligibility criteria,Eligible
3012,7,12,False,CGPA 6.23 below cutoff 6.53,Excluded
3013,7,13,True,Meets all eligibility criteria,Eligible
3014,7,14,True,Meets all eligibility criteria,Flagged
3015,7,15,False,CGPA 6.49 below cutoff 6.53,Excluded
3016,7,16,True,Meets all eligibility criteria,Eligible
3017,7,17,False,Branch IT not in allowed list; 1 backlogs exceeds max 0,Excluded
3018,7,18,False,Branch IT not in allowed list,Excluded
3019,7,19,True,Meets all eligibility criteria,Eligible
3020,7,20,False,Branch IT not in allowed list,Excluded
3021,7,21,False,Branch IT not in allowed list; 1 backlogs exceeds max 0,Excluded
3022,7,22,True,Meets all eligibility criteria,Eligible
3023,7,23,True,Meets all eligibility criteria,Eligible
3024,7,24,False,CGPA 6.02 below cutoff 6.53; 2 backlogs exceeds max 0,Excluded
3025,7,25,True,Meets all eligibility criteria,Eligible
3026,7,26,False,Branch IT not in allowed list,Excluded
3027,7,27,True,Meets all eligibility criteria,Eligible
3028,7,28,False,CGPA 6.19 below cutoff 6.53; 1 backlogs exceeds max 0,Excluded
3029,7,29,True,Meets all eligibility criteria,Eligible
3030,7,30,True,Meets all eligibility criteria,Eligible
3031,7,31,True,Meets all eligibility criteria,Eligible
3032,7,32,True,Meets all eligibility criteria,Eligible
3033,7,33,False,CGPA 6.24 below cutoff 6.53,Excluded
3034,7,34,False,1 backlogs exceeds max 0,Excluded
3035,7,35,True,Meets all eligibility criteria,Eligible
3036,7,36,False,Has a prior offer; drive excludes already-placed students,Excluded
3037,7,37,True,Meets all eligibility criteria,Eligible
3038,7,38,False,CGPA 5.76 below cutoff 6.53; Has a prior offer; drive excludes already-placed students,Excluded
3039,7,39,False,Branch IT not in allowed list,Excluded
3040,7,40,True,Meets all eligibility criteria,Eligible
3041,7,41,True,Meets all eligibility criteria,Eligible
3042,7,42,True,Meets all eligibility criteria,Eligible
3043,7,43,True,Meets all eligibility criteria,Eligible
3044,7,44,False,Branch IT not in allowed list,Excluded
3045,7,45,False,Branch IT not in allowed list,Excluded
3046,7,46,True,Meets all eligibility criteria,Eligible
3047,7,47,False,Branch IT not in allowed list; 3 backlogs exceeds max 0,Excluded
3048,7,48,False,1 backlogs exceeds max 0,Excluded
3049,7,49,True,Meets all eligibility criteria,Eligible
3050,7,50,False,3 backlogs exceeds max 0,Excluded
3051,7,51,False,CGPA 6.2 below cutoff 6.53,Excluded
3052,7,52,False,CGPA 5.77 below cutoff 6.53,Excluded
3053,7,53,False,Has a prior offer; drive excludes already-placed students,Excluded
3054,7,54,False,CGPA 6.34 below cutoff 6.53,Excluded
3055,7,55,False,Has a prior offer; drive excludes already-placed students,Excluded
3056,7,56,False,CGPA 5.87 below cutoff 6.53,Excluded
3057,7,57,True,Meets all eligibility criteria,Flagged
3058,7,58,False,CGPA 6.09 below cutoff 6.53,Excluded
3059,7,59,True,Meets all eligibility criteria,Eligible
3060,7,60,False,CGPA 5.83 below cutoff 6.53,Excluded
3061,7,61,False,1 backlogs exceeds max 0,Excluded
3062,7,62,False,1 backlogs exceeds max 0,Excluded
3063,7,63,True,Meets all eligibility criteria,Eligible
3064,7,64,False,CGPA 6.1 below cutoff 6.53,Excluded
3065,7,65,True,Meets all eligibility criteria,Eligible
3066,7,66,True,Meets all eligibility criteria,Eligible
3067,7,67,False,Has a prior offer; drive excludes already-placed students,Excluded
3068,7,68,True,Meets all eligibility criteria,Eligible
3069,7,69,False,Has a prior offer; drive excludes already-placed students,Excluded
3070,7,70,False,2 backlogs exceeds max 0,Excluded
3071,7,71,False,Branch IT not in allowed list,Excluded
3072,7,72,False,1 backlogs exceeds max 0,Excluded
3073,7,73,True,Meets all eligibility criteria,Flagged
3074,7,74,False,Branch IT not in allowed list; 2 backlogs exceeds max 0,Excluded
3075,7,75,False,2 backlogs exceeds max 0,Excluded
3076,7,76,False,2 backlogs exceeds max 0,Excluded
3077,7,77,False,1 backlogs exceeds max 0,Excluded
3078,7,78,True,Meets all eligibility criteria,Eligible
3079,7,79,True,Meets all eligibility criteria,Eligible
3080,7,80,False,1 backlogs exceeds max 0,Excluded
3081,7,81,False,3 backlogs exceeds max 0,Excluded
3082,7,82,False,CGPA 6.02 below cutoff 6.53; Branch IT not in allowed list; 3 backlogs exceeds max 0,Excluded
3083,7,83,True,Meets all eligibility criteria,Eligible
3084,7,84,True,Meets all eligibility criteria,Eligible
3085,7,85,False,Has a prior offer; drive excludes already-placed students,Excluded
3086,7,86,True,Meets all eligibility criteria,Eligible
3087,7,87,False,CGPA 6.39 below cutoff 6.53,Excluded
3088,7,88,True,Meets all eligibility criteria,Eligible
3089,7,89,True,Meets all eligibility criteria,Eligible
3090,7,90,False,2 backlogs exceeds max 0,Excluded
3091,7,91,True,Meets all eligibility criteria,Eligible
3092,7,92,False,CGPA 6.45 below cutoff 6.53; 1 backlogs exceeds max 0,Excluded
3093,7,93,True,Meets all eligibility criteria,Eligible
3094,7,94,False,1 backlogs exceeds max 0,Excluded
3095,7,95,True,Meets all eligibility criteria,Eligible
3096,7,96,False,CGPA 6.51 below cutoff 6.53,Excluded
3097,7,97,False,1 backlogs exceeds max 0,Excluded
3098,7,98,True,Meets all eligibility criteria,Eligible
3099,7,99,True,Meets all eligibility criteria,Flagged
3100,7,100,False,CGPA 6.48 below cutoff 6.53; 1 backlogs exceeds max 0,Excluded
3101,7,101,False,2 backlogs exceeds max 0,Excluded
3102,7,102,True,Meets all eligibility criteria,Eligible
3103,7,103,True,Meets all eligibility criteria,Eligible
3104,7,104,False,Branch IT not in allowed list,Excluded
3105,7,105,False,1 backlogs exceeds max 0,Excluded
3106,7,106,False,Has a prior offer; drive excludes already-placed students,Excluded
3107,7,107,False,Has a prior offer; drive excludes already-placed students,Excluded
3108,7,108,False,CGPA 6.18 below cutoff 6.53; Branch IT not in allowed list,Excluded
3109,7,109,False,Has a prior offer; drive excludes already-placed students,Excluded
3110,7,110,False,Has a prior offer; drive excludes already-placed students,Excluded
3111,7,111,True,Meets all eligibility criteria,Eligible
3112,7,112,True,Meets all eligibility criteria,Eligible
3113,7,113,False,Branch IT not in allowed list,Excluded
3114,7,114,True,Meets all eligibility criteria,Eligible
3115,7,115,True,Meets all eligibility criteria,Eligible
3116,7,116,False,2 backlogs exceeds max 0,Excluded
3117,7,117,False,CGPA 5.88 below cutoff 6.53; Has a prior offer; drive excludes already-placed students,Excluded
3118,7,118,True,Meets all eligibility criteria,Eligible
3119,7,119,False,1 backlogs exceeds max 0,Excluded
3120,7,120,False,1 backlogs exceeds max 0,Excluded
3121,7,121,False,CGPA 5.81 below cutoff 6.53; 2 backlogs exceeds max 0,Excluded
3122,7,122,False,CGPA 6.4 below cutoff 6.53; Branch IT not in allowed list,Excluded
3123,7,123,False,Branch IT not in allowed list,Excluded
3124,7,124,True,Meets all eligibility criteria,Eligible
3125,7,125,True,Meets all eligibility criteria,Eligible
3126,7,126,True,Meets all eligibility criteria,Eligible
3127,7,127,False,CGPA 6.39 below cutoff 6.53; Has a prior offer; drive excludes already-placed students,Excluded
3128,7,128,False,1 backlogs exceeds max 0,Excluded
3129,7,129,True,Meets all eligibility criteria,Eligible
3130,7,130,False,CGPA 5.81 below cutoff 6.53,Excluded
3131,7,131,False,CGPA 5.97 below cutoff 6.53; 3 backlogs exceeds max 0,Excluded
3132,7,132,False,1 backlogs exceeds max 0,Excluded
3133,7,133,False,1 backlogs exceeds max 0,Excluded
3134,7,134,False,Branch IT not in allowed list,Excluded
3135,7,135,False,1 backlogs exceeds max 0,Excluded
3136,7,136,True,Meets all eligibility criteria,Eligible
3137,7,137,True,Meets all eligibility criteria,Eligible
3138,7,138,False,Branch IT not in allowed list,Excluded
3139,7,139,False,Branch IT not in allowed list,Excluded
3140,7,140,True,Meets all eligibility criteria,Eligible
3141,7,141,True,Meets all eligibility criteria,Eligible
3142,7,142,True,Meets all eligibility criteria,Eligible
3143,7,143,True,Meets all eligibility criteria,Eligible
3144,7,144,False,CGPA 6.37 below cutoff 6.53,Excluded
3145,7,145,False,CGPA 6.47 below cutoff 6.53,Excluded
3146,7,146,True,Meets all eligibility criteria,Eligible
3147,7,147,True,Meets all eligibility criteria,Eligible
3148,7,148,False,CGPA 5.7 below cutoff 6.53,Excluded
3149,7,149,False,1 backlogs exceeds max 0,Excluded
3150,7,150,False,Branch IT not in allowed list,Excluded
3151,7,151,True,Meets all eligibility criteria,Eligible
3152,7,152,False,Branch IT not in allowed list,Excluded
3153,7,153,False,Branch IT not in allowed list,Excluded
3154,7,154,True,Meets all eligibility criteria,Eligible
3155,7,155,False,2 backlogs exceeds max 0,Excluded
3156,7,156,False,Has a prior offer; drive excludes already-placed students,Excluded
3157,7,157,False,Has a prior offer; drive excludes already-placed students,Excluded
3158,7,158,False,Branch IT not in allowed list,Excluded
3159,7,159,True,Meets all eligibility criteria,Eligible
3160,7,160,False,1 backlogs exceeds max 0,Excluded
3161,7,161,False,1 backlogs exceeds max 0,Excluded
3162,7,162,False,CGPA 6.39 below cutoff 6.53; Branch IT not in allowed list,Excluded
3163,7,163,True,Meets all eligibility criteria,Eligible
3164,7,164,False,1 backlogs exceeds max 0,Excluded
3165,7,165,True,Meets all eligibility criteria,Eligible
3166,7,166,True,Meets all eligibility criteria,Eligible
3167,7,167,True,Meets all eligibility criteria,Flagged
3168,7,168,False,CGPA 5.59 below cutoff 6.53; 1 backlogs exceeds max 0; Has a prior offer; drive excludes already-placed students,Excluded
3169,7,169,True,Meets all eligibility criteria,Eligible
3170,7,170,False,CGPA 6.32 below cutoff 6.53,Excluded
3171,7,171,False,Has a prior offer; drive excludes already-placed students,Excluded
3172,7,172,False,CGPA 6.22 below cutoff 6.53,Excluded
3173,7,173,False,1 backlogs exceeds max 0; Has a prior offer; drive excludes already-placed students,Excluded
3174,7,174,True,Meets all eligibility criteria,Flagged
3175,7,175,False,CGPA 5.51 below cutoff 6.53; 1 backlogs exceeds max 0; Has a prior offer; drive excludes already-placed students,Excluded
3176,7,176,True,Meets all eligibility criteria,Eligible
3177,7,177,False,CGPA 5.73 below cutoff 6.53; Branch IT not in allowed list,Excluded
3178,7,178,True,Meets all eligibility criteria,Eligible
3179,7,179,True,Meets all eligibility criteria,Eligible
3180,7,180,False,CGPA 6.51 below cutoff 6.53; 1 backlogs exceeds max 0,Excluded
3181,7,181,True,Meets all eligibility criteria,Eligible
3182,7,182,False,1 backlogs exceeds max 0,Excluded
3183,7,183,False,CGPA 6.15 below cutoff 6.53,Excluded
3184,7,184,False,CGPA 6.11 below cutoff 6.53,Excluded
3185,7,185,False,1 backlogs exceeds max 0,Excluded
3186,7,186,False,3 backlogs exceeds max 0,Excluded
3187,7,187,True,Meets all eligibility criteria,Eligible
3188,7,188,True,Meets all eligibility criteria,Eligible
3189,7,189,False,1 backlogs exceeds max 0,Excluded
3190,7,190,False,1 backlogs exceeds max 0,Excluded
3191,7,191,True,Meets all eligibility criteria,Eligible
3192,7,192,False,1 backlogs exceeds max 0,Excluded
3193,7,193,False,1 backlogs exceeds max 0,Excluded
3194,7,194,False,CGPA 5.84 below cutoff 6.53; 1 backlogs exceeds max 0,Excluded
3195,7,195,True,Meets all eligibility criteria,Eligible
3196,7,196,True,Meets all eligibility criteria,Eligible
3197,7,197,False,CGPA 5.66 below cutoff 6.53,Excluded
3198,7,198,False,1 backlogs exceeds max 0,Excluded
3199,7,199,False,Branch IT not in allowed list,Excluded
3200,7,200,False,CGPA 5.63 below cutoff 6.53,Excluded
3201,7,201,True,Meets all eligibility criteria,Eligible
3202,7,202,False,CGPA 6.31 below cutoff 6.53,Excluded
3203,7,203,False,Branch IT not in allowed list; 2 backlogs exceeds max 0,Excluded
3204,7,204,True,Meets all eligibility criteria,Flagged
3205,7,205,True,Meets all eligibility criteria,Eligible
3206,7,206,False,3 backlogs exceeds max 0,Excluded
3207,7,207,False,3 backlogs exceeds max 0,Excluded
3208,7,208,False,Has a prior offer; drive excludes already-placed students,Excluded
3209,7,209,True,Meets all eligibility criteria,Eligible
3210,7,210,False,3 backlogs exceeds max 0,Excluded
3211,7,211,False,Branch IT not in allowed list,Excluded
3212,7,212,False,CGPA 6.49 below cutoff 6.53,Excluded
3213,7,213,False,Branch IT not in allowed list; Has a prior offer; drive excludes already-placed students,Excluded
3214,7,214,True,Meets all eligibility criteria,Eligible
3215,7,215,True,Meets all eligibility criteria,Eligible
3216,7,216,False,CGPA 6.29 below cutoff 6.53,Excluded
3217,7,217,False,1 backlogs exceeds max 0,Excluded
3218,7,218,False,1 backlogs exceeds max 0,Excluded
3219,7,219,False,CGPA 6.13 below cutoff 6.53; 3 backlogs exceeds max 0,Excluded
3220,7,220,False,1 backlogs exceeds max 0; Has a prior offer; drive excludes already-placed students,Excluded
3221,7,221,True,Meets all eligibility criteria,Eligible
3222,7,222,True,Meets all eligibility criteria,Eligible
3223,7,223,False,CGPA 5.99 below cutoff 6.53,Excluded
3224,7,224,False,Branch IT not in allowed list; 2 backlogs exceeds max 0; Has a prior offer; drive excludes already-placed students,Excluded
3225,7,225,False,2 backlogs exceeds max 0,Excluded
3226,7,226,False,CGPA 6.13 below cutoff 6.53; 2 backlogs exceeds max 0; Has a prior offer; drive excludes already-placed students,Excluded
3227,7,227,True,Meets all eligibility criteria,Flagged
3228,7,228,True,Meets all eligibility criteria,Eligible
3229,7,229,False,2 backlogs exceeds max 0,Excluded
3230,7,230,False,2 backlogs exceeds max 0,Excluded
3231,7,231,False,CGPA 6.48 below cutoff 6.53; Branch IT not in allowed list; Has a prior offer; drive excludes already-placed students,Excluded
3232,7,232,False,Has a prior offer; drive excludes already-placed students,Excluded
3233,7,233,False,3 backlogs exceeds max 0,Excluded
3234,7,234,True,Meets all eligibility criteria,Eligible
3235,7,235,False,Has a prior offer; drive excludes already-placed students,Excluded
3236,7,236,False,Branch IT not in allowed list,Excluded
3237,7,237,False,CGPA 6.16 below cutoff 6.53; 2 backlogs exceeds max 0,Excluded
3238,7,238,False,CGPA 6.15 below cutoff 6.53; Has a prior offer; drive excludes already-placed students,Excluded
3239,7,239,True,Meets all eligibility criteria,Eligible
3240,7,240,False,CGPA 5.57 below cutoff 6.53; Branch IT not in allowed list,Excluded
3241,7,241,False,CGPA 6.01 below cutoff 6.53,Excluded
3242,7,242,False,CGPA 5.99 below cutoff 6.53,Excluded
3243,7,243,True,Meets all eligibility criteria,Eligible
3244,7,244,False,CGPA 5.64 below cutoff 6.53; 3 backlogs exceeds max 0,Excluded
3245,7,245,False,2 backlogs exceeds max 0,Excluded
3246,7,246,False,CGPA 6.17 below cutoff 6.53,Excluded
3247,7,247,True,Meets all eligibility criteria,Eligible
3248,7,248,True,Meets all eligibility criteria,Eligible
3249,7,249,False,1 backlogs exceeds max 0,Excluded
3250,7,250,True,Meets all eligibility criteria,Eligible
3251,7,251,False,CGPA 5.93 below cutoff 6.53,Excluded
3252,7,252,False,CGPA 6.19 below cutoff 6.53; 2 backlogs exceeds max 0,Excluded
3253,7,253,False,CGPA 5.92 below cutoff 6.53,Excluded
3254,7,254,True,Meets all eligibility criteria,Eligible
3255,7,255,False,CGPA 6.05 below cutoff 6.53,Excluded
3256,7,256,False,3 backlogs exceeds max 0,Excluded
3257,7,257,True,Meets all eligibility criteria,Eligible
3258,7,258,False,CGPA 5.99 below cutoff 6.53; 1 backlogs exceeds max 0,Excluded
3259,7,259,False,1 backlogs exceeds max 0,Excluded
3260,7,260,True,Meets all eligibility criteria,Eligible
3261,7,261,False,CGPA 6.31 below cutoff 6.53; 1 backlogs exceeds max 0,Excluded
3262,7,262,False,CGPA 6.32 below cutoff 6.53; Has a prior offer; drive excludes already-placed students,Excluded
3263,7,263,False,3 backlogs exceeds max 0,Excluded
3264,7,264,False,Branch IT not in allowed list,Excluded
3265,7,265,False,2 backlogs exceeds max 0,Excluded
3266,7,266,False,CGPA 6.2 below cutoff 6.53; 1 backlogs exceeds max 0; Has a prior offer; drive excludes already-placed students,Excluded
3267,7,267,True,Meets all eligibility criteria,Eligible
3268,7,268,False,CGPA 6.47 below cutoff 6.53; Has a prior offer; drive excludes already-placed students,Excluded
3269,7,269,True,Meets all eligibility criteria,Eligible
3270,7,270,False,CGPA 6.49 below cutoff 6.53; 3 backlogs exceeds max 0,Excluded
3271,7,271,False,1 backlogs exceeds max 0,Excluded
3272,7,272,False,CGPA 5.53 below cutoff 6.53; Branch IT not in allowed list; 1 backlogs exceeds max 0,Excluded
3273,7,273,False,Has a prior offer; drive excludes already-placed students,Excluded
3274,7,274,True,Meets all eligibility criteria,Eligible
3275,7,275,True,Meets all eligibility criteria,Eligible
3276,7,276,True,Meets all eligibility criteria,Eligible
3277,7,277,False,Has a prior offer; drive excludes already-placed students,Excluded
3278,7,278,True,Meets all eligibility criteria,Eligible
3279,7,279,True,Meets all eligibility criteria,Eligible
3280,7,280,False,CGPA 6.26 below cutoff 6.53,Excluded
3281,7,281,True,Meets all eligibility criteria,Eligible
3282,7,282,False,Branch IT not in allowed list,Excluded
3283,7,283,False,Branch IT not in allowed list,Excluded
3284,7,284,False,1 backlogs exceeds max 0,Excluded
3285,7,285,True,Meets all eligibility criteria,Eligible
3286,7,286,True,Meets all eligibility criteria,Eligible
3287,7,287,True,Meets all eligibility criteria,Eligible
3288,7,288,True,Meets all eligibility criteria,Eligible
3289,7,289,False,CGPA 5.85 below cutoff 6.53; 1 backlogs exceeds max 0,Excluded
3290,7,290,True,Meets all eligibility criteria,Eligible
3291,7,291,True,Meets all eligibility criteria,Eligible
3292,7,292,False,CGPA 6.18 below cutoff 6.53,Excluded
3293,7,293,False,CGPA 5.88 below cutoff 6.53,Excluded
3294,7,294,True,Meets all eligibility criteria,Eligible
3295,7,295,True,Meets all eligibility criteria,Eligible
3296,7,296,False,Has a prior offer; drive excludes already-placed students,Excluded
3297,7,297,True,Meets all eligibility criteria,Eligible
3298,7,298,True,Meets all eligibility criteria,Eligible
3299,7,299,True,Meets all eligibility criteria,Eligible
3300,7,300,False,CGPA 6.08 below cutoff 6.53; 1 backlogs exceeds max 0,Excluded
3301,7,301,False,Branch IT not in allowed list,Excluded
3302,7,302,False,3 backlogs exceeds max 0,Excluded
3303,7,303,True,Meets all eligibility criteria,Eligible
3304,7,304,False,CGPA 6.46 below cutoff 6.53; 2 backlogs exceeds max 0,Excluded
3305,7,305,False,CGPA 6.12 below cutoff 6.53,Excluded
3306,7,306,False,2 backlogs exceeds max 0,Excluded
3307,7,307,True,Meets all eligibility criteria,Eligible
3308,7,308,False,Branch IT not in allowed list; 1 backlogs exceeds max 0,Excluded
3309,7,309,False,Branch IT not in allowed list,Excluded
3310,7,310,False,Branch IT not in allowed list; 1 backlogs exceeds max 0,Excluded
3311,7,311,False,Branch IT not in allowed list; 1 backlogs exceeds max 0,Excluded
3312,7,312,True,Meets all eligibility criteria,Eligible
3313,7,313,False,Branch IT not in allowed list,Excluded
3314,7,314,True,Meets all eligibility criteria,Flagged
3315,7,315,False,Has a prior offer; drive excludes already-placed students,Excluded
3316,7,316,False,CGPA 6.22 below cutoff 6.53,Excluded
3317,7,317,False,CGPA 5.91 below cutoff 6.53; 2 backlogs exceeds max 0,Excluded
3318,7,318,True,Meets all eligibility criteria,Eligible
3319,7,319,False,CGPA 5.87 below cutoff 6.53,Excluded
3320,7,320,False,Branch IT not in allowed list; 1 backlogs exceeds max 0,Excluded
3321,7,321,False,Branch IT not in allowed list,Excluded
3322,7,322,False,2 backlogs exceeds max 0,Excluded
3323,7,323,False,CGPA 6.17 below cutoff 6.53; 2 backlogs exceeds max 0,Excluded
3324,7,324,True,Meets all eligibility criteria,Eligible
3325,7,325,True,Meets all eligibility criteria,Eligible
3326,7,326,True,Meets all eligibility criteria,Eligible
3327,7,327,True,Meets all eligibility criteria,Eligible
3328,7,328,True,Meets all eligibility criteria,Eligible
3329,7,329,False,2 backlogs exceeds max 0,Excluded
3330,7,330,True,Meets all eligibility criteria,Eligible
3331,7,331,True,Meets all eligibility criteria,Eligible
3332,7,332,False,1 backlogs exceeds max 0,Excluded
3333,7,333,True,Meets all eligibility criteria,Eligible
3334,7,334,True,Meets all eligibility criteria,Eligible
3335,7,335,False,Branch IT not in allowed list,Excluded
3336,7,336,False,Branch IT not in allowed list,Excluded
3337,7,337,True,Meets all eligibility criteria,Eligible
3338,7,338,True,Meets all eligibility criteria,Eligible
3339,7,339,False,1 backlogs exceeds max 0,Excluded
3340,7,340,True,Meets all eligibility criteria,Eligible
3341,7,341,False,Branch IT not in allowed list,Excluded
3342,7,342,False,1 backlogs exceeds max 0,Excluded
3343,7,343,False,CGPA 5.86 below cutoff 6.53; Branch IT not in allowed list,Excluded
3344,7,344,False,CGPA 5.96 below cutoff 6.53,Excluded
3345,7,345,True,Meets all eligibility criteria,Eligible
3346,7,346,False,2 backlogs exceeds max 0,Excluded
3347,7,347,False,2 backlogs exceeds max 0,Excluded
3348,7,348,False,1 backlogs exceeds max 0,Excluded
3349,7,349,False,CGPA 6.14 below cutoff 6.53,Excluded
3350,7,350,True,Meets all eligibility criteria,Flagged
3351,7,351,False,CGPA 5.65 below cutoff 6.53,Excluded
3352,7,352,True,Meets all eligibility criteria,Eligible
3353,7,353,True,Meets all eligibility criteria,Eligible
3354,7,354,True,Meets all eligibility criteria,Eligible
3355,7,355,True,Meets all eligibility criteria,Flagged
3356,7,356,False,Branch IT not in allowed list,Excluded
3357,7,357,True,Meets all eligibility criteria,Eligible
3358,7,358,True,Meets all eligibility criteria,Eligible
3359,7,359,False,Branch IT not in allowed list,Excluded
3360,7,360,True,Meets all eligibility criteria,Eligible
3361,7,361,False,Branch IT not in allowed list; 1 backlogs exceeds max 0; Has a prior offer; drive excludes already-placed students,Excluded
3362,7,362,True,Meets all eligibility criteria,Eligible
3363,7,363,False,CGPA 5.89 below cutoff 6.53,Excluded
3364,7,364,True,Meets all eligibility criteria,Eligible
3365,7,365,True,Meets all eligibility criteria,Eligible
3366,7,366,False,CGPA 6.08 below cutoff 6.53; 1 backlogs exceeds max 0,Excluded
3367,7,367,True,Meets all eligibility criteria,Eligible
3368,7,368,False,Branch IT not in allowed list,Excluded
3369,7,369,False,CGPA 6.51 below cutoff 6.53; 2 backlogs exceeds max 0,Excluded
3370,7,370,True,Meets all eligibility criteria,Flagged
3371,7,371,True,Meets all eligibility criteria,Eligible
3372,7,372,True,Meets all eligibility criteria,Eligible
3373,7,373,False,1 backlogs exceeds max 0,Excluded
3374,7,374,False,CGPA 5.63 below cutoff 6.53,Excluded
3375,7,375,False,CGPA 6.45 below cutoff 6.53; Has a prior offer; drive excludes already-placed students,Excluded
3376,7,376,True,Meets all eligibility criteria,Eligible
3377,7,377,False,Has a prior offer; drive excludes already-placed students,Excluded
3378,7,378,False,CGPA 5.77 below cutoff 6.53,Excluded
3379,7,379,True,Meets all eligibility criteria,Eligible
3380,7,380,False,Branch IT not in allowed list; 3 backlogs exceeds max 0,Excluded
3381,7,381,False,CGPA 5.98 below cutoff 6.53,Excluded
3382,7,382,False,CGPA 6.13 below cutoff 6.53,Excluded
3383,7,383,False,2 backlogs exceeds max 0,Excluded
3384,7,384,False,CGPA 6.35 below cutoff 6.53,Excluded
3385,7,385,True,Meets all eligibility criteria,Eligible
3386,7,386,True,Meets all eligibility criteria,Flagged
3387,7,387,False,1 backlogs exceeds max 0,Excluded
3388,7,388,False,CGPA 5.54 below cutoff 6.53; Branch IT not in allowed list,Excluded
3389,7,389,True,Meets all eligibility criteria,Eligible
3390,7,390,False,CGPA 6.38 below cutoff 6.53,Excluded
3391,7,391,True,Meets all eligibility criteria,Eligible
3392,7,392,False,CGPA 6.08 below cutoff 6.53,Excluded
3393,7,393,True,Meets all eligibility criteria,Eligible
3394,7,394,False,CGPA 5.68 below cutoff 6.53,Excluded
3395,7,395,True,Meets all eligibility criteria,Eligible
3396,7,396,True,Meets all eligibility criteria,Eligible
3397,7,397,True,Meets all eligibility criteria,Eligible
3398,7,398,True,Meets all eligibility criteria,Eligible
3399,7,399,False,CGPA 5.99 below cutoff 6.53,Excluded
3400,7,400,True,Meets all eligibility criteria,Eligible
3401,7,401,True,Meets all eligibility criteria,Eligible
3402,7,402,False,CGPA 6.27 below cutoff 6.53,Excluded
3403,7,403,True,Meets all eligibility criteria,Eligible
3404,7,404,True,Meets all eligibility criteria,Eligible
3405,7,405,True,Meets all eligibility criteria,Eligible
3406,7,406,True,Meets all eligibility criteria,Eligible
3407,7,407,False,Branch IT not in allowed list,Excluded
3408,7,408,True,Meets all eligibility criteria,Eligible
3409,7,409,False,Branch IT not in allowed list,Excluded
3410,7,410,False,2 backlogs exceeds max 0,Excluded
3411,7,411,True,Meets all eligibility criteria,Eligible
3412,7,412,False,1 backlogs exceeds max 0,Excluded
3413,7,413,False,2 backlogs exceeds max 0,Excluded
3414,7,414,False,Has a prior offer; drive excludes already-placed students,Excluded
3415,7,415,True,Meets all eligibility criteria,Eligible
3416,7,416,True,Meets all eligibility criteria,Eligible
3417,7,417,False,CGPA 5.99 below cutoff 6.53; Branch IT not in allowed list; 1 backlogs exceeds max 0; Has a prior offer; drive excludes already-placed students,Excluded
3418,7,418,False,Branch IT not in allowed list; Has a prior offer; drive excludes already-placed students,Excluded
3419,7,419,False,Has a prior offer; drive excludes already-placed students,Excluded
3420,7,420,False,2 backlogs exceeds max 0,Excluded
3421,7,421,False,Branch IT not in allowed list,Excluded
3422,7,422,False,2 backlogs exceeds max 0,Excluded
3423,7,423,False,1 backlogs exceeds max 0,Excluded
3424,7,424,False,2 backlogs exceeds max 0,Excluded
3425,7,425,False,CGPA 6.34 below cutoff 6.53; 1 backlogs exceeds max 0; Has a prior offer; drive excludes already-placed students,Excluded
3426,7,426,True,Meets all eligibility criteria,Eligible
3427,7,427,False,Branch IT not in allowed list,Excluded
3428,7,428,False,CGPA 6.37 below cutoff 6.53; Branch IT not in allowed list,Excluded
3429,7,429,True,Meets all eligibility criteria,Flagged
3430,7,430,False,Branch IT not in allowed list; 1 backlogs exceeds max 0,Excluded
3431,7,431,False,1 backlogs exceeds max 0; Has a prior offer; drive excludes already-placed students,Excluded
3432,7,432,False,Branch IT not in allowed list,Excluded
3433,7,433,False,Branch IT not in allowed list,Excluded
3434,7,434,False,Has a prior offer; drive excludes already-placed students,Excluded
3435,7,435,False,Has a prior offer; drive excludes already-placed students,Excluded
3436,7,436,True,Meets all eligibility criteria,Eligible
3437,7,437,True,Meets all eligibility criteria,Eligible
3438,7,438,False,CGPA 6.49 below cutoff 6.53; Branch IT not in allowed list,Excluded
3439,7,439,True,Meets all eligibility criteria,Eligible
3440,7,440,False,Branch IT not in allowed list; 1 backlogs exceeds max 0,Excluded
3441,7,441,True,Meets all eligibility criteria,Eligible
3442,7,442,False,CGPA 5.85 below cutoff 6.53,Excluded
3443,7,443,False,CGPA 6.41 below cutoff 6.53; Branch IT not in allowed list,Excluded
3444,7,444,True,Meets all eligibility criteria,Eligible
3445,7,445,True,Meets all eligibility criteria,Eligible
3446,7,446,True,Meets all eligibility criteria,Eligible
3447,7,447,True,Meets all eligibility criteria,Eligible
3448,7,448,False,Has a prior offer; drive excludes already-placed students,Excluded
3449,7,449,False,2 backlogs exceeds max 0; Has a prior offer; drive excludes already-placed students,Excluded
3450,7,450,False,1 backlogs exceeds max 0,Excluded
3451,7,451,False,3 backlogs exceeds max 0,Excluded
3452,7,452,True,Meets all eligibility criteria,Eligible
3453,7,453,False,CGPA 6.1 below cutoff 6.53; 1 backlogs exceeds max 0,Excluded
3454,7,454,False,Branch IT not in allowed list,Excluded
3455,7,455,True,Meets all eligibility criteria,Eligible
3456,7,456,True,Meets all eligibility criteria,Eligible
3457,7,457,False,CGPA 6.35 below cutoff 6.53; 1 backlogs exceeds max 0,Excluded
3458,7,458,False,1 backlogs exceeds max 0,Excluded
3459,7,459,False,CGPA 5.95 below cutoff 6.53,Excluded
3460,7,460,False,CGPA 5.72 below cutoff 6.53; 1 backlogs exceeds max 0,Excluded
3461,7,461,False,CGPA 6.48 below cutoff 6.53; 1 backlogs exceeds max 0,Excluded
3462,7,462,False,1 backlogs exceeds max 0,Excluded
3463,7,463,True,Meets all eligibility criteria,Eligible
3464,7,464,False,CGPA 6.14 below cutoff 6.53; Branch IT not in allowed list,Excluded
3465,7,465,False,CGPA 5.77 below cutoff 6.53; 2 backlogs exceeds max 0,Excluded
3466,7,466,True,Meets all eligibility criteria,Eligible
3467,7,467,True,Meets all eligibility criteria,Eligible
3468,7,468,False,1 backlogs exceeds max 0,Excluded
3469,7,469,False,1 backlogs exceeds max 0,Excluded
3470,7,470,False,Branch IT not in allowed list,Excluded
3471,7,471,False,CGPA 6.42 below cutoff 6.53; Has a prior offer; drive excludes already-placed students,Excluded
3472,7,472,True,Meets all eligibility criteria,Eligible
3473,7,473,False,Branch IT not in allowed list; 1 backlogs exceeds max 0,Excluded
3474,7,474,True,Meets all eligibility criteria,Eligible
3475,7,475,False,CGPA 5.57 below cutoff 6.53; 2 backlogs exceeds max 0,Excluded
3476,7,476,False,2 backlogs exceeds max 0,Excluded
3477,7,477,True,Meets all eligibility criteria,Eligible
3478,7,478,True,Meets all eligibility criteria,Eligible
3479,7,479,True,Meets all eligibility criteria,Eligible
3480,7,480,False,Has a prior offer; drive excludes already-placed students,Excluded
3481,7,481,False,1 backlogs exceeds max 0,Excluded
3482,7,482,False,1 backlogs exceeds max 0,Excluded
3483,7,483,False,Branch IT not in allowed list,Excluded
3484,7,484,True,Meets all eligibility criteria,Eligible
3485,7,485,True,Meets all eligibility criteria,Eligible
3486,7,486,True,Meets all eligibility criteria,Eligible
3487,7,487,False,1 backlogs exceeds max 0; Has a prior offer; drive excludes already-placed students,Excluded
3488,7,488,False,CGPA 5.53 below cutoff 6.53; Has a prior offer; drive excludes already-placed students,Excluded
3489,7,489,False,CGPA 6.18 below cutoff 6.53; Has a prior offer; drive excludes already-placed students,Excluded
3490,7,490,False,2 backlogs exceeds max 0,Excluded
3491,7,491,False,CGPA 5.53 below cutoff 6.53,Excluded
3492,7,492,False,3 backlogs exceeds max 0,Excluded
3493,7,493,False,Branch IT not in allowed list; 1 backlogs exceeds max 0,Excluded
3494,7,494,True,Meets all eligibility criteria,Eligible
3495,7,495,False,1 backlogs exceeds max 0,Excluded
3496,7,496,True,Meets all eligibility criteria,Eligible
3497,7,497,False,Has a prior offer; drive excludes already-placed students,Excluded
3498,7,498,False,Has a prior offer; drive excludes already-placed students,Excluded
3499,7,499,False,CGPA 6.27 below cutoff 6.53,Excluded
3500,7,500,False,1 backlogs exceeds max 0,Excluded
3501,8,1,True,Meets all eligibility criteria,Eligible
3502,8,2,False,Branch MECH not in allowed list,Excluded
3503,8,3,False,CGPA 5.64 below cutoff 8.14; Branch IT not in allowed list,Excluded
3504,8,4,False,CGPA 8.03 below cutoff 8.14; 1 backlogs exceeds max 0,Excluded
3505,8,5,False,CGPA 7.52 below cutoff 8.14; Branch CSE not in allowed list,Excluded
3506,8,6,False,CGPA 7.03 below cutoff 8.14,Excluded
3507,8,7,False,CGPA 5.94 below cutoff 8.14; Branch MECH not in allowed list; 1 backlogs exceeds max 0,Excluded
3508,8,8,False,Branch EEE not in allowed list,Excluded
3509,8,9,True,Meets all eligibility criteria,Eligible
3510,8,10,False,CGPA 5.81 below cutoff 8.14,Excluded
3511,8,11,False,Branch EEE not in allowed list,Excluded
3512,8,12,False,CGPA 6.23 below cutoff 8.14,Excluded
3513,8,13,True,Meets all eligibility criteria,Eligible
3514,8,14,False,CGPA 6.6 below cutoff 8.14,Excluded
3515,8,15,False,CGPA 6.49 below cutoff 8.14; Branch CSE not in allowed list,Excluded
3516,8,16,False,Branch CSE not in allowed list,Excluded
3517,8,17,False,CGPA 8.05 below cutoff 8.14; Branch IT not in allowed list; 1 backlogs exceeds max 0,Excluded
3518,8,18,False,Branch IT not in allowed list,Excluded
3519,8,19,True,Meets all eligibility criteria,Eligible
3520,8,20,False,CGPA 8.13 below cutoff 8.14; Branch IT not in allowed list,Excluded
3521,8,21,False,Branch IT not in allowed list; 1 backlogs exceeds max 0,Excluded
3522,8,22,False,Branch EEE not in allowed list,Excluded
3523,8,23,False,CGPA 7.61 below cutoff 8.14; Branch MECH not in allowed list,Excluded
3524,8,24,False,CGPA 6.02 below cutoff 8.14; 2 backlogs exceeds max 0,Excluded
3525,8,25,False,CGPA 6.82 below cutoff 8.14; Branch CSE not in allowed list,Excluded
3526,8,26,False,CGPA 6.69 below cutoff 8.14; Branch IT not in allowed list,Excluded
3527,8,27,True,Meets all eligibility criteria,Eligible
3528,8,28,False,CGPA 6.19 below cutoff 8.14; Branch MECH not in allowed list; 1 backlogs exceeds max 0,Excluded
3529,8,29,False,Branch CSE not in allowed list,Excluded
3530,8,30,False,Branch CSE not in allowed list,Excluded
3531,8,31,False,Branch EEE not in allowed list,Excluded
3532,8,32,False,CGPA 7.9 below cutoff 8.14,Excluded
3533,8,33,False,CGPA 6.24 below cutoff 8.14; Branch MECH not in allowed list,Excluded
3534,8,34,False,1 backlogs exceeds max 0,Excluded
3535,8,35,False,CGPA 7.3 below cutoff 8.14,Excluded
3536,8,36,False,CGPA 7.53 below cutoff 8.14; Branch CSE not in allowed list,Excluded
3537,8,37,False,CGPA 7.99 below cutoff 8.14; Branch CSE not in allowed list,Excluded
3538,8,38,False,CGPA 5.76 below cutoff 8.14; Branch CSE not in allowed list,Excluded
3539,8,39,False,CGPA 6.57 below cutoff 8.14; Branch IT not in allowed list,Excluded
3540,8,40,False,Branch EEE not in allowed list,Excluded
3541,8,41,False,Branch CSE not in allowed list,Excluded
3542,8,42,False,CGPA 7.41 below cutoff 8.14,Excluded
3543,8,43,False,Branch EEE not in allowed list,Excluded
3544,8,44,False,Branch IT not in allowed list,Excluded
3545,8,45,False,CGPA 7.4 below cutoff 8.14; Branch IT not in allowed list,Excluded
3546,8,46,False,Branch CSE not in allowed list,Excluded
3547,8,47,False,Branch IT not in allowed list; 3 backlogs exceeds max 0,Excluded
3548,8,48,False,CGPA 7.67 below cutoff 8.14; Branch CSE not in allowed list; 1 backlogs exceeds max 0,Excluded
3549,8,49,False,Branch EEE not in allowed list,Excluded
3550,8,50,False,Branch MECH not in allowed list; 3 backlogs exceeds max 0,Excluded
3551,8,51,False,CGPA 6.2 below cutoff 8.14; Branch CSE not in allowed list,Excluded
3552,8,52,False,CGPA 5.77 below cutoff 8.14; Branch CSE not in allowed list,Excluded
3553,8,53,False,Branch CSE not in allowed list,Excluded
3554,8,54,False,CGPA 6.34 below cutoff 8.14,Excluded
3555,8,55,False,Branch MECH not in allowed list,Excluded
3556,8,56,False,CGPA 5.87 below cutoff 8.14; Branch MECH not in allowed list,Excluded
3557,8,57,False,CGPA 6.67 below cutoff 8.14,Excluded
3558,8,58,False,CGPA 6.09 below cutoff 8.14; Branch EEE not in allowed list,Excluded
3559,8,59,False,Branch MECH not in allowed list,Excluded
3560,8,60,False,CGPA 5.83 below cutoff 8.14,Excluded
3561,8,61,False,1 backlogs exceeds max 0,Excluded
3562,8,62,False,Branch MECH not in allowed list; 1 backlogs exceeds max 0,Excluded
3563,8,63,True,Meets all eligibility criteria,Eligible
3564,8,64,False,CGPA 6.1 below cutoff 8.14; Branch CSE not in allowed list,Excluded
3565,8,65,False,CGPA 6.73 below cutoff 8.14,Excluded
3566,8,66,False,Branch EEE not in allowed list,Excluded
3567,8,67,False,Branch EEE not in allowed list,Excluded
3568,8,68,False,CGPA 7.0 below cutoff 8.14,Excluded
3569,8,69,False,CGPA 7.98 below cutoff 8.14; Branch CSE not in allowed list,Excluded
3570,8,70,False,Branch MECH not in allowed list; 2 backlogs exceeds max 0,Excluded
3571,8,71,False,CGPA 8.12 below cutoff 8.14; Branch IT not in allowed list,Excluded
3572,8,72,False,Branch CSE not in allowed list; 1 backlogs exceeds max 0,Excluded
3573,8,73,False,CGPA 6.62 below cutoff 8.14; Branch MECH not in allowed list,Excluded
3574,8,74,False,Branch IT not in allowed list; 2 backlogs exceeds max 0,Excluded
3575,8,75,False,Branch CSE not in allowed list; 2 backlogs exceeds max 0,Excluded
3576,8,76,False,CGPA 6.99 below cutoff 8.14; 2 backlogs exceeds max 0,Excluded
3577,8,77,False,CGPA 6.7 below cutoff 8.14; Branch CSE not in allowed list; 1 backlogs exceeds max 0,Excluded
3578,8,78,False,Branch EEE not in allowed list,Excluded
3579,8,79,False,Branch CSE not in allowed list,Excluded
3580,8,80,False,CGPA 6.98 below cutoff 8.14; 1 backlogs exceeds max 0,Excluded
3581,8,81,False,CGPA 7.3 below cutoff 8.14; Branch MECH not in allowed list; 3 backlogs exceeds max 0,Excluded
3582,8,82,False,CGPA 6.02 below cutoff 8.14; Branch IT not in allowed list; 3 backlogs exceeds max 0,Excluded
3583,8,83,False,CGPA 6.69 below cutoff 8.14; Branch EEE not in allowed list,Excluded
3584,8,84,False,CGPA 6.91 below cutoff 8.14; Branch MECH not in allowed list,Excluded
3585,8,85,False,CGPA 8.09 below cutoff 8.14,Excluded
3586,8,86,True,Meets all eligibility criteria,Eligible
3587,8,87,False,CGPA 6.39 below cutoff 8.14,Excluded
3588,8,88,True,Meets all eligibility criteria,Eligible
3589,8,89,False,CGPA 7.34 below cutoff 8.14,Excluded
3590,8,90,False,CGPA 7.39 below cutoff 8.14; 2 backlogs exceeds max 0,Excluded
3591,8,91,False,Branch MECH not in allowed list,Excluded
3592,8,92,False,CGPA 6.45 below cutoff 8.14; Branch MECH not in allowed list; 1 backlogs exceeds max 0,Excluded
3593,8,93,False,CGPA 7.49 below cutoff 8.14; Branch MECH not in allowed list,Excluded
3594,8,94,False,1 backlogs exceeds max 0,Excluded
3595,8,95,False,Branch CSE not in allowed list,Excluded
3596,8,96,False,CGPA 6.51 below cutoff 8.14; Branch CSE not in allowed list,Excluded
3597,8,97,False,CGPA 7.64 below cutoff 8.14; Branch CSE not in allowed list; 1 backlogs exceeds max 0,Excluded
3598,8,98,True,Meets all eligibility criteria,Eligible
3599,8,99,False,CGPA 6.6 below cutoff 8.14; Branch CSE not in allowed list,Excluded
3600,8,100,False,CGPA 6.48 below cutoff 8.14; 1 backlogs exceeds max 0,Excluded
3601,8,101,False,CGPA 8.01 below cutoff 8.14; Branch CSE not in allowed list; 2 backlogs exceeds max 0,Excluded
3602,8,102,False,CGPA 7.59 below cutoff 8.14; Branch MECH not in allowed list,Excluded
3603,8,103,True,Meets all eligibility criteria,Eligible
3604,8,104,False,Branch IT not in allowed list,Excluded
3605,8,105,False,CGPA 7.53 below cutoff 8.14; 1 backlogs exceeds max 0,Excluded
3606,8,106,False,CGPA 7.85 below cutoff 8.14,Excluded
3607,8,107,False,CGPA 6.79 below cutoff 8.14,Excluded
3608,8,108,False,CGPA 6.18 below cutoff 8.14; Branch IT not in allowed list,Excluded
3609,8,109,False,CGPA 7.37 below cutoff 8.14; Branch EEE not in allowed list,Excluded
3610,8,110,False,Branch MECH not in allowed list,Excluded
3611,8,111,False,Branch EEE not in allowed list,Excluded
3612,8,112,False,CGPA 6.84 below cutoff 8.14; Branch EEE not in allowed list,Excluded
3613,8,113,False,CGPA 7.96 below cutoff 8.14; Branch IT not in allowed list,Excluded
3614,8,114,False,CGPA 7.46 below cutoff 8.14,Excluded
3615,8,115,False,CGPA 7.32 below cutoff 8.14; Branch EEE not in allowed list,Excluded
3616,8,116,False,CGPA 7.9 below cutoff 8.14; Branch MECH not in allowed list; 2 backlogs exceeds max 0,Excluded
3617,8,117,False,CGPA 5.88 below cutoff 8.14; Branch EEE not in allowed list,Excluded
3618,8,118,False,CGPA 7.21 below cutoff 8.14,Excluded
3619,8,119,False,CGPA 7.21 below cutoff 8.14; Branch EEE not in allowed list; 1 backlogs exceeds max 0,Excluded
3620,8,120,False,CGPA 7.62 below cutoff 8.14; Branch CSE not in allowed list; 1 backlogs exceeds max 0,Excluded
3621,8,121,False,CGPA 5.81 below cutoff 8.14; Branch CSE not in allowed list; 2 backlogs exceeds max 0,Excluded
3622,8,122,False,CGPA 6.4 below cutoff 8.14; Branch IT not in allowed list,Excluded
3623,8,123,False,Branch IT not in allowed list,Excluded
3624,8,124,False,Branch MECH not in allowed list,Excluded
3625,8,125,True,Meets all eligibility criteria,Eligible
3626,8,126,False,Branch EEE not in allowed list,Excluded
3627,8,127,False,CGPA 6.39 below cutoff 8.14,Excluded
3628,8,128,False,Branch MECH not in allowed list; 1 backlogs exceeds max 0,Excluded
3629,8,129,False,CGPA 8.05 below cutoff 8.14; Branch MECH not in allowed list,Excluded
3630,8,130,False,CGPA 5.81 below cutoff 8.14; Branch CSE not in allowed list,Excluded
3631,8,131,False,CGPA 5.97 below cutoff 8.14; 3 backlogs exceeds max 0,Excluded
3632,8,132,False,CGPA 7.46 below cutoff 8.14; 1 backlogs exceeds max 0,Excluded
3633,8,133,False,Branch EEE not in allowed list; 1 backlogs exceeds max 0,Excluded
3634,8,134,False,Branch IT not in allowed list,Excluded
3635,8,135,False,CGPA 7.53 below cutoff 8.14; Branch MECH not in allowed list; 1 backlogs exceeds max 0,Excluded
3636,8,136,False,CGPA 7.01 below cutoff 8.14,Excluded
3637,8,137,False,CGPA 7.1 below cutoff 8.14,Excluded
3638,8,138,False,CGPA 6.74 below cutoff 8.14; Branch IT not in allowed list,Excluded
3639,8,139,False,CGPA 7.33 below cutoff 8.14; Branch IT not in allowed list,Excluded
3640,8,140,False,Branch CSE not in allowed list,Excluded
3641,8,141,False,CGPA 7.32 below cutoff 8.14,Excluded
3642,8,142,False,CGPA 7.99 below cutoff 8.14,Excluded
3643,8,143,True,Meets all eligibility criteria,Eligible
3644,8,144,False,CGPA 6.37 below cutoff 8.14; Branch MECH not in allowed list,Excluded
3645,8,145,False,CGPA 6.47 below cutoff 8.14,Excluded
3646,8,146,False,CGPA 7.86 below cutoff 8.14; Branch CSE not in allowed list,Excluded
3647,8,147,False,CGPA 7.12 below cutoff 8.14,Excluded
3648,8,148,False,CGPA 5.7 below cutoff 8.14,Excluded
3649,8,149,False,Branch CSE not in allowed list; 1 backlogs exceeds max 0,Excluded
3650,8,150,False,CGPA 7.61 below cutoff 8.14; Branch IT not in allowed list,Excluded
3651,8,151,False,Branch CSE not in allowed list,Excluded
3652,8,152,False,CGPA 8.1 below cutoff 8.14; Branch IT not in allowed list,Excluded
3653,8,153,False,Branch IT not in allowed list,Excluded
3654,8,154,False,CGPA 7.37 below cutoff 8.14; Branch MECH not in allowed list,Excluded
3655,8,155,False,CGPA 7.21 below cutoff 8.14; 2 backlogs exceeds max 0,Excluded
3656,8,156,False,CGPA 6.87 below cutoff 8.14; Branch MECH not in allowed list,Excluded
3657,8,157,True,Meets all eligibility criteria,Eligible
3658,8,158,False,CGPA 6.58 below cutoff 8.14; Branch IT not in allowed list,Excluded
3659,8,159,False,Branch CSE not in allowed list,Excluded
3660,8,160,False,CGPA 6.77 below cutoff 8.14; Branch CSE not in allowed list; 1 backlogs exceeds max 0,Excluded
3661,8,161,False,CGPA 6.69 below cutoff 8.14; Branch MECH not in allowed list; 1 backlogs exceeds max 0,Excluded
3662,8,162,False,CGPA 6.39 below cutoff 8.14; Branch IT not in allowed list,Excluded
3663,8,163,False,CGPA 6.7 below cutoff 8.14; Branch CSE not in allowed list,Excluded
3664,8,164,False,1 backlogs exceeds max 0,Excluded
3665,8,165,True,Meets all eligibility criteria,Eligible
3666,8,166,False,CGPA 7.47 below cutoff 8.14; Branch EEE not in allowed list,Excluded
3667,8,167,False,CGPA 6.63 below cutoff 8.14,Excluded
3668,8,168,False,CGPA 5.59 below cutoff 8.14; 1 backlogs exceeds max 0,Excluded
3669,8,169,True,Meets all eligibility criteria,Eligible
3670,8,170,False,CGPA 6.32 below cutoff 8.14,Excluded
3671,8,171,False,CGPA 7.62 below cutoff 8.14,Excluded
3672,8,172,False,CGPA 6.22 below cutoff 8.14; Branch EEE not in allowed list,Excluded
3673,8,173,False,CGPA 7.3 below cutoff 8.14; Branch CSE not in allowed list; 1 backlogs exceeds max 0,Excluded
3674,8,174,False,CGPA 6.64 below cutoff 8.14; Branch EEE not in allowed list,Excluded
3675,8,175,False,CGPA 5.51 below cutoff 8.14; Branch EEE not in allowed list; 1 backlogs exceeds max 0,Excluded
3676,8,176,False,CGPA 7.83 below cutoff 8.14; Branch EEE not in allowed list,Excluded
3677,8,177,False,CGPA 5.73 below cutoff 8.14; Branch IT not in allowed list,Excluded
3678,8,178,True,Meets all eligibility criteria,Eligible
3679,8,179,False,Branch CSE not in allowed list,Excluded
3680,8,180,False,CGPA 6.51 below cutoff 8.14; Branch CSE not in allowed list; 1 backlogs exceeds max 0,Excluded
3681,8,181,True,Meets all eligibility criteria,Eligible
3682,8,182,False,CGPA 6.73 below cutoff 8.14; Branch EEE not in allowed list; 1 backlogs exceeds max 0,Excluded
3683,8,183,False,CGPA 6.15 below cutoff 8.14; Branch MECH not in allowed list,Excluded
3684,8,184,False,CGPA 6.11 below cutoff 8.14; Branch EEE not in allowed list,Excluded
3685,8,185,False,CGPA 7.78 below cutoff 8.14; 1 backlogs exceeds max 0,Excluded
3686,8,186,False,Branch EEE not in allowed list; 3 backlogs exceeds max 0,Excluded
3687,8,187,False,CGPA 7.68 below cutoff 8.14; Branch MECH not in allowed list,Excluded
3688,8,188,False,CGPA 6.95 below cutoff 8.14,Excluded
3689,8,189,False,CGPA 6.55 below cutoff 8.14; Branch CSE not in allowed list; 1 backlogs exceeds max 0,Excluded
3690,8,190,False,Branch EEE not in allowed list; 1 backlogs exceeds max 0,Excluded
3691,8,191,False,Branch CSE not in allowed list,Excluded
3692,8,192,False,Branch EEE not in allowed list; 1 backlogs exceeds max 0,Excluded
3693,8,193,False,CGPA 7.56 below cutoff 8.14; Branch EEE not in allowed list; 1 backlogs exceeds max 0,Excluded
3694,8,194,False,CGPA 5.84 below cutoff 8.14; 1 backlogs exceeds max 0,Excluded
3695,8,195,False,CGPA 7.29 below cutoff 8.14,Excluded
3696,8,196,False,CGPA 7.21 below cutoff 8.14,Excluded
3697,8,197,False,CGPA 5.66 below cutoff 8.14,Excluded
3698,8,198,False,Branch EEE not in allowed list; 1 backlogs exceeds max 0,Excluded
3699,8,199,False,Branch IT not in allowed list,Excluded
3700,8,200,False,CGPA 5.63 below cutoff 8.14; Branch CSE not in allowed list,Excluded
3701,8,201,False,CGPA 7.44 below cutoff 8.14; Branch EEE not in allowed list,Excluded
3702,8,202,False,CGPA 6.31 below cutoff 8.14; Branch MECH not in allowed list,Excluded
3703,8,203,False,CGPA 6.58 below cutoff 8.14; Branch IT not in allowed list; 2 backlogs exceeds max 0,Excluded
3704,8,204,False,CGPA 6.64 below cutoff 8.14; Branch CSE not in allowed list,Excluded
3705,8,205,False,Branch EEE not in allowed list,Excluded
3706,8,206,False,CGPA 6.85 below cutoff 8.14; 3 backlogs exceeds max 0,Excluded
3707,8,207,False,CGPA 6.86 below cutoff 8.14; Branch EEE not in allowed list; 3 backlogs exceeds max 0,Excluded
3708,8,208,False,CGPA 8.07 below cutoff 8.14,Excluded
3709,8,209,False,Branch CSE not in allowed list,Excluded
3710,8,210,False,Branch MECH not in allowed list; 3 backlogs exceeds max 0,Excluded
3711,8,211,False,Branch IT not in allowed list,Excluded
3712,8,212,False,CGPA 6.49 below cutoff 8.14,Excluded
3713,8,213,False,Branch IT not in allowed list,Excluded
3714,8,214,False,Branch EEE not in allowed list,Excluded
3715,8,215,True,Meets all eligibility criteria,Eligible
3716,8,216,False,CGPA 6.29 below cutoff 8.14; Branch MECH not in allowed list,Excluded
3717,8,217,False,1 backlogs exceeds max 0,Excluded
3718,8,218,False,CGPA 6.83 below cutoff 8.14; Branch CSE not in allowed list; 1 backlogs exceeds max 0,Excluded
3719,8,219,False,CGPA 6.13 below cutoff 8.14; 3 backlogs exceeds max 0,Excluded
3720,8,220,False,CGPA 7.29 below cutoff 8.14; Branch MECH not in allowed list; 1 backlogs exceeds max 0,Excluded
3721,8,221,False,CGPA 7.28 below cutoff 8.14; Branch CSE not in allowed list,Excluded
3722,8,222,False,Branch EEE not in allowed list,Excluded
3723,8,223,False,CGPA 5.99 below cutoff 8.14; Branch CSE not in allowed list,Excluded
3724,8,224,False,CGPA 8.03 below cutoff 8.14; Branch IT not in allowed list; 2 backlogs exceeds max 0,Excluded
3725,8,225,False,2 backlogs exceeds max 0,Excluded
3726,8,226,False,CGPA 6.13 below cutoff 8.14; 2 backlogs exceeds max 0,Excluded
3727,8,227,False,CGPA 6.56 below cutoff 8.14; Branch EEE not in allowed list,Excluded
3728,8,228,False,Branch MECH not in allowed list,Excluded
3729,8,229,False,2 backlogs exceeds max 0,Excluded
3730,8,230,False,2 backlogs exceeds max 0,Excluded
3731,8,231,False,CGPA 6.48 below cutoff 8.14; Branch IT not in allowed list,Excluded
3732,8,232,True,Meets all eligibility criteria,Eligible
3733,8,233,False,CGPA 6.74 below cutoff 8.14; Branch EEE not in allowed list; 3 backlogs exceeds max 0,Excluded
3734,8,234,False,Branch CSE not in allowed list,Excluded
3735,8,235,False,CGPA 6.6 below cutoff 8.14; Branch MECH not in allowed list,Excluded
3736,8,236,False,Branch IT not in allowed list,Excluded
3737,8,237,False,CGPA 6.16 below cutoff 8.14; Branch CSE not in allowed list; 2 backlogs exceeds max 0,Excluded
3738,8,238,False,CGPA 6.15 below cutoff 8.14,Excluded
3739,8,239,True,Meets all eligibility criteria,Eligible
3740,8,240,False,CGPA 5.57 below cutoff 8.14; Branch IT not in allowed list,Excluded
3741,8,241,False,CGPA 6.01 below cutoff 8.14; Branch EEE not in allowed list,Excluded
3742,8,242,False,CGPA 5.99 below cutoff 8.14; Branch MECH not in allowed list,Excluded
3743,8,243,True,Meets all eligibility criteria,Eligible
3744,8,244,False,CGPA 5.64 below cutoff 8.14; Branch EEE not in allowed list; 3 backlogs exceeds max 0,Excluded
3745,8,245,False,CGPA 7.71 below cutoff 8.14; Branch CSE not in allowed list; 2 backlogs exceeds max 0,Excluded
3746,8,246,False,CGPA 6.17 below cutoff 8.14; Branch MECH not in allowed list,Excluded
3747,8,247,False,Branch MECH not in allowed list,Excluded
3748,8,248,False,CGPA 7.77 below cutoff 8.14,Excluded
3749,8,249,False,1 backlogs exceeds max 0,Excluded
3750,8,250,False,Branch EEE not in allowed list,Excluded
3751,8,251,False,CGPA 5.93 below cutoff 8.14,Excluded
3752,8,252,False,CGPA 6.19 below cutoff 8.14; Branch CSE not in allowed list; 2 backlogs exceeds max 0,Excluded
3753,8,253,False,CGPA 5.92 below cutoff 8.14,Excluded
3754,8,254,False,CGPA 8.0 below cutoff 8.14; Branch MECH not in allowed list,Excluded
3755,8,255,False,CGPA 6.05 below cutoff 8.14,Excluded
3756,8,256,False,Branch MECH not in allowed list; 3 backlogs exceeds max 0,Excluded
3757,8,257,False,CGPA 8.1 below cutoff 8.14,Excluded
3758,8,258,False,CGPA 5.99 below cutoff 8.14; 1 backlogs exceeds max 0,Excluded
3759,8,259,False,CGPA 8.08 below cutoff 8.14; Branch MECH not in allowed list; 1 backlogs exceeds max 0,Excluded
3760,8,260,True,Meets all eligibility criteria,Eligible
3761,8,261,False,CGPA 6.31 below cutoff 8.14; 1 backlogs exceeds max 0,Excluded
3762,8,262,False,CGPA 6.32 below cutoff 8.14,Excluded
3763,8,263,False,Branch CSE not in allowed list; 3 backlogs exceeds max 0,Excluded
3764,8,264,False,CGPA 7.19 below cutoff 8.14; Branch IT not in allowed list,Excluded
3765,8,265,False,CGPA 6.96 below cutoff 8.14; Branch MECH not in allowed list; 2 backlogs exceeds max 0,Excluded
3766,8,266,False,CGPA 6.2 below cutoff 8.14; Branch CSE not in allowed list; 1 backlogs exceeds max 0,Excluded
3767,8,267,False,CGPA 7.49 below cutoff 8.14; Branch MECH not in allowed list,Excluded
3768,8,268,False,CGPA 6.47 below cutoff 8.14,Excluded
3769,8,269,False,Branch MECH not in allowed list,Excluded
3770,8,270,False,CGPA 6.49 below cutoff 8.14; Branch CSE not in allowed list; 3 backlogs exceeds max 0,Excluded
3771,8,271,False,1 backlogs exceeds max 0,Excluded
3772,8,272,False,CGPA 5.53 below cutoff 8.14; Branch IT not in allowed list; 1 backlogs exceeds max 0,Excluded
3773,8,273,True,Meets all eligibility criteria,Eligible
3774,8,274,False,Branch CSE not in allowed list,Excluded
3775,8,275,False,Branch MECH not in allowed list,Excluded
3776,8,276,False,CGPA 7.38 below cutoff 8.14; Branch CSE not in allowed list,Excluded
3777,8,277,True,Meets all eligibility criteria,Eligible
3778,8,278,False,Branch MECH not in allowed list,Excluded
3779,8,279,False,CGPA 7.28 below cutoff 8.14,Excluded
3780,8,280,False,CGPA 6.26 below cutoff 8.14; Branch CSE not in allowed list,Excluded
3781,8,281,True,Meets all eligibility criteria,Eligible
3782,8,282,False,CGPA 6.56 below cutoff 8.14; Branch IT not in allowed list,Excluded
3783,8,283,False,Branch IT not in allowed list,Excluded
3784,8,284,False,Branch EEE not in allowed list; 1 backlogs exceeds max 0,Excluded
3785,8,285,False,CGPA 8.04 below cutoff 8.14; Branch MECH not in allowed list,Excluded
3786,8,286,False,Branch CSE not in allowed list,Excluded
3787,8,287,False,CGPA 6.86 below cutoff 8.14; Branch CSE not in allowed list,Excluded
3788,8,288,False,CGPA 6.9 below cutoff 8.14; Branch CSE not in allowed list,Excluded
3789,8,289,False,CGPA 5.85 below cutoff 8.14; Branch CSE not in allowed list; 1 backlogs exceeds max 0,Excluded
3790,8,290,False,CGPA 7.23 below cutoff 8.14,Excluded
3791,8,291,True,Meets all eligibility criteria,Eligible
3792,8,292,False,CGPA 6.18 below cutoff 8.14; Branch CSE not in allowed list,Excluded
3793,8,293,False,CGPA 5.88 below cutoff 8.14; Branch CSE not in allowed list,Excluded
3794,8,294,False,Branch MECH not in allowed list,Excluded
3795,8,295,True,Meets all eligibility criteria,Eligible
3796,8,296,False,Branch CSE not in allowed list,Excluded
3797,8,297,True,Meets all eligibility criteria,Eligible
3798,8,298,False,Branch CSE not in allowed list,Excluded
3799,8,299,True,Meets all eligibility criteria,Eligible
3800,8,300,False,CGPA 6.08 below cutoff 8.14; Branch CSE not in allowed list; 1 backlogs exceeds max 0,Excluded
3801,8,301,False,Branch IT not in allowed list,Excluded
3802,8,302,False,Branch MECH not in allowed list; 3 backlogs exceeds max 0,Excluded
3803,8,303,False,CGPA 7.41 below cutoff 8.14,Excluded
3804,8,304,False,CGPA 6.46 below cutoff 8.14; Branch EEE not in allowed list; 2 backlogs exceeds max 0,Excluded
3805,8,305,False,CGPA 6.12 below cutoff 8.14; Branch CSE not in allowed list,Excluded
3806,8,306,False,Branch CSE not in allowed list; 2 backlogs exceeds max 0,Excluded
3807,8,307,False,Branch EEE not in allowed list,Excluded
3808,8,308,False,Branch IT not in allowed list; 1 backlogs exceeds max 0,Excluded
3809,8,309,False,CGPA 7.35 below cutoff 8.14; Branch IT not in allowed list,Excluded
3810,8,310,False,Branch IT not in allowed list; 1 backlogs exceeds max 0,Excluded
3811,8,311,False,Branch IT not in allowed list; 1 backlogs exceeds max 0,Excluded
3812,8,312,False,CGPA 8.07 below cutoff 8.14,Excluded
3813,8,313,False,CGPA 7.38 below cutoff 8.14; Branch IT not in allowed list,Excluded
3814,8,314,False,CGPA 6.63 below cutoff 8.14,Excluded
3815,8,315,False,Branch CSE not in allowed list,Excluded
3816,8,316,False,CGPA 6.22 below cutoff 8.14; Branch MECH not in allowed list,Excluded
3817,8,317,False,CGPA 5.91 below cutoff 8.14; Branch EEE not in allowed list; 2 backlogs exceeds max 0,Excluded
3818,8,318,False,CGPA 7.37 below cutoff 8.14,Excluded
3819,8,319,False,CGPA 5.87 below cutoff 8.14,Excluded
3820,8,320,False,Branch IT not in allowed list; 1 backlogs exceeds max 0,Excluded
3821,8,321,False,Branch IT not in allowed list,Excluded
3822,8,322,False,Branch CSE not in allowed list; 2 backlogs exceeds max 0,Excluded
3823,8,323,False,CGPA 6.17 below cutoff 8.14; Branch MECH not in allowed list; 2 backlogs exceeds max 0,Excluded
3824,8,324,False,Branch CSE not in allowed list,Excluded
3825,8,325,False,Branch CSE not in allowed list,Excluded
3826,8,326,False,CGPA 7.75 below cutoff 8.14,Excluded
3827,8,327,False,Branch CSE not in allowed list,Excluded
3828,8,328,False,CGPA 8.07 below cutoff 8.14,Excluded
3829,8,329,False,CGPA 7.12 below cutoff 8.14; Branch MECH not in allowed list; 2 backlogs exceeds max 0,Excluded
3830,8,330,False,CGPA 7.78 below cutoff 8.14; Branch EEE not in allowed list,Excluded
3831,8,331,False,Branch CSE not in allowed list,Excluded
3832,8,332,False,CGPA 7.05 below cutoff 8.14; 1 backlogs exceeds max 0,Excluded
3833,8,333,False,Branch CSE not in allowed list,Excluded
3834,8,334,True,Meets all eligibility criteria,Eligible
3835,8,335,False,CGPA 7.65 below cutoff 8.14; Branch IT not in allowed list,Excluded
3836,8,336,False,Branch IT not in allowed list,Excluded
3837,8,337,True,Meets all eligibility criteria,Eligible
3838,8,338,False,Branch CSE not in allowed list,Excluded
3839,8,339,False,CGPA 7.11 below cutoff 8.14; 1 backlogs exceeds max 0,Excluded
3840,8,340,False,Branch EEE not in allowed list,Excluded
3841,8,341,False,Branch IT not in allowed list,Excluded
3842,8,342,False,CGPA 7.15 below cutoff 8.14; 1 backlogs exceeds max 0,Excluded
3843,8,343,False,CGPA 5.86 below cutoff 8.14; Branch IT not in allowed list,Excluded
3844,8,344,False,CGPA 5.96 below cutoff 8.14,Excluded
3845,8,345,False,Branch EEE not in allowed list,Excluded
3846,8,346,False,Branch MECH not in allowed list; 2 backlogs exceeds max 0,Excluded
3847,8,347,False,Branch CSE not in allowed list; 2 backlogs exceeds max 0,Excluded
3848,8,348,False,CGPA 7.13 below cutoff 8.14; 1 backlogs exceeds max 0,Excluded
3849,8,349,False,CGPA 6.14 below cutoff 8.14; Branch EEE not in allowed list,Excluded
3850,8,350,False,CGPA 6.56 below cutoff 8.14,Excluded
3851,8,351,False,CGPA 5.65 below cutoff 8.14; Branch EEE not in allowed list,Excluded
3852,8,352,False,Branch MECH not in allowed list,Excluded
3853,8,353,False,Branch CSE not in allowed list,Excluded
3854,8,354,False,CGPA 7.75 below cutoff 8.14; Branch MECH not in allowed list,Excluded
3855,8,355,False,CGPA 6.67 below cutoff 8.14; Branch MECH not in allowed list,Excluded
3856,8,356,False,Branch IT not in allowed list,Excluded
3857,8,357,False,Branch CSE not in allowed list,Excluded
3858,8,358,True,Meets all eligibility criteria,Eligible
3859,8,359,False,CGPA 6.81 below cutoff 8.14; Branch IT not in allowed list,Excluded
3860,8,360,True,Meets all eligibility criteria,Eligible
3861,8,361,False,Branch IT not in allowed list; 1 backlogs exceeds max 0,Excluded
3862,8,362,False,CGPA 7.99 below cutoff 8.14; Branch MECH not in allowed list,Excluded
3863,8,363,False,CGPA 5.89 below cutoff 8.14,Excluded
3864,8,364,False,CGPA 7.35 below cutoff 8.14; Branch MECH not in allowed list,Excluded
3865,8,365,False,CGPA 6.93 below cutoff 8.14; Branch EEE not in allowed list,Excluded
3866,8,366,False,CGPA 6.08 below cutoff 8.14; Branch MECH not in allowed list; 1 backlogs exceeds max 0,Excluded
3867,8,367,False,Branch MECH not in allowed list,Excluded
3868,8,368,False,CGPA 7.83 below cutoff 8.14; Branch IT not in allowed list,Excluded
3869,8,369,False,CGPA 6.51 below cutoff 8.14; Branch MECH not in allowed list; 2 backlogs exceeds max 0,Excluded
3870,8,370,False,CGPA 6.63 below cutoff 8.14; Branch MECH not in allowed list,Excluded
3871,8,371,False,CGPA 6.86 below cutoff 8.14; Branch MECH not in allowed list,Excluded
3872,8,372,True,Meets all eligibility criteria,Eligible
3873,8,373,False,Branch MECH not in allowed list; 1 backlogs exceeds max 0,Excluded
3874,8,374,False,CGPA 5.63 below cutoff 8.14,Excluded
3875,8,375,False,CGPA 6.45 below cutoff 8.14; Branch MECH not in allowed list,Excluded
3876,8,376,True,Meets all eligibility criteria,Eligible
3877,8,377,True,Meets all eligibility criteria,Eligible
3878,8,378,False,CGPA 5.77 below cutoff 8.14; Branch EEE not in allowed list,Excluded
3879,8,379,True,Meets all eligibility criteria,Flagged
3880,8,380,False,Branch IT not in allowed list; 3 backlogs exceeds max 0,Excluded
3881,8,381,False,CGPA 5.98 below cutoff 8.14; Branch CSE not in allowed list,Excluded
3882,8,382,False,CGPA 6.13 below cutoff 8.14; Branch EEE not in allowed list,Excluded
3883,8,383,False,2 backlogs exceeds max 0,Excluded
3884,8,384,False,CGPA 6.35 below cutoff 8.14; Branch MECH not in allowed list,Excluded
3885,8,385,False,CGPA 6.89 below cutoff 8.14; Branch EEE not in allowed list,Excluded
3886,8,386,False,CGPA 6.58 below cutoff 8.14; Branch CSE not in allowed list,Excluded
3887,8,387,False,1 backlogs exceeds max 0,Excluded
3888,8,388,False,CGPA 5.54 below cutoff 8.14; Branch IT not in allowed list,Excluded
3889,8,389,False,Branch EEE not in allowed list,Excluded
3890,8,390,False,CGPA 6.38 below cutoff 8.14; Branch CSE not in allowed list,Excluded
3891,8,391,False,Branch MECH not in allowed list,Excluded
3892,8,392,False,CGPA 6.08 below cutoff 8.14,Excluded
3893,8,393,False,CGPA 7.15 below cutoff 8.14; Branch MECH not in allowed list,Excluded
3894,8,394,False,CGPA 5.68 below cutoff 8.14,Excluded
3895,8,395,False,CGPA 7.84 below cutoff 8.14; Branch MECH not in allowed list,Excluded
3896,8,396,False,Branch MECH not in allowed list,Excluded
3897,8,397,False,Branch MECH not in allowed list,Excluded
3898,8,398,False,CGPA 8.03 below cutoff 8.14; Branch CSE not in allowed list,Excluded
3899,8,399,False,CGPA 5.99 below cutoff 8.14,Excluded
3900,8,400,True,Meets all eligibility criteria,Eligible
3901,8,401,True,Meets all eligibility criteria,Eligible
3902,8,402,False,CGPA 6.27 below cutoff 8.14; Branch MECH not in allowed list,Excluded
3903,8,403,True,Meets all eligibility criteria,Eligible
3904,8,404,False,CGPA 7.48 below cutoff 8.14; Branch EEE not in allowed list,Excluded
3905,8,405,False,CGPA 7.76 below cutoff 8.14; Branch EEE not in allowed list,Excluded
3906,8,406,False,Branch MECH not in allowed list,Excluded
3907,8,407,False,CGPA 7.65 below cutoff 8.14; Branch IT not in allowed list,Excluded
3908,8,408,False,CGPA 7.04 below cutoff 8.14,Excluded
3909,8,409,False,Branch IT not in allowed list,Excluded
3910,8,410,False,CGPA 6.84 below cutoff 8.14; 2 backlogs exceeds max 0,Excluded
3911,8,411,False,Branch EEE not in allowed list,Excluded
3912,8,412,False,1 backlogs exceeds max 0,Excluded
3913,8,413,False,CGPA 7.94 below cutoff 8.14; Branch EEE not in allowed list; 2 backlogs exceeds max 0,Excluded
3914,8,414,True,Meets all eligibility criteria,Eligible
3915,8,415,True,Meets all eligibility criteria,Eligible
3916,8,416,False,Branch MECH not in allowed list,Excluded
3917,8,417,False,CGPA 5.99 below cutoff 8.14; Branch IT not in allowed list; 1 backlogs exceeds max 0,Excluded
3918,8,418,False,Branch IT not in allowed list,Excluded
3919,8,419,False,CGPA 6.99 below cutoff 8.14,Excluded
3920,8,420,False,CGPA 7.98 below cutoff 8.14; Branch EEE not in allowed list; 2 backlogs exceeds max 0,Excluded
3921,8,421,False,Branch IT not in allowed list,Excluded
3922,8,422,False,Branch CSE not in allowed list; 2 backlogs exceeds max 0,Excluded
3923,8,423,False,CGPA 7.91 below cutoff 8.14; Branch CSE not in allowed list; 1 backlogs exceeds max 0,Excluded
3924,8,424,False,Branch CSE not in allowed list; 2 backlogs exceeds max 0,Excluded
3925,8,425,False,CGPA 6.34 below cutoff 8.14; 1 backlogs exceeds max 0,Excluded
3926,8,426,False,CGPA 8.06 below cutoff 8.14,Excluded
3927,8,427,False,Branch IT not in allowed list,Excluded
3928,8,428,False,CGPA 6.37 below cutoff 8.14; Branch IT not in allowed list,Excluded
3929,8,429,False,CGPA 6.66 below cutoff 8.14,Excluded
3930,8,430,False,CGPA 8.06 below cutoff 8.14; Branch IT not in allowed list; 1 backlogs exceeds max 0,Excluded
3931,8,431,False,Branch MECH not in allowed list; 1 backlogs exceeds max 0,Excluded
3932,8,432,False,Branch IT not in allowed list,Excluded
3933,8,433,False,CGPA 6.62 below cutoff 8.14; Branch IT not in allowed list,Excluded
3934,8,434,True,Meets all eligibility criteria,Eligible
3935,8,435,False,Branch CSE not in allowed list,Excluded
3936,8,436,False,CGPA 6.88 below cutoff 8.14; Branch MECH not in allowed list,Excluded
3937,8,437,True,Meets all eligibility criteria,Eligible
3938,8,438,False,CGPA 6.49 below cutoff 8.14; Branch IT not in allowed list,Excluded
3939,8,439,False,Branch MECH not in allowed list,Excluded
3940,8,440,False,Branch IT not in allowed list; 1 backlogs exceeds max 0,Excluded
3941,8,441,False,Branch EEE not in allowed list,Excluded
3942,8,442,False,CGPA 5.85 below cutoff 8.14; Branch CSE not in allowed list,Excluded
3943,8,443,False,CGPA 6.41 below cutoff 8.14; Branch IT not in allowed list,Excluded
3944,8,444,False,CGPA 7.49 below cutoff 8.14,Excluded
3945,8,445,False,Branch CSE not in allowed list,Excluded
3946,8,446,False,CGPA 7.37 below cutoff 8.14; Branch MECH not in allowed list,Excluded
3947,8,447,False,CGPA 6.89 below cutoff 8.14,Excluded
3948,8,448,False,CGPA 8.1 below cutoff 8.14,Excluded
3949,8,449,False,Branch CSE not in allowed list; 2 backlogs exceeds max 0,Excluded
3950,8,450,False,CGPA 7.34 below cutoff 8.14; 1 backlogs exceeds max 0,Excluded
3951,8,451,False,CGPA 7.39 below cutoff 8.14; Branch EEE not in allowed list; 3 backlogs exceeds max 0,Excluded
3952,8,452,True,Meets all eligibility criteria,Eligible
3953,8,453,False,CGPA 6.1 below cutoff 8.14; Branch CSE not in allowed list; 1 backlogs exceeds max 0,Excluded
3954,8,454,False,CGPA 7.27 below cutoff 8.14; Branch IT not in allowed list,Excluded
3955,8,455,True,Meets all eligibility criteria,Eligible
3956,8,456,False,CGPA 7.21 below cutoff 8.14; Branch EEE not in allowed list,Excluded
3957,8,457,False,CGPA 6.35 below cutoff 8.14; Branch CSE not in allowed list; 1 backlogs exceeds max 0,Excluded
3958,8,458,False,CGPA 7.39 below cutoff 8.14; Branch CSE not in allowed list; 1 backlogs exceeds max 0,Excluded
3959,8,459,False,CGPA 5.95 below cutoff 8.14; Branch MECH not in allowed list,Excluded
3960,8,460,False,CGPA 5.72 below cutoff 8.14; Branch EEE not in allowed list; 1 backlogs exceeds max 0,Excluded
3961,8,461,False,CGPA 6.48 below cutoff 8.14; Branch CSE not in allowed list; 1 backlogs exceeds max 0,Excluded
3962,8,462,False,CGPA 6.8 below cutoff 8.14; 1 backlogs exceeds max 0,Excluded
3963,8,463,True,Meets all eligibility criteria,Flagged
3964,8,464,False,CGPA 6.14 below cutoff 8.14; Branch IT not in allowed list,Excluded
3965,8,465,False,CGPA 5.77 below cutoff 8.14; 2 backlogs exceeds max 0,Excluded
3966,8,466,False,CGPA 7.42 below cutoff 8.14,Excluded
3967,8,467,False,Branch EEE not in allowed list,Excluded
3968,8,468,False,CGPA 7.19 below cutoff 8.14; Branch EEE not in allowed list; 1 backlogs exceeds max 0,Excluded
3969,8,469,False,CGPA 6.85 below cutoff 8.14; Branch EEE not in allowed list; 1 backlogs exceeds max 0,Excluded
3970,8,470,False,Branch IT not in allowed list,Excluded
3971,8,471,False,CGPA 6.42 below cutoff 8.14; Branch EEE not in allowed list,Excluded
3972,8,472,True,Meets all eligibility criteria,Eligible
3973,8,473,False,Branch IT not in allowed list; 1 backlogs exceeds max 0,Excluded
3974,8,474,False,CGPA 8.01 below cutoff 8.14,Excluded
3975,8,475,False,CGPA 5.57 below cutoff 8.14; 2 backlogs exceeds max 0,Excluded
3976,8,476,False,2 backlogs exceeds max 0,Excluded
3977,8,477,False,CGPA 7.28 below cutoff 8.14,Excluded
3978,8,478,False,CGPA 7.9 below cutoff 8.14,Excluded
3979,8,479,False,CGPA 7.74 below cutoff 8.14,Excluded
3980,8,480,False,CGPA 6.94 below cutoff 8.14,Excluded
3981,8,481,False,Branch CSE not in allowed list; 1 backlogs exceeds max 0,Excluded
3982,8,482,False,CGPA 8.13 below cutoff 8.14; 1 backlogs exceeds max 0,Excluded
3983,8,483,False,CGPA 6.54 below cutoff 8.14; Branch IT not in allowed list,Excluded
3984,8,484,False,Branch EEE not in allowed list,Excluded
3985,8,485,False,CGPA 7.71 below cutoff 8.14,Excluded
3986,8,486,False,CGPA 7.96 below cutoff 8.14; Branch MECH not in allowed list,Excluded
3987,8,487,False,CGPA 7.86 below cutoff 8.14; Branch CSE not in allowed list; 1 backlogs exceeds max 0,Excluded
3988,8,488,False,CGPA 5.53 below cutoff 8.14,Excluded
3989,8,489,False,CGPA 6.18 below cutoff 8.14; Branch EEE not in allowed list,Excluded
3990,8,490,False,Branch EEE not in allowed list; 2 backlogs exceeds max 0,Excluded
3991,8,491,False,CGPA 5.53 below cutoff 8.14; Branch CSE not in allowed list,Excluded
3992,8,492,False,CGPA 6.74 below cutoff 8.14; Branch CSE not in allowed list; 3 backlogs exceeds max 0,Excluded
3993,8,493,False,Branch IT not in allowed list; 1 backlogs exceeds max 0,Excluded
3994,8,494,False,CGPA 7.86 below cutoff 8.14; Branch MECH not in allowed list,Excluded
3995,8,495,False,CGPA 7.09 below cutoff 8.14; Branch CSE not in allowed list; 1 backlogs exceeds max 0,Excluded
3996,8,496,False,CGPA 7.57 below cutoff 8.14,Excluded
3997,8,497,True,Meets all eligibility criteria,Eligible
3998,8,498,False,CGPA 7.21 below cutoff 8.14; Branch CSE not in allowed list,Excluded
3999,8,499,False,CGPA 6.27 below cutoff 8.14; Branch EEE not in allowed list,Excluded
4000,8,500,False,CGPA 8.05 below cutoff 8.14; Branch CSE not in allowed list; 1 backlogs exceeds max 0,Excluded
4001,9,1,False,Branch ECE not in allowed list,Excluded
4002,9,2,True,Meets all eligibility criteria,Eligible
4003,9,3,False,CGPA 5.64 below cutoff 6.48; Branch IT not in allowed list,Excluded
4004,9,4,False,Branch CIVIL not in allowed list,Excluded
4005,9,5,True,Meets all eligibility criteria,Eligible
4006,9,6,False,Branch ECE not in allowed list; Has a prior offer; drive excludes already-placed students,Excluded
4007,9,7,False,CGPA 5.94 below cutoff 6.48,Excluded
4008,9,8,False,Branch EEE not in allowed list,Excluded
4009,9,9,False,Branch ECE not in allowed list,Excluded
4010,9,10,False,CGPA 5.81 below cutoff 6.48; Branch ECE not in allowed list,Excluded
4011,9,11,False,Branch EEE not in allowed list,Excluded
4012,9,12,False,CGPA 6.23 below cutoff 6.48; Branch CIVIL not in allowed list,Excluded
4013,9,13,False,Branch CIVIL not in allowed list,Excluded
4014,9,14,False,Branch ECE not in allowed list,Excluded
4015,9,15,True,Meets all eligibility criteria,Flagged
4016,9,16,True,Meets all eligibility criteria,Eligible
4017,9,17,False,Branch IT not in allowed list,Excluded
4018,9,18,False,Branch IT not in allowed list,Excluded
4019,9,19,False,Branch CIVIL not in allowed list,Excluded
4020,9,20,False,Branch IT not in allowed list,Excluded
4021,9,21,False,Branch IT not in allowed list,Excluded
4022,9,22,False,Branch EEE not in allowed list,Excluded
4023,9,23,True,Meets all eligibility criteria,Eligible
4024,9,24,False,CGPA 6.02 below cutoff 6.48; Branch ECE not in allowed list; 2 backlogs exceeds max 1,Excluded
4025,9,25,True,Meets all eligibility criteria,Eligible
4026,9,26,False,Branch IT not in allowed list,Excluded
4027,9,27,False,Branch CIVIL not in allowed list,Excluded
4028,9,28,False,CGPA 6.19 below cutoff 6.48,Excluded
4029,9,29,True,Meets all eligibility criteria,Eligible
4030,9,30,True,Meets all eligibility criteria,Eligible
4031,9,31,False,Branch EEE not in allowed list,Excluded
4032,9,32,False,Branch CIVIL not in allowed list,Excluded
4033,9,33,False,CGPA 6.24 below cutoff 6.48,Excluded
4034,9,34,False,Branch CIVIL not in allowed list,Excluded
4035,9,35,False,Branch ECE not in allowed list,Excluded
4036,9,36,False,Has a prior offer; drive excludes already-placed students,Excluded
4037,9,37,True,Meets all eligibility criteria,Eligible
4038,9,38,False,CGPA 5.76 below cutoff 6.48; Has a prior offer; drive excludes already-placed students,Excluded
4039,9,39,False,Branch IT not in allowed list,Excluded
4040,9,40,False,Branch EEE not in allowed list,Excluded
4041,9,41,True,Meets all eligibility criteria,Eligible
4042,9,42,False,Branch CIVIL not in allowed list,Excluded
4043,9,43,False,Branch EEE not in allowed list,Excluded
4044,9,44,False,Branch IT not in allowed list,Excluded
4045,9,45,False,Branch IT not in allowed list,Excluded
4046,9,46,True,Meets all eligibility criteria,Eligible
4047,9,47,False,Branch IT not in allowed list; 3 backlogs exceeds max 1,Excluded
4048,9,48,True,Meets all eligibility criteria,Eligible
4049,9,49,False,Branch EEE not in allowed list,Excluded
4050,9,50,False,3 backlogs exceeds max 1,Excluded
4051,9,51,False,CGPA 6.2 below cutoff 6.48,Excluded
4052,9,52,False,CGPA 5.77 below cutoff 6.48,Excluded
4053,9,53,False,Has a prior offer; drive excludes already-placed students,Excluded
4054,9,54,False,CGPA 6.34 below cutoff 6.48; Branch CIVIL not in allowed list,Excluded
4055,9,55,False,Has a prior offer; drive excludes already-placed students,Excluded
4056,9,56,False,CGPA 5.87 below cutoff 6.48,Excluded
4057,9,57,False,Branch ECE not in allowed list,Excluded
4058,9,58,False,CGPA 6.09 below cutoff 6.48; Branch EEE not in allowed list,Excluded
4059,9,59,True,Meets all eligibility criteria,Eligible
4060,9,60,False,CGPA 5.83 below cutoff 6.48; Branch ECE not in allowed list,Excluded
4061,9,61,False,Branch ECE not in allowed list,Excluded
4062,9,62,True,Meets all eligibility criteria,Eligible
4063,9,63,False,Branch CIVIL not in allowed list,Excluded
4064,9,64,False,CGPA 6.1 below cutoff 6.48,Excluded
4065,9,65,False,Branch CIVIL not in allowed list,Excluded
4066,9,66,False,Branch EEE not in allowed list,Excluded
4067,9,67,False,Branch EEE not in allowed list; Has a prior offer; drive excludes already-placed students,Excluded
4068,9,68,False,Branch ECE not in allowed list,Excluded
4069,9,69,False,Has a prior offer; drive excludes already-placed students,Excluded
4070,9,70,False,2 backlogs exceeds max 1,Excluded
4071,9,71,False,Branch IT not in allowed list,Excluded
4072,9,72,True,Meets all eligibility criteria,Eligible
4073,9,73,True,Meets all eligibility criteria,Flagged
4074,9,74,False,Branch IT not in allowed list; 2 backlogs exceeds max 1,Excluded
4075,9,75,False,2 backlogs exceeds max 1,Excluded
4076,9,76,False,Branch CIVIL not in allowed list; 2 backlogs exceeds max 1,Excluded
4077,9,77,True,Meets all eligibility criteria,Eligible
4078,9,78,False,Branch EEE not in allowed list,Excluded
4079,9,79,True,Meets all eligibility criteria,Eligible
4080,9,80,False,Branch ECE not in allowed list,Excluded
4081,9,81,False,3 backlogs exceeds max 1,Excluded
4082,9,82,False,CGPA 6.02 below cutoff 6.48; Branch IT not in allowed list; 3 backlogs exceeds max 1,Excluded
4083,9,83,False,Branch EEE not in allowed list,Excluded
4084,9,84,True,Meets all eligibility criteria,Eligible
4085,9,85,False,Branch CIVIL not in allowed list; Has a prior offer; drive excludes already-placed students,Excluded
4086,9,86,False,Branch CIVIL not in allowed list,Excluded
4087,9,87,False,CGPA 6.39 below cutoff 6.48; Branch CIVIL not in allowed list,Excluded
4088,9,88,False,Branch ECE not in allowed list,Excluded
4089,9,89,False,Branch ECE not in allowed list,Excluded
4090,9,90,False,Branch CIVIL not in allowed list; 2 backlogs exceeds max 1,Excluded
4091,9,91,True,Meets all eligibility criteria,Eligible
4092,9,92,False,CGPA 6.45 below cutoff 6.48,Excluded
4093,9,93,True,Meets all eligibility criteria,Eligible
4094,9,94,False,Branch CIVIL not in allowed list,Excluded
4095,9,95,True,Meets all eligibility criteria,Eligible
4096,9,96,True,Meets all eligibility criteria,Flagged
4097,9,97,True,Meets all eligibility criteria,Eligible
4098,9,98,False,Branch CIVIL not in allowed list,Excluded
4099,9,99,True,Meets all eligibility criteria,Flagged
4100,9,100,False,Branch CIVIL not in allowed list,Excluded
4101,9,101,False,2 backlogs exceeds max 1,Excluded
4102,9,102,True,Meets all eligibility criteria,Eligible
4103,9,103,False,Branch CIVIL not in allowed list,Excluded
4104,9,104,False,Branch IT not in allowed list,Excluded
4105,9,105,False,Branch CIVIL not in allowed list,Excluded
4106,9,106,False,Branch ECE not in allowed list; Has a prior offer; drive excludes already-placed students,Excluded
4107,9,107,False,Branch ECE not in allowed list; Has a prior offer; drive excludes already-placed students,Excluded
4108,9,108,False,CGPA 6.18 below cutoff 6.48; Branch IT not in allowed list,Excluded
4109,9,109,False,Branch EEE not in allowed list; Has a prior offer; drive excludes already-placed students,Excluded
4110,9,110,False,Has a prior offer; drive excludes already-placed students,Excluded
4111,9,111,False,Branch EEE not in allowed list,Excluded
4112,9,112,False,Branch EEE not in allowed list,Excluded
4113,9,113,False,Branch IT not in allowed list,Excluded
4114,9,114,False,Branch ECE not in allowed list,Excluded
4115,9,115,False,Branch EEE not in allowed list,Excluded
4116,9,116,False,2 backlogs exceeds max 1,Excluded
4117,9,117,False,CGPA 5.88 below cutoff 6.48; Branch EEE not in allowed list; Has a prior offer; drive excludes already-placed students,Excluded
4118,9,118,False,Branch ECE not in allowed list,Excluded
4119,9,119,False,Branch EEE not in allowed list,Excluded
4120,9,120,True,Meets all eligibility criteria,Eligible
4121,9,121,False,CGPA 5.81 below cutoff 6.48; 2 backlogs exceeds max 1,Excluded
4122,9,122,False,CGPA 6.4 below cutoff 6.48; Branch IT not in allowed list,Excluded
4123,9,123,False,Branch IT not in allowed list,Excluded
4124,9,124,True,Meets all eligibility criteria,Eligible
4125,9,125,False,Branch ECE not in allowed list,Excluded
4126,9,126,False,Branch EEE not in allowed list,Excluded
4127,9,127,False,CGPA 6.39 below cutoff 6.48; Branch CIVIL not in allowed list; Has a prior offer; drive excludes already-placed students,Excluded
4128,9,128,True,Meets all eligibility criteria,Eligible
4129,9,129,True,Meets all eligibility criteria,Eligible
4130,9,130,False,CGPA 5.81 below cutoff 6.48,Excluded
4131,9,131,False,CGPA 5.97 below cutoff 6.48; Branch CIVIL not in allowed list; 3 backlogs exceeds max 1,Excluded
4132,9,132,False,Branch CIVIL not in allowed list,Excluded
4133,9,133,False,Branch EEE not in allowed list,Excluded
4134,9,134,False,Branch IT not in allowed list,Excluded
4135,9,135,True,Meets all eligibility criteria,Eligible
4136,9,136,False,Branch ECE not in allowed list,Excluded
4137,9,137,False,Branch ECE not in allowed list,Excluded
4138,9,138,False,Branch IT not in allowed list,Excluded
4139,9,139,False,Branch IT not in allowed list,Excluded
4140,9,140,True,Meets all eligibility criteria,Eligible
4141,9,141,False,Branch CIVIL not in allowed list,Excluded
4142,9,142,False,Branch CIVIL not in allowed list,Excluded
4143,9,143,False,Branch ECE not in allowed list,Excluded
4144,9,144,False,CGPA 6.37 below cutoff 6.48,Excluded
4145,9,145,False,CGPA 6.47 below cutoff 6.48; Branch CIVIL not in allowed list,Excluded
4146,9,146,True,Meets all eligibility criteria,Eligible
4147,9,147,False,Branch CIVIL not in allowed list,Excluded
4148,9,148,False,CGPA 5.7 below cutoff 6.48; Branch ECE not in allowed list,Excluded
4149,9,149,True,Meets all eligibility criteria,Eligible
4150,9,150,False,Branch IT not in allowed list,Excluded
4151,9,151,True,Meets all eligibility criteria,Eligible
4152,9,152,False,Branch IT not in allowed list,Excluded
4153,9,153,False,Branch IT not in allowed list,Excluded
4154,9,154,True,Meets all eligibility criteria,Eligible
4155,9,155,False,Branch ECE not in allowed list; 2 backlogs exceeds max 1,Excluded
4156,9,156,False,Has a prior offer; drive excludes already-placed students,Excluded
4157,9,157,False,Branch ECE not in allowed list; Has a prior offer; drive excludes already-placed students,Excluded
4158,9,158,False,Branch IT not in allowed list,Excluded
4159,9,159,True,Meets all eligibility criteria,Eligible
4160,9,160,True,Meets all eligibility criteria,Eligible
4161,9,161,True,Meets all eligibility criteria,Eligible
4162,9,162,False,CGPA 6.39 below cutoff 6.48; Branch IT not in allowed list,Excluded
4163,9,163,True,Meets all eligibility criteria,Eligible
4164,9,164,False,Branch ECE not in allowed list,Excluded
4165,9,165,False,Branch ECE not in allowed list,Excluded
4166,9,166,False,Branch EEE not in allowed list,Excluded
4167,9,167,False,Branch CIVIL not in allowed list,Excluded
4168,9,168,False,CGPA 5.59 below cutoff 6.48; Branch ECE not in allowed list; Has a prior offer; drive excludes already-placed students,Excluded
4169,9,169,False,Branch CIVIL not in allowed list,Excluded
4170,9,170,False,CGPA 6.32 below cutoff 6.48; Branch CIVIL not in allowed list,Excluded
4171,9,171,False,Branch ECE not in allowed list; Has a prior offer; drive excludes already-placed students,Excluded
4172,9,172,False,CGPA 6.22 below cutoff 6.48; Branch EEE not in allowed list,Excluded
4173,9,173,False,Has a prior offer; drive excludes already-placed students,Excluded
4174,9,174,False,Branch EEE not in allowed list,Excluded
4175,9,175,False,CGPA 5.51 below cutoff 6.48; Branch EEE not in allowed list; Has a prior offer; drive excludes already-placed students,Excluded
4176,9,176,False,Branch EEE not in allowed list,Excluded
4177,9,177,False,CGPA 5.73 below cutoff 6.48; Branch IT not in allowed list,Excluded
4178,9,178,False,Branch CIVIL not in allowed list,Excluded
4179,9,179,True,Meets all eligibility criteria,Eligible
4180,9,180,True,Meets all eligibility criteria,Flagged
4181,9,181,False,Branch CIVIL not in allowed list,Excluded
4182,9,182,False,Branch EEE not in allowed list,Excluded
4183,9,183,False,CGPA 6.15 below cutoff 6.48,Excluded
4184,9,184,False,CGPA 6.11 below cutoff 6.48; Branch EEE not in allowed list,Excluded
4185,9,185,False,Branch ECE not in allowed list,Excluded
4186,9,186,False,Branch EEE not in allowed list; 3 backlogs exceeds max 1,Excluded
4187,9,187,True,Meets all eligibility criteria,Eligible
4188,9,188,False,Branch CIVIL not in allowed list,Excluded
4189,9,189,True,Meets all eligibility criteria,Flagged
4190,9,190,False,Branch EEE not in allowed list,Excluded
4191,9,191,True,Meets all eligibility criteria,Eligible
4192,9,192,False,Branch EEE not in allowed list,Excluded
4193,9,193,False,Branch EEE not in allowed list,Excluded
4194,9,194,False,CGPA 5.84 below cutoff 6.48; Branch ECE not in allowed list,Excluded
4195,9,195,False,Branch ECE not in allowed list,Excluded
4196,9,196,False,Branch CIVIL not in allowed list,Excluded
4197,9,197,False,CGPA 5.66 below cutoff 6.48; Branch CIVIL not in allowed list,Excluded
4198,9,198,False,Branch EEE not in allowed list,Excluded
4199,9,199,False,Branch IT not in allowed list,Excluded
4200,9,200,False,CGPA 5.63 below cutoff 6.48,Excluded
4201,9,201,False,Branch EEE not in allowed list,Excluded
4202,9,202,False,CGPA 6.31 below cutoff 6.48,Excluded
4203,9,203,False,Branch IT not in allowed list; 2 backlogs exceeds max 1,Excluded
4204,9,204,True,Meets all eligibility criteria,Eligible
4205,9,205,False,Branch EEE not in allowed list,Excluded
4206,9,206,False,Branch CIVIL not in allowed list; 3 backlogs exceeds max 1,Excluded
4207,9,207,False,Branch EEE not in allowed list; 3 backlogs exceeds max 1,Excluded
4208,9,208,False,Branch CIVIL not in allowed list; Has a prior offer; drive excludes already-placed students,Excluded
4209,9,209,True,Meets all eligibility criteria,Eligible
4210,9,210,False,3 backlogs exceeds max 1,Excluded
4211,9,211,False,Branch IT not in allowed list,Excluded
4212,9,212,False,Branch ECE not in allowed list,Excluded
4213,9,213,False,Branch IT not in allowed list; Has a prior offer; drive excludes already-placed students,Excluded
4214,9,214,False,Branch EEE not in allowed list,Excluded
4215,9,215,False,Branch ECE not in allowed list,Excluded
4216,9,216,False,CGPA 6.29 below cutoff 6.48,Excluded
4217,9,217,False,Branch ECE not in allowed list,Excluded
4218,9,218,True,Meets all eligibility criteria,Eligible
4219,9,219,False,CGPA 6.13 below cutoff 6.48; Branch CIVIL not in allowed list; 3 backlogs exceeds max 1,Excluded
4220,9,220,False,Has a prior offer; drive excludes already-placed students,Excluded
4221,9,221,True,Meets all eligibility criteria,Eligible
4222,9,222,False,Branch EEE not in allowed list,Excluded
4223,9,223,False,CGPA 5.99 below cutoff 6.48,Excluded
4224,9,224,False,Branch IT not in allowed list; 2 backlogs exceeds max 1; Has a prior offer; drive excludes already-placed students,Excluded
4225,9,225,False,Branch ECE not in allowed list; 2 backlogs exceeds max 1,Excluded
4226,9,226,False,CGPA 6.13 below cutoff 6.48; Branch ECE not in allowed list; 2 backlogs exceeds max 1; Has a prior offer; drive excludes already-placed students,Excluded
4227,9,227,False,Branch EEE not in allowed list,Excluded
4228,9,228,True,Meets all eligibility criteria,Eligible
4229,9,229,False,Branch CIVIL not in allowed list; 2 backlogs exceeds max 1,Excluded
4230,9,230,False,Branch ECE not in allowed list; 2 backlogs exceeds max 1,Excluded
4231,9,231,False,Branch IT not in allowed list; Has a prior offer; drive excludes already-placed students,Excluded
4232,9,232,False,Branch CIVIL not in allowed list; Has a prior offer; drive excludes already-placed students,Excluded
4233,9,233,False,Branch EEE not in allowed list; 3 backlogs exceeds max 1,Excluded
4234,9,234,True,Meets all eligibility criteria,Eligible
4235,9,235,False,Has a prior offer; drive excludes already-placed students,Excluded
4236,9,236,False,Branch IT not in allowed list,Excluded
4237,9,237,False,CGPA 6.16 below cutoff 6.48; 2 backlogs exceeds max 1,Excluded
4238,9,238,False,CGPA 6.15 below cutoff 6.48; Branch ECE not in allowed list; Has a prior offer; drive excludes already-placed students,Excluded
4239,9,239,False,Branch ECE not in allowed list,Excluded
4240,9,240,False,CGPA 5.57 below cutoff 6.48; Branch IT not in allowed list,Excluded
4241,9,241,False,CGPA 6.01 below cutoff 6.48; Branch EEE not in allowed list,Excluded
4242,9,242,False,CGPA 5.99 below cutoff 6.48,Excluded
4243,9,243,False,Branch ECE not in allowed list,Excluded
4244,9,244,False,CGPA 5.64 below cutoff 6.48; Branch EEE not in allowed list; 3 backlogs exceeds max 1,Excluded
4245,9,245,False,2 backlogs exceeds max 1,Excluded
4246,9,246,False,CGPA 6.17 below cutoff 6.48,Excluded
4247,9,247,True,Meets all eligibility criteria,Eligible
4248,9,248,False,Branch CIVIL not in allowed list,Excluded
4249,9,249,False,Branch CIVIL not in allowed list,Excluded
4250,9,250,False,Branch EEE not in allowed list,Excluded
4251,9,251,False,CGPA 5.93 below cutoff 6.48; Branch CIVIL not in allowed list,Excluded
4252,9,252,False,CGPA 6.19 below cutoff 6.48; 2 backlogs exceeds max 1,Excluded
4253,9,253,False,CGPA 5.92 below cutoff 6.48; Branch CIVIL not in allowed list,Excluded
4254,9,254,True,Meets all eligibility criteria,Eligible
4255,9,255,False,CGPA 6.05 below cutoff 6.48; Branch CIVIL not in allowed list,Excluded
4256,9,256,False,3 backlogs exceeds max 1,Excluded
4257,9,257,False,Branch CIVIL not in allowed list,Excluded
4258,9,258,False,CGPA 5.99 below cutoff 6.48; Branch ECE not in allowed list,Excluded
4259,9,259,True,Meets all eligibility criteria,Eligible
4260,9,260,False,Branch CIVIL not in allowed list,Excluded
4261,9,261,False,CGPA 6.31 below cutoff 6.48; Branch ECE not in allowed list,Excluded
4262,9,262,False,CGPA 6.32 below cutoff 6.48; Branch CIVIL not in allowed list; Has a prior offer; drive excludes already-placed students,Excluded
4263,9,263,False,3 backlogs exceeds max 1,Excluded
4264,9,264,False,Branch IT not in allowed list,Excluded
4265,9,265,False,2 backlogs exceeds max 1,Excluded
4266,9,266,False,CGPA 6.2 below cutoff 6.48; Has a prior offer; drive excludes already-placed students,Excluded
4267,9,267,True,Meets all eligibility criteria,Eligible
4268,9,268,False,CGPA 6.47 below cutoff 6.48; Branch ECE not in allowed list; Has a prior offer; drive excludes already-placed students,Excluded
4269,9,269,True,Meets all eligibility criteria,Eligible
4270,9,270,False,3 backlogs exceeds max 1,Excluded
4271,9,271,False,Branch ECE not in allowed list,Excluded
4272,9,272,False,CGPA 5.53 below cutoff 6.48; Branch IT not in allowed list,Excluded
4273,9,273,False,Branch CIVIL not in allowed list; Has a prior offer; drive excludes already-placed students,Excluded
4274,9,274,True,Meets all eligibility criteria,Eligible
4275,9,275,True,Meets all eligibility criteria,Eligible
4276,9,276,True,Meets all eligibility criteria,Eligible
4277,9,277,False,Branch CIVIL not in allowed list; Has a prior offer; drive excludes already-placed students,Excluded
4278,9,278,True,Meets all eligibility criteria,Eligible
4279,9,279,False,Branch ECE not in allowed list,Excluded
4280,9,280,False,CGPA 6.26 below cutoff 6.48,Excluded
4281,9,281,False,Branch CIVIL not in allowed list,Excluded
4282,9,282,False,Branch IT not in allowed list,Excluded
4283,9,283,False,Branch IT not in allowed list,Excluded
4284,9,284,False,Branch EEE not in allowed list,Excluded
4285,9,285,True,Meets all eligibility criteria,Eligible
4286,9,286,True,Meets all eligibility criteria,Eligible
4287,9,287,True,Meets all eligibility criteria,Eligible
4288,9,288,True,Meets all eligibility criteria,Eligible
4289,9,289,False,CGPA 5.85 below cutoff 6.48,Excluded
4290,9,290,False,Branch CIVIL not in allowed list,Excluded
4291,9,291,False,Branch ECE not in allowed list,Excluded
4292,9,292,False,CGPA 6.18 below cutoff 6.48,Excluded
4293,9,293,False,CGPA 5.88 below cutoff 6.48,Excluded
4294,9,294,True,Meets all eligibility criteria,Eligible
4295,9,295,False,Branch ECE not in allowed list,Excluded
4296,9,296,False,Has a prior offer; drive excludes already-placed students,Excluded
4297,9,297,False,Branch CIVIL not in allowed list,Excluded
4298,9,298,True,Meets all eligibility criteria,Eligible
4299,9,299,False,Branch CIVIL not in allowed list,Excluded
4300,9,300,False,CGPA 6.08 below cutoff 6.48,Excluded
4301,9,301,False,Branch IT not in allowed list,Excluded
4302,9,302,False,3 backlogs exceeds max 1,Excluded
4303,9,303,False,Branch ECE not in allowed list,Excluded
4304,9,304,False,CGPA 6.46 below cutoff 6.48; Branch EEE not in allowed list; 2 backlogs exceeds max 1,Excluded
4305,9,305,False,CGPA 6.12 below cutoff 6.48,Excluded
4306,9,306,False,2 backlogs exceeds max 1,Excluded
4307,9,307,False,Branch EEE not in allowed list,Excluded
4308,9,308,False,Branch IT not in allowed list,Excluded
4309,9,309,False,Branch IT not in allowed list,Excluded
4310,9,310,False,Branch IT not in allowed list,Excluded
4311,9,311,False,Branch IT not in allowed list,Excluded
4312,9,312,False,Branch ECE not in allowed list,Excluded
4313,9,313,False,Branch IT not in allowed list,Excluded
4314,9,314,False,Branch ECE not in allowed list,Excluded
4315,9,315,False,Has a prior offer; drive excludes already-placed students,Excluded
4316,9,316,False,CGPA 6.22 below cutoff 6.48,Excluded
4317,9,317,False,CGPA 5.91 below cutoff 6.48; Branch EEE not in allowed list; 2 backlogs exceeds max 1,Excluded
4318,9,318,False,Branch ECE not in allowed list,Excluded
4319,9,319,False,CGPA 5.87 below cutoff 6.48; Branch ECE not in allowed list,Excluded
4320,9,320,False,Branch IT not in allowed list,Excluded
4321,9,321,False,Branch IT not in allowed list,Excluded
4322,9,322,False,2 backlogs exceeds max 1,Excluded
4323,9,323,False,CGPA 6.17 below cutoff 6.48; 2 backlogs exceeds max 1,Excluded
4324,9,324,True,Meets all eligibility criteria,Eligible
4325,9,325,True,Meets all eligibility criteria,Eligible
4326,9,326,False,Branch CIVIL not in allowed list,Excluded
4327,9,327,True,Meets all eligibility criteria,Eligible
4328,9,328,False,Branch CIVIL not in allowed list,Excluded
4329,9,329,False,2 backlogs exceeds max 1,Excluded
4330,9,330,False,Branch EEE not in allowed list,Excluded
4331,9,331,True,Meets all eligibility criteria,Eligible
4332,9,332,False,Branch CIVIL not in allowed list,Excluded
4333,9,333,True,Meets all eligibility criteria,Eligible
4334,9,334,False,Branch CIVIL not in allowed list,Excluded
4335,9,335,False,Branch IT not in allowed list,Excluded
4336,9,336,False,Branch IT not in allowed list,Excluded
4337,9,337,False,Branch ECE not in allowed list,Excluded
4338,9,338,True,Meets all eligibility criteria,Eligible
4339,9,339,False,Branch CIVIL not in allowed list,Excluded
4340,9,340,False,Branch EEE not in allowed list,Excluded
4341,9,341,False,Branch IT not in allowed list,Excluded
4342,9,342,False,Branch ECE not in allowed list,Excluded
4343,9,343,False,CGPA 5.86 below cutoff 6.48; Branch IT not in allowed list,Excluded
4344,9,344,False,CGPA 5.96 below cutoff 6.48; Branch ECE not in allowed list,Excluded
4345,9,345,False,Branch EEE not in allowed list,Excluded
4346,9,346,False,2 backlogs exceeds max 1,Excluded
4347,9,347,False,2 backlogs exceeds max 1,Excluded
4348,9,348,False,Branch CIVIL not in allowed list,Excluded
4349,9,349,False,CGPA 6.14 below cutoff 6.48; Branch EEE not in allowed list,Excluded
4350,9,350,False,Branch ECE not in allowed list,Excluded
4351,9,351,False,CGPA 5.65 below cutoff 6.48; Branch EEE not in allowed list,Excluded
4352,9,352,True,Meets all eligibility criteria,Eligible
4353,9,353,True,Meets all eligibility criteria,Eligible
4354,9,354,True,Meets all eligibility criteria,Eligible
4355,9,355,True,Meets all eligibility criteria,Eligible
4356,9,356,False,Branch IT not in allowed list,Excluded
4357,9,357,True,Meets all eligibility criteria,Eligible
4358,9,358,False,Branch CIVIL not in allowed list,Excluded
4359,9,359,False,Branch IT not in allowed list,Excluded
4360,9,360,False,Branch ECE not in allowed list,Excluded
4361,9,361,False,Branch IT not in allowed list; Has a prior offer; drive excludes already-placed students,Excluded
4362,9,362,True,Meets all eligibility criteria,Eligible
4363,9,363,False,CGPA 5.89 below cutoff 6.48; Branch CIVIL not in allowed list,Excluded
4364,9,364,True,Meets all eligibility criteria,Eligible
4365,9,365,False,Branch EEE not in allowed list,Excluded
4366,9,366,False,CGPA 6.08 below cutoff 6.48,Excluded
4367,9,367,True,Meets all eligibility criteria,Eligible
4368,9,368,False,Branch IT not in allowed list,Excluded
4369,9,369,False,2 backlogs exceeds max 1,Excluded
4370,9,370,True,Meets all eligibility criteria,Flagged
4371,9,371,True,Meets all eligibility criteria,Eligible
4372,9,372,False,Branch CIVIL not in allowed list,Excluded
4373,9,373,True,Meets all eligibility criteria,Eligible
4374,9,374,False,CGPA 5.63 below cutoff 6.48; Branch CIVIL not in allowed list,Excluded
4375,9,375,False,CGPA 6.45 below cutoff 6.48; Has a prior offer; drive excludes already-placed students,Excluded
4376,9,376,False,Branch CIVIL not in allowed list,Excluded
4377,9,377,False,Branch ECE not in allowed list; Has a prior offer; drive excludes already-placed students,Excluded
4378,9,378,False,CGPA 5.77 below cutoff 6.48; Branch EEE not in allowed list,Excluded
4379,9,379,False,Branch CIVIL not in allowed list,Excluded
4380,9,380,False,Branch IT not in allowed list; 3 backlogs exceeds max 1,Excluded
4381,9,381,False,CGPA 5.98 below cutoff 6.48,Excluded
4382,9,382,False,CGPA 6.13 below cutoff 6.48; Branch EEE not in allowed list,Excluded
4383,9,383,False,Branch ECE not in allowed list; 2 backlogs exceeds max 1,Excluded
4384,9,384,False,CGPA 6.35 below cutoff 6.48,Excluded
4385,9,385,False,Branch EEE not in allowed list,Excluded
4386,9,386,True,Meets all eligibility criteria,Flagged
4387,9,387,False,Branch CIVIL not in allowed list,Excluded
4388,9,388,False,CGPA 5.54 below cutoff 6.48; Branch IT not in allowed list,Excluded
4389,9,389,False,Branch EEE not in allowed list,Excluded
4390,9,390,False,CGPA 6.38 below cutoff 6.48,Excluded
4391,9,391,True,Meets all eligibility criteria,Eligible
4392,9,392,False,CGPA 6.08 below cutoff 6.48; Branch ECE not in allowed list,Excluded
4393,9,393,True,Meets all eligibility criteria,Eligible
4394,9,394,False,CGPA 5.68 below cutoff 6.48; Branch CIVIL not in allowed list,Excluded
4395,9,395,True,Meets all eligibility criteria,Eligible
4396,9,396,True,Meets all eligibility criteria,Eligible
4397,9,397,True,Meets all eligibility criteria,Eligible
4398,9,398,True,Meets all eligibility criteria,Eligible
4399,9,399,False,CGPA 5.99 below cutoff 6.48; Branch ECE not in allowed list,Excluded
4400,9,400,False,Branch ECE not in allowed list,Excluded
4401,9,401,False,Branch CIVIL not in allowed list,Excluded
4402,9,402,False,CGPA 6.27 below cutoff 6.48,Excluded
4403,9,403,False,Branch CIVIL not in allowed list,Excluded
4404,9,404,False,Branch EEE not in allowed list,Excluded
4405,9,405,False,Branch EEE not in allowed list,Excluded
4406,9,406,True,Meets all eligibility criteria,Eligible
4407,9,407,False,Branch IT not in allowed list,Excluded
4408,9,408,False,Branch CIVIL not in allowed list,Excluded
4409,9,409,False,Branch IT not in allowed list,Excluded
4410,9,410,False,Branch ECE not in allowed list; 2 backlogs exceeds max 1,Excluded
4411,9,411,False,Branch EEE not in allowed list,Excluded
4412,9,412,False,Branch ECE not in allowed list,Excluded
4413,9,413,False,Branch EEE not in allowed list; 2 backlogs exceeds max 1,Excluded
4414,9,414,False,Branch ECE not in allowed list; Has a prior offer; drive excludes already-placed students,Excluded
4415,9,415,False,Branch CIVIL not in allowed list,Excluded
4416,9,416,True,Meets all eligibility criteria,Eligible
4417,9,417,False,CGPA 5.99 below cutoff 6.48; Branch IT not in allowed list; Has a prior offer; drive excludes already-placed students,Excluded
4418,9,418,False,Branch IT not in allowed list; Has a prior offer; drive excludes already-placed students,Excluded
4419,9,419,False,Branch CIVIL not in allowed list; Has a prior offer; drive excludes already-placed students,Excluded
4420,9,420,False,Branch EEE not in allowed list; 2 backlogs exceeds max 1,Excluded
4421,9,421,False,Branch IT not in allowed list,Excluded
4422,9,422,False,2 backlogs exceeds max 1,Excluded
4423,9,423,True,Meets all eligibility criteria,Eligible
4424,9,424,False,2 backlogs exceeds max 1,Excluded
4425,9,425,False,CGPA 6.34 below cutoff 6.48; Branch ECE not in allowed list; Has a prior offer; drive excludes already-placed students,Excluded
4426,9,426,False,Branch ECE not in allowed list,Excluded
4427,9,427,False,Branch IT not in allowed list,Excluded
4428,9,428,False,CGPA 6.37 below cutoff 6.48; Branch IT not in allowed list,Excluded
4429,9,429,False,Branch CIVIL not in allowed list,Excluded
4430,9,430,False,Branch IT not in allowed list,Excluded
4431,9,431,False,Has a prior offer; drive excludes already-placed students,Excluded
4432,9,432,False,Branch IT not in allowed list,Excluded
4433,9,433,False,Branch IT not in allowed list,Excluded
4434,9,434,False,Branch CIVIL not in allowed list; Has a prior offer; drive excludes already-placed students,Excluded
4435,9,435,False,Has a prior offer; drive excludes already-placed students,Excluded
4436,9,436,True,Meets all eligibility criteria,Eligible
4437,9,437,False,Branch ECE not in allowed list,Excluded
4438,9,438,False,Branch IT not in allowed list,Excluded
4439,9,439,True,Meets all eligibility criteria,Eligible
4440,9,440,False,Branch IT not in allowed list,Excluded
4441,9,441,False,Branch EEE not in allowed list,Excluded
4442,9,442,False,CGPA 5.85 below cutoff 6.48,Excluded
4443,9,443,False,CGPA 6.41 below cutoff 6.48; Branch IT not in allowed list,Excluded
4444,9,444,False,Branch CIVIL not in allowed list,Excluded
4445,9,445,True,Meets all eligibility criteria,Eligible
4446,9,446,True,Meets all eligibility criteria,Eligible
4447,9,447,False,Branch ECE not in allowed list,Excluded
4448,9,448,False,Branch ECE not in allowed list; Has a prior offer; drive excludes already-placed students,Excluded
4449,9,449,False,2 backlogs exceeds max 1; Has a prior offer; drive excludes already-placed students,Excluded
4450,9,450,False,Branch CIVIL not in allowed list,Excluded
4451,9,451,False,Branch EEE not in allowed list; 3 backlogs exceeds max 1,Excluded
4452,9,452,False,Branch CIVIL not in allowed list,Excluded
4453,9,453,False,CGPA 6.1 below cutoff 6.48,Excluded
4454,9,454,False,Branch IT not in allowed list,Excluded
4455,9,455,False,Branch CIVIL not in allowed list,Excluded
4456,9,456,False,Branch EEE not in allowed list,Excluded
4457,9,457,False,CGPA 6.35 below cutoff 6.48,Excluded
4458,9,458,True,Meets all eligibility criteria,Eligible
4459,9,459,False,CGPA 5.95 below cutoff 6.48,Excluded
4460,9,460,False,CGPA 5.72 below cutoff 6.48; Branch EEE not in allowed list,Excluded
4461,9,461,True,Meets all eligibility criteria,Flagged
4462,9,462,False,Branch CIVIL not in allowed list,Excluded
4463,9,463,False,Branch ECE not in allowed list,Excluded
4464,9,464,False,CGPA 6.14 below cutoff 6.48; Branch IT not in allowed list,Excluded
4465,9,465,False,CGPA 5.77 below cutoff 6.48; Branch CIVIL not in allowed list; 2 backlogs exceeds max 1,Excluded
4466,9,466,False,Branch ECE not in allowed list,Excluded
4467,9,467,False,Branch EEE not in allowed list,Excluded
4468,9,468,False,Branch EEE not in allowed list,Excluded
4469,9,469,False,Branch EEE not in allowed list,Excluded
4470,9,470,False,Branch IT not in allowed list,Excluded
4471,9,471,False,CGPA 6.42 below cutoff 6.48; Branch EEE not in allowed list; Has a prior offer; drive excludes already-placed students,Excluded
4472,9,472,False,Branch ECE not in allowed list,Excluded
4473,9,473,False,Branch IT not in allowed list,Excluded
4474,9,474,False,Branch ECE not in allowed list,Excluded
4475,9,475,False,CGPA 5.57 below cutoff 6.48; Branch CIVIL not in allowed list; 2 backlogs exceeds max 1,Excluded
4476,9,476,False,Branch CIVIL not in allowed list; 2 backlogs exceeds max 1,Excluded
4477,9,477,False,Branch ECE not in allowed list,Excluded
4478,9,478,False,Branch ECE not in allowed list,Excluded
4479,9,479,False,Branch CIVIL not in allowed list,Excluded
4480,9,480,False,Branch ECE not in allowed list; Has a prior offer; drive excludes already-placed students,Excluded
4481,9,481,True,Meets all eligibility criteria,Eligible
4482,9,482,False,Branch ECE not in allowed list,Excluded
4483,9,483,False,Branch IT not in allowed list,Excluded
4484,9,484,False,Branch EEE not in allowed list,Excluded
4485,9,485,False,Branch ECE not in allowed list,Excluded
4486,9,486,True,Meets all eligibility criteria,Eligible
4487,9,487,False,Has a prior offer; drive excludes already-placed students,Excluded
4488,9,488,False,CGPA 5.53 below cutoff 6.48; Branch CIVIL not in allowed list; Has a prior offer; drive excludes already-placed students,Excluded
4489,9,489,False,CGPA 6.18 below cutoff 6.48; Branch EEE not in allowed list; Has a prior offer; drive excludes already-placed students,Excluded
4490,9,490,False,Branch EEE not in allowed list; 2 backlogs exceeds max 1,Excluded
4491,9,491,False,CGPA 5.53 below cutoff 6.48,Excluded
4492,9,492,False,3 backlogs exceeds max 1,Excluded
4493,9,493,False,Branch IT not in allowed list,Excluded
4494,9,494,True,Meets all eligibility criteria,Eligible
4495,9,495,True,Meets all eligibility criteria,Eligible
4496,9,496,False,Branch CIVIL not in allowed list,Excluded
4497,9,497,False,Branch CIVIL not in allowed list; Has a prior offer; drive excludes already-placed students,Excluded
4498,9,498,False,Has a prior offer; drive excludes already-placed students,Excluded
4499,9,499,False,CGPA 6.27 below cutoff 6.48; Branch EEE not in allowed list,Excluded
4500,9,500,True,Meets all eligibility criteria,Eligible
4501,10,1,False,Branch ECE not in allowed list,Excluded
4502,10,2,False,Branch MECH not in allowed list,Excluded
4503,10,3,False,CGPA 5.64 below cutoff 6.07,Excluded
4504,10,4,True,Meets all eligibility criteria,Eligible
4505,10,5,True,Meets all eligibility criteria,Eligible
4506,10,6,False,Branch ECE not in allowed list; Has a prior offer; drive excludes already-placed students,Excluded
4507,10,7,False,CGPA 5.94 below cutoff 6.07; Branch MECH not in allowed list,Excluded
4508,10,8,False,Branch EEE not in allowed list,Excluded
4509,10,9,False,Branch ECE not in allowed list,Excluded
4510,10,10,False,CGPA 5.81 below cutoff 6.07; Branch ECE not in allowed list,Excluded
4511,10,11,False,Branch EEE not in allowed list,Excluded
4512,10,12,True,Meets all eligibility criteria,Eligible
4513,10,13,True,Meets all eligibility criteria,Eligible
4514,10,14,False,Branch ECE not in allowed list,Excluded
4515,10,15,True,Meets all eligibility criteria,Eligible
4516,10,16,True,Meets all eligibility criteria,Eligible
4517,10,17,True,Meets all eligibility criteria,Eligible
4518,10,18,True,Meets all eligibility criteria,Eligible
4519,10,19,True,Meets all eligibility criteria,Eligible
4520,10,20,True,Meets all eligibility criteria,Eligible
4521,10,21,True,Meets all eligibility criteria,Eligible
4522,10,22,False,Branch EEE not in allowed list,Excluded
4523,10,23,False,Branch MECH not in allowed list,Excluded
4524,10,24,False,CGPA 6.02 below cutoff 6.07; Branch ECE not in allowed list; 2 backlogs exceeds max 1,Excluded
4525,10,25,True,Meets all eligibility criteria,Eligible
4526,10,26,True,Meets all eligibility criteria,Eligible
4527,10,27,True,Meets all eligibility criteria,Eligible
4528,10,28,False,Branch MECH not in allowed list,Excluded
4529,10,29,True,Meets all eligibility criteria,Eligible
4530,10,30,True,Meets all eligibility criteria,Eligible
4531,10,31,False,Branch EEE not in allowed list,Excluded
4532,10,32,True,Meets all eligibility criteria,Eligible
4533,10,33,False,Branch MECH not in allowed list,Excluded
4534,10,34,True,Meets all eligibility criteria,Eligible
4535,10,35,False,Branch ECE not in allowed list,Excluded
4536,10,36,False,Has a prior offer; drive excludes already-placed students,Excluded
4537,10,37,True,Meets all eligibility criteria,Eligible
4538,10,38,False,CGPA 5.76 below cutoff 6.07; Has a prior offer; drive excludes already-placed students,Excluded
4539,10,39,True,Meets all eligibility criteria,Eligible
4540,10,40,False,Branch EEE not in allowed list,Excluded
4541,10,41,True,Meets all eligibility criteria,Eligible
4542,10,42,True,Meets all eligibility criteria,Eligible
4543,10,43,False,Branch EEE not in allowed list,Excluded
4544,10,44,True,Meets all eligibility criteria,Eligible
4545,10,45,True,Meets all eligibility criteria,Eligible
4546,10,46,True,Meets all eligibility criteria,Eligible
4547,10,47,False,3 backlogs exceeds max 1,Excluded
4548,10,48,True,Meets all eligibility criteria,Eligible
4549,10,49,False,Branch EEE not in allowed list,Excluded
4550,10,50,False,Branch MECH not in allowed list; 3 backlogs exceeds max 1,Excluded
4551,10,51,True,Meets all eligibility criteria,Flagged
4552,10,52,False,CGPA 5.77 below cutoff 6.07,Excluded
4553,10,53,False,Has a prior offer; drive excludes already-placed students,Excluded
4554,10,54,True,Meets all eligibility criteria,Eligible
4555,10,55,False,Branch MECH not in allowed list; Has a prior offer; drive excludes already-placed students,Excluded
4556,10,56,False,CGPA 5.87 below cutoff 6.07; Branch MECH not in allowed list,Excluded
4557,10,57,False,Branch ECE not in allowed list,Excluded
4558,10,58,False,Branch EEE not in allowed list,Excluded
4559,10,59,False,Branch MECH not in allowed list,Excluded
4560,10,60,False,CGPA 5.83 below cutoff 6.07; Branch ECE not in allowed list,Excluded
4561,10,61,False,Branch ECE not in allowed list,Excluded
4562,10,62,False,Branch MECH not in allowed list,Excluded
4563,10,63,True,Meets all eligibility criteria,Eligible
4564,10,64,True,Meets all eligibility criteria,Flagged
4565,10,65,True,Meets all eligibility criteria,Eligible
4566,10,66,False,Branch EEE not in allowed list,Excluded
4567,10,67,False,Branch EEE not in allowed list; Has a prior offer; drive excludes already-placed students,Excluded
4568,10,68,False,Branch ECE not in allowed list,Excluded
4569,10,69,False,Has a prior offer; drive excludes already-placed students,Excluded
4570,10,70,False,Branch MECH not in allowed list; 2 backlogs exceeds max 1,Excluded
4571,10,71,True,Meets all eligibility criteria,Eligible
4572,10,72,True,Meets all eligibility criteria,Eligible
4573,10,73,False,Branch MECH not in allowed list,Excluded
4574,10,74,False,2 backlogs exceeds max 1,Excluded
4575,10,75,False,2 backlogs exceeds max 1,Excluded
4576,10,76,False,2 backlogs exceeds max 1,Excluded
4577,10,77,True,Meets all eligibility criteria,Eligible
4578,10,78,False,Branch EEE not in allowed list,Excluded
4579,10,79,True,Meets all eligibility criteria,Eligible
4580,10,80,False,Branch ECE not in allowed list,Excluded
4581,10,81,False,Branch MECH not in allowed list; 3 backlogs exceeds max 1,Excluded
4582,10,82,False,CGPA 6.02 below cutoff 6.07; 3 backlogs exceeds max 1,Excluded
4583,10,83,False,Branch EEE not in allowed list,Excluded
4584,10,84,False,Branch MECH not in allowed list,Excluded
4585,10,85,False,Has a prior offer; drive excludes already-placed students,Excluded
4586,10,86,True,Meets all eligibility criteria,Eligible
4587,10,87,True,Meets all eligibility criteria,Eligible
4588,10,88,False,Branch ECE not in allowed list,Excluded
4589,10,89,False,Branch ECE not in allowed list,Excluded
4590,10,90,False,2 backlogs exceeds max 1,Excluded
4591,10,91,False,Branch MECH not in allowed list,Excluded
4592,10,92,False,Branch MECH not in allowed list,Excluded
4593,10,93,False,Branch MECH not in allowed list,Excluded
4594,10,94,True,Meets all eligibility criteria,Eligible
4595,10,95,True,Meets all eligibility criteria,Eligible
4596,10,96,True,Meets all eligibility criteria,Eligible
4597,10,97,True,Meets all eligibility criteria,Eligible
4598,10,98,True,Meets all eligibility criteria,Eligible
4599,10,99,True,Meets all eligibility criteria,Eligible
4600,10,100,True,Meets all eligibility criteria,Eligible
4601,10,101,False,2 backlogs exceeds max 1,Excluded
4602,10,102,False,Branch MECH not in allowed list,Excluded
4603,10,103,True,Meets all eligibility criteria,Eligible
4604,10,104,True,Meets all eligibility criteria,Eligible
4605,10,105,True,Meets all eligibility criteria,Eligible
4606,10,106,False,Branch ECE not in allowed list; Has a prior offer; drive excludes already-placed students,Excluded
4607,10,107,False,Branch ECE not in allowed list; Has a prior offer; drive excludes already-placed students,Excluded
4608,10,108,True,Meets all eligibility criteria,Flagged
4609,10,109,False,Branch EEE not in allowed list; Has a prior offer; drive excludes already-placed students,Excluded
4610,10,110,False,Branch MECH not in allowed list; Has a prior offer; drive excludes already-placed students,Excluded
4611,10,111,False,Branch EEE not in allowed list,Excluded
4612,10,112,False,Branch EEE not in allowed list,Excluded
4613,10,113,True,Meets all eligibility criteria,Eligible
4614,10,114,False,Branch ECE not in allowed list,Excluded
4615,10,115,False,Branch EEE not in allowed list,Excluded
4616,10,116,False,Branch MECH not in allowed list; 2 backlogs exceeds max 1,Excluded
4617,10,117,False,CGPA 5.88 below cutoff 6.07; Branch EEE not in allowed list; Has a prior offer; drive excludes already-placed students,Excluded
4618,10,118,False,Branch ECE not in allowed list,Excluded
4619,10,119,False,Branch EEE not in allowed list,Excluded
4620,10,120,True,Meets all eligibility criteria,Eligible
4621,10,121,False,CGPA 5.81 below cutoff 6.07; 2 backlogs exceeds max 1,Excluded
4622,10,122,True,Meets all eligibility criteria,Eligible
4623,10,123,True,Meets all eligibility criteria,Eligible
4624,10,124,False,Branch MECH not in allowed list,Excluded
4625,10,125,False,Branch ECE not in allowed list,Excluded
4626,10,126,False,Branch EEE not in allowed list,Excluded
4627,10,127,False,Has a prior offer; drive excludes already-placed students,Excluded
4628,10,128,False,Branch MECH not in allowed list,Excluded
4629,10,129,False,Branch MECH not in allowed list,Excluded
4630,10,130,False,CGPA 5.81 below cutoff 6.07,Excluded
4631,10,131,False,CGPA 5.97 below cutoff 6.07; 3 backlogs exceeds max 1,Excluded
4632,10,132,True,Meets all eligibility criteria,Eligible
4633,10,133,False,Branch EEE not in allowed list,Excluded
4634,10,134,True,Meets all eligibility criteria,Eligible
4635,10,135,False,Branch MECH not in allowed list,Excluded
4636,10,136,False,Branch ECE not in allowed list,Excluded
4637,10,137,False,Branch ECE not in allowed list,Excluded
4638,10,138,True,Meets all eligibility criteria,Eligible
4639,10,139,True,Meets all eligibility criteria,Eligible
4640,10,140,True,Meets all eligibility criteria,Eligible
4641,10,141,True,Meets all eligibility criteria,Eligible
4642,10,142,True,Meets all eligibility criteria,Eligible
4643,10,143,False,Branch ECE not in allowed list,Excluded
4644,10,144,False,Branch MECH not in allowed list,Excluded
4645,10,145,True,Meets all eligibility criteria,Eligible
4646,10,146,True,Meets all eligibility criteria,Eligible
4647,10,147,True,Meets all eligibility criteria,Eligible
4648,10,148,False,CGPA 5.7 below cutoff 6.07; Branch ECE not in allowed list,Excluded
4649,10,149,True,Meets all eligibility criteria,Eligible
4650,10,150,True,Meets all eligibility criteria,Eligible
4651,10,151,True,Meets all eligibility criteria,Eligible
4652,10,152,True,Meets all eligibility criteria,Eligible
4653,10,153,True,Meets all eligibility criteria,Eligible
4654,10,154,False,Branch MECH not in allowed list,Excluded
4655,10,155,False,Branch ECE not in allowed list; 2 backlogs exceeds max 1,Excluded
4656,10,156,False,Branch MECH not in allowed list; Has a prior offer; drive excludes already-placed students,Excluded
4657,10,157,False,Branch ECE not in allowed list; Has a prior offer; drive excludes already-placed students,Excluded
4658,10,158,True,Meets all eligibility criteria,Eligible
4659,10,159,True,Meets all eligibility criteria,Eligible
4660,10,160,True,Meets all eligibility criteria,Eligible
4661,10,161,False,Branch MECH not in allowed list,Excluded
4662,10,162,True,Meets all eligibility criteria,Eligible
4663,10,163,True,Meets all eligibility criteria,Eligible
4664,10,164,False,Branch ECE not in allowed list,Excluded
4665,10,165,False,Branch ECE not in allowed list,Excluded
4666,10,166,False,Branch EEE not in allowed list,Excluded
4667,10,167,True,Meets all eligibility criteria,Eligible
4668,10,168,False,CGPA 5.59 below cutoff 6.07; Branch ECE not in allowed list; Has a prior offer; drive excludes already-placed students,Excluded
4669,10,169,True,Meets all eligibility criteria,Eligible
4670,10,170,True,Meets all eligibility criteria,Eligible
4671,10,171,False,Branch ECE not in allowed list; Has a prior offer; drive excludes already-placed students,Excluded
4672,10,172,False,Branch EEE not in allowed list,Excluded
4673,10,173,False,Has a prior offer; drive excludes already-placed students,Excluded
4674,10,174,False,Branch EEE not in allowed list,Excluded
4675,10,175,False,CGPA 5.51 below cutoff 6.07; Branch EEE not in allowed list; Has a prior offer; drive excludes already-placed students,Excluded
4676,10,176,False,Branch EEE not in allowed list,Excluded
4677,10,177,False,CGPA 5.73 below cutoff 6.07,Excluded
4678,10,178,True,Meets all eligibility criteria,Eligible
4679,10,179,True,Meets all eligibility criteria,Eligible
4680,10,180,True,Meets all eligibility criteria,Eligible
4681,10,181,True,Meets all eligibility criteria,Eligible
4682,10,182,False,Branch EEE not in allowed list,Excluded
4683,10,183,False,Branch MECH not in allowed list,Excluded
4684,10,184,False,Branch EEE not in allowed list,Excluded
4685,10,185,False,Branch ECE not in allowed list,Excluded
4686,10,186,False,Branch EEE not in allowed list; 3 backlogs exceeds max 1,Excluded
4687,10,187,False,Branch MECH not in allowed list,Excluded
4688,10,188,True,Meets all eligibility criteria,Eligible
4689,10,189,True,Meets all eligibility criteria,Eligible
4690,10,190,False,Branch EEE not in allowed list,Excluded
4691,10,191,True,Meets all eligibility criteria,Eligible
4692,10,192,False,Branch EEE not in allowed list,Excluded
4693,10,193,False,Branch EEE not in allowed list,Excluded
4694,10,194,False,CGPA 5.84 below cutoff 6.07; Branch ECE not in allowed list,Excluded
4695,10,195,False,Branch ECE not in allowed list,Excluded
4696,10,196,True,Meets all eligibility criteria,Eligible
4697,10,197,False,CGPA 5.66 below cutoff 6.07,Excluded
4698,10,198,False,Branch EEE not in allowed list,Excluded
4699,10,199,True,Meets all eligibility criteria,Eligible
4700,10,200,False,CGPA 5.63 below cutoff 6.07,Excluded
4701,10,201,False,Branch EEE not in allowed list,Excluded
4702,10,202,False,Branch MECH not in allowed list,Excluded
4703,10,203,False,2 backlogs exceeds max 1,Excluded
4704,10,204,True,Meets all eligibility criteria,Eligible
4705,10,205,False,Branch EEE not in allowed list,Excluded
4706,10,206,False,3 backlogs exceeds max 1,Excluded
4707,10,207,False,Branch EEE not in allowed list; 3 backlogs exceeds max 1,Excluded
4708,10,208,False,Has a prior offer; drive excludes already-placed students,Excluded
4709,10,209,True,Meets all eligibility criteria,Eligible
4710,10,210,False,Branch MECH not in allowed list; 3 backlogs exceeds max 1,Excluded
4711,10,211,True,Meets all eligibility criteria,Eligible
4712,10,212,False,Branch ECE not in allowed list,Excluded
4713,10,213,False,Has a prior offer; drive excludes already-placed students,Excluded
4714,10,214,False,Branch EEE not in allowed list,Excluded
4715,10,215,False,Branch ECE not in allowed list,Excluded
4716,10,216,False,Branch MECH not in allowed list,Excluded
4717,10,217,False,Branch ECE not in allowed list,Excluded
4718,10,218,True,Meets all eligibility criteria,Eligible
4719,10,219,False,3 backlogs exceeds max 1,Excluded
4720,10,220,False,Branch MECH not in allowed list; Has a prior offer; drive excludes already-placed students,Excluded
4721,10,221,True,Meets all eligibility criteria,Eligible
4722,10,222,False,Branch EEE not in allowed list,Excluded
4723,10,223,False,CGPA 5.99 below cutoff 6.07,Excluded
4724,10,224,False,2 backlogs exceeds max 1; Has a prior offer; drive excludes already-placed students,Excluded
4725,10,225,False,Branch ECE not in allowed list; 2 backlogs exceeds max 1,Excluded
4726,10,226,False,Branch ECE not in allowed list; 2 backlogs exceeds max 1; Has a prior offer; drive excludes already-placed students,Excluded
4727,10,227,False,Branch EEE not in allowed list,Excluded
4728,10,228,False,Branch MECH not in allowed list,Excluded
4729,10,229,False,2 backlogs exceeds max 1,Excluded
4730,10,230,False,Branch ECE not in allowed list; 2 backlogs exceeds max 1,Excluded
4731,10,231,False,Has a prior offer; drive excludes already-placed students,Excluded
4732,10,232,False,Has a prior offer; drive excludes already-placed students,Excluded
4733,10,233,False,Branch EEE not in allowed list; 3 backlogs exceeds max 1,Excluded
4734,10,234,True,Meets all eligibility criteria,Eligible
4735,10,235,False,Branch MECH not in allowed list; Has a prior offer; drive excludes already-placed students,Excluded
4736,10,236,True,Meets all eligibility criteria,Eligible
4737,10,237,False,2 backlogs exceeds max 1,Excluded
4738,10,238,False,Branch ECE not in allowed list; Has a prior offer; drive excludes already-placed students,Excluded
4739,10,239,False,Branch ECE not in allowed list,Excluded
4740,10,240,False,CGPA 5.57 below cutoff 6.07,Excluded
4741,10,241,False,CGPA 6.01 below cutoff 6.07; Branch EEE not in allowed list,Excluded
4742,10,242,False,CGPA 5.99 below cutoff 6.07; Branch MECH not in allowed list,Excluded
4743,10,243,False,Branch ECE not in allowed list,Excluded
4744,10,244,False,CGPA 5.64 below cutoff 6.07; Branch EEE not in allowed list; 3 backlogs exceeds max 1,Excluded
4745,10,245,False,2 backlogs exceeds max 1,Excluded
4746,10,246,False,Branch MECH not in allowed list,Excluded
4747,10,247,False,Branch MECH not in allowed list,Excluded
4748,10,248,True,Meets all eligibility criteria,Eligible
4749,10,249,True,Meets all eligibility criteria,Eligible
4750,10,250,False,Branch EEE not in allowed list,Excluded
4751,10,251,False,CGPA 5.93 below cutoff 6.07,Excluded
4752,10,252,False,2 backlogs exceeds max 1,Excluded
4753,10,253,False,CGPA 5.92 below cutoff 6.07,Excluded
4754,10,254,False,Branch MECH not in allowed list,Excluded
4755,10,255,False,CGPA 6.05 below cutoff 6.07,Excluded
4756,10,256,False,Branch MECH not in allowed list; 3 backlogs exceeds max 1,Excluded
4757,10,257,True,Meets all eligibility criteria,Eligible
4758,10,258,False,CGPA 5.99 below cutoff 6.07; Branch ECE not in allowed list,Excluded
4759,10,259,False,Branch MECH not in allowed list,Excluded
4760,10,260,True,Meets all eligibility criteria,Eligible
4761,10,261,False,Branch ECE not in allowed list,Excluded
4762,10,262,False,Has a prior offer; drive excludes already-placed students,Excluded
4763,10,263,False,3 backlogs exceeds max 1,Excluded
4764,10,264,True,Meets all eligibility criteria,Eligible
4765,10,265,False,Branch MECH not in allowed list; 2 backlogs exceeds max 1,Excluded
4766,10,266,False,Has a prior offer; drive excludes already-placed students,Excluded
4767,10,267,False,Branch MECH not in allowed list,Excluded
4768,10,268,False,Branch ECE not in allowed list; Has a prior offer; drive excludes already-placed students,Excluded
4769,10,269,False,Branch MECH not in allowed list,Excluded
4770,10,270,False,3 backlogs exceeds max 1,Excluded
4771,10,271,False,Branch ECE not in allowed list,Excluded
4772,10,272,False,CGPA 5.53 below cutoff 6.07,Excluded
4773,10,273,False,Has a prior offer; drive excludes already-placed students,Excluded
4774,10,274,True,Meets all eligibility criteria,Eligible
4775,10,275,False,Branch MECH not in allowed list,Excluded
4776,10,276,True,Meets all eligibility criteria,Eligible
4777,10,277,False,Has a prior offer; drive excludes already-placed students,Excluded
4778,10,278,False,Branch MECH not in allowed list,Excluded
4779,10,279,False,Branch ECE not in allowed list,Excluded
4780,10,280,True,Meets all eligibility criteria,Eligible
4781,10,281,True,Meets all eligibility criteria,Eligible
4782,10,282,True,Meets all eligibility criteria,Eligible
4783,10,283,True,Meets all eligibility criteria,Eligible
4784,10,284,False,Branch EEE not in allowed list,Excluded
4785,10,285,False,Branch MECH not in allowed list,Excluded
4786,10,286,True,Meets all eligibility criteria,Eligible
4787,10,287,True,Meets all eligibility criteria,Eligible
4788,10,288,True,Meets all eligibility criteria,Eligible
4789,10,289,False,CGPA 5.85 below cutoff 6.07,Excluded
4790,10,290,True,Meets all eligibility criteria,Eligible
4791,10,291,False,Branch ECE not in allowed list,Excluded
4792,10,292,True,Meets all eligibility criteria,Flagged
4793,10,293,False,CGPA 5.88 below cutoff 6.07,Excluded
4794,10,294,False,Branch MECH not in allowed list,Excluded
4795,10,295,False,Branch ECE not in allowed list,Excluded
4796,10,296,False,Has a prior offer; drive excludes already-placed students,Excluded
4797,10,297,True,Meets all eligibility criteria,Eligible
4798,10,298,True,Meets all eligibility criteria,Eligible
4799,10,299,True,Meets all eligibility criteria,Eligible
4800,10,300,True,Meets all eligibility criteria,Flagged
4801,10,301,True,Meets all eligibility criteria,Eligible
4802,10,302,False,Branch MECH not in allowed list; 3 backlogs exceeds max 1,Excluded
4803,10,303,False,Branch ECE not in allowed list,Excluded
4804,10,304,False,Branch EEE not in allowed list; 2 backlogs exceeds max 1,Excluded
4805,10,305,True,Meets all eligibility criteria,Flagged
4806,10,306,False,2 backlogs exceeds max 1,Excluded
4807,10,307,False,Branch EEE not in allowed list,Excluded
4808,10,308,True,Meets all eligibility criteria,Eligible
4809,10,309,True,Meets all eligibility criteria,Eligible
4810,10,310,True,Meets all eligibility criteria,Eligible
4811,10,311,True,Meets all eligibility criteria,Eligible
4812,10,312,False,Branch ECE not in allowed list,Excluded
4813,10,313,True,Meets all eligibility criteria,Eligible
4814,10,314,False,Branch ECE not in allowed list,Excluded
4815,10,315,False,Has a prior offer; drive excludes already-placed students,Excluded
4816,10,316,False,Branch MECH not in allowed list,Excluded
4817,10,317,False,CGPA 5.91 below cutoff 6.07; Branch EEE not in allowed list; 2 backlogs exceeds max 1,Excluded
4818,10,318,False,Branch ECE not in allowed list,Excluded
4819,10,319,False,CGPA 5.87 below cutoff 6.07; Branch ECE not in allowed list,Excluded
4820,10,320,True,Meets all eligibility criteria,Eligible
4821,10,321,True,Meets all eligibility criteria,Eligible
4822,10,322,False,2 backlogs exceeds max 1,Excluded
4823,10,323,False,Branch MECH not in allowed list; 2 backlogs exceeds max 1,Excluded
4824,10,324,True,Meets all eligibility criteria,Eligible
4825,10,325,True,Meets all eligibility criteria,Eligible
4826,10,326,True,Meets all eligibility criteria,Eligible
4827,10,327,True,Meets all eligibility criteria,Eligible
4828,10,328,True,Meets all eligibility criteria,Eligible
4829,10,329,False,Branch MECH not in allowed list; 2 backlogs exceeds max 1,Excluded
4830,10,330,False,Branch EEE not in allowed list,Excluded
4831,10,331,True,Meets all eligibility criteria,Eligible
4832,10,332,True,Meets all eligibility criteria,Eligible
4833,10,333,True,Meets all eligibility criteria,Eligible
4834,10,334,True,Meets all eligibility criteria,Eligible
4835,10,335,True,Meets all eligibility criteria,Eligible
4836,10,336,True,Meets all eligibility criteria,Eligible
4837,10,337,False,Branch ECE not in allowed list,Excluded
4838,10,338,True,Meets all eligibility criteria,Eligible
4839,10,339,True,Meets all eligibility criteria,Eligible
4840,10,340,False,Branch EEE not in allowed list,Excluded
4841,10,341,True,Meets all eligibility criteria,Eligible
4842,10,342,False,Branch ECE not in allowed list,Excluded
4843,10,343,False,CGPA 5.86 below cutoff 6.07,Excluded
4844,10,344,False,CGPA 5.96 below cutoff 6.07; Branch ECE not in allowed list,Excluded
4845,10,345,False,Branch EEE not in allowed list,Excluded
4846,10,346,False,Branch MECH not in allowed list; 2 backlogs exceeds max 1,Excluded
4847,10,347,False,2 backlogs exceeds max 1,Excluded
4848,10,348,True,Meets all eligibility criteria,Eligible
4849,10,349,False,Branch EEE not in allowed list,Excluded
4850,10,350,False,Branch ECE not in allowed list,Excluded
4851,10,351,False,CGPA 5.65 below cutoff 6.07; Branch EEE not in allowed list,Excluded
4852,10,352,False,Branch MECH not in allowed list,Excluded
4853,10,353,True,Meets all eligibility criteria,Eligible
4854,10,354,False,Branch MECH not in allowed list,Excluded
4855,10,355,False,Branch MECH not in allowed list,Excluded
4856,10,356,True,Meets all eligibility criteria,Eligible
4857,10,357,True,Meets all eligibility criteria,Eligible
4858,10,358,True,Meets all eligibility criteria,Eligible
4859,10,359,True,Meets all eligibility criteria,Eligible
4860,10,360,False,Branch ECE not in allowed list,Excluded
4861,10,361,False,Has a prior offer; drive excludes already-placed students,Excluded
4862,10,362,False,Branch MECH not in allowed list,Excluded
4863,10,363,False,CGPA 5.89 below cutoff 6.07,Excluded
4864,10,364,False,Branch MECH not in allowed list,Excluded
4865,10,365,False,Branch EEE not in allowed list,Excluded
4866,10,366,False,Branch MECH not in allowed list,Excluded
4867,10,367,False,Branch MECH not in allowed list,Excluded
4868,10,368,True,Meets all eligibility criteria,Eligible
4869,10,369,False,Branch MECH not in allowed list; 2 backlogs exceeds max 1,Excluded
4870,10,370,False,Branch MECH not in allowed list,Excluded
4871,10,371,False,Branch MECH not in allowed list,Excluded
4872,10,372,True,Meets all eligibility criteria,Eligible
4873,10,373,False,Branch MECH not in allowed list,Excluded
4874,10,374,False,CGPA 5.63 below cutoff 6.07,Excluded
4875,10,375,False,Branch MECH not in allowed list; Has a prior offer; drive excludes already-placed students,Excluded
4876,10,376,True,Meets all eligibility criteria,Eligible
4877,10,377,False,Branch ECE not in allowed list; Has a prior offer; drive excludes already-placed students,Excluded
4878,10,378,False,CGPA 5.77 below cutoff 6.07; Branch EEE not in allowed list,Excluded
4879,10,379,True,Meets all eligibility criteria,Eligible
4880,10,380,False,3 backlogs exceeds max 1,Excluded
4881,10,381,False,CGPA 5.98 below cutoff 6.07,Excluded
4882,10,382,False,Branch EEE not in allowed list,Excluded
4883,10,383,False,Branch ECE not in allowed list; 2 backlogs exceeds max 1,Excluded
4884,10,384,False,Branch MECH not in allowed list,Excluded
4885,10,385,False,Branch EEE not in allowed list,Excluded
4886,10,386,True,Meets all eligibility criteria,Eligible
4887,10,387,True,Meets all eligibility criteria,Eligible
4888,10,388,False,CGPA 5.54 below cutoff 6.07,Excluded
4889,10,389,False,Branch EEE not in allowed list,Excluded
4890,10,390,True,Meets all eligibility criteria,Eligible
4891,10,391,False,Branch MECH not in allowed list,Excluded
4892,10,392,False,Branch ECE not in allowed list,Excluded
4893,10,393,False,Branch MECH not in allowed list,Excluded
4894,10,394,False,CGPA 5.68 below cutoff 6.07,Excluded
4895,10,395,False,Branch MECH not in allowed list,Excluded
4896,10,396,False,Branch MECH not in allowed list,Excluded
4897,10,397,False,Branch MECH not in allowed list,Excluded
4898,10,398,True,Meets all eligibility criteria,Eligible
4899,10,399,False,CGPA 5.99 below cutoff 6.07; Branch ECE not in allowed list,Excluded
4900,10,400,False,Branch ECE not in allowed list,Excluded
4901,10,401,True,Meets all eligibility criteria,Eligible
4902,10,402,False,Branch MECH not in allowed list,Excluded
4903,10,403,True,Meets all eligibility criteria,Eligible
4904,10,404,False,Branch EEE not in allowed list,Excluded
4905,10,405,False,Branch EEE not in allowed list,Excluded
4906,10,406,False,Branch MECH not in allowed list,Excluded
4907,10,407,True,Meets all eligibility criteria,Eligible
4908,10,408,True,Meets all eligibility criteria,Eligible
4909,10,409,True,Meets all eligibility criteria,Eligible
4910,10,410,False,Branch ECE not in allowed list; 2 backlogs exceeds max 1,Excluded
4911,10,411,False,Branch EEE not in allowed list,Excluded
4912,10,412,False,Branch ECE not in allowed list,Excluded
4913,10,413,False,Branch EEE not in allowed list; 2 backlogs exceeds max 1,Excluded
4914,10,414,False,Branch ECE not in allowed list; Has a prior offer; drive excludes already-placed students,Excluded
4915,10,415,True,Meets all eligibility criteria,Eligible
4916,10,416,False,Branch MECH not in allowed list,Excluded
4917,10,417,False,CGPA 5.99 below cutoff 6.07; Has a prior offer; drive excludes already-placed students,Excluded
4918,10,418,False,Has a prior offer; drive excludes already-placed students,Excluded
4919,10,419,False,Has a prior offer; drive excludes already-placed students,Excluded
4920,10,420,False,Branch EEE not in allowed list; 2 backlogs exceeds max 1,Excluded
4921,10,421,True,Meets all eligibility criteria,Eligible
4922,10,422,False,2 backlogs exceeds max 1,Excluded
4923,10,423,True,Meets all eligibility criteria,Eligible
4924,10,424,False,2 backlogs exceeds max 1,Excluded
4925,10,425,False,Branch ECE not in allowed list; Has a prior offer; drive excludes already-placed students,Excluded
4926,10,426,False,Branch ECE not in allowed list,Excluded
4927,10,427,True,Meets all eligibility criteria,Eligible
4928,10,428,True,Meets all eligibility criteria,Eligible
4929,10,429,True,Meets all eligibility criteria,Eligible
4930,10,430,True,Meets all eligibility criteria,Eligible
4931,10,431,False,Branch MECH not in allowed list; Has a prior offer; drive excludes already-placed students,Excluded
4932,10,432,True,Meets all eligibility criteria,Eligible
4933,10,433,True,Meets all eligibility criteria,Eligible
4934,10,434,False,Has a prior offer; drive excludes already-placed students,Excluded
4935,10,435,False,Has a prior offer; drive excludes already-placed students,Excluded
4936,10,436,False,Branch MECH not in allowed list,Excluded
4937,10,437,False,Branch ECE not in allowed list,Excluded
4938,10,438,True,Meets all eligibility criteria,Eligible
4939,10,439,False,Branch MECH not in allowed list,Excluded
4940,10,440,True,Meets all eligibility criteria,Eligible
4941,10,441,False,Branch EEE not in allowed list,Excluded
4942,10,442,False,CGPA 5.85 below cutoff 6.07,Excluded
4943,10,443,True,Meets all eligibility criteria,Eligible
4944,10,444,True,Meets all eligibility criteria,Eligible
4945,10,445,True,Meets all eligibility criteria,Eligible
4946,10,446,False,Branch MECH not in allowed list,Excluded
4947,10,447,False,Branch ECE not in allowed list,Excluded
4948,10,448,False,Branch ECE not in allowed list; Has a prior offer; drive excludes already-placed students,Excluded
4949,10,449,False,2 backlogs exceeds max 1; Has a prior offer; drive excludes already-placed students,Excluded
4950,10,450,True,Meets all eligibility criteria,Eligible
4951,10,451,False,Branch EEE not in allowed list; 3 backlogs exceeds max 1,Excluded
4952,10,452,True,Meets all eligibility criteria,Eligible
4953,10,453,True,Meets all eligibility criteria,Flagged
4954,10,454,True,Meets all eligibility criteria,Eligible
4955,10,455,True,Meets all eligibility criteria,Eligible
4956,10,456,False,Branch EEE not in allowed list,Excluded
4957,10,457,True,Meets all eligibility criteria,Eligible
4958,10,458,True,Meets all eligibility criteria,Eligible
4959,10,459,False,CGPA 5.95 below cutoff 6.07; Branch MECH not in allowed list,Excluded
4960,10,460,False,CGPA 5.72 below cutoff 6.07; Branch EEE not in allowed list,Excluded
4961,10,461,True,Meets all eligibility criteria,Eligible
4962,10,462,True,Meets all eligibility criteria,Eligible
4963,10,463,False,Branch ECE not in allowed list,Excluded
4964,10,464,True,Meets all eligibility criteria,Flagged
4965,10,465,False,CGPA 5.77 below cutoff 6.07; 2 backlogs exceeds max 1,Excluded
4966,10,466,False,Branch ECE not in allowed list,Excluded
4967,10,467,False,Branch EEE not in allowed list,Excluded
4968,10,468,False,Branch EEE not in allowed list,Excluded
4969,10,469,False,Branch EEE not in allowed list,Excluded
4970,10,470,True,Meets all eligibility criteria,Eligible
4971,10,471,False,Branch EEE not in allowed list; Has a prior offer; drive excludes already-placed students,Excluded
4972,10,472,False,Branch ECE not in allowed list,Excluded
4973,10,473,True,Meets all eligibility criteria,Eligible
4974,10,474,False,Branch ECE not in allowed list,Excluded
4975,10,475,False,CGPA 5.57 below cutoff 6.07; 2 backlogs exceeds max 1,Excluded
4976,10,476,False,2 backlogs exceeds max 1,Excluded
4977,10,477,False,Branch ECE not in allowed list,Excluded
4978,10,478,False,Branch ECE not in allowed list,Excluded
4979,10,479,True,Meets all eligibility criteria,Eligible
4980,10,480,False,Branch ECE not in allowed list; Has a prior offer; drive excludes already-placed students,Excluded
4981,10,481,True,Meets all eligibility criteria,Eligible
4982,10,482,False,Branch ECE not in allowed list,Excluded
4983,10,483,True,Meets all eligibility criteria,Eligible
4984,10,484,False,Branch EEE not in allowed list,Excluded
4985,10,485,False,Branch ECE not in allowed list,Excluded
4986,10,486,False,Branch MECH not in allowed list,Excluded
4987,10,487,False,Has a prior offer; drive excludes already-placed students,Excluded
4988,10,488,False,CGPA 5.53 below cutoff 6.07; Has a prior offer; drive excludes already-placed students,Excluded
4989,10,489,False,Branch EEE not in allowed list; Has a prior offer; drive excludes already-placed students,Excluded
4990,10,490,False,Branch EEE not in allowed list; 2 backlogs exceeds max 1,Excluded
4991,10,491,False,CGPA 5.53 below cutoff 6.07,Excluded
4992,10,492,False,3 backlogs exceeds max 1,Excluded
4993,10,493,True,Meets all eligibility criteria,Eligible
4994,10,494,False,Branch MECH not in allowed list,Excluded
4995,10,495,True,Meets all eligibility criteria,Eligible
4996,10,496,True,Meets all eligibility criteria,Eligible
4997,10,497,False,Has a prior offer; drive excludes already-placed students,Excluded
4998,10,498,False,Has a prior offer; drive excludes already-placed students,Excluded
4999,10,499,False,Branch EEE not in allowed list,Excluded
5000,10,500,True,Meets all eligibility criteria,Eligible
